R350_PROBE read reg=0x0f02 value=0x00004e48 count=1
R350_PROBE read reg=0x0f0a value=0x00000300 count=1
R350_PROBE write reg=0x4018 value=0x00000017 count=1
R350_PROBE write reg=0x429c value=0x00000400 count=1
R350_PROBE read reg=0x0e40 value=0x00000040 count=1
R350_PROBE write reg=0x4018 value=0x00000017 count=2
ppc-mac-gpu stalled: no drawing for 4 s.
  fences: reg0=0 reg1=0 reg2=0 reg3=0 (copy at 0x00000000, enabled 0x0)
  ring: rptr=0 wptr=0, copy kept at 0x00000000; commands by hand: 0 dwords, through the ring: 0
  buffers fetched from memory: 0 carried out (0 dwords), 0 not found
  interrupts: asked for 0x00000000, pending 0x00000000, 0 raised
  the fence copy lands in the card's own memory -- the guest cannot see it there
  the last 256 registers the guest touched:
  the last commands it pushed:
  the last 32 registers the guest touched:
    read MM_INDEX(0x000)
    read MM_INDEX(0x000)
    read MM_INDEX(0x000)
    read MM_INDEX(0x000)
    read MM_INDEX(0x000)
    read MM_INDEX(0x000)
    read MM_INDEX(0x000)
    read MM_INDEX(0x000)
    read MM_INDEX(0x000)
    read MM_INDEX(0x000)
    read MM_INDEX(0x000)
    read MM_INDEX(0x000)
    read MM_INDEX(0x000)
    read MM_INDEX(0x000)
    read MM_INDEX(0x000)
    read MM_INDEX(0x000)
    read MM_INDEX(0x000)
    read MM_INDEX(0x000)
    read MM_INDEX(0x000)
    read MM_INDEX(0x000)
    read MM_INDEX(0x000)
    read MM_INDEX(0x000)
    read MM_INDEX(0x000)
    read MM_INDEX(0x000)
    read MM_INDEX(0x000)
    read MM_INDEX(0x000)
    read MM_INDEX(0x000)
    read MM_INDEX(0x000)
    read PCI_MIRROR(0xf02)
    read PCI_MIRROR(0xf0a)
    read RBBM_STATUS(0xe40)
    read RBBM_STATUS(0xe40)
R350_PROBE read reg=0x0e40 value=0x00000040 count=2
R350_PROBE read reg=0x1720 value=0x00000000 count=1
R350_PROBE read reg=0x0e40 value=0x00000040 count=3
R350_PROBE read reg=0x1720 value=0x00000000 count=2
R350_PROBE read reg=0x0e40 value=0x00000040 count=4
R350_PROBE read reg=0x1720 value=0x00000000 count=3
R350_PROBE read reg=0x0e40 value=0x00000040 count=5
R350_PROBE read reg=0x1720 value=0x00000000 count=4
R350_PROBE read reg=0x0e40 value=0x00000040 count=6
R350_PROBE read reg=0x1720 value=0x00000000 count=5
R350_PROBE read reg=0x0e40 value=0x00000040 count=7
R350_PROBE read reg=0x1720 value=0x00000000 count=6
R350_PROBE read reg=0x0e40 value=0x00000040 count=8
R350_PROBE read reg=0x1720 value=0x00000000 count=7
R350_PROBE read reg=0x1720 value=0x00000000 count=8
R350_PROBE read reg=0x0e40 value=0x00000040 count=16
R350_PROBE read reg=0x1720 value=0x00000000 count=16
R350_PROBE read reg=0x0e40 value=0x00000040 count=32
R350_PROBE read reg=0x1720 value=0x00000000 count=32
R350_PROBE read reg=0x0e40 value=0x00000040 count=64
R350_PROBE read reg=0x1720 value=0x00000000 count=64
R350_PROBE read reg=0x0e40 value=0x00000040 count=128
R350_PROBE read reg=0x1720 value=0x00000000 count=128
R350_PROBE read reg=0x0e40 value=0x00000040 count=256
R350_PROBE read reg=0x1720 value=0x00000000 count=256
R350_PROBE read reg=0x0e40 value=0x00000040 count=512
R350_PROBE read reg=0x1720 value=0x00000000 count=512
R350_PROBE write reg=0x4e4c value=0x00000010 count=1
R350_PROBE read reg=0x0e40 value=0x00000040 count=1024
R350_PROBE read reg=0x1720 value=0x00000000 count=1024
R350_PROBE write reg=0x0770 value=0x00000000 count=1
R350_PROBE read reg=0x0704 value=0x00000000 count=1
R350_PROBE write reg=0x0704 value=0x08000000 count=1
R350_PROBE write reg=0x0744 value=0x00000000 count=1
R350_PROBE read reg=0x0744 value=0x00000000 count=1
R350_PROBE read reg=0x0704 value=0x08000000 count=2
R350_PROBE write reg=0x0704 value=0x88000000 count=2
R350_PROBE write reg=0x071c value=0x00000000 count=1
R350_PROBE write reg=0x0714 value=0x00000000 count=1
R350_PROBE write reg=0x0704 value=0x08000000 count=3
R350_PROBE read reg=0x0e40 value=0x00000040 count=2048
R350_PROBE read reg=0x1720 value=0x00000000 count=2048
R350_PROBE read reg=0x0500 value=0x0000b0c5 count=1
R350_PROBE read reg=0x0514 value=0x00000800 count=1
R350_PROBE read reg=0x0502 value=0x00000400 count=2
R350_PROBE read reg=0x0504 value=0x00000300 count=1
R350_PROBE read reg=0x0506 value=0x00000020 count=2
R350_PROBE write reg=0x0508 value=0x00000000 count=1
R350_PROBE write reg=0x0506 value=0x00000020 count=1
R350_PROBE write reg=0x0502 value=0x00000400 count=1
R350_PROBE write reg=0x0504 value=0x00000300 count=2
R350_PROBE write reg=0x050a value=0x00000000 count=2
R350_PROBE write reg=0x050c value=0x00000400 count=1
R350_PROBE write reg=0x050e value=0x00000600 count=2
R350_PROBE write reg=0x0510 value=0x00000000 count=1
R350_PROBE write reg=0x0512 value=0x00000000 count=2
R350_PROBE write reg=0x0508 value=0x00000061 count=3
R350_PROBE write reg=0x0740 value=0x00000000 count=1
R350_PROBE write reg=0x0744 value=0x00000000 count=2
R350_PROBE write reg=0x0170 value=0x00000000 count=1
R350_PROBE write reg=0x015c value=0x00000000 count=1
R350_PROBE write reg=0x0148 value=0xffff0000 count=1
R350_PROBE read reg=0x00f8 value=0x07c00000 count=1
R350_PROBE write reg=0x023c value=0x00000000 count=1
R350_PROBE write reg=0x033c value=0x00000000 count=1
R350_PROBE write reg=0x0148 value=0x07bf0000 count=2
R350_PROBE read reg=0x00f8 value=0x07c00000 count=2
R350_PROBE write reg=0x014c value=0x17ff1000 count=1
R350_PROBE write reg=0x0ab0 value=0x03310000 count=1
R350_PROBE write reg=0x0ab4 value=0x00000000 count=1
R350_PROBE write reg=0x01dc value=0x07c00000 count=1
R350_PROBE write reg=0x01e0 value=0x0fbfffff count=1
R350_PROBE read reg=0x01d0 value=0x00000000 count=1
R350_PROBE write reg=0x01d0 value=0x00000001 count=1
R350_PROBE write reg=0x0700 value=0x10020000 count=1
R350_PROBE write reg=0x15e0 value=0x00000000 count=1
R350_PROBE write reg=0x15e4 value=0x00000000 count=1
R350_PROBE write reg=0x15e8 value=0x00000000 count=1
R350_PROBE write reg=0x15ec value=0x00000000 count=1
R350_PROBE write reg=0x15f0 value=0x00000000 count=1
R350_PROBE write reg=0x15f4 value=0x00000000 count=1
R350_PROBE write reg=0x15f8 value=0x00000000 count=1
R350_PROBE write reg=0x15fc value=0x00000000 count=1
R350_PROBE write reg=0x1fa8 value=0x00000000 count=1
R350_PROBE write reg=0x0774 value=0x07c24000 count=1
R350_PROBE write reg=0x0770 value=0x000000ff count=2
R350_PROBE read reg=0x0b00 value=0x00000000 count=1
R350_PROBE write reg=0x0b00 value=0x00000000 count=1
R350_PROBE read reg=0x0030 value=0x00000000 count=1
R350_PROBE write reg=0x0030 value=0x00000000 count=1
R350_PROBE read reg=0x1724 value=0x00000000 count=1
R350_PROBE write reg=0x1724 value=0x00000003 count=1
R350_PROBE read reg=0x1710 value=0x00000000 count=1
R350_PROBE write reg=0x1710 value=0x00020000 count=1
R350_PROBE read reg=0x0704 value=0x08000000 count=3
R350_PROBE read reg=0x0f5c value=0x1f000203 count=1
R350_PROBE write reg=0x0704 value=0x0002000a count=4
R350_PROBE write reg=0x07d4 value=0x00000000 count=1
R350_PROBE write reg=0x07dc value=0x00000000 count=1
R350_PROBE write reg=0x07e0 value=0x4200e000 count=1
R350_PROBE write reg=0x07dc value=0x00000000 count=2
R350_PROBE write reg=0x07e0 value=0x4000e000 count=2
R350_PROBE write reg=0x07dc value=0x00000008 count=3
R350_PROBE write reg=0x07e0 value=0x000000b3 count=3
R350_PROBE write reg=0x07dc value=0x00000008 count=4
R350_PROBE write reg=0x07e0 value=0x000000b7 count=4
R350_PROBE write reg=0x07dc value=0x00000000 count=5
R350_PROBE write reg=0x07e0 value=0x6c5a504f count=5
R350_PROBE write reg=0x07dc value=0x00000000 count=6
R350_PROBE write reg=0x07e0 value=0x4f4f497a count=6
R350_PROBE write reg=0x07dc value=0x00000000 count=7
R350_PROBE write reg=0x07e0 value=0x5a578288 count=7
R350_PROBE write reg=0x07dc value=0x00000000 count=8
R350_PROBE write reg=0x07e0 value=0x4f91906a count=8
R350_PROBE write reg=0x07dc value=0x00000004 count=16
R350_PROBE write reg=0x07e0 value=0x000ca000 count=16
R350_PROBE write reg=0x07dc value=0x00000004 count=32
R350_PROBE write reg=0x07e0 value=0x0000e825 count=32
R350_PROBE write reg=0x07dc value=0x00000004 count=64
R350_PROBE write reg=0x07e0 value=0x08004800 count=64
R350_PROBE write reg=0x07dc value=0x00000018 count=128
R350_PROBE write reg=0x07e0 value=0x0000007c count=128
R350_PROBE write reg=0x07dc value=0x00000000 count=256
R350_PROBE write reg=0x07e0 value=0x00000000 count=256
R350_PROBE write reg=0x0718 value=0x00000023 count=1
R350_PROBE read reg=0x0710 value=0x00000000 count=1
R350_PROBE write reg=0x0714 value=0x00000000 count=2
R350_PROBE write reg=0x070c value=0x07c00000 count=1
R350_PROBE write reg=0x0740 value=0x40000000 count=2
R350_PROBE write reg=0x0704 value=0x0002000a count=5
R350_PROBE read reg=0x00f8 value=0x07c00000 count=3
R350_PROBE read reg=0x0224 value=0x00000000 count=1
R350_PROBE read reg=0x16c4 value=0x00000000 count=1
R350_PROBE read reg=0x0050 value=0x03000600 count=1
R350_PROBE write reg=0x15d4 value=0x00000002 count=1
R350_PROBE write reg=0x15d0 value=0x00000002 count=1
R350_PROBE write reg=0x16c4 value=0x00000006 count=1
R350_PROBE read reg=0x0228 value=0x00000000 count=1
R350_PROBE write reg=0x0b00 value=0x00200001 count=2
R350_PROBE write reg=0x16e0 value=0x50000000 count=1
R350_PROBE read reg=0x0228 value=0x00000000 count=2
R350_PROBE read reg=0x0328 value=0x00000000 count=1
R350_PROBE write reg=0x15e0 value=0x00000000 count=2
R350_PROBE write reg=0x15e4 value=0x00000001 count=2
R350_PROBE write reg=0x16e8 value=0x1fff1fff count=1
R350_PROBE write reg=0x16cc value=0xffffffff count=1
R350_PROBE write reg=0x2284 value=0x00000000 count=1
R350_PROBE write reg=0x2080 value=0x00240455 count=1
R350_PROBE write reg=0x43b0 value=0x00000000 count=1
R350_PROBE write reg=0x43b4 value=0x03ffffff count=1
R350_PROBE write reg=0x43b8 value=0x00000000 count=1
R350_PROBE write reg=0x43bc value=0x03ffffff count=1
R350_PROBE write reg=0x43c0 value=0x00000000 count=1
R350_PROBE write reg=0x43c4 value=0x03ffffff count=1
R350_PROBE write reg=0x43c8 value=0x00000000 count=1
R350_PROBE write reg=0x43cc value=0x03ffffff count=1
R350_PROBE write reg=0x43d0 value=0x0000ffff count=1
R350_PROBE write reg=0x0714 value=0x00000008 count=3
R350_PROBE write reg=0x0738 value=0x10000020 count=1
R350_PROBE write reg=0x073c value=0x00000008 count=1
R350_PROBE write reg=0x0738 value=0x10002020 count=2
R350_PROBE write reg=0x073c value=0x00000008 count=2
R350_PROBE write reg=0x0714 value=0x00000010 count=4
R350_PROBE write reg=0x0738 value=0x10004020 count=3
R350_PROBE write reg=0x073c value=0x00000008 count=3
R350_PROBE write reg=0x0738 value=0x10006020 count=4
R350_PROBE write reg=0x073c value=0x00000008 count=4
R350_PROBE write reg=0x0714 value=0x00000018 count=5
R350_PROBE write reg=0x0738 value=0x10008020 count=5
R350_PROBE write reg=0x073c value=0x00000008 count=5
R350_PROBE write reg=0x0738 value=0x1000a020 count=6
R350_PROBE write reg=0x073c value=0x00000008 count=6
R350_PROBE write reg=0x0714 value=0x00000020 count=6
R350_PROBE write reg=0x0738 value=0x1000c020 count=7
R350_PROBE write reg=0x073c value=0x00000008 count=7
R350_PROBE write reg=0x0738 value=0x1000e020 count=8
R350_PROBE write reg=0x073c value=0x00000008 count=8
R350_PROBE write reg=0x0714 value=0x00000028 count=7
R350_PROBE write reg=0x0714 value=0x00000030 count=8
R350_PROBE write reg=0x0738 value=0x1001e020 count=16
R350_PROBE write reg=0x073c value=0x00000008 count=16
R350_PROBE write reg=0x0714 value=0x00000070 count=16
R350_PROBE write reg=0x0738 value=0x1001e020 count=32
R350_PROBE write reg=0x073c value=0x00000008 count=32
R350_PROBE write reg=0x4e4c value=0x0000000a count=2
R350_PROBE write reg=0x342c value=0x00000005 count=1
R350_PROBE write reg=0x4f18 value=0x00000003 count=1
R350_PROBE write reg=0x1720 value=0x00070000 count=1
R350_PROBE write reg=0x4018 value=0x00000017 count=3
R350_PROBE write reg=0x4020 value=0x00000000 count=1
R350_PROBE write reg=0x4e00 value=0x00000000 count=1
R350_PROBE write reg=0x4f1c value=0x00000000 count=1
R350_PROBE write reg=0x43a4 value=0x00000000 count=1
R350_PROBE write reg=0x16ec value=0x00000000 count=1
R350_PROBE write reg=0x16f0 value=0x03000400 count=1
R350_PROBE write reg=0x4010 value=0x66666666 count=1
R350_PROBE write reg=0x4014 value=0x06666666 count=1
R350_PROBE write reg=0x16e0 value=0x10000000 count=2
R350_PROBE write reg=0x4e28 value=0x00000000 count=1
R350_PROBE write reg=0x4e38 value=0x00d00400 count=1
R350_PROBE write reg=0x3428 value=0x00020100 count=1
R350_PROBE write reg=0x43e0 value=0x00b405a0 count=1
R350_PROBE write reg=0x43e4 value=0x011409a0 count=1
R350_PROBE write reg=0x15e0 value=0x00000001 count=3
R350_PROBE write reg=0x15e0 value=0x00000002 count=4
R350_PROBE read reg=0x0210 value=0x00240000 count=1
R350_PROBE read reg=0x0210 value=0x00850000 count=2
R350_PROBE write reg=0x0714 value=0x000000f0 count=32
R350_PROBE write reg=0x0738 value=0x1001a020 count=64
R350_PROBE write reg=0x073c value=0x00000008 count=64
R350_PROBE write reg=0x4290 value=0x00000000 count=1
R350_PROBE write reg=0x4e4c value=0x0000000a count=3
R350_PROBE write reg=0x4f18 value=0x00000003 count=2
R350_PROBE write reg=0x4e50 value=0x00000000 count=1
R350_PROBE write reg=0x2140 value=0x00000002 count=1
R350_PROBE write reg=0x42b4 value=0x00000000 count=1
R350_PROBE write reg=0x42b8 value=0x00000000 count=1
R350_PROBE write reg=0x4288 value=0x00000000 count=1
R350_PROBE write reg=0x428c value=0x00000001 count=1
R350_PROBE write reg=0x4234 value=0x00020000 count=1
R350_PROBE write reg=0x4008 value=0x00000007 count=1
R350_PROBE write reg=0x4214 value=0x00050005 count=1
R350_PROBE write reg=0x4238 value=0x00000000 count=1
R350_PROBE write reg=0x4260 value=0x00000000 count=1
R350_PROBE write reg=0x4264 value=0x00000000 count=1
R350_PROBE write reg=0x4268 value=0x3f800000 count=1
R350_PROBE write reg=0x401c value=0x00000000 count=1
R350_PROBE write reg=0x4020 value=0x00000000 count=2
R350_PROBE write reg=0x4010 value=0x66666666 count=2
R350_PROBE write reg=0x4014 value=0x06666666 count=2
R350_PROBE write reg=0x43e8 value=0x00ffffff count=1
R350_PROBE write reg=0x4e88 value=0x00000000 count=1
R350_PROBE write reg=0x4274 value=0x00000002 count=1
R350_PROBE write reg=0x42a0 value=0x00000000 count=1
R350_PROBE write reg=0x46a4 value=0x00001b0f count=1
R350_PROBE write reg=0x46a8 value=0x00001b0f count=1
R350_PROBE write reg=0x46ac value=0x00001b0f count=1
R350_PROBE write reg=0x46b0 value=0x00001b0f count=1
R350_PROBE write reg=0x4e14 value=0x00000000 count=1
R350_PROBE write reg=0x4294 value=0x00000000 count=1
R350_PROBE write reg=0x4298 value=0x00000000 count=1
R350_PROBE write reg=0x4278 value=0x00030000 count=1
R350_PROBE write reg=0x2184 value=0x00000000 count=1
R350_PROBE write reg=0x2090 value=0x00000000 count=1
R350_PROBE write reg=0x2094 value=0x00000000 count=1
R350_PROBE write reg=0x20b0 value=0x0000043f count=1
R350_PROBE write reg=0x20b4 value=0x00000000 count=1
R350_PROBE write reg=0x2180 value=0x00000000 count=1
R350_PROBE write reg=0x221c value=0x00000000 count=1
R350_PROBE write reg=0x2288 value=0x0000ffff count=1
R350_PROBE write reg=0x21dc value=0xaaaaaaaa count=1
R350_PROBE write reg=0x2134 value=0x00ffffff count=1
R350_PROBE write reg=0x2138 value=0x00000000 count=1
R350_PROBE write reg=0x1720 value=0x00008000 count=2
R350_PROBE write reg=0x43a8 value=0x2da49525 count=1
R350_PROBE write reg=0x4104 value=0x00000000 count=1
R350_PROBE write reg=0x1d98 value=0x00000000 count=1
R350_PROBE write reg=0x1d9c value=0x00000000 count=1
R350_PROBE write reg=0x1da0 value=0x00000000 count=1
R350_PROBE write reg=0x1da4 value=0x00000000 count=1
R350_PROBE write reg=0x1da8 value=0x00000000 count=1
R350_PROBE write reg=0x1dac value=0x00000000 count=1
R350_PROBE write reg=0x2220 value=0x3f800000 count=1
R350_PROBE write reg=0x2224 value=0x3f800000 count=1
R350_PROBE write reg=0x2228 value=0x3f800000 count=1
R350_PROBE write reg=0x222c value=0x3f800000 count=1
R350_PROBE write reg=0x4230 value=0x00000000 count=1
R350_PROBE write reg=0x421c value=0x00000000 count=1
R350_PROBE write reg=0x4200 value=0x00000000 count=1
R350_PROBE write reg=0x4204 value=0x00000000 count=1
R350_PROBE write reg=0x4208 value=0x3f800000 count=1
R350_PROBE write reg=0x420c value=0x3f800000 count=1
R350_PROBE write reg=0x4e18 value=0x00000000 count=1
R350_PROBE write reg=0x4e0c value=0x0000000f count=1
R350_PROBE write reg=0x43e0 value=0x00000000 count=2
R350_PROBE write reg=0x43e4 value=0x00000000 count=2
R350_PROBE write reg=0x4bd4 value=0x00000000 count=1
R350_PROBE write reg=0x4bd8 value=0x00000000 count=1
R350_PROBE write reg=0x4bc8 value=0x00000000 count=1
R350_PROBE write reg=0x4bcc value=0x00000000 count=1
R350_PROBE write reg=0x4bd0 value=0x00000000 count=1
R350_PROBE write reg=0x401c value=0x00000000 count=2
R350_PROBE write reg=0x4bc0 value=0x00000000 count=1
R350_PROBE write reg=0x427c value=0x00000000 count=1
R350_PROBE write reg=0x4280 value=0x00000000 count=1
R350_PROBE write reg=0x4e04 value=0x20220000 count=1
R350_PROBE write reg=0x4e08 value=0x00000000 count=1
R350_PROBE write reg=0x4e10 value=0x00000000 count=1
R350_PROBE write reg=0x4f14 value=0x00000001 count=1
R350_PROBE write reg=0x4f00 value=0x00000010 count=1
R350_PROBE write reg=0x4f04 value=0x00000000 count=1
R350_PROBE write reg=0x42c0 value=0x4b7fffff count=1
R350_PROBE write reg=0x42c4 value=0x00000000 count=1
R350_PROBE write reg=0x4c00 value=0x00000000 count=1
R350_PROBE write reg=0x4c04 value=0x00000000 count=1
R350_PROBE write reg=0x4c08 value=0x00000000 count=1
R350_PROBE write reg=0x4c0c value=0x00000000 count=1
R350_PROBE write reg=0x4c10 value=0x00000000 count=1
R350_PROBE write reg=0x4c14 value=0x00000000 count=1
R350_PROBE write reg=0x4c18 value=0x00000000 count=1
R350_PROBE write reg=0x4c1c value=0x00000000 count=1
R350_PROBE write reg=0x4c20 value=0x00000000 count=1
R350_PROBE write reg=0x4c24 value=0x00000000 count=1
R350_PROBE write reg=0x4c28 value=0x00000000 count=1
R350_PROBE write reg=0x4c2c value=0x00000000 count=1
R350_PROBE write reg=0x4c30 value=0x00000000 count=1
R350_PROBE write reg=0x4c34 value=0x00000000 count=1
R350_PROBE write reg=0x4c38 value=0x00000000 count=1
R350_PROBE write reg=0x4c3c value=0x00000000 count=1
R350_PROBE write reg=0x4c40 value=0x00000000 count=1
R350_PROBE write reg=0x4c44 value=0x00000000 count=1
R350_PROBE write reg=0x4c48 value=0x00000000 count=1
R350_PROBE write reg=0x4c4c value=0x00000000 count=1
R350_PROBE write reg=0x4c50 value=0x00000000 count=1
R350_PROBE write reg=0x4c54 value=0x00000000 count=1
R350_PROBE write reg=0x4c58 value=0x00000000 count=1
R350_PROBE write reg=0x4c5c value=0x00000000 count=1
R350_PROBE write reg=0x4c60 value=0x00000000 count=1
R350_PROBE write reg=0x4c64 value=0x00000000 count=1
R350_PROBE write reg=0x4c68 value=0x00000000 count=1
R350_PROBE write reg=0x4c6c value=0x00000000 count=1
R350_PROBE write reg=0x4c70 value=0x00000000 count=1
R350_PROBE write reg=0x4c74 value=0x00000000 count=1
R350_PROBE write reg=0x4c78 value=0x00000000 count=1
R350_PROBE write reg=0x4c7c value=0x00000000 count=1
R350_PROBE write reg=0x4600 value=0x00000000 count=1
R350_PROBE write reg=0x4604 value=0x00000000 count=1
R350_PROBE write reg=0x4608 value=0x00000000 count=1
R350_PROBE write reg=0x46b4 value=0x00000001 count=1
R350_PROBE write reg=0x4610 value=0x00000000 count=1
R350_PROBE write reg=0x4614 value=0x00000000 count=1
R350_PROBE write reg=0x4618 value=0x00000000 count=1
R350_PROBE write reg=0x461c value=0x00000000 count=1
R350_PROBE write reg=0x2200 value=0x00000406 count=1
R350_PROBE write reg=0x2208 value=0x00000000 count=1
R350_PROBE write reg=0x2208 value=0x00000000 count=2
R350_PROBE write reg=0x2208 value=0x00000000 count=3
R350_PROBE write reg=0x2208 value=0x00000000 count=4
R350_PROBE write reg=0x2284 value=0x00000000 count=2
R350_PROBE write reg=0x2200 value=0x000000fe count=2
R350_PROBE write reg=0x2208 value=0x00f00202 count=5
R350_PROBE write reg=0x2208 value=0x00d10001 count=6
R350_PROBE write reg=0x2208 value=0x016da001 count=7
R350_PROBE write reg=0x2208 value=0x016da001 count=8
R350_PROBE write reg=0x22d0 value=0x00000000 count=1
R350_PROBE write reg=0x22d4 value=0x00000000 count=1
R350_PROBE write reg=0x22d8 value=0x00000000 count=1
R350_PROBE write reg=0x22dc value=0x00000000 count=1
R350_PROBE write reg=0x2284 value=0x00000000 count=3
R350_PROBE write reg=0x2080 value=0x0030045a count=2
R350_PROBE write reg=0x4f18 value=0x00000003 count=3
R350_PROBE write reg=0x342c value=0x00000005 count=2
R350_PROBE write reg=0x4e4c value=0x0000000a count=4
R350_PROBE write reg=0x4018 value=0x00000017 count=4
R350_PROBE write reg=0x142c value=0x50000c00 count=1
R350_PROBE write reg=0x4e28 value=0x00300000 count=2
R350_PROBE write reg=0x4e2c value=0x00000000 count=1
R350_PROBE write reg=0x4e30 value=0x00000000 count=1
R350_PROBE write reg=0x4e34 value=0x00000000 count=1
R350_PROBE write reg=0x4e38 value=0x02d14400 count=2
R350_PROBE write reg=0x4e3c value=0x00000000 count=1
R350_PROBE write reg=0x4e40 value=0x00000000 count=1
R350_PROBE write reg=0x4e44 value=0x00000000 count=1
R350_PROBE write reg=0x4e00 value=0x00000000 count=2
R350_PROBE write reg=0x4e14 value=0x00000000 count=2
R350_PROBE write reg=0x4e54 value=0x00000001 count=1
R350_PROBE write reg=0x4e64 value=0x00000400 count=1
R350_PROBE write reg=0x4f20 value=0x00000000 count=1
R350_PROBE write reg=0x4f24 value=0x00000000 count=1
R350_PROBE write reg=0x4f60 value=0x00000000 count=1
R350_PROBE write reg=0x4f10 value=0x00000000 count=1
R350_PROBE write reg=0x4f28 value=0x00000000 count=1
R350_PROBE write reg=0x4f1c value=0x00000000 count=2
R350_PROBE write reg=0x4f30 value=0x00000000 count=1
R350_PROBE write reg=0x4f34 value=0x00000000 count=1
R350_PROBE write reg=0x43a4 value=0x00000000 count=2
R350_PROBE write reg=0x4f44 value=0x00000000 count=1
R350_PROBE write reg=0x4f54 value=0x00000000 count=1
R350_PROBE write reg=0x43b0 value=0x00b405a0 count=2
R350_PROBE write reg=0x43b4 value=0x011409a0 count=2
R350_PROBE write reg=0x43d0 value=0x0000aaaa count=2
R350_PROBE write reg=0x16ec value=0x00000000 count=2
R350_PROBE write reg=0x16f0 value=0x03000400 count=2
R350_PROBE write reg=0x20c8 value=0x00000000 count=1
R350_PROBE write reg=0x20cc value=0x00000000 count=1
R350_PROBE write reg=0x20d4 value=0x00000000 count=1
R350_PROBE write reg=0x20d8 value=0x00000000 count=1
R350_PROBE write reg=0x20e0 value=0x00000000 count=1
R350_PROBE write reg=0x20e4 value=0x00000000 count=1
R350_PROBE write reg=0x20ec value=0x00000000 count=1
R350_PROBE write reg=0x20f0 value=0x00000000 count=1
R350_PROBE write reg=0x20f8 value=0x00000000 count=1
R350_PROBE write reg=0x20fc value=0x00000000 count=1
R350_PROBE write reg=0x2104 value=0x00000000 count=1
R350_PROBE write reg=0x2108 value=0x00000000 count=1
R350_PROBE write reg=0x2110 value=0x00000000 count=1
R350_PROBE write reg=0x2114 value=0x00000000 count=1
R350_PROBE write reg=0x211c value=0x00000000 count=1
R350_PROBE write reg=0x2120 value=0x00000000 count=1
R350_PROBE write reg=0x4100 value=0x00000000 count=1
R350_PROBE write reg=0x15e0 value=0x00000003 count=5
R350_PROBE write reg=0x4608 value=0x00000000 count=2
R350_PROBE write reg=0x48c0 value=0x00050a80 count=1
R350_PROBE write reg=0x46c0 value=0x1c020800 count=1
R350_PROBE write reg=0x49c0 value=0x00040889 count=1
R350_PROBE write reg=0x47c0 value=0x01020800 count=1
R350_PROBE write reg=0x20b0 value=0x0000043f count=2
R350_PROBE write reg=0x221c value=0x00000000 count=2
R350_PROBE write reg=0x4608 value=0x00000001 count=3
R350_PROBE write reg=0x48c4 value=0x00050a80 count=1
R350_PROBE write reg=0x46c4 value=0x1c020800 count=1
R350_PROBE write reg=0x49c4 value=0x00040889 count=1
R350_PROBE write reg=0x47c4 value=0x01020800 count=1
R350_PROBE write reg=0x4100 value=0x00000000 count=2
R350_PROBE write reg=0x2180 value=0x00000000 count=2
R350_PROBE write reg=0x4104 value=0x00000000 count=2
R350_PROBE write reg=0x4bc8 value=0x00000000 count=2
R350_PROBE write reg=0x4bcc value=0x00000000 count=2
R350_PROBE write reg=0x4bd0 value=0x00000000 count=2
R350_PROBE write reg=0x4bc0 value=0x00000000 count=2
R350_PROBE write reg=0x4294 value=0x00000000 count=2
R350_PROBE write reg=0x4298 value=0x00000000 count=2
R350_PROBE write reg=0x401c value=0x00000000 count=3
R350_PROBE write reg=0x4e04 value=0x20220000 count=2
R350_PROBE write reg=0x4e08 value=0x00000000 count=2
R350_PROBE write reg=0x4e10 value=0x00000000 count=2
R350_PROBE write reg=0x4e50 value=0x00000005 count=2
R350_PROBE write reg=0x4bd4 value=0x00000000 count=2
R350_PROBE write reg=0x4f14 value=0x00000000 count=2
R350_PROBE write reg=0x4f00 value=0x00000010 count=2
R350_PROBE write reg=0x4f04 value=0x00000000 count=2
R350_PROBE write reg=0x4f08 value=0x00ffff00 count=1
R350_PROBE write reg=0x421c value=0x00060006 count=2
R350_PROBE write reg=0x4200 value=0x00000000 count=2
R350_PROBE write reg=0x4204 value=0x00000000 count=2
R350_PROBE write reg=0x4208 value=0x3f800000 count=2
R350_PROBE write reg=0x420c value=0x3f800000 count=2
R350_PROBE write reg=0x4230 value=0x01800006 count=2
R350_PROBE write reg=0x4234 value=0x00020006 count=2
R350_PROBE write reg=0x4238 value=0x00000000 count=2
R350_PROBE write reg=0x4268 value=0x3f800000 count=2
R350_PROBE write reg=0x4e0c value=0x0000000f count=2
R350_PROBE write reg=0x4278 value=0x0003aaaa count=2
R350_PROBE write reg=0x46a4 value=0x00001b00 count=2
R350_PROBE write reg=0x46a8 value=0x0000000f count=2
R350_PROBE write reg=0x46ac value=0x0000000f count=2
R350_PROBE write reg=0x46b0 value=0x0000000f count=2
R350_PROBE write reg=0x42c4 value=0x00000000 count=2
R350_PROBE write reg=0x42c0 value=0x4b7fffff count=2
R350_PROBE write reg=0x42b8 value=0x00000000 count=2
R350_PROBE write reg=0x4020 value=0x00000000 count=3
R350_PROBE write reg=0x4010 value=0x66666666 count=3
R350_PROBE write reg=0x4014 value=0x06666666 count=3
R350_PROBE write reg=0x43e8 value=0x00ffffff count=2
R350_PROBE write reg=0x43e0 value=0x00b405a0 count=3
R350_PROBE write reg=0x43e4 value=0x0113e99f count=3
R350_PROBE write reg=0x1d98 value=0x00000000 count=2
R350_PROBE write reg=0x1d9c value=0x00000000 count=2
R350_PROBE write reg=0x1da0 value=0x80000000 count=2
R350_PROBE write reg=0x1da4 value=0x44400000 count=2
R350_PROBE write reg=0x1da8 value=0x3f000000 count=2
R350_PROBE write reg=0x1dac value=0x3f000000 count=2
R350_PROBE write reg=0x2220 value=0x3f800000 count=2
R350_PROBE write reg=0x2224 value=0x3f800000 count=2
R350_PROBE write reg=0x2228 value=0x3f800000 count=2
R350_PROBE write reg=0x222c value=0x3f800000 count=2
R350_PROBE write reg=0x2180 value=0x00000000 count=3
R350_PROBE write reg=0x2184 value=0x00000005 count=2
R350_PROBE write reg=0x20b4 value=0x00000008 count=2
R350_PROBE write reg=0x2090 value=0x00000003 count=2
R350_PROBE write reg=0x2094 value=0x00000000 count=2
R350_PROBE write reg=0x221c value=0x00000000 count=3
R350_PROBE write reg=0x4008 value=0x00000007 count=2
R350_PROBE write reg=0x2094 value=0x00000000 count=3
R350_PROBE write reg=0x4600 value=0x00000000 count=2
R350_PROBE write reg=0x4604 value=0x00000000 count=2
R350_PROBE write reg=0x4608 value=0x00000001 count=4
R350_PROBE write reg=0x46b4 value=0x00000001 count=2
R350_PROBE write reg=0x4610 value=0x00000000 count=2
R350_PROBE write reg=0x4614 value=0x00000000 count=2
R350_PROBE write reg=0x4618 value=0x00000000 count=2
R350_PROBE write reg=0x461c value=0x00400000 count=2
R350_PROBE write reg=0x4300 value=0x00040080 count=1
R350_PROBE write reg=0x4304 value=0x00000000 count=1
R350_PROBE write reg=0x4330 value=0x00004000 count=1
R350_PROBE write reg=0x4310 value=0x00d10000 count=1
R350_PROBE write reg=0x4314 value=0x00d10040 count=1
R350_PROBE write reg=0x4318 value=0x00d10080 count=1
R350_PROBE write reg=0x431c value=0x00d100c0 count=1
R350_PROBE write reg=0x4320 value=0x00d10000 count=1
R350_PROBE write reg=0x4324 value=0x00d10000 count=1
R350_PROBE write reg=0x4328 value=0x00d10000 count=1
R350_PROBE write reg=0x432c value=0x00d10000 count=1
R350_PROBE write reg=0x2284 value=0x00000000 count=4
R350_PROBE write reg=0x2200 value=0x00000080 count=3
R350_PROBE write reg=0x2208 value=0x00d10005 count=16
R350_PROBE write reg=0x2208 value=0x016da025 count=32
R350_PROBE write reg=0x22d0 value=0x08420c80 count=2
R350_PROBE write reg=0x22d4 value=0x00040080 count=2
R350_PROBE write reg=0x22d8 value=0x00000084 count=2
R350_PROBE write reg=0x22dc value=0x00000000 count=2
R350_PROBE write reg=0x2284 value=0x00000000 count=5
R350_PROBE write reg=0x2080 value=0x0030045a count=3
R350_PROBE write reg=0x2284 value=0x00000000 count=6
R350_PROBE write reg=0x2200 value=0x00000280 count=4
R350_PROBE write reg=0x4bd4 value=0x00000000 count=3
R350_PROBE write reg=0x4020 value=0x00000000 count=4
R350_PROBE write reg=0x4010 value=0x66666666 count=4
R350_PROBE write reg=0x4014 value=0x06666666 count=4
R350_PROBE write reg=0x43e8 value=0x00ffffff count=3
R350_PROBE write reg=0x4f18 value=0x00000003 count=4
R350_PROBE write reg=0x342c value=0x00000005 count=3
R350_PROBE write reg=0x4e4c value=0x0000000a count=5
R350_PROBE write reg=0x4018 value=0x00000017 count=5
R350_PROBE write reg=0x142c value=0x50000c00 count=2
R350_PROBE write reg=0x4e28 value=0x00300000 count=3
R350_PROBE write reg=0x4e2c value=0x00000000 count=2
R350_PROBE write reg=0x4e30 value=0x00000000 count=2
R350_PROBE write reg=0x4e34 value=0x00000000 count=2
R350_PROBE write reg=0x4e38 value=0x2ed14400 count=3
R350_PROBE write reg=0x4e3c value=0x00000000 count=2
R350_PROBE write reg=0x4e40 value=0x00000000 count=2
R350_PROBE write reg=0x4e44 value=0x00000000 count=2
R350_PROBE write reg=0x4e00 value=0x00000000 count=3
R350_PROBE write reg=0x4e14 value=0x00000000 count=3
R350_PROBE write reg=0x4e54 value=0x00000001 count=2
R350_PROBE write reg=0x4e64 value=0x00000400 count=2
R350_PROBE write reg=0x4f20 value=0x00000000 count=2
R350_PROBE write reg=0x4f24 value=0x00000000 count=2
R350_PROBE write reg=0x4f60 value=0x00000000 count=2
R350_PROBE write reg=0x4f10 value=0x00000000 count=2
R350_PROBE write reg=0x4f28 value=0x00000000 count=2
R350_PROBE write reg=0x4f1c value=0x00000000 count=3
R350_PROBE write reg=0x4f30 value=0x00000000 count=2
R350_PROBE write reg=0x4f34 value=0x00000000 count=2
R350_PROBE write reg=0x43a4 value=0x00000000 count=3
R350_PROBE write reg=0x4f44 value=0x00000000 count=2
R350_PROBE write reg=0x4f54 value=0x00000000 count=2
R350_PROBE write reg=0x43b0 value=0x00b405a0 count=3
R350_PROBE write reg=0x43b4 value=0x011409a0 count=3
R350_PROBE write reg=0x43d0 value=0x0000aaaa count=3
R350_PROBE write reg=0x16ec value=0x00000000 count=3
R350_PROBE write reg=0x16f0 value=0x03000400 count=3
R350_PROBE write reg=0x20b0 value=0x0000043f count=3
R350_PROBE write reg=0x221c value=0x00000000 count=4
R350_PROBE write reg=0x4608 value=0x00000002 count=5
R350_PROBE write reg=0x48c8 value=0x40050200 count=1
R350_PROBE write reg=0x46c8 value=0x1c020040 count=1
R350_PROBE write reg=0x49c8 value=0x40040509 count=1
R350_PROBE write reg=0x47c8 value=0x01020800 count=1
R350_PROBE write reg=0x4620 value=0x00018041 count=1
R350_PROBE write reg=0x4100 value=0x00000000 count=3
R350_PROBE write reg=0x2180 value=0x00000000 count=4
R350_PROBE write reg=0x4400 value=0x00000a12 count=1
R350_PROBE write reg=0x4440 value=0x00001fe8 count=1
R350_PROBE write reg=0x4480 value=0x8007f8ff count=1
R350_PROBE write reg=0x44c0 value=0x0000aa0c count=1
R350_PROBE write reg=0x45c0 value=0x00000000 count=1
R350_PROBE write reg=0x4580 value=0x00000000 count=1
R350_PROBE write reg=0x4500 value=0x000000ff count=1
R350_PROBE write reg=0x4104 value=0x00000001 count=3
R350_PROBE write reg=0x4bc8 value=0x00000000 count=3
R350_PROBE write reg=0x4bcc value=0x00000000 count=3
R350_PROBE write reg=0x4bd0 value=0x00000000 count=3
R350_PROBE write reg=0x4bc0 value=0x00000000 count=3
R350_PROBE write reg=0x4294 value=0x00000000 count=3
R350_PROBE write reg=0x4298 value=0x00000000 count=3
R350_PROBE write reg=0x401c value=0x00000000 count=4
R350_PROBE write reg=0x4e04 value=0x20220000 count=3
R350_PROBE write reg=0x4e08 value=0x00000000 count=3
R350_PROBE write reg=0x4e10 value=0x00000000 count=3
R350_PROBE write reg=0x4e50 value=0x00000005 count=3
R350_PROBE write reg=0x4bd4 value=0x00000c00 count=4
R350_PROBE write reg=0x4f14 value=0x00000001 count=3
R350_PROBE write reg=0x4f00 value=0x00000010 count=3
R350_PROBE write reg=0x4f04 value=0x00000000 count=3
R350_PROBE write reg=0x4f08 value=0x00ffff00 count=2
R350_PROBE write reg=0x421c value=0x00060006 count=3
R350_PROBE write reg=0x4200 value=0x00000000 count=3
R350_PROBE write reg=0x4204 value=0x00000000 count=3
R350_PROBE write reg=0x4208 value=0x3f800000 count=3
R350_PROBE write reg=0x420c value=0x3f800000 count=3
R350_PROBE write reg=0x4230 value=0x01800006 count=3
R350_PROBE write reg=0x4234 value=0x00020006 count=3
R350_PROBE write reg=0x4238 value=0x00000000 count=3
R350_PROBE write reg=0x4268 value=0x3f800000 count=3
R350_PROBE write reg=0x4e0c value=0x0000000f count=3
R350_PROBE write reg=0x4278 value=0x0003aaaa count=3
R350_PROBE write reg=0x46a4 value=0x00001b00 count=3
R350_PROBE write reg=0x46a8 value=0x0000000f count=3
R350_PROBE write reg=0x46ac value=0x0000000f count=3
R350_PROBE write reg=0x46b0 value=0x0000000f count=3
R350_PROBE write reg=0x42c4 value=0x00000000 count=3
R350_PROBE write reg=0x42c0 value=0x4b7fffff count=3
R350_PROBE write reg=0x42b8 value=0x00000000 count=3
R350_PROBE write reg=0x4020 value=0x00000000 count=5
R350_PROBE write reg=0x4010 value=0x66666666 count=5
R350_PROBE write reg=0x4014 value=0x06666666 count=5
R350_PROBE write reg=0x43e8 value=0x00ffffff count=4
R350_PROBE write reg=0x1d98 value=0x44000000 count=3
R350_PROBE write reg=0x1d9c value=0x44000000 count=3
R350_PROBE write reg=0x1da0 value=0xc3c00000 count=3
R350_PROBE write reg=0x1da4 value=0x43c00000 count=3
R350_PROBE write reg=0x1da8 value=0x3f000000 count=3
R350_PROBE write reg=0x1dac value=0x3f000000 count=3
R350_PROBE write reg=0x2220 value=0x3f800000 count=3
R350_PROBE write reg=0x2224 value=0x3f800000 count=3
R350_PROBE write reg=0x2228 value=0x3f800000 count=3
R350_PROBE write reg=0x222c value=0x3f800000 count=3
R350_PROBE write reg=0x2180 value=0x00000000 count=5
R350_PROBE write reg=0x2184 value=0x00000405 count=3
R350_PROBE write reg=0x20b4 value=0x0000000c count=3
R350_PROBE write reg=0x2090 value=0x00000003 count=3
R350_PROBE write reg=0x2094 value=0x00000004 count=4
R350_PROBE write reg=0x221c value=0x00000000 count=5
R350_PROBE write reg=0x4008 value=0x00000007 count=3
R350_PROBE write reg=0x2094 value=0x00000004 count=5
R350_PROBE write reg=0x4c00 value=0x003f0000 count=2
R350_PROBE write reg=0x4c04 value=0x003f0000 count=2
R350_PROBE write reg=0x4c08 value=0x003f0000 count=2
R350_PROBE write reg=0x4c0c value=0x003f0000 count=2
R350_PROBE write reg=0x4600 value=0x00000008 count=3
R350_PROBE write reg=0x4604 value=0x00000001 count=3
R350_PROBE write reg=0x4608 value=0x00000002 count=6
R350_PROBE write reg=0x46b4 value=0x00000001 count=3
R350_PROBE write reg=0x4610 value=0x00000000 count=3
R350_PROBE write reg=0x4614 value=0x00000000 count=3
R350_PROBE write reg=0x4618 value=0x00000000 count=3
R350_PROBE write reg=0x461c value=0x00400000 count=3
R350_PROBE write reg=0x4c00 value=0x003f0000 count=3
R350_PROBE write reg=0x4c04 value=0x003f0000 count=3
R350_PROBE write reg=0x4c08 value=0x003f0000 count=3
R350_PROBE write reg=0x4c0c value=0x003f0000 count=3
R350_PROBE write reg=0x4300 value=0x00040084 count=2
R350_PROBE write reg=0x4304 value=0x00000000 count=2
R350_PROBE write reg=0x4330 value=0x00004048 count=2
R350_PROBE write reg=0x4310 value=0x00d10000 count=2
R350_PROBE write reg=0x4314 value=0x00d10044 count=2
R350_PROBE write reg=0x4318 value=0x00d10084 count=2
R350_PROBE write reg=0x431c value=0x00d100c4 count=2
R350_PROBE write reg=0x4320 value=0x00d10004 count=2
R350_PROBE write reg=0x4324 value=0x00d10004 count=2
R350_PROBE write reg=0x4328 value=0x00d10004 count=2
R350_PROBE write reg=0x432c value=0x00d10004 count=2
R350_PROBE write reg=0x2284 value=0x00000000 count=7
R350_PROBE write reg=0x2200 value=0x00000080 count=5
R350_PROBE write reg=0x2208 value=0x00d10005 count=64
R350_PROBE write reg=0x22d0 value=0x08820c80 count=3
R350_PROBE write reg=0x22d4 value=0x00080080 count=3
R350_PROBE write reg=0x22d8 value=0x00000088 count=3
R350_PROBE write reg=0x22dc value=0x00000000 count=3
R350_PROBE write reg=0x2284 value=0x00000000 count=8
R350_PROBE write reg=0x2200 value=0x00000280 count=6
R350_PROBE write reg=0x4bd4 value=0x00000c00 count=5
R350_PROBE write reg=0x4020 value=0x00000000 count=6
R350_PROBE write reg=0x4010 value=0x66666666 count=6
R350_PROBE write reg=0x4014 value=0x06666666 count=6
R350_PROBE write reg=0x43e8 value=0x00ffffff count=5
R350_PROBE write reg=0x4f18 value=0x00000003 count=5
R350_PROBE write reg=0x342c value=0x00000005 count=4
R350_PROBE write reg=0x4e4c value=0x0000000a count=6
R350_PROBE write reg=0x4018 value=0x00000017 count=6
R350_PROBE write reg=0x142c value=0x50000c00 count=3
R350_PROBE write reg=0x4e28 value=0x00300000 count=4
R350_PROBE write reg=0x4e2c value=0x00000000 count=3
R350_PROBE write reg=0x4e30 value=0x00000000 count=3
R350_PROBE write reg=0x4e34 value=0x00000000 count=3
R350_PROBE write reg=0x4e38 value=0x2ed14400 count=4
R350_PROBE write reg=0x4e3c value=0x00000000 count=3
R350_PROBE write reg=0x4e40 value=0x00000000 count=3
R350_PROBE write reg=0x4e44 value=0x00000000 count=3
R350_PROBE write reg=0x4e00 value=0x00000000 count=4
R350_PROBE write reg=0x4e14 value=0x00000000 count=4
R350_PROBE write reg=0x4e54 value=0x00000001 count=3
R350_PROBE write reg=0x4e64 value=0x00000400 count=3
R350_PROBE write reg=0x4f20 value=0x00000000 count=3
R350_PROBE write reg=0x4f24 value=0x00000000 count=3
R350_PROBE write reg=0x4f60 value=0x00000000 count=3
R350_PROBE write reg=0x4f10 value=0x00000000 count=3
R350_PROBE write reg=0x4f28 value=0x00000000 count=3
R350_PROBE write reg=0x4f1c value=0x00000000 count=4
R350_PROBE write reg=0x4f30 value=0x00000000 count=3
R350_PROBE write reg=0x4f34 value=0x00000000 count=3
R350_PROBE write reg=0x43a4 value=0x00000000 count=4
R350_PROBE write reg=0x4f44 value=0x00000000 count=3
R350_PROBE write reg=0x4f54 value=0x00000000 count=3
R350_PROBE write reg=0x43b0 value=0x00b405a0 count=4
R350_PROBE write reg=0x43b4 value=0x011409a0 count=4
R350_PROBE write reg=0x43d0 value=0x0000aaaa count=4
R350_PROBE write reg=0x16ec value=0x00000000 count=4
R350_PROBE write reg=0x16f0 value=0x03000400 count=4
R350_PROBE write reg=0x4e4c value=0x00000000 count=7
R350_PROBE write reg=0x1720 value=0x00020000 count=3
R350_PROBE write reg=0x15e0 value=0x00000004 count=6
R350_PROBE write reg=0x4e4c value=0x0000000a count=8
R350_PROBE write reg=0x1720 value=0x00020000 count=4
R350_PROBE write reg=0x15d4 value=0x00000002 count=2
R350_PROBE write reg=0x146c value=0x42cc36f3 count=1
R350_PROBE write reg=0x15ac value=0x10054000 count=1
R350_PROBE write reg=0x15b0 value=0x00001000 count=1
R350_PROBE write reg=0x1404 value=0x00600000 count=1
R350_PROBE write reg=0x1408 value=0x00000400 count=1
R350_PROBE write reg=0x1704 value=0x00000000 count=1
R350_PROBE write reg=0x1700 value=0x00000000 count=1
R350_PROBE write reg=0x1434 value=0x00000000 count=1
R350_PROBE write reg=0x1438 value=0x00000000 count=1
R350_PROBE write reg=0x143c value=0x01000100 count=1
R350_PROBE write reg=0x342c value=0x00000005 count=5
R350_PROBE write reg=0x1720 value=0x00010000 count=5
R350_PROBE write reg=0x4100 value=0x00000000 count=4
R350_PROBE write reg=0x142c value=0x50000c00 count=4
R350_PROBE write reg=0x15e0 value=0x00000005 count=7
R350_PROBE write reg=0x4540 value=0x00600000 count=1
R350_PROBE write reg=0x2150 value=0x01030003 count=1
R350_PROBE write reg=0x2154 value=0x00002203 count=1
R350_PROBE write reg=0x21e0 value=0xf688f688 count=1
R350_PROBE write reg=0x21e4 value=0x0000f688 count=1
R350_PROBE write reg=0x20b4 value=0x0000000c count=4
R350_PROBE write reg=0x1720 value=0x10000000 count=6
R350_PROBE unsupported_3d_draw count=1; R200 renderer deliberately not used
R350_PROBE write reg=0x4100 value=0x00000000 count=5
R350_PROBE write reg=0x4400 value=0x00000a12 count=2
R350_PROBE write reg=0x4440 value=0x00001fe8 count=2
R350_PROBE write reg=0x4480 value=0x8007f8ff count=2
R350_PROBE write reg=0x44c0 value=0x0000aa0c count=2
R350_PROBE write reg=0x45c0 value=0x00000000 count=2
R350_PROBE write reg=0x4580 value=0x00000000 count=2
R350_PROBE write reg=0x4500 value=0x000000ff count=2
R350_PROBE write reg=0x4104 value=0x00000001 count=4
R350_PROBE write reg=0x4bd4 value=0x00000c00 count=6
R350_PROBE write reg=0x4020 value=0x00000000 count=7
R350_PROBE write reg=0x4010 value=0x66666666 count=7
R350_PROBE write reg=0x4014 value=0x06666666 count=7
R350_PROBE write reg=0x43e8 value=0x00ffffff count=6
R350_PROBE write reg=0x4c00 value=0x003f0000 count=4
R350_PROBE write reg=0x4c04 value=0x003f0000 count=4
R350_PROBE write reg=0x4c08 value=0x003f0000 count=4
R350_PROBE write reg=0x4c0c value=0x003f0000 count=4
R350_PROBE write reg=0x4600 value=0x00000008 count=4
R350_PROBE write reg=0x4604 value=0x00000001 count=4
R350_PROBE write reg=0x4608 value=0x00000002 count=7
R350_PROBE write reg=0x46b4 value=0x00000001 count=4
R350_PROBE write reg=0x4610 value=0x00000000 count=4
R350_PROBE write reg=0x4614 value=0x00000000 count=4
R350_PROBE write reg=0x4618 value=0x00000000 count=4
R350_PROBE write reg=0x461c value=0x00400000 count=4
R350_PROBE write reg=0x4c00 value=0x003f0000 count=5
R350_PROBE write reg=0x4c04 value=0x003f0000 count=5
R350_PROBE write reg=0x4c08 value=0x003f0000 count=5
R350_PROBE write reg=0x4c0c value=0x003f0000 count=5
R350_PROBE write reg=0x4300 value=0x00040084 count=3
R350_PROBE write reg=0x4304 value=0x00000000 count=3
R350_PROBE write reg=0x4330 value=0x00004048 count=3
R350_PROBE write reg=0x4310 value=0x00d10000 count=3
R350_PROBE write reg=0x4314 value=0x00d10044 count=3
R350_PROBE write reg=0x4318 value=0x00d10084 count=3
R350_PROBE write reg=0x431c value=0x00d100c4 count=3
R350_PROBE write reg=0x4320 value=0x00d10004 count=3
R350_PROBE write reg=0x4324 value=0x00d10004 count=3
R350_PROBE write reg=0x4328 value=0x00d10004 count=3
R350_PROBE write reg=0x432c value=0x00d10004 count=3
R350_PROBE write reg=0x2200 value=0x00000280 count=7
R350_PROBE write reg=0x2208 value=0x00000000 count=128
R350_PROBE write reg=0x1720 value=0x00020000 count=7
R350_PROBE write reg=0x15e0 value=0x00000006 count=8
R350_PROBE write reg=0x0714 value=0x000001f0 count=64
R350_PROBE write reg=0x1720 value=0x00020000 count=8
R350_PROBE write reg=0x15d4 value=0x00000002 count=3
R350_PROBE write reg=0x146c value=0x42cc36f3 count=2
R350_PROBE write reg=0x15ac value=0x10054400 count=2
R350_PROBE write reg=0x15b0 value=0x00001000 count=2
R350_PROBE write reg=0x1404 value=0x00640000 count=2
R350_PROBE write reg=0x1408 value=0x00000400 count=2
R350_PROBE write reg=0x1704 value=0x00000000 count=2
R350_PROBE write reg=0x1700 value=0x00000000 count=2
R350_PROBE write reg=0x1434 value=0x00000000 count=2
R350_PROBE write reg=0x1438 value=0x00000000 count=2
R350_PROBE write reg=0x143c value=0x01000100 count=2
R350_PROBE write reg=0x342c value=0x00000005 count=6
R350_PROBE write reg=0x4100 value=0x00000000 count=6
R350_PROBE write reg=0x142c value=0x50000c00 count=5
R350_PROBE write reg=0x4540 value=0x00640000 count=2
R350_PROBE unsupported_3d_draw count=2; R200 renderer deliberately not used
R350_PROBE write reg=0x4100 value=0x00000000 count=7
R350_PROBE write reg=0x4400 value=0x00000a12 count=3
R350_PROBE write reg=0x4440 value=0x00001fe8 count=3
R350_PROBE write reg=0x4480 value=0x8007f8ff count=3
R350_PROBE write reg=0x44c0 value=0x0000aa0c count=3
R350_PROBE write reg=0x45c0 value=0x00000000 count=3
R350_PROBE write reg=0x4580 value=0x00000000 count=3
R350_PROBE write reg=0x4500 value=0x000000ff count=3
R350_PROBE write reg=0x4104 value=0x00000001 count=5
R350_PROBE write reg=0x4c00 value=0x003f0000 count=6
R350_PROBE write reg=0x4c04 value=0x003f0000 count=6
R350_PROBE write reg=0x4c08 value=0x003f0000 count=6
R350_PROBE write reg=0x4c0c value=0x003f0000 count=6
R350_PROBE write reg=0x2200 value=0x00000280 count=8
R350_PROBE write reg=0x0738 value=0x1000e020 count=128
R350_PROBE write reg=0x073c value=0x00000008 count=128
R350_PROBE write reg=0x15d4 value=0x00000002 count=4
R350_PROBE write reg=0x146c value=0x42cc36f3 count=3
R350_PROBE write reg=0x15ac value=0x10054800 count=3
R350_PROBE write reg=0x15b0 value=0x00001000 count=3
R350_PROBE write reg=0x1404 value=0x00680000 count=3
R350_PROBE write reg=0x1408 value=0x00000400 count=3
R350_PROBE write reg=0x1704 value=0x00000000 count=3
R350_PROBE write reg=0x1700 value=0x00000000 count=3
R350_PROBE write reg=0x1434 value=0x00000000 count=3
R350_PROBE write reg=0x1438 value=0x00000000 count=3
R350_PROBE write reg=0x143c value=0x01000100 count=3
R350_PROBE write reg=0x342c value=0x00000005 count=7
R350_PROBE write reg=0x4100 value=0x00000000 count=8
R350_PROBE write reg=0x142c value=0x50000c00 count=6
R350_PROBE write reg=0x4540 value=0x00680000 count=3
R350_PROBE unsupported_3d_draw count=3; R200 renderer deliberately not used
R350_PROBE write reg=0x4400 value=0x00000a12 count=4
R350_PROBE write reg=0x4440 value=0x00001fe8 count=4
R350_PROBE write reg=0x4480 value=0x8007f8ff count=4
R350_PROBE write reg=0x44c0 value=0x0000aa0c count=4
R350_PROBE write reg=0x45c0 value=0x00000000 count=4
R350_PROBE write reg=0x4580 value=0x00000000 count=4
R350_PROBE write reg=0x4500 value=0x000000ff count=4
R350_PROBE write reg=0x4104 value=0x00000001 count=6
R350_PROBE write reg=0x4c00 value=0x003f0000 count=7
R350_PROBE write reg=0x4c04 value=0x003f0000 count=7
R350_PROBE write reg=0x4c08 value=0x003f0000 count=7
R350_PROBE write reg=0x4c0c value=0x003f0000 count=7
R350_PROBE write reg=0x4e4c value=0x00000000 count=16
R350_PROBE write reg=0x15d4 value=0x00000002 count=5
R350_PROBE write reg=0x146c value=0x42cc36f3 count=4
R350_PROBE write reg=0x15ac value=0x10054c00 count=4
R350_PROBE write reg=0x15b0 value=0x00001000 count=4
R350_PROBE write reg=0x1404 value=0x006c0000 count=4
R350_PROBE write reg=0x1408 value=0x00000400 count=4
R350_PROBE write reg=0x1704 value=0x00000000 count=4
R350_PROBE write reg=0x1700 value=0x00000000 count=4
R350_PROBE write reg=0x1434 value=0x00000000 count=4
R350_PROBE write reg=0x1438 value=0x00000000 count=4
R350_PROBE write reg=0x143c value=0x01000100 count=4
R350_PROBE write reg=0x342c value=0x00000005 count=8
R350_PROBE write reg=0x142c value=0x50000c00 count=7
R350_PROBE write reg=0x4540 value=0x006c0000 count=4
R350_PROBE unsupported_3d_draw count=4; R200 renderer deliberately not used
R350_PROBE write reg=0x4400 value=0x00000a12 count=5
R350_PROBE write reg=0x4440 value=0x00001fe8 count=5
R350_PROBE write reg=0x4480 value=0x8007f8ff count=5
R350_PROBE write reg=0x44c0 value=0x0000aa0c count=5
R350_PROBE write reg=0x45c0 value=0x00000000 count=5
R350_PROBE write reg=0x4580 value=0x00000000 count=5
R350_PROBE write reg=0x4500 value=0x000000ff count=5
R350_PROBE write reg=0x4104 value=0x00000001 count=7
R350_PROBE write reg=0x4c00 value=0x003f0000 count=8
R350_PROBE write reg=0x4c04 value=0x003f0000 count=8
R350_PROBE write reg=0x4c08 value=0x003f0000 count=8
R350_PROBE write reg=0x4c0c value=0x003f0000 count=8
R350_PROBE write reg=0x1720 value=0x00020000 count=16
R350_PROBE write reg=0x15d4 value=0x00000002 count=6
R350_PROBE write reg=0x146c value=0x42cc36f3 count=5
R350_PROBE write reg=0x15ac value=0x1015c000 count=5
R350_PROBE write reg=0x15b0 value=0x00001000 count=5
R350_PROBE write reg=0x1404 value=0x00700000 count=5
R350_PROBE write reg=0x1408 value=0x00000400 count=5
R350_PROBE write reg=0x1704 value=0x00000000 count=5
R350_PROBE write reg=0x1700 value=0x00000000 count=5
R350_PROBE write reg=0x1434 value=0x00000000 count=5
R350_PROBE write reg=0x1438 value=0x00000000 count=5
R350_PROBE write reg=0x143c value=0x01000100 count=5
R350_PROBE write reg=0x142c value=0x50000c00 count=8
R350_PROBE write reg=0x4540 value=0x00700000 count=5
R350_PROBE unsupported_3d_draw count=5; R200 renderer deliberately not used
R350_PROBE write reg=0x4400 value=0x00000a12 count=6
R350_PROBE write reg=0x4440 value=0x00001fe8 count=6
R350_PROBE write reg=0x4480 value=0x8007f8ff count=6
R350_PROBE write reg=0x44c0 value=0x0000aa0c count=6
R350_PROBE write reg=0x45c0 value=0x00000000 count=6
R350_PROBE write reg=0x4580 value=0x00000000 count=6
R350_PROBE write reg=0x4500 value=0x000000ff count=6
R350_PROBE write reg=0x4104 value=0x00000001 count=8
R350_PROBE write reg=0x2208 value=0x00000000 count=256
R350_PROBE write reg=0x15e0 value=0x0000000e count=16
R350_PROBE write reg=0x15d4 value=0x00000002 count=7
R350_PROBE write reg=0x146c value=0x42cc36f3 count=6
R350_PROBE write reg=0x15ac value=0x1015c400 count=6
R350_PROBE write reg=0x15b0 value=0x00001000 count=6
R350_PROBE write reg=0x1404 value=0x00740000 count=6
R350_PROBE write reg=0x1408 value=0x00000400 count=6
R350_PROBE write reg=0x1704 value=0x00000000 count=6
R350_PROBE write reg=0x1700 value=0x00000000 count=6
R350_PROBE write reg=0x1434 value=0x00000000 count=6
R350_PROBE write reg=0x1438 value=0x00000000 count=6
R350_PROBE write reg=0x143c value=0x01000100 count=6
R350_PROBE write reg=0x4540 value=0x00740000 count=6
R350_PROBE unsupported_3d_draw count=6; R200 renderer deliberately not used
R350_PROBE write reg=0x4400 value=0x00000a12 count=7
R350_PROBE write reg=0x4440 value=0x00001fe8 count=7
R350_PROBE write reg=0x4480 value=0x8007f8ff count=7
R350_PROBE write reg=0x44c0 value=0x0000aa0c count=7
R350_PROBE write reg=0x45c0 value=0x00000000 count=7
R350_PROBE write reg=0x4580 value=0x00000000 count=7
R350_PROBE write reg=0x4500 value=0x000000ff count=7
R350_PROBE write reg=0x15d4 value=0x00000002 count=8
R350_PROBE write reg=0x146c value=0x42cc36f3 count=7
R350_PROBE write reg=0x15ac value=0x1015c800 count=7
R350_PROBE write reg=0x15b0 value=0x00001000 count=7
R350_PROBE write reg=0x1404 value=0x00780000 count=7
R350_PROBE write reg=0x1408 value=0x00000400 count=7
R350_PROBE write reg=0x1704 value=0x00000000 count=7
R350_PROBE write reg=0x1700 value=0x00000000 count=7
R350_PROBE write reg=0x1434 value=0x00000000 count=7
R350_PROBE write reg=0x1438 value=0x00000000 count=7
R350_PROBE write reg=0x143c value=0x01000100 count=7
R350_PROBE write reg=0x4100 value=0x00000000 count=16
R350_PROBE write reg=0x4540 value=0x00780000 count=7
R350_PROBE unsupported_3d_draw count=7; R200 renderer deliberately not used
R350_PROBE write reg=0x4400 value=0x00000a12 count=8
R350_PROBE write reg=0x4440 value=0x00001fe8 count=8
R350_PROBE write reg=0x4480 value=0x8007f8ff count=8
R350_PROBE write reg=0x44c0 value=0x0000aa0c count=8
R350_PROBE write reg=0x45c0 value=0x00000000 count=8
R350_PROBE write reg=0x4580 value=0x00000000 count=8
R350_PROBE write reg=0x4500 value=0x000000ff count=8
R350_PROBE write reg=0x146c value=0x42cc36f3 count=8
R350_PROBE write reg=0x15ac value=0x1015cc00 count=8
R350_PROBE write reg=0x15b0 value=0x00001000 count=8
R350_PROBE write reg=0x1404 value=0x007c0000 count=8
R350_PROBE write reg=0x1408 value=0x00000400 count=8
R350_PROBE write reg=0x1704 value=0x00000000 count=8
R350_PROBE write reg=0x1700 value=0x00000000 count=8
R350_PROBE write reg=0x1434 value=0x00000000 count=8
R350_PROBE write reg=0x1438 value=0x00000000 count=8
R350_PROBE write reg=0x143c value=0x01000100 count=8
R350_PROBE write reg=0x4540 value=0x007c0000 count=8
R350_PROBE unsupported_3d_draw count=8; R200 renderer deliberately not used
R350_PROBE write reg=0x2284 value=0x00000000 count=16
R350_PROBE write reg=0x0714 value=0x000003f0 count=128
R350_PROBE write reg=0x4e4c value=0x0000000a count=32
R350_PROBE write reg=0x0738 value=0x10012020 count=256
R350_PROBE write reg=0x073c value=0x00000008 count=256
R350_PROBE write reg=0x1720 value=0x00020000 count=32
R350_PROBE write reg=0x2200 value=0x00000280 count=16
R350_PROBE write reg=0x342c value=0x00000005 count=16
R350_PROBE write reg=0x4608 value=0x00002003 count=8
R350_PROBE write reg=0x48cc value=0x00050a80 count=1
R350_PROBE write reg=0x46cc value=0x1c020800 count=1
R350_PROBE write reg=0x49cc value=0x00040889 count=1
R350_PROBE write reg=0x47cc value=0x01020800 count=1
R350_PROBE write reg=0x4f14 value=0x00000000 count=4
R350_PROBE write reg=0x2180 value=0x00000000 count=6
R350_PROBE write reg=0x2184 value=0x00000005 count=4
R350_PROBE write reg=0x20b4 value=0x00000008 count=5
R350_PROBE write reg=0x2090 value=0x00000003 count=4
R350_PROBE write reg=0x2094 value=0x00000000 count=6
R350_PROBE write reg=0x4c00 value=0x003f0000 count=16
R350_PROBE write reg=0x4c04 value=0x003f0000 count=16
R350_PROBE write reg=0x4c08 value=0x003f0000 count=16
R350_PROBE write reg=0x4c0c value=0x003f0000 count=16
R350_PROBE write reg=0x4600 value=0x00000000 count=5
R350_PROBE write reg=0x4604 value=0x00000000 count=5
R350_PROBE write reg=0x46b4 value=0x00000001 count=5
R350_PROBE write reg=0x4610 value=0x00000000 count=5
R350_PROBE write reg=0x4614 value=0x00000000 count=5
R350_PROBE write reg=0x4618 value=0x00000000 count=5
R350_PROBE write reg=0x461c value=0x00400000 count=5
R350_PROBE write reg=0x4300 value=0x00040080 count=4
R350_PROBE write reg=0x4304 value=0x00000000 count=4
R350_PROBE write reg=0x4330 value=0x00004000 count=4
R350_PROBE write reg=0x4310 value=0x00d10000 count=4
R350_PROBE write reg=0x4314 value=0x00d10040 count=4
R350_PROBE write reg=0x4318 value=0x00d10080 count=4
R350_PROBE write reg=0x431c value=0x00d100c0 count=4
R350_PROBE write reg=0x4320 value=0x00d10000 count=4
R350_PROBE write reg=0x4324 value=0x00d10000 count=4
R350_PROBE write reg=0x4328 value=0x00d10000 count=4
R350_PROBE write reg=0x432c value=0x00d10000 count=4
R350_PROBE write reg=0x22d0 value=0x08420c80 count=4
R350_PROBE write reg=0x22d4 value=0x00040080 count=4
R350_PROBE write reg=0x22d8 value=0x00000084 count=4
R350_PROBE write reg=0x22dc value=0x00000000 count=4
R350_PROBE write reg=0x4f18 value=0x00000003 count=6
R350_PROBE write reg=0x0218 value=0x40000300 count=1
R350_PROBE write reg=0x4f18 value=0x00000003 count=7
R350_PROBE write reg=0x43a8 value=0x2da49525 count=2
R350_PROBE write reg=0x43e8 value=0x00ffffff count=7
R350_PROBE write reg=0x4018 value=0x00000017 count=7
R350_PROBE write reg=0x4010 value=0x66666666 count=8
R350_PROBE write reg=0x4014 value=0x06666666 count=8
R350_PROBE write reg=0x4020 value=0x00000000 count=8
R350_PROBE write reg=0x43a4 value=0x00000000 count=5
R350_PROBE write reg=0x4f1c value=0x00000000 count=5
R350_PROBE write reg=0x4f04 value=0x00000000 count=4
R350_PROBE write reg=0x2140 value=0x00000102 count=2
R350_PROBE write reg=0x221c value=0x0001c000 count=6
R350_PROBE write reg=0x20b0 value=0x00000000 count=4
R350_PROBE write reg=0x42b8 value=0x00000000 count=4
R350_PROBE write reg=0x4e50 value=0x00000002 count=4
R350_PROBE write reg=0x4e00 value=0x00000000 count=5
R350_PROBE write reg=0x4008 value=0x00010001 count=4
R350_PROBE write reg=0x2090 value=0x00000001 count=5
R350_PROBE write reg=0x2094 value=0x00000000 count=7
R350_PROBE write reg=0x20b4 value=0x00000003 count=6
R350_PROBE write reg=0x2150 value=0x26000001 count=2
R350_PROBE write reg=0x21e0 value=0xfb24fb08 count=2
R350_PROBE write reg=0x4f00 value=0x00000000 count=4
R350_PROBE write reg=0x4bc0 value=0x00000000 count=4
R350_PROBE write reg=0x4bd4 value=0x00000000 count=7
R350_PROBE write reg=0x4288 value=0x00000000 count=2
R350_PROBE write reg=0x4e04 value=0x00000000 count=4
R350_PROBE write reg=0x4278 value=0x00000055 count=4
R350_PROBE write reg=0x4104 value=0x00000001 count=16
R350_PROBE write reg=0x48c0 value=0x00050a80 count=2
R350_PROBE write reg=0x46c0 value=0x1c000000 count=2
R350_PROBE write reg=0x47c0 value=0x01000000 count=2
R350_PROBE write reg=0x49c0 value=0x00040889 count=2
R350_PROBE write reg=0x4620 value=0x00008000 count=2
R350_PROBE write reg=0x4600 value=0x00000008 count=6
R350_PROBE write reg=0x4604 value=0x00000001 count=6
R350_PROBE write reg=0x461c value=0x00400000 count=6
R350_PROBE write reg=0x46a4 value=0x00001b00 count=4
R350_PROBE write reg=0x46a8 value=0x0000000f count=4
R350_PROBE write reg=0x46ac value=0x0000000f count=4
R350_PROBE write reg=0x46b0 value=0x0000000f count=4
R350_PROBE write reg=0x4300 value=0x00000002 count=5
R350_PROBE write reg=0x4304 value=0x00000000 count=5
R350_PROBE write reg=0x4330 value=0x00000008 count=5
R350_PROBE write reg=0x4310 value=0x01610000 count=5
R350_PROBE write reg=0x4e28 value=0x00000000 count=5
R350_PROBE write reg=0x4e38 value=0x00d00400 count=5
R350_PROBE write reg=0x43d0 value=0x0000ffff count=5
R350_PROBE write reg=0x4e0c value=0x0000000f count=4
R350_PROBE write reg=0x4e18 value=0x00000000 count=2
R350_PROBE write reg=0x43e0 value=0x00000000 count=4
R350_PROBE write reg=0x43e4 value=0x0113e99f count=4
R350_PROBE write reg=0x4200 value=0x00000000 count=4
R350_PROBE write reg=0x4204 value=0x3f800000 count=4
R350_PROBE write reg=0x4208 value=0x3f800000 count=4
R350_PROBE write reg=0x420c value=0x00000000 count=4
R350_PROBE write reg=0x421c value=0x18001200 count=4
R350_PROBE read reg=0x0210 value=0x01d00000 count=3
R350_PROBE read reg=0x0210 value=0x02190000 count=4
R350_PROBE read reg=0x0210 value=0x02520000 count=5
R350_PROBE read reg=0x0210 value=0x02970000 count=6
R350_PROBE read reg=0x0210 value=0x02db0000 count=7
R350_PROBE read reg=0x0210 value=0x02e70000 count=8
R350_PROBE read reg=0x0210 value=0x01940000 count=16
R350_PROBE read reg=0x0210 value=0x01c00000 count=32
R350_PROBE write reg=0x4f18 value=0x00000003 count=8
R350_PROBE write reg=0x4018 value=0x00000017 count=8
R350_PROBE write reg=0x4e00 value=0x00000000 count=6
R350_PROBE write reg=0x4f1c value=0x00000000 count=6
R350_PROBE write reg=0x43a4 value=0x00000000 count=6
R350_PROBE write reg=0x16ec value=0x00000000 count=5
R350_PROBE write reg=0x16f0 value=0x03000400 count=5
R350_PROBE write reg=0x16e0 value=0x10000000 count=3
R350_PROBE write reg=0x4e28 value=0x00000000 count=6
R350_PROBE write reg=0x4e38 value=0x00d00400 count=6
R350_PROBE write reg=0x3428 value=0x00020100 count=2
R350_PROBE write reg=0x43e0 value=0x00b405a0 count=5
R350_PROBE write reg=0x43e4 value=0x011409a0 count=5
R350_PROBE write reg=0x15e0 value=0x0000001e count=32
R350_PROBE write reg=0x2140 value=0x00000102 count=3
R350_PROBE write reg=0x221c value=0x0001c000 count=7
R350_PROBE write reg=0x20b0 value=0x00000000 count=5
R350_PROBE write reg=0x4008 value=0x00000000 count=5
R350_PROBE write reg=0x2090 value=0x00000001 count=6
R350_PROBE write reg=0x2094 value=0x00000004 count=8
R350_PROBE write reg=0x20b4 value=0x00000003 count=7
R350_PROBE write reg=0x2150 value=0x26000001 count=3
R350_PROBE write reg=0x21e0 value=0xfb24fb08 count=3
R350_PROBE write reg=0x4288 value=0x00000000 count=3
R350_PROBE write reg=0x4e04 value=0x00000000 count=5
R350_PROBE write reg=0x4278 value=0x00000005 count=5
R350_PROBE write reg=0x4e0c value=0x0000000f count=5
R350_PROBE write reg=0x42b8 value=0x00000000 count=5
R350_PROBE write reg=0x43a8 value=0x2da49525 count=3
R350_PROBE write reg=0x43e8 value=0x00ffffff count=8
R350_PROBE write reg=0x43d0 value=0x0000ffff count=6
R350_PROBE write reg=0x4f00 value=0x00000000 count=5
R350_PROBE write reg=0x4f04 value=0x00000000 count=5
R350_PROBE write reg=0x4300 value=0x00000004 count=6
R350_PROBE write reg=0x4304 value=0x00000000 count=6
R350_PROBE write reg=0x4330 value=0x00000008 count=6
R350_PROBE write reg=0x4310 value=0x00d10000 count=6
R350_PROBE write reg=0x48c0 value=0x00050a80 count=3
R350_PROBE write reg=0x46c0 value=0x1c000020 count=3
R350_PROBE write reg=0x47c0 value=0x01000020 count=3
R350_PROBE write reg=0x49c0 value=0x00040889 count=3
R350_PROBE write reg=0x4600 value=0x00000000 count=7
R350_PROBE write reg=0x4604 value=0x00000001 count=7
R350_PROBE write reg=0x461c value=0x00400000 count=7
R350_PROBE write reg=0x46a4 value=0x00001b01 count=5
R350_PROBE write reg=0x46a8 value=0x0000000f count=5
R350_PROBE write reg=0x46ac value=0x0000000f count=5
R350_PROBE write reg=0x46b0 value=0x0000000f count=5
R350_PROBE write reg=0x4bc0 value=0x00000000 count=5
R350_PROBE write reg=0x4bd4 value=0x00000000 count=8
R350_PROBE write reg=0x4e50 value=0x80000000 count=5
R350_PROBE read reg=0x0e40 value=0x00000040 count=4096
R350_PROBE read reg=0x1720 value=0x00000000 count=4096
R350_PROBE write reg=0x0770 value=0x00000000 count=3
R350_PROBE read reg=0x0704 value=0x0002000a count=4
R350_PROBE write reg=0x0704 value=0x0802000a count=6
R350_PROBE write reg=0x0744 value=0x00000000 count=3
R350_PROBE read reg=0x0744 value=0x00000000 count=2
R350_PROBE read reg=0x0704 value=0x0802000a count=5
R350_PROBE write reg=0x0704 value=0x8802000a count=7
R350_PROBE write reg=0x071c value=0x00000000 count=2
R350_PROBE write reg=0x0704 value=0x0802000a count=8
R350_PROBE write reg=0x0508 value=0x00000000 count=4
R350_PROBE write reg=0x0506 value=0x00000020 count=3
R350_PROBE write reg=0x0502 value=0x00000690 count=2
R350_PROBE write reg=0x0504 value=0x0000041a count=4
R350_PROBE write reg=0x050a value=0x00000000 count=5
R350_PROBE write reg=0x050c value=0x00000690 count=3
R350_PROBE write reg=0x050e value=0x00000834 count=4
R350_PROBE write reg=0x0510 value=0x00000000 count=3
R350_PROBE write reg=0x0512 value=0x00000000 count=4
R350_PROBE write reg=0x0508 value=0x00000061 count=6
R350_PROBE write reg=0x0740 value=0x00000000 count=3
R350_PROBE write reg=0x0744 value=0x00000000 count=4
R350_PROBE write reg=0x0170 value=0x00000000 count=2
R350_PROBE write reg=0x015c value=0x00000000 count=2
R350_PROBE write reg=0x0148 value=0xffff0000 count=3
R350_PROBE read reg=0x00f8 value=0x07c00000 count=4
R350_PROBE write reg=0x023c value=0x00000000 count=2
R350_PROBE write reg=0x033c value=0x00000000 count=2
R350_PROBE write reg=0x0148 value=0x07bf0000 count=4
R350_PROBE read reg=0x00f8 value=0x07c00000 count=5
R350_PROBE write reg=0x014c value=0x17ff1000 count=2
R350_PROBE write reg=0x0ab0 value=0x03310000 count=2
R350_PROBE write reg=0x0ab4 value=0x00000000 count=2
R350_PROBE write reg=0x01dc value=0x07c00000 count=2
R350_PROBE write reg=0x01e0 value=0x0fbfffff count=2
R350_PROBE read reg=0x01d0 value=0x00000001 count=2
R350_PROBE write reg=0x01d0 value=0x00000001 count=2
R350_PROBE write reg=0x0700 value=0x10020000 count=2
R350_PROBE write reg=0x15e4 value=0x00000000 count=3
R350_PROBE write reg=0x15e8 value=0x00000000 count=2
R350_PROBE write reg=0x15ec value=0x00000000 count=2
R350_PROBE write reg=0x15f0 value=0x00000000 count=2
R350_PROBE write reg=0x15f4 value=0x00000000 count=2
R350_PROBE write reg=0x15f8 value=0x00000000 count=2
R350_PROBE write reg=0x15fc value=0x00000000 count=2
R350_PROBE write reg=0x1fa8 value=0x00000000 count=2
R350_PROBE write reg=0x0774 value=0x07c24000 count=2
R350_PROBE write reg=0x0770 value=0x000000ff count=4
R350_PROBE read reg=0x0b00 value=0x00200001 count=2
R350_PROBE write reg=0x0b00 value=0x00200001 count=3
R350_PROBE read reg=0x0030 value=0x00000000 count=2
R350_PROBE write reg=0x0030 value=0x00000000 count=2
R350_PROBE read reg=0x1724 value=0x00000003 count=2
R350_PROBE write reg=0x1724 value=0x00000003 count=2
R350_PROBE read reg=0x1710 value=0x00000000 count=2
R350_PROBE write reg=0x1710 value=0x00020000 count=2
R350_PROBE read reg=0x0704 value=0x0802000a count=6
R350_PROBE read reg=0x0f5c value=0x1f000203 count=2
R350_PROBE write reg=0x07d4 value=0x00000000 count=2
R350_PROBE write reg=0x07dc value=0x00000000 count=512
R350_PROBE write reg=0x07e0 value=0x00000000 count=512
R350_PROBE write reg=0x0718 value=0x00000023 count=2
R350_PROBE read reg=0x0710 value=0x00000000 count=2
R350_PROBE write reg=0x070c value=0x07c00000 count=2
R350_PROBE write reg=0x0740 value=0x40000000 count=4
R350_PROBE read reg=0x00f8 value=0x07c00000 count=6
R350_PROBE read reg=0x0224 value=0x00000000 count=2
R350_PROBE read reg=0x16c4 value=0x00000006 count=2
R350_PROBE read reg=0x0050 value=0x03000600 count=2
R350_PROBE write reg=0x15d0 value=0x00000002 count=2
R350_PROBE write reg=0x16c4 value=0x00000006 count=2
R350_PROBE read reg=0x0228 value=0x00000000 count=3
R350_PROBE write reg=0x0b00 value=0x00200001 count=4
R350_PROBE write reg=0x16e0 value=0x5b000000 count=4
R350_PROBE read reg=0x0228 value=0x00000000 count=4
R350_PROBE read reg=0x0328 value=0x00000000 count=2
R350_PROBE write reg=0x15e4 value=0x00000001 count=4
R350_PROBE write reg=0x16e8 value=0x1fff1fff count=2
R350_PROBE write reg=0x16cc value=0xffffffff count=2
R350_PROBE write reg=0x2080 value=0x00240455 count=4
R350_PROBE write reg=0x43b0 value=0x00000000 count=5
R350_PROBE write reg=0x43b4 value=0x03ffffff count=5
R350_PROBE write reg=0x43b8 value=0x00000000 count=2
R350_PROBE write reg=0x43bc value=0x03ffffff count=2
R350_PROBE write reg=0x43c0 value=0x00000000 count=2
R350_PROBE write reg=0x43c4 value=0x03ffffff count=2
R350_PROBE write reg=0x43c8 value=0x00000000 count=2
R350_PROBE write reg=0x43cc value=0x03ffffff count=2
R350_PROBE write reg=0x43d0 value=0x0000ffff count=7
R350_PROBE write reg=0x4e00 value=0x00000000 count=7
R350_PROBE write reg=0x4f1c value=0x00000000 count=7
R350_PROBE write reg=0x43a4 value=0x00000000 count=7
R350_PROBE write reg=0x16ec value=0x00000000 count=6
R350_PROBE write reg=0x16f0 value=0x041a0690 count=6
R350_PROBE write reg=0x16e0 value=0x1b000000 count=5
R350_PROBE write reg=0x4e28 value=0x00000000 count=7
R350_PROBE write reg=0x4e38 value=0x00d006c0 count=7
R350_PROBE write reg=0x3428 value=0x00020100 count=3
R350_PROBE write reg=0x43e0 value=0x00b405a0 count=6
R350_PROBE write reg=0x43e4 value=0x01374c30 count=6
R350_PROBE write reg=0x4e00 value=0x00000000 count=8
R350_PROBE write reg=0x4f1c value=0x00000000 count=8
R350_PROBE write reg=0x43a4 value=0x00000000 count=8
R350_PROBE write reg=0x16ec value=0x00000000 count=7
R350_PROBE write reg=0x16f0 value=0x041a0690 count=7
R350_PROBE write reg=0x16e0 value=0x1b000000 count=6
R350_PROBE write reg=0x4e28 value=0x00000000 count=8
R350_PROBE write reg=0x4e38 value=0x00d006c0 count=8
R350_PROBE write reg=0x3428 value=0x00020100 count=4
R350_PROBE write reg=0x43e0 value=0x00b405a0 count=7
R350_PROBE write reg=0x43e4 value=0x01374c30 count=7
R350_PROBE write reg=0x4290 value=0x00000000 count=2
R350_PROBE write reg=0x4e50 value=0x00000005 count=6
R350_PROBE write reg=0x2140 value=0x00000002 count=4
R350_PROBE write reg=0x42b4 value=0x00000000 count=2
R350_PROBE write reg=0x42b8 value=0x00000000 count=6
R350_PROBE write reg=0x4288 value=0x00000000 count=4
R350_PROBE write reg=0x428c value=0x00000001 count=2
R350_PROBE write reg=0x4234 value=0x00020006 count=4
R350_PROBE write reg=0x4008 value=0x00000007 count=6
R350_PROBE write reg=0x4214 value=0x00050005 count=2
R350_PROBE write reg=0x4238 value=0x00000000 count=4
R350_PROBE write reg=0x4260 value=0x00000000 count=2
R350_PROBE write reg=0x4264 value=0x00000000 count=2
R350_PROBE write reg=0x4268 value=0x3f800000 count=4
R350_PROBE write reg=0x401c value=0x00000000 count=5
R350_PROBE write reg=0x4e88 value=0x00000000 count=2
R350_PROBE write reg=0x4274 value=0x00000002 count=2
R350_PROBE write reg=0x42a0 value=0x00000000 count=2
R350_PROBE write reg=0x46a4 value=0x00001b00 count=6
R350_PROBE write reg=0x46a8 value=0x0000000f count=6
R350_PROBE write reg=0x46ac value=0x0000000f count=6
R350_PROBE write reg=0x46b0 value=0x0000000f count=6
R350_PROBE write reg=0x4e14 value=0x00000000 count=5
R350_PROBE write reg=0x4294 value=0x00000000 count=4
R350_PROBE write reg=0x4298 value=0x00000000 count=4
R350_PROBE write reg=0x4278 value=0x0003aaaa count=6
R350_PROBE write reg=0x2184 value=0x00000005 count=5
R350_PROBE write reg=0x2090 value=0x00000003 count=7
R350_PROBE write reg=0x20b0 value=0x0000043f count=6
R350_PROBE write reg=0x20b4 value=0x0000000c count=8
R350_PROBE write reg=0x2180 value=0x00000000 count=7
R350_PROBE write reg=0x221c value=0x00000000 count=8
R350_PROBE write reg=0x2288 value=0x0000ffff count=2
R350_PROBE write reg=0x21dc value=0xaaaaaaaa count=2
R350_PROBE write reg=0x2134 value=0x00ffffff count=2
R350_PROBE write reg=0x2138 value=0x00000000 count=2
R350_PROBE write reg=0x43a8 value=0x2da49525 count=4
R350_PROBE write reg=0x2150 value=0x00000000 count=4
R350_PROBE write reg=0x21e0 value=0x00000000 count=4
R350_PROBE write reg=0x1d98 value=0x44000000 count=4
R350_PROBE write reg=0x1d9c value=0x44000000 count=4
R350_PROBE write reg=0x1da0 value=0xc3c00000 count=4
R350_PROBE write reg=0x1da4 value=0x43c00000 count=4
R350_PROBE write reg=0x1da8 value=0x3f000000 count=4
R350_PROBE write reg=0x1dac value=0x3f000000 count=4
R350_PROBE write reg=0x2220 value=0x3f800000 count=4
R350_PROBE write reg=0x2224 value=0x3f800000 count=4
R350_PROBE write reg=0x2228 value=0x3f800000 count=4
R350_PROBE write reg=0x222c value=0x3f800000 count=4
R350_PROBE write reg=0x4230 value=0x01800006 count=4
R350_PROBE write reg=0x421c value=0x00060006 count=5
R350_PROBE write reg=0x4200 value=0x00000000 count=5
R350_PROBE write reg=0x4204 value=0x00000000 count=5
R350_PROBE write reg=0x4208 value=0x3f800000 count=5
R350_PROBE write reg=0x420c value=0x3f800000 count=5
R350_PROBE write reg=0x4e18 value=0x00000000 count=3
R350_PROBE write reg=0x4e0c value=0x0000000f count=6
R350_PROBE write reg=0x43e0 value=0x00b405a0 count=8
R350_PROBE write reg=0x43e4 value=0x0113e99f count=8
R350_PROBE write reg=0x4bd8 value=0x00000000 count=2
R350_PROBE write reg=0x4bc8 value=0x00000000 count=4
R350_PROBE write reg=0x4bcc value=0x00000000 count=4
R350_PROBE write reg=0x4bd0 value=0x00000000 count=4
R350_PROBE write reg=0x401c value=0x00000000 count=6
R350_PROBE write reg=0x4bc0 value=0x00000000 count=6
R350_PROBE write reg=0x427c value=0x00000000 count=2
R350_PROBE write reg=0x4280 value=0x00000000 count=2
R350_PROBE write reg=0x4e04 value=0x20220000 count=6
R350_PROBE write reg=0x4e08 value=0x00000000 count=4
R350_PROBE write reg=0x4e10 value=0x00000000 count=4
R350_PROBE write reg=0x4f14 value=0x00000000 count=5
R350_PROBE write reg=0x4f00 value=0x00000010 count=6
R350_PROBE write reg=0x4f04 value=0x00000000 count=6
R350_PROBE write reg=0x42c0 value=0x4b7fffff count=4
R350_PROBE write reg=0x42c4 value=0x00000000 count=4
R350_PROBE write reg=0x4c10 value=0x00000000 count=2
R350_PROBE write reg=0x4c14 value=0x00000000 count=2
R350_PROBE write reg=0x4c18 value=0x00000000 count=2
R350_PROBE write reg=0x4c1c value=0x00000000 count=2
R350_PROBE write reg=0x4c20 value=0x00000000 count=2
R350_PROBE write reg=0x4c24 value=0x00000000 count=2
R350_PROBE write reg=0x4c28 value=0x00000000 count=2
R350_PROBE write reg=0x4c2c value=0x00000000 count=2
R350_PROBE write reg=0x4c30 value=0x00000000 count=2
R350_PROBE write reg=0x4c34 value=0x00000000 count=2
R350_PROBE write reg=0x4c38 value=0x00000000 count=2
R350_PROBE write reg=0x4c3c value=0x00000000 count=2
R350_PROBE write reg=0x4c40 value=0x00000000 count=2
R350_PROBE write reg=0x4c44 value=0x00000000 count=2
R350_PROBE write reg=0x4c48 value=0x00000000 count=2
R350_PROBE write reg=0x4c4c value=0x00000000 count=2
R350_PROBE write reg=0x4c50 value=0x00000000 count=2
R350_PROBE write reg=0x4c54 value=0x00000000 count=2
R350_PROBE write reg=0x4c58 value=0x00000000 count=2
R350_PROBE write reg=0x4c5c value=0x00000000 count=2
R350_PROBE write reg=0x4c60 value=0x00000000 count=2
R350_PROBE write reg=0x4c64 value=0x00000000 count=2
R350_PROBE write reg=0x4c68 value=0x00000000 count=2
R350_PROBE write reg=0x4c6c value=0x00000000 count=2
R350_PROBE write reg=0x4c70 value=0x00000000 count=2
R350_PROBE write reg=0x4c74 value=0x00000000 count=2
R350_PROBE write reg=0x4c78 value=0x00000000 count=2
R350_PROBE write reg=0x4c7c value=0x00000000 count=2
R350_PROBE write reg=0x4600 value=0x00000000 count=8
R350_PROBE write reg=0x4604 value=0x00000000 count=8
R350_PROBE write reg=0x46b4 value=0x00000001 count=6
R350_PROBE write reg=0x4610 value=0x00000000 count=6
R350_PROBE write reg=0x4614 value=0x00000000 count=6
R350_PROBE write reg=0x4618 value=0x00000000 count=6
R350_PROBE write reg=0x461c value=0x00400000 count=8
R350_PROBE write reg=0x4300 value=0x00040080 count=7
R350_PROBE write reg=0x4304 value=0x00000000 count=7
R350_PROBE write reg=0x4330 value=0x00004000 count=7
R350_PROBE write reg=0x4310 value=0x00d10000 count=7
R350_PROBE write reg=0x4314 value=0x00d10040 count=5
R350_PROBE write reg=0x4318 value=0x00d10080 count=5
R350_PROBE write reg=0x431c value=0x00d100c0 count=5
R350_PROBE write reg=0x4320 value=0x00d10000 count=5
R350_PROBE write reg=0x4324 value=0x00d10000 count=5
R350_PROBE write reg=0x4328 value=0x00d10000 count=5
R350_PROBE write reg=0x432c value=0x00d10000 count=5
R350_PROBE write reg=0x48c0 value=0x00050a80 count=4
R350_PROBE write reg=0x48c4 value=0x00050a80 count=2
R350_PROBE write reg=0x48c8 value=0x40050200 count=2
R350_PROBE write reg=0x48cc value=0x00050a80 count=2
R350_PROBE write reg=0x46c0 value=0x1c020800 count=4
R350_PROBE write reg=0x46c4 value=0x1c020800 count=2
R350_PROBE write reg=0x46c8 value=0x1c020040 count=2
R350_PROBE write reg=0x46cc value=0x1c020800 count=2
R350_PROBE write reg=0x49c0 value=0x00040889 count=4
R350_PROBE write reg=0x49c4 value=0x00040889 count=2
R350_PROBE write reg=0x49c8 value=0x40040509 count=2
R350_PROBE write reg=0x49cc value=0x00040889 count=2
R350_PROBE write reg=0x47c0 value=0x01020800 count=4
R350_PROBE write reg=0x47c4 value=0x01020800 count=2
R350_PROBE write reg=0x47c8 value=0x01020800 count=2
R350_PROBE write reg=0x47cc value=0x01020800 count=2
R350_PROBE write reg=0x4620 value=0x00018041 count=3
R350_PROBE write reg=0x2208 value=0x00d10005 count=512
R350_PROBE write reg=0x22d0 value=0x08420c80 count=5
R350_PROBE write reg=0x22d4 value=0x00040080 count=5
R350_PROBE write reg=0x22d8 value=0x00000084 count=5
R350_PROBE write reg=0x22dc value=0x00000000 count=5
R350_PROBE write reg=0x2080 value=0x0030045a count=5
R350_PROBE write reg=0x142c value=0x5b001bd8 count=16
R350_PROBE write reg=0x4e2c value=0x00000000 count=4
R350_PROBE write reg=0x4e30 value=0x00000000 count=4
R350_PROBE write reg=0x4e34 value=0x00000000 count=4
R350_PROBE write reg=0x4e3c value=0x00000000 count=4
R350_PROBE write reg=0x4e40 value=0x00000000 count=4
R350_PROBE write reg=0x4e44 value=0x00000000 count=4
R350_PROBE write reg=0x4e14 value=0x00000000 count=6
R350_PROBE write reg=0x4e54 value=0x00000001 count=4
R350_PROBE write reg=0x4e64 value=0x000006c0 count=4
R350_PROBE write reg=0x4f20 value=0x00000000 count=4
R350_PROBE write reg=0x4f24 value=0x00000000 count=4
R350_PROBE write reg=0x4f60 value=0x00000000 count=4
R350_PROBE write reg=0x4f10 value=0x00000000 count=4
R350_PROBE write reg=0x4f28 value=0x00000000 count=4
R350_PROBE write reg=0x4f30 value=0x00000000 count=4
R350_PROBE write reg=0x4f34 value=0x00000000 count=4
R350_PROBE write reg=0x4f44 value=0x00000000 count=4
R350_PROBE write reg=0x4f54 value=0x00000000 count=4
R350_PROBE write reg=0x43b0 value=0x00b405a0 count=6
R350_PROBE write reg=0x43b4 value=0x01374c30 count=6
R350_PROBE write reg=0x43d0 value=0x0000aaaa count=8
R350_PROBE write reg=0x16ec value=0x00000000 count=8
R350_PROBE write reg=0x16f0 value=0x041a0690 count=8
R350_PROBE write reg=0x20c8 value=0x00000000 count=2
R350_PROBE write reg=0x20cc value=0x00000000 count=2
R350_PROBE write reg=0x20d4 value=0x00000000 count=2
R350_PROBE write reg=0x20d8 value=0x00000000 count=2
R350_PROBE write reg=0x20e0 value=0x00000000 count=2
R350_PROBE write reg=0x20e4 value=0x00000000 count=2
R350_PROBE write reg=0x20ec value=0x00000000 count=2
R350_PROBE write reg=0x20f0 value=0x00000000 count=2
R350_PROBE write reg=0x20f8 value=0x00000000 count=2
R350_PROBE write reg=0x20fc value=0x00000000 count=2
R350_PROBE write reg=0x2104 value=0x00000000 count=2
R350_PROBE write reg=0x2108 value=0x00000000 count=2
R350_PROBE write reg=0x2110 value=0x00000000 count=2
R350_PROBE write reg=0x2114 value=0x00000000 count=2
R350_PROBE write reg=0x211c value=0x00000000 count=2
R350_PROBE write reg=0x2120 value=0x00000000 count=2
R350_PROBE write reg=0x20b0 value=0x0000043f count=7
R350_PROBE write reg=0x2180 value=0x00000000 count=8
R350_PROBE write reg=0x4bc8 value=0x00000000 count=5
R350_PROBE write reg=0x4bcc value=0x00000000 count=5
R350_PROBE write reg=0x4bd0 value=0x00000000 count=5
R350_PROBE write reg=0x4bc0 value=0x00000000 count=7
R350_PROBE write reg=0x4294 value=0x00000000 count=5
R350_PROBE write reg=0x4298 value=0x00000000 count=5
R350_PROBE write reg=0x401c value=0x00000000 count=7
R350_PROBE write reg=0x4e04 value=0x20220000 count=7
R350_PROBE write reg=0x4e08 value=0x00000000 count=5
R350_PROBE write reg=0x4e10 value=0x00000000 count=5
R350_PROBE write reg=0x4e50 value=0x00000005 count=7
R350_PROBE write reg=0x4f00 value=0x00000010 count=7
R350_PROBE write reg=0x4f04 value=0x00000000 count=7
R350_PROBE write reg=0x4f08 value=0x00ffff00 count=3
R350_PROBE write reg=0x421c value=0x00060006 count=6
R350_PROBE write reg=0x4200 value=0x00000000 count=6
R350_PROBE write reg=0x4204 value=0x00000000 count=6
R350_PROBE write reg=0x4208 value=0x3f800000 count=6
R350_PROBE write reg=0x420c value=0x3f800000 count=6
R350_PROBE write reg=0x4230 value=0x01800006 count=5
R350_PROBE write reg=0x4234 value=0x00020006 count=5
R350_PROBE write reg=0x4238 value=0x00000000 count=5
R350_PROBE write reg=0x4268 value=0x3f800000 count=5
R350_PROBE write reg=0x4e0c value=0x0000000f count=7
R350_PROBE write reg=0x4278 value=0x0003aaaa count=7
R350_PROBE write reg=0x46a4 value=0x00001b00 count=7
R350_PROBE write reg=0x46a8 value=0x0000000f count=7
R350_PROBE write reg=0x46ac value=0x0000000f count=7
R350_PROBE write reg=0x46b0 value=0x0000000f count=7
R350_PROBE write reg=0x42c4 value=0x00000000 count=5
R350_PROBE write reg=0x42c0 value=0x4b7fffff count=5
R350_PROBE write reg=0x42b8 value=0x00000000 count=7
R350_PROBE write reg=0x1d98 value=0x44000000 count=5
R350_PROBE write reg=0x1d9c value=0x44000000 count=5
R350_PROBE write reg=0x1da0 value=0xc3c00000 count=5
R350_PROBE write reg=0x1da4 value=0x44268000 count=5
R350_PROBE write reg=0x1da8 value=0x3f000000 count=5
R350_PROBE write reg=0x1dac value=0x3f000000 count=5
R350_PROBE write reg=0x2220 value=0x3f800000 count=5
R350_PROBE write reg=0x2224 value=0x3f800000 count=5
R350_PROBE write reg=0x2228 value=0x3f800000 count=5
R350_PROBE write reg=0x222c value=0x3f800000 count=5
R350_PROBE write reg=0x4008 value=0x00000007 count=7
R350_PROBE write reg=0x4e2c value=0x00000000 count=5
R350_PROBE write reg=0x4e30 value=0x00000000 count=5
R350_PROBE write reg=0x4e34 value=0x00000000 count=5
R350_PROBE write reg=0x4e3c value=0x00000000 count=5
R350_PROBE write reg=0x4e40 value=0x00000000 count=5
R350_PROBE write reg=0x4e44 value=0x00000000 count=5
R350_PROBE write reg=0x4e14 value=0x00000000 count=7
R350_PROBE write reg=0x4e54 value=0x00000001 count=5
R350_PROBE write reg=0x4e64 value=0x000006c0 count=5
R350_PROBE write reg=0x4f20 value=0x00000000 count=5
R350_PROBE write reg=0x4f24 value=0x00000000 count=5
R350_PROBE write reg=0x4f60 value=0x00000000 count=5
R350_PROBE write reg=0x4f10 value=0x00000000 count=5
R350_PROBE write reg=0x4f28 value=0x00000000 count=5
R350_PROBE write reg=0x4f30 value=0x00000000 count=5
R350_PROBE write reg=0x4f34 value=0x00000000 count=5
R350_PROBE write reg=0x4f44 value=0x00000000 count=5
R350_PROBE write reg=0x4f54 value=0x00000000 count=5
R350_PROBE write reg=0x43b0 value=0x00b405a0 count=7
R350_PROBE write reg=0x43b4 value=0x01374c30 count=7
R350_PROBE write reg=0x20b0 value=0x0000043f count=8
R350_PROBE write reg=0x4100 value=0x00000000 count=32
R350_PROBE write reg=0x48d0 value=0x40050200 count=1
R350_PROBE write reg=0x46d0 value=0x1c020040 count=1
R350_PROBE write reg=0x49d0 value=0x40040509 count=1
R350_PROBE write reg=0x47d0 value=0x01020800 count=1
R350_PROBE write reg=0x4624 value=0x00018041 count=1
R350_PROBE write reg=0x4e04 value=0x20220000 count=8
R350_PROBE write reg=0x4e08 value=0x00000000 count=6
R350_PROBE write reg=0x4e10 value=0x00000000 count=6
R350_PROBE write reg=0x4e50 value=0x00000005 count=8
R350_PROBE write reg=0x4f14 value=0x00000001 count=6
R350_PROBE write reg=0x4f00 value=0x00000010 count=8
R350_PROBE write reg=0x4f04 value=0x00000000 count=8
R350_PROBE write reg=0x4234 value=0x00020006 count=6
R350_PROBE write reg=0x4238 value=0x00000000 count=6
R350_PROBE write reg=0x4268 value=0x3f800000 count=6
R350_PROBE write reg=0x4e0c value=0x0000000f count=8
R350_PROBE write reg=0x4278 value=0x0003aaaa count=8
R350_PROBE write reg=0x46a4 value=0x00001b00 count=8
R350_PROBE write reg=0x46a8 value=0x0000000f count=8
R350_PROBE write reg=0x46ac value=0x0000000f count=8
R350_PROBE write reg=0x46b0 value=0x0000000f count=8
R350_PROBE write reg=0x42c4 value=0x00000000 count=6
R350_PROBE write reg=0x42c0 value=0x4b7fffff count=6
R350_PROBE write reg=0x42b8 value=0x00000000 count=8
R350_PROBE write reg=0x4010 value=0x66666666 count=16
R350_PROBE write reg=0x4014 value=0x06666666 count=16
R350_PROBE write reg=0x1d98 value=0x44520000 count=6
R350_PROBE write reg=0x1d9c value=0x44520000 count=6
R350_PROBE write reg=0x1da0 value=0xc4034000 count=6
R350_PROBE write reg=0x1da4 value=0x44034000 count=6
R350_PROBE write reg=0x1da8 value=0x3f000000 count=6
R350_PROBE write reg=0x1dac value=0x3f000000 count=6
R350_PROBE write reg=0x2220 value=0x3f800000 count=6
R350_PROBE write reg=0x2224 value=0x3f800000 count=6
R350_PROBE write reg=0x2228 value=0x3f800000 count=6
R350_PROBE write reg=0x222c value=0x3f800000 count=6
R350_PROBE write reg=0x2184 value=0x00000405 count=6
R350_PROBE write reg=0x2090 value=0x00000003 count=8
R350_PROBE write reg=0x46b4 value=0x00000001 count=7
R350_PROBE write reg=0x4610 value=0x00000000 count=7
R350_PROBE write reg=0x4614 value=0x00000000 count=7
R350_PROBE write reg=0x4618 value=0x00000000 count=7
R350_PROBE write reg=0x4300 value=0x00040084 count=8
R350_PROBE write reg=0x4304 value=0x00000000 count=8
R350_PROBE write reg=0x4330 value=0x00004048 count=8
R350_PROBE write reg=0x4310 value=0x00d10000 count=8
R350_PROBE write reg=0x4314 value=0x00d10044 count=6
R350_PROBE write reg=0x4318 value=0x00d10084 count=6
R350_PROBE write reg=0x431c value=0x00d100c4 count=6
R350_PROBE write reg=0x4320 value=0x00d10004 count=6
R350_PROBE write reg=0x4324 value=0x00d10004 count=6
R350_PROBE write reg=0x4328 value=0x00d10004 count=6
R350_PROBE write reg=0x432c value=0x00d10004 count=6
R350_PROBE write reg=0x22d0 value=0x08820c80 count=6
R350_PROBE write reg=0x22d4 value=0x00080080 count=6
R350_PROBE write reg=0x22d8 value=0x00000088 count=6
R350_PROBE write reg=0x22dc value=0x00000000 count=6
R350_PROBE write reg=0x4e2c value=0x00000000 count=6
R350_PROBE write reg=0x4e30 value=0x00000000 count=6
R350_PROBE write reg=0x4e34 value=0x00000000 count=6
R350_PROBE write reg=0x4e3c value=0x00000000 count=6
R350_PROBE write reg=0x4e40 value=0x00000000 count=6
R350_PROBE write reg=0x4e44 value=0x00000000 count=6
R350_PROBE write reg=0x4e14 value=0x00000000 count=8
R350_PROBE write reg=0x4e54 value=0x00000001 count=6
R350_PROBE write reg=0x4e64 value=0x000006c0 count=6
R350_PROBE write reg=0x4f20 value=0x00000000 count=6
R350_PROBE write reg=0x4f24 value=0x00000000 count=6
R350_PROBE write reg=0x4f60 value=0x00000000 count=6
R350_PROBE write reg=0x4f10 value=0x00000000 count=6
R350_PROBE write reg=0x4f28 value=0x00000000 count=6
R350_PROBE write reg=0x4f30 value=0x00000000 count=6
R350_PROBE write reg=0x4f34 value=0x00000000 count=6
R350_PROBE write reg=0x4f44 value=0x00000000 count=6
R350_PROBE write reg=0x4f54 value=0x00000000 count=6
R350_PROBE write reg=0x43b0 value=0x00b405a0 count=8
R350_PROBE write reg=0x43b4 value=0x01374c30 count=8
R350_PROBE write reg=0x2150 value=0x01030003 count=5
R350_PROBE write reg=0x2154 value=0x00002203 count=2
R350_PROBE write reg=0x21e0 value=0xf688f688 count=5
R350_PROBE write reg=0x21e4 value=0x0000f688 count=2
R350_PROBE write reg=0x15d4 value=0x00000002 count=16
R350_PROBE unsupported_3d_draw count=16; R200 renderer deliberately not used
R350_PROBE write reg=0x4400 value=0x00000a12 count=16
R350_PROBE write reg=0x4440 value=0x00001fe8 count=16
R350_PROBE write reg=0x4480 value=0x8007f8ff count=16
R350_PROBE write reg=0x44c0 value=0x0000aa0c count=16
R350_PROBE write reg=0x4500 value=0x000000ff count=16
R350_PROBE write reg=0x4540 value=0x00e6c000 count=16
R350_PROBE write reg=0x45c0 value=0x00000000 count=16
R350_PROBE write reg=0x4580 value=0x00000000 count=16
R350_PROBE write reg=0x2284 value=0x00000000 count=32
R350_PROBE write reg=0x4e4c value=0x00000000 count=64
R350_PROBE write reg=0x0714 value=0x000001e0 count=256
R350_PROBE write reg=0x146c value=0x42cc36f3 count=16
R350_PROBE write reg=0x15ac value=0x1037b000 count=16
R350_PROBE write reg=0x15b0 value=0x00001c00 count=16
R350_PROBE write reg=0x1404 value=0x00eac000 count=16
R350_PROBE write reg=0x1408 value=0x00000400 count=16
R350_PROBE write reg=0x1704 value=0x00000000 count=16
R350_PROBE write reg=0x1700 value=0x00000000 count=16
R350_PROBE write reg=0x1434 value=0x00000000 count=16
R350_PROBE write reg=0x1438 value=0x00000000 count=16
R350_PROBE write reg=0x143c value=0x01000100 count=16
R350_PROBE write reg=0x1720 value=0x00010000 count=64
R350_PROBE write reg=0x2200 value=0x00000280 count=32
R350_PROBE write reg=0x0738 value=0x10000020 count=512
R350_PROBE write reg=0x073c value=0x00000008 count=512
R350_PROBE write reg=0x342c value=0x00000005 count=32
R350_PROBE write reg=0x4c00 value=0x003f0000 count=32
R350_PROBE write reg=0x4c04 value=0x003f0000 count=32
R350_PROBE write reg=0x4c08 value=0x003f0000 count=32
R350_PROBE write reg=0x4c0c value=0x003f0000 count=32
R350_PROBE write reg=0x4104 value=0x00000001 count=32
R350_PROBE write reg=0x142c value=0x5b001bd8 count=32
R350_PROBE write reg=0x15e0 value=0x0000003c count=64
R350_PROBE write reg=0x2208 value=0xbf800000 count=1024
R350_PROBE write reg=0x4100 value=0x00000000 count=64
R350_PROBE write reg=0x15d4 value=0x00000002 count=32
R350_PROBE unsupported_3d_draw count=32; R200 renderer deliberately not used
R350_PROBE write reg=0x4400 value=0x00000a12 count=32
R350_PROBE write reg=0x4440 value=0x00001fe8 count=32
R350_PROBE write reg=0x4480 value=0x8007f8ff count=32
R350_PROBE write reg=0x44c0 value=0x0000aa0c count=32
R350_PROBE write reg=0x4500 value=0x000000ff count=32
R350_PROBE write reg=0x4540 value=0x0126c000 count=32
R350_PROBE write reg=0x45c0 value=0x00000000 count=32
R350_PROBE write reg=0x4580 value=0x00000000 count=32
R350_PROBE write reg=0x146c value=0x42cc36f3 count=32
R350_PROBE write reg=0x15ac value=0x108bac00 count=32
R350_PROBE write reg=0x15b0 value=0x00001c00 count=32
R350_PROBE write reg=0x1404 value=0x012ac000 count=32
R350_PROBE write reg=0x1408 value=0x00000400 count=32
R350_PROBE write reg=0x1704 value=0x00000000 count=32
R350_PROBE write reg=0x1700 value=0x00000000 count=32
R350_PROBE write reg=0x1434 value=0x00000000 count=32
R350_PROBE write reg=0x1438 value=0x00000000 count=32
R350_PROBE write reg=0x143c value=0x01000100 count=32
R350_PROBE write reg=0x4f14 value=0x00000000 count=7
R350_PROBE write reg=0x2184 value=0x00000005 count=7
R350_PROBE write reg=0x46b4 value=0x00000001 count=8
R350_PROBE write reg=0x4610 value=0x00000000 count=8
R350_PROBE write reg=0x4614 value=0x00000000 count=8
R350_PROBE write reg=0x4618 value=0x00000000 count=8
R350_PROBE write reg=0x4314 value=0x00d10040 count=7
R350_PROBE write reg=0x4318 value=0x00d10080 count=7
R350_PROBE write reg=0x431c value=0x00d100c0 count=7
R350_PROBE write reg=0x4320 value=0x00d10000 count=7
R350_PROBE write reg=0x4324 value=0x00d10000 count=7
R350_PROBE write reg=0x4328 value=0x00d10000 count=7
R350_PROBE write reg=0x432c value=0x00d10000 count=7
R350_PROBE write reg=0x22d0 value=0x08420c80 count=7
R350_PROBE write reg=0x22d4 value=0x00040080 count=7
R350_PROBE write reg=0x22d8 value=0x00000084 count=7
R350_PROBE write reg=0x22dc value=0x00000000 count=7
R350_PROBE write reg=0x0218 value=0x4000041a count=2
R350_PROBE write reg=0x4f18 value=0x00000003 count=16
R350_PROBE write reg=0x43a8 value=0x2da49525 count=5
R350_PROBE write reg=0x4020 value=0x00000000 count=16
R350_PROBE write reg=0x2140 value=0x00000102 count=5
R350_PROBE write reg=0x4008 value=0x00010001 count=8
R350_PROBE write reg=0x2150 value=0x26000001 count=6
R350_PROBE write reg=0x21e0 value=0xfb24fb08 count=6
R350_PROBE write reg=0x4bc0 value=0x00000000 count=8
R350_PROBE write reg=0x4288 value=0x00000000 count=5
R350_PROBE write reg=0x48c0 value=0x00050a80 count=5
R350_PROBE write reg=0x46c0 value=0x1c000000 count=5
R350_PROBE write reg=0x47c0 value=0x01000000 count=5
R350_PROBE write reg=0x49c0 value=0x00040889 count=5
R350_PROBE write reg=0x4620 value=0x00008000 count=4
R350_PROBE write reg=0x4608 value=0x00040040 count=16
R350_PROBE write reg=0x4e18 value=0x00000000 count=4
R350_PROBE write reg=0x4200 value=0x3f1c09c1 count=7
R350_PROBE write reg=0x4204 value=0x3f3b3ee7 count=7
R350_PROBE write reg=0x4208 value=0x3f800000 count=7
R350_PROBE write reg=0x420c value=0x00000000 count=7
R350_PROBE write reg=0x421c value=0x0f601200 count=7
R350_PROBE write reg=0x4200 value=0x00000000 count=8
R350_PROBE write reg=0x4204 value=0x3f800000 count=8
R350_PROBE write reg=0x4208 value=0x3f800000 count=8
R350_PROBE write reg=0x420c value=0x3f3b3ee7 count=8
R350_PROBE write reg=0x421c value=0x2760069c count=8
R350_PROBE write reg=0x16e0 value=0x1b000000 count=7
R350_PROBE write reg=0x3428 value=0x00020100 count=5
R350_PROBE write reg=0x2140 value=0x00000102 count=6
R350_PROBE write reg=0x2150 value=0x26000001 count=7
R350_PROBE write reg=0x21e0 value=0xfb24fb08 count=7
R350_PROBE write reg=0x4288 value=0x00000000 count=6
R350_PROBE write reg=0x43a8 value=0x2da49525 count=6
R350_PROBE write reg=0x48c0 value=0x00050a80 count=6
R350_PROBE write reg=0x46c0 value=0x1c000020 count=6
R350_PROBE write reg=0x47c0 value=0x01000020 count=6
R350_PROBE write reg=0x49c0 value=0x00040889 count=6
R350_PROBE write reg=0x4e4c value=0x0000000a count=128
R350_PROBE write reg=0x2140 value=0x00000102 count=7
R350_PROBE write reg=0x2150 value=0x26000001 count=8
R350_PROBE write reg=0x21e0 value=0xfb24fb08 count=8
R350_PROBE write reg=0x4288 value=0x00000000 count=7
R350_PROBE write reg=0x43a8 value=0x2da49525 count=7
R350_PROBE write reg=0x48c0 value=0x00050a80 count=7
R350_PROBE write reg=0x46c0 value=0x1c000020 count=7
R350_PROBE write reg=0x47c0 value=0x01000020 count=7
R350_PROBE write reg=0x49c0 value=0x00040889 count=7
R350_PROBE write reg=0x4290 value=0x00000000 count=3
R350_PROBE write reg=0x2140 value=0x00000002 count=8
R350_PROBE write reg=0x42b4 value=0x00000000 count=3
R350_PROBE write reg=0x4288 value=0x00000000 count=8
R350_PROBE write reg=0x428c value=0x00000001 count=3
R350_PROBE write reg=0x4234 value=0x00020006 count=7
R350_PROBE write reg=0x4214 value=0x00050005 count=3
R350_PROBE write reg=0x4238 value=0x00000000 count=7
R350_PROBE write reg=0x4260 value=0x00000000 count=3
R350_PROBE write reg=0x4264 value=0x00000000 count=3
R350_PROBE write reg=0x4268 value=0x3f800000 count=7
R350_PROBE write reg=0x401c value=0x00000000 count=8
R350_PROBE write reg=0x43e8 value=0x00ffffff count=16
R350_PROBE write reg=0x4e88 value=0x00000000 count=3
R350_PROBE write reg=0x4274 value=0x00000002 count=3
R350_PROBE write reg=0x42a0 value=0x00000000 count=3
R350_PROBE write reg=0x4294 value=0x00000000 count=6
R350_PROBE write reg=0x4298 value=0x00000000 count=6
R350_PROBE write reg=0x2184 value=0x00000005 count=8
R350_PROBE write reg=0x2094 value=0x00000000 count=16
R350_PROBE write reg=0x221c value=0x00000000 count=16
R350_PROBE write reg=0x2288 value=0x0000ffff count=3
R350_PROBE write reg=0x21dc value=0xaaaaaaaa count=3
R350_PROBE write reg=0x2134 value=0x00ffffff count=3
R350_PROBE write reg=0x2138 value=0x00000000 count=3
R350_PROBE write reg=0x1720 value=0x00008000 count=128
R350_PROBE write reg=0x43a8 value=0x2da49525 count=8
R350_PROBE write reg=0x1d98 value=0x44520000 count=7
R350_PROBE write reg=0x1d9c value=0x44520000 count=7
R350_PROBE write reg=0x1da0 value=0xc4034000 count=7
R350_PROBE write reg=0x1da4 value=0x44034000 count=7
R350_PROBE write reg=0x1da8 value=0x3f000000 count=7
R350_PROBE write reg=0x1dac value=0x3f000000 count=7
R350_PROBE write reg=0x2220 value=0x3f800000 count=7
R350_PROBE write reg=0x2224 value=0x3f800000 count=7
R350_PROBE write reg=0x2228 value=0x3f800000 count=7
R350_PROBE write reg=0x222c value=0x3f800000 count=7
R350_PROBE write reg=0x4230 value=0x01800006 count=6
R350_PROBE write reg=0x4e18 value=0x00000000 count=5
R350_PROBE write reg=0x4bd4 value=0x00000c00 count=16
R350_PROBE write reg=0x4bd8 value=0x00000000 count=3
R350_PROBE write reg=0x4bc8 value=0x00000000 count=6
R350_PROBE write reg=0x4bcc value=0x00000000 count=6
R350_PROBE write reg=0x4bd0 value=0x00000000 count=6
R350_PROBE write reg=0x427c value=0x00000000 count=3
R350_PROBE write reg=0x4280 value=0x00000000 count=3
R350_PROBE write reg=0x4e08 value=0x00000000 count=7
R350_PROBE write reg=0x4e10 value=0x00000000 count=7
R350_PROBE write reg=0x4f14 value=0x00000000 count=8
R350_PROBE write reg=0x42c0 value=0x4b7fffff count=7
R350_PROBE write reg=0x42c4 value=0x00000000 count=7
R350_PROBE write reg=0x4c10 value=0x00000000 count=3
R350_PROBE write reg=0x4c14 value=0x00000000 count=3
R350_PROBE write reg=0x4c18 value=0x00000000 count=3
R350_PROBE write reg=0x4c1c value=0x00000000 count=3
R350_PROBE write reg=0x4c20 value=0x00000000 count=3
R350_PROBE write reg=0x4c24 value=0x00000000 count=3
R350_PROBE write reg=0x4c28 value=0x00000000 count=3
R350_PROBE write reg=0x4c2c value=0x00000000 count=3
R350_PROBE write reg=0x4c30 value=0x00000000 count=3
R350_PROBE write reg=0x4c34 value=0x00000000 count=3
R350_PROBE write reg=0x4c38 value=0x00000000 count=3
R350_PROBE write reg=0x4c3c value=0x00000000 count=3
R350_PROBE write reg=0x4c40 value=0x00000000 count=3
R350_PROBE write reg=0x4c44 value=0x00000000 count=3
R350_PROBE write reg=0x4c48 value=0x00000000 count=3
R350_PROBE write reg=0x4c4c value=0x00000000 count=3
R350_PROBE write reg=0x4c50 value=0x00000000 count=3
R350_PROBE write reg=0x4c54 value=0x00000000 count=3
R350_PROBE write reg=0x4c58 value=0x00000000 count=3
R350_PROBE write reg=0x4c5c value=0x00000000 count=3
R350_PROBE write reg=0x4c60 value=0x00000000 count=3
R350_PROBE write reg=0x4c64 value=0x00000000 count=3
R350_PROBE write reg=0x4c68 value=0x00000000 count=3
R350_PROBE write reg=0x4c6c value=0x00000000 count=3
R350_PROBE write reg=0x4c70 value=0x00000000 count=3
R350_PROBE write reg=0x4c74 value=0x00000000 count=3
R350_PROBE write reg=0x4c78 value=0x00000000 count=3
R350_PROBE write reg=0x4c7c value=0x00000000 count=3
R350_PROBE write reg=0x4314 value=0x00d10040 count=8
R350_PROBE write reg=0x4318 value=0x00d10080 count=8
R350_PROBE write reg=0x431c value=0x00d100c0 count=8
R350_PROBE write reg=0x4320 value=0x00d10000 count=8
R350_PROBE write reg=0x4324 value=0x00d10000 count=8
R350_PROBE write reg=0x4328 value=0x00d10000 count=8
R350_PROBE write reg=0x432c value=0x00d10000 count=8
R350_PROBE write reg=0x48c0 value=0x00050a80 count=8
R350_PROBE write reg=0x48c4 value=0x00050a80 count=3
R350_PROBE write reg=0x48c8 value=0x40050200 count=3
R350_PROBE write reg=0x48cc value=0x00050a80 count=3
R350_PROBE write reg=0x48d0 value=0x40050200 count=2
R350_PROBE write reg=0x46c0 value=0x1c020800 count=8
R350_PROBE write reg=0x46c4 value=0x1c020800 count=3
R350_PROBE write reg=0x46c8 value=0x1c020040 count=3
R350_PROBE write reg=0x46cc value=0x1c020800 count=3
R350_PROBE write reg=0x46d0 value=0x1c020040 count=2
R350_PROBE write reg=0x49c0 value=0x00040889 count=8
R350_PROBE write reg=0x49c4 value=0x00040889 count=3
R350_PROBE write reg=0x49c8 value=0x40040509 count=3
R350_PROBE write reg=0x49cc value=0x00040889 count=3
R350_PROBE write reg=0x49d0 value=0x40040509 count=2
R350_PROBE write reg=0x47c0 value=0x01020800 count=8
R350_PROBE write reg=0x47c4 value=0x01020800 count=3
R350_PROBE write reg=0x47c8 value=0x01020800 count=3
R350_PROBE write reg=0x47cc value=0x01020800 count=3
R350_PROBE write reg=0x47d0 value=0x01020800 count=2
R350_PROBE write reg=0x4620 value=0x00018041 count=5
R350_PROBE write reg=0x4624 value=0x00018041 count=2
R350_PROBE write reg=0x22d0 value=0x08420c80 count=8
R350_PROBE write reg=0x22d4 value=0x00040080 count=8
R350_PROBE write reg=0x22d8 value=0x00000084 count=8
R350_PROBE write reg=0x22dc value=0x00000000 count=8
R350_PROBE write reg=0x2080 value=0x0030045a count=6
R350_PROBE write reg=0x4018 value=0x00000017 count=16
R350_PROBE write reg=0x4e2c value=0x00000000 count=7
R350_PROBE write reg=0x4e30 value=0x00000000 count=7
R350_PROBE write reg=0x4e34 value=0x00000000 count=7
R350_PROBE write reg=0x4e3c value=0x00000000 count=7
R350_PROBE write reg=0x4e40 value=0x00000000 count=7
R350_PROBE write reg=0x4e44 value=0x00000000 count=7
R350_PROBE write reg=0x4e54 value=0x00000001 count=7
R350_PROBE write reg=0x4e64 value=0x000006c0 count=7
R350_PROBE write reg=0x4f20 value=0x00000000 count=7
R350_PROBE write reg=0x4f24 value=0x00000000 count=7
R350_PROBE write reg=0x4f60 value=0x00000000 count=7
R350_PROBE write reg=0x4f10 value=0x00000000 count=7
R350_PROBE write reg=0x4f28 value=0x00000000 count=7
R350_PROBE write reg=0x4f30 value=0x00000000 count=7
R350_PROBE write reg=0x4f34 value=0x00000000 count=7
R350_PROBE write reg=0x4f44 value=0x00000000 count=7
R350_PROBE write reg=0x4f54 value=0x00000000 count=7
R350_PROBE write reg=0x20c8 value=0x00000000 count=3
R350_PROBE write reg=0x20cc value=0x00000000 count=3
R350_PROBE write reg=0x20d4 value=0x00000000 count=3
R350_PROBE write reg=0x20d8 value=0x00000000 count=3
R350_PROBE write reg=0x20e0 value=0x00000000 count=3
R350_PROBE write reg=0x20e4 value=0x00000000 count=3
R350_PROBE write reg=0x20ec value=0x00000000 count=3
R350_PROBE write reg=0x20f0 value=0x00000000 count=3
R350_PROBE write reg=0x20f8 value=0x00000000 count=3
R350_PROBE write reg=0x20fc value=0x00000000 count=3
R350_PROBE write reg=0x2104 value=0x00000000 count=3
R350_PROBE write reg=0x2108 value=0x00000000 count=3
R350_PROBE write reg=0x2110 value=0x00000000 count=3
R350_PROBE write reg=0x2114 value=0x00000000 count=3
R350_PROBE write reg=0x211c value=0x00000000 count=3
R350_PROBE write reg=0x2120 value=0x00000000 count=3
R350_PROBE write reg=0x4bc8 value=0x00000000 count=7
R350_PROBE write reg=0x4bcc value=0x00000000 count=7
R350_PROBE write reg=0x4bd0 value=0x00000000 count=7
R350_PROBE write reg=0x4294 value=0x00000000 count=7
R350_PROBE write reg=0x4298 value=0x00000000 count=7
R350_PROBE write reg=0x4e08 value=0x00000000 count=8
R350_PROBE write reg=0x4e10 value=0x00000000 count=8
R350_PROBE write reg=0x4f08 value=0x00ffff00 count=4
R350_PROBE write reg=0x4230 value=0x01800006 count=7
R350_PROBE write reg=0x4234 value=0x00020006 count=8
R350_PROBE write reg=0x4238 value=0x00000000 count=8
R350_PROBE write reg=0x4268 value=0x3f800000 count=8
R350_PROBE write reg=0x42c4 value=0x00000000 count=8
R350_PROBE write reg=0x42c0 value=0x4b7fffff count=8
R350_PROBE write reg=0x4e2c value=0x00000000 count=8
R350_PROBE write reg=0x4e30 value=0x00000000 count=8
R350_PROBE write reg=0x4e34 value=0x00000000 count=8
R350_PROBE write reg=0x4e3c value=0x00000000 count=8
R350_PROBE write reg=0x4e40 value=0x00000000 count=8
R350_PROBE write reg=0x4e44 value=0x00000000 count=8
R350_PROBE write reg=0x4e54 value=0x00000001 count=8
R350_PROBE write reg=0x4e64 value=0x000006c0 count=8
R350_PROBE write reg=0x4f20 value=0x00000000 count=8
R350_PROBE write reg=0x4f24 value=0x00000000 count=8
R350_PROBE write reg=0x4f60 value=0x00000000 count=8
R350_PROBE write reg=0x4f10 value=0x00000000 count=8
R350_PROBE write reg=0x4f28 value=0x00000000 count=8
R350_PROBE write reg=0x4f30 value=0x00000000 count=8
R350_PROBE write reg=0x4f34 value=0x00000000 count=8
R350_PROBE write reg=0x4f44 value=0x00000000 count=8
R350_PROBE write reg=0x4f54 value=0x00000000 count=8
R350_PROBE write reg=0x20b4 value=0x0000000c count=16
R350_PROBE write reg=0x4e28 value=0x006f6000 count=16
R350_PROBE write reg=0x4e38 value=0x2ed146c0 count=16
R350_PROBE write reg=0x4e00 value=0x00000000 count=16
R350_PROBE write reg=0x4f1c value=0x00000000 count=16
R350_PROBE write reg=0x43a4 value=0x00000000 count=16
R350_PROBE write reg=0x43d0 value=0x0000aaaa count=16
R350_PROBE write reg=0x16ec value=0x00000000 count=16
R350_PROBE write reg=0x16f0 value=0x041a0690 count=16
R350_PROBE write reg=0x2154 value=0x00002203 count=3
R350_PROBE write reg=0x21e4 value=0x0000f688 count=3
R350_PROBE write reg=0x0714 value=0x000001e0 count=512
R350_PROBE write reg=0x2284 value=0x00000000 count=64
R350_PROBE write reg=0x2200 value=0x00000280 count=64
R350_PROBE write reg=0x4c00 value=0x003f0000 count=64
R350_PROBE write reg=0x4c04 value=0x003f0000 count=64
R350_PROBE write reg=0x4c08 value=0x003f0000 count=64
R350_PROBE write reg=0x4c0c value=0x003f0000 count=64
R350_PROBE write reg=0x4104 value=0x00000001 count=64
R350_PROBE write reg=0x0738 value=0x1000c020 count=1024
R350_PROBE write reg=0x073c value=0x00000008 count=1024
R350_PROBE write reg=0x2208 value=0x00000000 count=2048
R350_PROBE unsupported_3d_draw count=64; R200 renderer deliberately not used
R350_PROBE write reg=0x4400 value=0x00000a12 count=64
R350_PROBE write reg=0x4440 value=0x00001fe8 count=64
R350_PROBE write reg=0x4480 value=0x8007f8ff count=64
R350_PROBE write reg=0x44c0 value=0x0000aa0c count=64
R350_PROBE write reg=0x4500 value=0x000000ff count=64
R350_PROBE write reg=0x4540 value=0x0116c000 count=64
R350_PROBE write reg=0x45c0 value=0x00000000 count=64
R350_PROBE write reg=0x4580 value=0x00000000 count=64
R350_PROBE write reg=0x4100 value=0x00000000 count=128
R350_PROBE write reg=0x4600 value=0x00000000 count=16
R350_PROBE write reg=0x4604 value=0x00000000 count=16
R350_PROBE write reg=0x461c value=0x00400000 count=16
R350_PROBE write reg=0x0218 value=0x4000041a count=3
R350_PROBE write reg=0x2090 value=0x00000001 count=16
R350_PROBE write reg=0x4620 value=0x00008000 count=6
R350_PROBE write reg=0x4300 value=0x00000002 count=16
R350_PROBE write reg=0x4304 value=0x00000000 count=16
R350_PROBE write reg=0x4330 value=0x00000008 count=16
R350_PROBE write reg=0x4310 value=0x01610000 count=16
R350_PROBE write reg=0x4e18 value=0x00000000 count=6
R350_PROBE write reg=0x4290 value=0x00000000 count=4
R350_PROBE write reg=0x42b4 value=0x00000000 count=4
R350_PROBE write reg=0x42b8 value=0x00000000 count=16
R350_PROBE write reg=0x428c value=0x00000001 count=4
R350_PROBE write reg=0x4214 value=0x00050005 count=4
R350_PROBE write reg=0x4260 value=0x00000000 count=4
R350_PROBE write reg=0x4264 value=0x00000000 count=4
R350_PROBE write reg=0x4e88 value=0x00000000 count=4
R350_PROBE write reg=0x4274 value=0x00000002 count=4
R350_PROBE write reg=0x42a0 value=0x00000000 count=4
R350_PROBE write reg=0x46a4 value=0x00001b00 count=16
R350_PROBE write reg=0x46a8 value=0x0000000f count=16
R350_PROBE write reg=0x46ac value=0x0000000f count=16
R350_PROBE write reg=0x46b0 value=0x0000000f count=16
R350_PROBE write reg=0x4294 value=0x00000000 count=8
R350_PROBE write reg=0x4298 value=0x00000000 count=8
R350_PROBE write reg=0x4278 value=0x0003aaaa count=16
R350_PROBE write reg=0x20b0 value=0x0000043f count=16
R350_PROBE write reg=0x2288 value=0x0000ffff count=4
R350_PROBE write reg=0x21dc value=0xaaaaaaaa count=4
R350_PROBE write reg=0x2134 value=0x00ffffff count=4
R350_PROBE write reg=0x2138 value=0x00000000 count=4
R350_PROBE write reg=0x1d98 value=0x44520000 count=8
R350_PROBE write reg=0x1d9c value=0x44520000 count=8
R350_PROBE write reg=0x1da0 value=0xc4034000 count=8
R350_PROBE write reg=0x1da4 value=0x44034000 count=8
R350_PROBE write reg=0x1da8 value=0x3f000000 count=8
R350_PROBE write reg=0x1dac value=0x3f000000 count=8
R350_PROBE write reg=0x2220 value=0x3f800000 count=8
R350_PROBE write reg=0x2224 value=0x3f800000 count=8
R350_PROBE write reg=0x2228 value=0x3f800000 count=8
R350_PROBE write reg=0x222c value=0x3f800000 count=8
R350_PROBE write reg=0x4230 value=0x01800006 count=8
R350_PROBE write reg=0x4e18 value=0x00000000 count=7
R350_PROBE write reg=0x4e0c value=0x0000000f count=16
R350_PROBE write reg=0x4bd8 value=0x00000000 count=4
R350_PROBE write reg=0x4bc8 value=0x00000000 count=8
R350_PROBE write reg=0x4bcc value=0x00000000 count=8
R350_PROBE write reg=0x4bd0 value=0x00000000 count=8
R350_PROBE write reg=0x427c value=0x00000000 count=4
R350_PROBE write reg=0x4280 value=0x00000000 count=4
R350_PROBE write reg=0x4e04 value=0x20220000 count=16
R350_PROBE write reg=0x4f00 value=0x00000010 count=16
R350_PROBE write reg=0x4f04 value=0x00000000 count=16
R350_PROBE write reg=0x4c10 value=0x00000000 count=4
R350_PROBE write reg=0x4c14 value=0x00000000 count=4
R350_PROBE write reg=0x4c18 value=0x00000000 count=4
R350_PROBE write reg=0x4c1c value=0x00000000 count=4
R350_PROBE write reg=0x4c20 value=0x00000000 count=4
R350_PROBE write reg=0x4c24 value=0x00000000 count=4
R350_PROBE write reg=0x4c28 value=0x00000000 count=4
R350_PROBE write reg=0x4c2c value=0x00000000 count=4
R350_PROBE write reg=0x4c30 value=0x00000000 count=4
R350_PROBE write reg=0x4c34 value=0x00000000 count=4
R350_PROBE write reg=0x4c38 value=0x00000000 count=4
R350_PROBE write reg=0x4c3c value=0x00000000 count=4
R350_PROBE write reg=0x4c40 value=0x00000000 count=4
R350_PROBE write reg=0x4c44 value=0x00000000 count=4
R350_PROBE write reg=0x4c48 value=0x00000000 count=4
R350_PROBE write reg=0x4c4c value=0x00000000 count=4
R350_PROBE write reg=0x4c50 value=0x00000000 count=4
R350_PROBE write reg=0x4c54 value=0x00000000 count=4
R350_PROBE write reg=0x4c58 value=0x00000000 count=4
R350_PROBE write reg=0x4c5c value=0x00000000 count=4
R350_PROBE write reg=0x4c60 value=0x00000000 count=4
R350_PROBE write reg=0x4c64 value=0x00000000 count=4
R350_PROBE write reg=0x4c68 value=0x00000000 count=4
R350_PROBE write reg=0x4c6c value=0x00000000 count=4
R350_PROBE write reg=0x4c70 value=0x00000000 count=4
R350_PROBE write reg=0x4c74 value=0x00000000 count=4
R350_PROBE write reg=0x4c78 value=0x00000000 count=4
R350_PROBE write reg=0x4c7c value=0x00000000 count=4
R350_PROBE write reg=0x48c4 value=0x00050a80 count=4
R350_PROBE write reg=0x48c8 value=0x40050200 count=4
R350_PROBE write reg=0x48cc value=0x00050a80 count=4
R350_PROBE write reg=0x48d0 value=0x40050200 count=3
R350_PROBE write reg=0x46c4 value=0x1c020800 count=4
R350_PROBE write reg=0x46c8 value=0x1c020040 count=4
R350_PROBE write reg=0x46cc value=0x1c020800 count=4
R350_PROBE write reg=0x46d0 value=0x1c020040 count=3
R350_PROBE write reg=0x49c4 value=0x00040889 count=4
R350_PROBE write reg=0x49c8 value=0x40040509 count=4
R350_PROBE write reg=0x49cc value=0x00040889 count=4
R350_PROBE write reg=0x49d0 value=0x40040509 count=3
R350_PROBE write reg=0x47c4 value=0x01020800 count=4
R350_PROBE write reg=0x47c8 value=0x01020800 count=4
R350_PROBE write reg=0x47cc value=0x01020800 count=4
R350_PROBE write reg=0x47d0 value=0x01020800 count=3
R350_PROBE write reg=0x4620 value=0x00018041 count=7
R350_PROBE write reg=0x4624 value=0x00018041 count=3
R350_PROBE write reg=0x2080 value=0x0030045a count=7
R350_PROBE write reg=0x20c8 value=0x00000000 count=4
R350_PROBE write reg=0x20cc value=0x00000000 count=4
R350_PROBE write reg=0x20d4 value=0x00000000 count=4
R350_PROBE write reg=0x20d8 value=0x00000000 count=4
R350_PROBE write reg=0x20e0 value=0x00000000 count=4
R350_PROBE write reg=0x20e4 value=0x00000000 count=4
R350_PROBE write reg=0x20ec value=0x00000000 count=4
R350_PROBE write reg=0x20f0 value=0x00000000 count=4
R350_PROBE write reg=0x20f8 value=0x00000000 count=4
R350_PROBE write reg=0x20fc value=0x00000000 count=4
R350_PROBE write reg=0x2104 value=0x00000000 count=4
R350_PROBE write reg=0x2108 value=0x00000000 count=4
R350_PROBE write reg=0x2110 value=0x00000000 count=4
R350_PROBE write reg=0x2114 value=0x00000000 count=4
R350_PROBE write reg=0x211c value=0x00000000 count=4
R350_PROBE write reg=0x2120 value=0x00000000 count=4
R350_PROBE write reg=0x2180 value=0x00000000 count=16
R350_PROBE write reg=0x4f08 value=0x00ffff00 count=5
R350_PROBE write reg=0x4e50 value=0x00000005 count=16
R350_PROBE write reg=0x342c value=0x00000005 count=64
R350_PROBE write reg=0x4e14 value=0x00000000 count=16
R350_PROBE write reg=0x2154 value=0x00002203 count=4
R350_PROBE write reg=0x21e4 value=0x0000f688 count=4
R350_PROBE write reg=0x142c value=0x5b001bd8 count=64
R350_PROBE write reg=0x15e0 value=0x0000007c count=128
R350_PROBE write reg=0x15d4 value=0x00000002 count=64
R350_PROBE write reg=0x146c value=0x42cc36f3 count=64
R350_PROBE write reg=0x15ac value=0x1053a800 count=64
R350_PROBE write reg=0x15b0 value=0x00001c00 count=64
R350_PROBE write reg=0x1404 value=0x0162c000 count=64
R350_PROBE write reg=0x1408 value=0x00000400 count=64
R350_PROBE write reg=0x1704 value=0x00000000 count=64
R350_PROBE write reg=0x1700 value=0x00000000 count=64
R350_PROBE write reg=0x1434 value=0x00000000 count=64
R350_PROBE write reg=0x1438 value=0x00000000 count=64
R350_PROBE write reg=0x143c value=0x01000100 count=64
R350_PROBE write reg=0x4e4c value=0x00000000 count=256
R350_PROBE write reg=0x2284 value=0x00000000 count=128
R350_PROBE write reg=0x2200 value=0x00000280 count=128
R350_PROBE write reg=0x1720 value=0x00010000 count=256
R350_PROBE write reg=0x0218 value=0x4000041a count=4
R350_PROBE write reg=0x4008 value=0x00010001 count=16
R350_PROBE write reg=0x4bc0 value=0x00000000 count=16
R350_PROBE write reg=0x4620 value=0x00008000 count=8
R350_PROBE write reg=0x4e18 value=0x00000000 count=8
R350_PROBE read reg=0x0210 value=0x02400000 count=64
R350_PROBE write reg=0x4290 value=0x00000000 count=5
R350_PROBE write reg=0x42b4 value=0x00000000 count=5
R350_PROBE write reg=0x428c value=0x00000001 count=5
R350_PROBE write reg=0x4214 value=0x00050005 count=5
R350_PROBE write reg=0x4260 value=0x00000000 count=5
R350_PROBE write reg=0x4264 value=0x00000000 count=5
R350_PROBE write reg=0x4e88 value=0x00000000 count=5
R350_PROBE write reg=0x4274 value=0x00000002 count=5
R350_PROBE write reg=0x42a0 value=0x00000000 count=5
R350_PROBE write reg=0x2288 value=0x0000ffff count=5
R350_PROBE write reg=0x21dc value=0xaaaaaaaa count=5
R350_PROBE write reg=0x2134 value=0x00ffffff count=5
R350_PROBE write reg=0x2138 value=0x00000000 count=5
R350_PROBE write reg=0x43e0 value=0x00b405a0 count=16
R350_PROBE write reg=0x43e4 value=0x01372c2f count=16
R350_PROBE write reg=0x4bd8 value=0x00000000 count=5
R350_PROBE write reg=0x427c value=0x00000000 count=5
R350_PROBE write reg=0x4280 value=0x00000000 count=5
R350_PROBE write reg=0x4c10 value=0x00000000 count=5
R350_PROBE write reg=0x4c14 value=0x00000000 count=5
R350_PROBE write reg=0x4c18 value=0x00000000 count=5
R350_PROBE write reg=0x4c1c value=0x00000000 count=5
R350_PROBE write reg=0x4c20 value=0x00000000 count=5
R350_PROBE write reg=0x4c24 value=0x00000000 count=5
R350_PROBE write reg=0x4c28 value=0x00000000 count=5
R350_PROBE write reg=0x4c2c value=0x00000000 count=5
R350_PROBE write reg=0x4c30 value=0x00000000 count=5
R350_PROBE write reg=0x4c34 value=0x00000000 count=5
R350_PROBE write reg=0x4c38 value=0x00000000 count=5
R350_PROBE write reg=0x4c3c value=0x00000000 count=5
R350_PROBE write reg=0x4c40 value=0x00000000 count=5
R350_PROBE write reg=0x4c44 value=0x00000000 count=5
R350_PROBE write reg=0x4c48 value=0x00000000 count=5
R350_PROBE write reg=0x4c4c value=0x00000000 count=5
R350_PROBE write reg=0x4c50 value=0x00000000 count=5
R350_PROBE write reg=0x4c54 value=0x00000000 count=5
R350_PROBE write reg=0x4c58 value=0x00000000 count=5
R350_PROBE write reg=0x4c5c value=0x00000000 count=5
R350_PROBE write reg=0x4c60 value=0x00000000 count=5
R350_PROBE write reg=0x4c64 value=0x00000000 count=5
R350_PROBE write reg=0x4c68 value=0x00000000 count=5
R350_PROBE write reg=0x4c6c value=0x00000000 count=5
R350_PROBE write reg=0x4c70 value=0x00000000 count=5
R350_PROBE write reg=0x4c74 value=0x00000000 count=5
R350_PROBE write reg=0x4c78 value=0x00000000 count=5
R350_PROBE write reg=0x4c7c value=0x00000000 count=5
R350_PROBE write reg=0x48c4 value=0x00050a80 count=5
R350_PROBE write reg=0x48c8 value=0x40050200 count=5
R350_PROBE write reg=0x48cc value=0x00050a80 count=5
R350_PROBE write reg=0x48d0 value=0x40050200 count=4
R350_PROBE write reg=0x46c4 value=0x1c020800 count=5
R350_PROBE write reg=0x46c8 value=0x1c020040 count=5
R350_PROBE write reg=0x46cc value=0x1c020800 count=5
R350_PROBE write reg=0x46d0 value=0x1c020040 count=4
R350_PROBE write reg=0x49c4 value=0x00040889 count=5
R350_PROBE write reg=0x49c8 value=0x40040509 count=5
R350_PROBE write reg=0x49cc value=0x00040889 count=5
R350_PROBE write reg=0x49d0 value=0x40040509 count=4
R350_PROBE write reg=0x47c4 value=0x01020800 count=5
R350_PROBE write reg=0x47c8 value=0x01020800 count=5
R350_PROBE write reg=0x47cc value=0x01020800 count=5
R350_PROBE write reg=0x47d0 value=0x01020800 count=4
R350_PROBE write reg=0x4624 value=0x00018041 count=4
R350_PROBE write reg=0x2080 value=0x0030045a count=8
R350_PROBE write reg=0x20c8 value=0x00000000 count=5
R350_PROBE write reg=0x20cc value=0x00000000 count=5
R350_PROBE write reg=0x20d4 value=0x00000000 count=5
R350_PROBE write reg=0x20d8 value=0x00000000 count=5
R350_PROBE write reg=0x20e0 value=0x00000000 count=5
R350_PROBE write reg=0x20e4 value=0x00000000 count=5
R350_PROBE write reg=0x20ec value=0x00000000 count=5
R350_PROBE write reg=0x20f0 value=0x00000000 count=5
R350_PROBE write reg=0x20f8 value=0x00000000 count=5
R350_PROBE write reg=0x20fc value=0x00000000 count=5
R350_PROBE write reg=0x2104 value=0x00000000 count=5
R350_PROBE write reg=0x2108 value=0x00000000 count=5
R350_PROBE write reg=0x2110 value=0x00000000 count=5
R350_PROBE write reg=0x2114 value=0x00000000 count=5
R350_PROBE write reg=0x211c value=0x00000000 count=5
R350_PROBE write reg=0x2120 value=0x00000000 count=5
R350_PROBE write reg=0x401c value=0x00000000 count=16
R350_PROBE write reg=0x4f08 value=0x00ffff00 count=6
R350_PROBE write reg=0x421c value=0x00060006 count=16
R350_PROBE write reg=0x4200 value=0x00000000 count=16
R350_PROBE write reg=0x4204 value=0x00000000 count=16
R350_PROBE write reg=0x4208 value=0x3f800000 count=16
R350_PROBE write reg=0x420c value=0x3f800000 count=16
R350_PROBE write reg=0x4010 value=0x66666666 count=32
R350_PROBE write reg=0x4014 value=0x06666666 count=32
R350_PROBE write reg=0x4f18 value=0x00000003 count=32
R350_PROBE write reg=0x43b0 value=0x00b405a0 count=16
R350_PROBE write reg=0x43b4 value=0x01348c30 count=16
R350_PROBE write reg=0x221c value=0x00000000 count=32
R350_PROBE write reg=0x46b4 value=0x00000001 count=16
R350_PROBE write reg=0x4610 value=0x00000000 count=16
R350_PROBE write reg=0x4614 value=0x00000000 count=16
R350_PROBE write reg=0x4618 value=0x00000000 count=16
R350_PROBE write reg=0x4c00 value=0x003f0000 count=128
R350_PROBE write reg=0x4c04 value=0x003f0000 count=128
R350_PROBE write reg=0x4c08 value=0x003f0000 count=128
R350_PROBE write reg=0x4c0c value=0x003f0000 count=128
R350_PROBE write reg=0x2150 value=0x01030003 count=16
R350_PROBE write reg=0x2154 value=0x00002203 count=5
R350_PROBE write reg=0x21e0 value=0xf688f688 count=16
R350_PROBE write reg=0x21e4 value=0x0000f688 count=5
R350_PROBE write reg=0x4104 value=0x00000001 count=128
R350_PROBE write reg=0x2208 value=0x00000000 count=4096
R350_PROBE unsupported_3d_draw count=128; R200 renderer deliberately not used
R350_PROBE write reg=0x4400 value=0x00000a12 count=128
R350_PROBE write reg=0x4440 value=0x00001fe8 count=128
R350_PROBE write reg=0x4480 value=0x8007f8ff count=128
R350_PROBE write reg=0x44c0 value=0x0000aa0c count=128
R350_PROBE write reg=0x4500 value=0x000000ff count=128
R350_PROBE write reg=0x4540 value=0x00f6c000 count=128
R350_PROBE write reg=0x45c0 value=0x00000000 count=128
R350_PROBE write reg=0x4580 value=0x00000000 count=128
R350_PROBE write reg=0x48d4 value=0x00050a80 count=1
R350_PROBE write reg=0x46d4 value=0x1c020800 count=1
R350_PROBE write reg=0x49d4 value=0x00040889 count=1
R350_PROBE write reg=0x47d4 value=0x01020800 count=1
R350_PROBE write reg=0x4e08 value=0x00000000 count=16
R350_PROBE write reg=0x4e10 value=0x00000000 count=16
R350_PROBE write reg=0x4f14 value=0x00000000 count=16
R350_PROBE write reg=0x4020 value=0x00000000 count=32
R350_PROBE write reg=0x2184 value=0x00000005 count=16
R350_PROBE write reg=0x4314 value=0x00d10040 count=16
R350_PROBE write reg=0x4318 value=0x00d10080 count=16
R350_PROBE write reg=0x431c value=0x00d100c0 count=16
R350_PROBE write reg=0x4320 value=0x00d10000 count=16
R350_PROBE write reg=0x4324 value=0x00d10000 count=16
R350_PROBE write reg=0x4328 value=0x00d10000 count=16
R350_PROBE write reg=0x432c value=0x00d10000 count=16
R350_PROBE write reg=0x22d0 value=0x08420c80 count=16
R350_PROBE write reg=0x22d4 value=0x00040080 count=16
R350_PROBE write reg=0x22d8 value=0x00000084 count=16
R350_PROBE write reg=0x22dc value=0x00000000 count=16
R350_PROBE write reg=0x0218 value=0x4000041a count=5
R350_PROBE write reg=0x15d0 value=0x00000000 count=3
R350_PROBE write reg=0x1414 value=0x00000000 count=1
R350_PROBE write reg=0x141c value=0x00000000 count=1
R350_PROBE write reg=0x1410 value=0x00000038 count=1
R350_PROBE write reg=0x1418 value=0x00000000 count=1
R350_PROBE write reg=0x1420 value=0x00000000 count=1
R350_PROBE write reg=0x140c value=0x00000400 count=1
R350_PROBE write reg=0x4290 value=0x00000000 count=6
R350_PROBE write reg=0x42b4 value=0x00000000 count=6
R350_PROBE write reg=0x428c value=0x00000001 count=6
R350_PROBE write reg=0x4234 value=0x00020006 count=16
R350_PROBE write reg=0x4214 value=0x00050005 count=6
R350_PROBE write reg=0x4238 value=0x00000000 count=16
R350_PROBE write reg=0x4260 value=0x00000000 count=6
R350_PROBE write reg=0x4264 value=0x00000000 count=6
R350_PROBE write reg=0x4268 value=0x3f800000 count=16
R350_PROBE write reg=0x43e8 value=0x00ffffff count=32
R350_PROBE write reg=0x4e88 value=0x00000000 count=6
R350_PROBE write reg=0x4274 value=0x00000002 count=6
R350_PROBE write reg=0x42a0 value=0x00000000 count=6
R350_PROBE write reg=0x2288 value=0x0000ffff count=6
R350_PROBE write reg=0x21dc value=0xaaaaaaaa count=6
R350_PROBE write reg=0x2134 value=0x00ffffff count=6
R350_PROBE write reg=0x2138 value=0x00000000 count=6
R350_PROBE write reg=0x4bd4 value=0x00000c00 count=32
R350_PROBE write reg=0x4bd8 value=0x00000000 count=6
R350_PROBE write reg=0x427c value=0x00000000 count=6
R350_PROBE write reg=0x4280 value=0x00000000 count=6
R350_PROBE write reg=0x42c0 value=0x4b7fffff count=16
R350_PROBE write reg=0x42c4 value=0x00000000 count=16
R350_PROBE write reg=0x4c10 value=0x00000000 count=6
R350_PROBE write reg=0x4c14 value=0x00000000 count=6
R350_PROBE write reg=0x4c18 value=0x00000000 count=6
R350_PROBE write reg=0x4c1c value=0x00000000 count=6
R350_PROBE write reg=0x4c20 value=0x00000000 count=6
R350_PROBE write reg=0x4c24 value=0x00000000 count=6
R350_PROBE write reg=0x4c28 value=0x00000000 count=6
R350_PROBE write reg=0x4c2c value=0x00000000 count=6
R350_PROBE write reg=0x4c30 value=0x00000000 count=6
R350_PROBE write reg=0x4c34 value=0x00000000 count=6
R350_PROBE write reg=0x4c38 value=0x00000000 count=6
R350_PROBE write reg=0x4c3c value=0x00000000 count=6
R350_PROBE write reg=0x4c40 value=0x00000000 count=6
R350_PROBE write reg=0x4c44 value=0x00000000 count=6
R350_PROBE write reg=0x4c48 value=0x00000000 count=6
R350_PROBE write reg=0x4c4c value=0x00000000 count=6
R350_PROBE write reg=0x4c50 value=0x00000000 count=6
R350_PROBE write reg=0x4c54 value=0x00000000 count=6
R350_PROBE write reg=0x4c58 value=0x00000000 count=6
R350_PROBE write reg=0x4c5c value=0x00000000 count=6
R350_PROBE write reg=0x4c60 value=0x00000000 count=6
R350_PROBE write reg=0x4c64 value=0x00000000 count=6
R350_PROBE write reg=0x4c68 value=0x00000000 count=6
R350_PROBE write reg=0x4c6c value=0x00000000 count=6
R350_PROBE write reg=0x4c70 value=0x00000000 count=6
R350_PROBE write reg=0x4c74 value=0x00000000 count=6
R350_PROBE write reg=0x4c78 value=0x00000000 count=6
R350_PROBE write reg=0x4c7c value=0x00000000 count=6
R350_PROBE write reg=0x4608 value=0x00004005 count=32
R350_PROBE write reg=0x48c4 value=0x00050a80 count=6
R350_PROBE write reg=0x48c8 value=0x40050200 count=6
R350_PROBE write reg=0x48cc value=0x00050a80 count=6
R350_PROBE write reg=0x48d0 value=0x40050200 count=5
R350_PROBE write reg=0x48d4 value=0x00050a80 count=2
R350_PROBE write reg=0x46c4 value=0x1c020800 count=6
R350_PROBE write reg=0x46c8 value=0x1c020040 count=6
R350_PROBE write reg=0x46cc value=0x1c020800 count=6
R350_PROBE write reg=0x46d0 value=0x1c020040 count=5
R350_PROBE write reg=0x46d4 value=0x1c020800 count=2
R350_PROBE write reg=0x49c4 value=0x00040889 count=6
R350_PROBE write reg=0x49c8 value=0x40040509 count=6
R350_PROBE write reg=0x49cc value=0x00040889 count=6
R350_PROBE write reg=0x49d0 value=0x40040509 count=5
R350_PROBE write reg=0x49d4 value=0x00040889 count=2
R350_PROBE write reg=0x47c4 value=0x01020800 count=6
R350_PROBE write reg=0x47c8 value=0x01020800 count=6
R350_PROBE write reg=0x47cc value=0x01020800 count=6
R350_PROBE write reg=0x47d0 value=0x01020800 count=5
R350_PROBE write reg=0x47d4 value=0x01020800 count=2
R350_PROBE write reg=0x4624 value=0x00018041 count=5
R350_PROBE write reg=0x4e2c value=0x00000000 count=16
R350_PROBE write reg=0x4e30 value=0x00000000 count=16
R350_PROBE write reg=0x4e34 value=0x00000000 count=16
R350_PROBE write reg=0x4e3c value=0x00000000 count=16
R350_PROBE write reg=0x4e40 value=0x00000000 count=16
R350_PROBE write reg=0x4e44 value=0x00000000 count=16
R350_PROBE write reg=0x4e54 value=0x00000001 count=16
R350_PROBE write reg=0x4e64 value=0x00000400 count=16
R350_PROBE write reg=0x4f20 value=0x00000000 count=16
R350_PROBE write reg=0x4f24 value=0x00000000 count=16
R350_PROBE write reg=0x4f60 value=0x00000000 count=16
R350_PROBE write reg=0x4f10 value=0x00000000 count=16
R350_PROBE write reg=0x4f28 value=0x00000000 count=16
R350_PROBE write reg=0x4f30 value=0x00000000 count=16
R350_PROBE write reg=0x4f34 value=0x00000000 count=16
R350_PROBE write reg=0x4f44 value=0x00000000 count=16
R350_PROBE write reg=0x4f54 value=0x00000000 count=16
R350_PROBE write reg=0x20c8 value=0x00000000 count=6
R350_PROBE write reg=0x20cc value=0x00000000 count=6
R350_PROBE write reg=0x20d4 value=0x00000000 count=6
R350_PROBE write reg=0x20d8 value=0x00000000 count=6
R350_PROBE write reg=0x20e0 value=0x00000000 count=6
R350_PROBE write reg=0x20e4 value=0x00000000 count=6
R350_PROBE write reg=0x20ec value=0x00000000 count=6
R350_PROBE write reg=0x20f0 value=0x00000000 count=6
R350_PROBE write reg=0x20f8 value=0x00000000 count=6
R350_PROBE write reg=0x20fc value=0x00000000 count=6
R350_PROBE write reg=0x2104 value=0x00000000 count=6
R350_PROBE write reg=0x2108 value=0x00000000 count=6
R350_PROBE write reg=0x2110 value=0x00000000 count=6
R350_PROBE write reg=0x2114 value=0x00000000 count=6
R350_PROBE write reg=0x211c value=0x00000000 count=6
R350_PROBE write reg=0x2120 value=0x00000000 count=6
R350_PROBE write reg=0x4f08 value=0x00ffff00 count=7
R350_PROBE write reg=0x2094 value=0x00000000 count=32
R350_PROBE write reg=0x48d8 value=0x40050200 count=1
R350_PROBE write reg=0x46d8 value=0x1c020040 count=1
R350_PROBE write reg=0x49d8 value=0x40040509 count=1
R350_PROBE write reg=0x47d8 value=0x01020800 count=1
R350_PROBE write reg=0x4628 value=0x00018041 count=1
R350_PROBE write reg=0x2154 value=0x00002203 count=6
R350_PROBE write reg=0x21e4 value=0x0000f688 count=6
R350_PROBE write reg=0x20b4 value=0x0000000c count=32
R350_PROBE write reg=0x48dc value=0x00050a80 count=1
R350_PROBE write reg=0x46dc value=0x1c020800 count=1
R350_PROBE write reg=0x49dc value=0x00040889 count=1
R350_PROBE write reg=0x47dc value=0x01020800 count=1
R350_PROBE write reg=0x4290 value=0x00000000 count=7
R350_PROBE write reg=0x42b4 value=0x00000000 count=7
R350_PROBE write reg=0x428c value=0x00000001 count=7
R350_PROBE write reg=0x4214 value=0x00050005 count=7
R350_PROBE write reg=0x4260 value=0x00000000 count=7
R350_PROBE write reg=0x4264 value=0x00000000 count=7
R350_PROBE write reg=0x4e88 value=0x00000000 count=7
R350_PROBE write reg=0x4274 value=0x00000002 count=7
R350_PROBE write reg=0x42a0 value=0x00000000 count=7
R350_PROBE write reg=0x2288 value=0x0000ffff count=7
R350_PROBE write reg=0x21dc value=0xaaaaaaaa count=7
R350_PROBE write reg=0x2134 value=0x00ffffff count=7
R350_PROBE write reg=0x2138 value=0x00000000 count=7
R350_PROBE write reg=0x4bd8 value=0x00000000 count=7
R350_PROBE write reg=0x427c value=0x00000000 count=7
R350_PROBE write reg=0x4280 value=0x00000000 count=7
R350_PROBE write reg=0x4c10 value=0x00000000 count=7
R350_PROBE write reg=0x4c14 value=0x00000000 count=7
R350_PROBE write reg=0x4c18 value=0x00000000 count=7
R350_PROBE write reg=0x4c1c value=0x00000000 count=7
R350_PROBE write reg=0x4c20 value=0x00000000 count=7
R350_PROBE write reg=0x4c24 value=0x00000000 count=7
R350_PROBE write reg=0x4c28 value=0x00000000 count=7
R350_PROBE write reg=0x4c2c value=0x00000000 count=7
R350_PROBE write reg=0x4c30 value=0x00000000 count=7
R350_PROBE write reg=0x4c34 value=0x00000000 count=7
R350_PROBE write reg=0x4c38 value=0x00000000 count=7
R350_PROBE write reg=0x4c3c value=0x00000000 count=7
R350_PROBE write reg=0x4c40 value=0x00000000 count=7
R350_PROBE write reg=0x4c44 value=0x00000000 count=7
R350_PROBE write reg=0x4c48 value=0x00000000 count=7
R350_PROBE write reg=0x4c4c value=0x00000000 count=7
R350_PROBE write reg=0x4c50 value=0x00000000 count=7
R350_PROBE write reg=0x4c54 value=0x00000000 count=7
R350_PROBE write reg=0x4c58 value=0x00000000 count=7
R350_PROBE write reg=0x4c5c value=0x00000000 count=7
R350_PROBE write reg=0x4c60 value=0x00000000 count=7
R350_PROBE write reg=0x4c64 value=0x00000000 count=7
R350_PROBE write reg=0x4c68 value=0x00000000 count=7
R350_PROBE write reg=0x4c6c value=0x00000000 count=7
R350_PROBE write reg=0x4c70 value=0x00000000 count=7
R350_PROBE write reg=0x4c74 value=0x00000000 count=7
R350_PROBE write reg=0x4c78 value=0x00000000 count=7
R350_PROBE write reg=0x4c7c value=0x00000000 count=7
R350_PROBE write reg=0x48c4 value=0x00050a80 count=7
R350_PROBE write reg=0x48c8 value=0x40050200 count=7
R350_PROBE write reg=0x48cc value=0x00050a80 count=7
R350_PROBE write reg=0x48d0 value=0x40050200 count=6
R350_PROBE write reg=0x48d4 value=0x00050a80 count=3
R350_PROBE write reg=0x48d8 value=0x40050200 count=2
R350_PROBE write reg=0x48dc value=0x00050a80 count=2
R350_PROBE write reg=0x46c4 value=0x1c020800 count=7
R350_PROBE write reg=0x46c8 value=0x1c020040 count=7
R350_PROBE write reg=0x46cc value=0x1c020800 count=7
R350_PROBE write reg=0x46d0 value=0x1c020040 count=6
R350_PROBE write reg=0x46d4 value=0x1c020800 count=3
R350_PROBE write reg=0x46d8 value=0x1c020040 count=2
R350_PROBE write reg=0x46dc value=0x1c020800 count=2
R350_PROBE write reg=0x49c4 value=0x00040889 count=7
R350_PROBE write reg=0x49c8 value=0x40040509 count=7
R350_PROBE write reg=0x49cc value=0x00040889 count=7
R350_PROBE write reg=0x49d0 value=0x40040509 count=6
R350_PROBE write reg=0x49d4 value=0x00040889 count=3
R350_PROBE write reg=0x49d8 value=0x40040509 count=2
R350_PROBE write reg=0x49dc value=0x00040889 count=2
R350_PROBE write reg=0x47c4 value=0x01020800 count=7
R350_PROBE write reg=0x47c8 value=0x01020800 count=7
R350_PROBE write reg=0x47cc value=0x01020800 count=7
R350_PROBE write reg=0x47d0 value=0x01020800 count=6
R350_PROBE write reg=0x47d4 value=0x01020800 count=3
R350_PROBE write reg=0x47d8 value=0x01020800 count=2
R350_PROBE write reg=0x47dc value=0x01020800 count=2
R350_PROBE write reg=0x4624 value=0x00018041 count=6
R350_PROBE write reg=0x4628 value=0x00018041 count=2
R350_PROBE write reg=0x20c8 value=0x00000000 count=7
R350_PROBE write reg=0x20cc value=0x00000000 count=7
R350_PROBE write reg=0x20d4 value=0x00000000 count=7
R350_PROBE write reg=0x20d8 value=0x00000000 count=7
R350_PROBE write reg=0x20e0 value=0x00000000 count=7
R350_PROBE write reg=0x20e4 value=0x00000000 count=7
R350_PROBE write reg=0x20ec value=0x00000000 count=7
R350_PROBE write reg=0x20f0 value=0x00000000 count=7
R350_PROBE write reg=0x20f8 value=0x00000000 count=7
R350_PROBE write reg=0x20fc value=0x00000000 count=7
R350_PROBE write reg=0x2104 value=0x00000000 count=7
R350_PROBE write reg=0x2108 value=0x00000000 count=7
R350_PROBE write reg=0x2110 value=0x00000000 count=7
R350_PROBE write reg=0x2114 value=0x00000000 count=7
R350_PROBE write reg=0x211c value=0x00000000 count=7
R350_PROBE write reg=0x2120 value=0x00000000 count=7
R350_PROBE write reg=0x4f08 value=0x00ffff00 count=8
R350_PROBE write reg=0x1d98 value=0x43ffc000 count=16
R350_PROBE write reg=0x1d9c value=0x43ffc000 count=16
R350_PROBE write reg=0x1da0 value=0xc1d00000 count=16
R350_PROBE write reg=0x1da4 value=0x429c0000 count=16
R350_PROBE write reg=0x1da8 value=0x3f000000 count=16
R350_PROBE write reg=0x1dac value=0x3f000000 count=16
R350_PROBE write reg=0x2220 value=0x3f800000 count=16
R350_PROBE write reg=0x2224 value=0x3f800000 count=16
R350_PROBE write reg=0x2228 value=0x3f800000 count=16
R350_PROBE write reg=0x222c value=0x3f800000 count=16
R350_PROBE write reg=0x4018 value=0x00000017 count=32
R350_PROBE write reg=0x4100 value=0x00000000 count=256
R350_PROBE write reg=0x16ec value=0x00000000 count=32
R350_PROBE write reg=0x16f0 value=0x006803ff count=32
R350_PROBE write reg=0x2154 value=0x00002203 count=7
R350_PROBE write reg=0x21e4 value=0x0000f688 count=7
R350_PROBE write reg=0x48e0 value=0x40050200 count=1
R350_PROBE write reg=0x46e0 value=0x1c020040 count=1
R350_PROBE write reg=0x49e0 value=0x40040509 count=1
R350_PROBE write reg=0x47e0 value=0x01020040 count=1
R350_PROBE write reg=0x462c value=0x00018041 count=1
R350_PROBE write reg=0x4f00 value=0x00000010 count=32
R350_PROBE write reg=0x4f04 value=0x00000000 count=32
R350_PROBE write reg=0x4234 value=0x00020006 count=32
R350_PROBE write reg=0x4238 value=0x00000000 count=32
R350_PROBE write reg=0x4268 value=0x3f800000 count=32
R350_PROBE write reg=0x43e0 value=0x00bcc5af count=32
R350_PROBE write reg=0x43e4 value=0x00bd098f count=32
R350_PROBE write reg=0x4f00 value=0x00000010 count=64
R350_PROBE write reg=0x4f04 value=0x00000000 count=64
R350_PROBE write reg=0x4234 value=0x00020006 count=64
R350_PROBE write reg=0x4238 value=0x00000000 count=64
R350_PROBE write reg=0x4268 value=0x3f800000 count=64
R350_PROBE write reg=0x2284 value=0x00000000 count=256
R350_PROBE write reg=0x2200 value=0x00000280 count=256
R350_PROBE write reg=0x4104 value=0x00000001 count=256
R350_PROBE write reg=0x2208 value=0x00000000 count=8192
R350_PROBE write reg=0x48e4 value=0x00050a80 count=1
R350_PROBE write reg=0x46e4 value=0x1c020800 count=1
R350_PROBE write reg=0x49e4 value=0x00040889 count=1
R350_PROBE write reg=0x47e4 value=0x01020800 count=1
R350_PROBE write reg=0x4e04 value=0x27210006 count=32
R350_PROBE write reg=0x4600 value=0x00000000 count=32
R350_PROBE write reg=0x4604 value=0x00000000 count=32
R350_PROBE write reg=0x461c value=0x00400000 count=32
R350_PROBE write reg=0x0218 value=0x4000041a count=6
R350_PROBE write reg=0x43a8 value=0x2da49525 count=16
R350_PROBE write reg=0x43a4 value=0x00000000 count=32
R350_PROBE write reg=0x4f1c value=0x00000000 count=32
R350_PROBE write reg=0x2140 value=0x00000102 count=16
R350_PROBE write reg=0x4e00 value=0x00000000 count=32
R350_PROBE write reg=0x4288 value=0x00000000 count=16
R350_PROBE write reg=0x48c0 value=0x00050a80 count=16
R350_PROBE write reg=0x46c0 value=0x1c000000 count=16
R350_PROBE write reg=0x47c0 value=0x01000000 count=16
R350_PROBE write reg=0x49c0 value=0x00040889 count=16
R350_PROBE write reg=0x4300 value=0x00000002 count=32
R350_PROBE write reg=0x4304 value=0x00000000 count=32
R350_PROBE write reg=0x4330 value=0x00000008 count=32
R350_PROBE write reg=0x4310 value=0x01610000 count=32
R350_PROBE write reg=0x4e28 value=0x00000000 count=32
R350_PROBE write reg=0x4e38 value=0x00d006c0 count=32
R350_PROBE write reg=0x43d0 value=0x0000ffff count=32
R350_PROBE write reg=0x4200 value=0x3c703c0f count=32
R350_PROBE write reg=0x4204 value=0x3f33b13c count=32
R350_PROBE write reg=0x4208 value=0x3f7c3f10 count=32
R350_PROBE write reg=0x420c value=0x3f2c4ec5 count=32
R350_PROBE write reg=0x421c value=0x17460012 count=32
R350_PROBE unsupported_3d_draw count=256; R200 renderer deliberately not used
R350_PROBE write reg=0x4290 value=0x00000000 count=8
R350_PROBE write reg=0x4e50 value=0x00000005 count=32
R350_PROBE write reg=0x42b4 value=0x00000000 count=8
R350_PROBE write reg=0x428c value=0x00000001 count=8
R350_PROBE write reg=0x4214 value=0x00050005 count=8
R350_PROBE write reg=0x4260 value=0x00000000 count=8
R350_PROBE write reg=0x4264 value=0x00000000 count=8
R350_PROBE write reg=0x4e88 value=0x00000000 count=8
R350_PROBE write reg=0x4274 value=0x00000002 count=8
R350_PROBE write reg=0x42a0 value=0x00000000 count=8
R350_PROBE write reg=0x4294 value=0x00000000 count=16
R350_PROBE write reg=0x4298 value=0x00000000 count=16
R350_PROBE write reg=0x4278 value=0x0003aaaa count=32
R350_PROBE write reg=0x2090 value=0x00000003 count=32
R350_PROBE write reg=0x2288 value=0x0000ffff count=8
R350_PROBE write reg=0x21dc value=0xaaaaaaaa count=8
R350_PROBE write reg=0x2134 value=0x00ffffff count=8
R350_PROBE write reg=0x2138 value=0x00000000 count=8
R350_PROBE write reg=0x4230 value=0x01800006 count=16
R350_PROBE write reg=0x4e0c value=0x0000000f count=32
R350_PROBE write reg=0x4bd8 value=0x00000000 count=8
R350_PROBE write reg=0x4bc8 value=0x00000000 count=16
R350_PROBE write reg=0x4bcc value=0x00000000 count=16
R350_PROBE write reg=0x4bd0 value=0x00000000 count=16
R350_PROBE write reg=0x427c value=0x00000000 count=8
R350_PROBE write reg=0x4280 value=0x00000000 count=8
R350_PROBE write reg=0x4c10 value=0x00000000 count=8
R350_PROBE write reg=0x4c14 value=0x00000000 count=8
R350_PROBE write reg=0x4c18 value=0x00000000 count=8
R350_PROBE write reg=0x4c1c value=0x00000000 count=8
R350_PROBE write reg=0x4c20 value=0x00000000 count=8
R350_PROBE write reg=0x4c24 value=0x00000000 count=8
R350_PROBE write reg=0x4c28 value=0x00000000 count=8
R350_PROBE write reg=0x4c2c value=0x00000000 count=8
R350_PROBE write reg=0x4c30 value=0x00000000 count=8
R350_PROBE write reg=0x4c34 value=0x00000000 count=8
R350_PROBE write reg=0x4c38 value=0x00000000 count=8
R350_PROBE write reg=0x4c3c value=0x00000000 count=8
R350_PROBE write reg=0x4c40 value=0x00000000 count=8
R350_PROBE write reg=0x4c44 value=0x00000000 count=8
R350_PROBE write reg=0x4c48 value=0x00000000 count=8
R350_PROBE write reg=0x4c4c value=0x00000000 count=8
R350_PROBE write reg=0x4c50 value=0x00000000 count=8
R350_PROBE write reg=0x4c54 value=0x00000000 count=8
R350_PROBE write reg=0x4c58 value=0x00000000 count=8
R350_PROBE write reg=0x4c5c value=0x00000000 count=8
R350_PROBE write reg=0x4c60 value=0x00000000 count=8
R350_PROBE write reg=0x4c64 value=0x00000000 count=8
R350_PROBE write reg=0x4c68 value=0x00000000 count=8
R350_PROBE write reg=0x4c6c value=0x00000000 count=8
R350_PROBE write reg=0x4c70 value=0x00000000 count=8
R350_PROBE write reg=0x4c74 value=0x00000000 count=8
R350_PROBE write reg=0x4c78 value=0x00000000 count=8
R350_PROBE write reg=0x4c7c value=0x00000000 count=8
R350_PROBE write reg=0x48c4 value=0x00050a80 count=8
R350_PROBE write reg=0x48c8 value=0x40050200 count=8
R350_PROBE write reg=0x48cc value=0x00050a80 count=8
R350_PROBE write reg=0x48d0 value=0x40050200 count=7
R350_PROBE write reg=0x48d4 value=0x00050a80 count=4
R350_PROBE write reg=0x48d8 value=0x40050200 count=3
R350_PROBE write reg=0x48dc value=0x00050a80 count=3
R350_PROBE write reg=0x48e0 value=0x40050200 count=2
R350_PROBE write reg=0x48e4 value=0x00050a80 count=2
R350_PROBE write reg=0x46c4 value=0x1c020800 count=8
R350_PROBE write reg=0x46c8 value=0x1c020040 count=8
R350_PROBE write reg=0x46cc value=0x1c020800 count=8
R350_PROBE write reg=0x46d0 value=0x1c020040 count=7
R350_PROBE write reg=0x46d4 value=0x1c020800 count=4
R350_PROBE write reg=0x46d8 value=0x1c020040 count=3
R350_PROBE write reg=0x46dc value=0x1c020800 count=3
R350_PROBE write reg=0x46e0 value=0x1c020040 count=2
R350_PROBE write reg=0x46e4 value=0x1c020800 count=2
R350_PROBE write reg=0x49c4 value=0x00040889 count=8
R350_PROBE write reg=0x49c8 value=0x40040509 count=8
R350_PROBE write reg=0x49cc value=0x00040889 count=8
R350_PROBE write reg=0x49d0 value=0x40040509 count=7
R350_PROBE write reg=0x49d4 value=0x00040889 count=4
R350_PROBE write reg=0x49d8 value=0x40040509 count=3
R350_PROBE write reg=0x49dc value=0x00040889 count=3
R350_PROBE write reg=0x49e0 value=0x40040509 count=2
R350_PROBE write reg=0x49e4 value=0x00040889 count=2
R350_PROBE write reg=0x47c4 value=0x01020800 count=8
R350_PROBE write reg=0x47c8 value=0x01020800 count=8
R350_PROBE write reg=0x47cc value=0x01020800 count=8
R350_PROBE write reg=0x47d0 value=0x01020800 count=7
R350_PROBE write reg=0x47d4 value=0x01020800 count=4
R350_PROBE write reg=0x47d8 value=0x01020800 count=3
R350_PROBE write reg=0x47dc value=0x01020800 count=3
R350_PROBE write reg=0x47e0 value=0x01020040 count=2
R350_PROBE write reg=0x47e4 value=0x01020800 count=2
R350_PROBE write reg=0x4624 value=0x00018041 count=7
R350_PROBE write reg=0x4628 value=0x00018041 count=3
R350_PROBE write reg=0x462c value=0x00018041 count=2
R350_PROBE write reg=0x20c8 value=0x00000000 count=8
R350_PROBE write reg=0x20cc value=0x00000000 count=8
R350_PROBE write reg=0x20d4 value=0x00000000 count=8
R350_PROBE write reg=0x20d8 value=0x00000000 count=8
R350_PROBE write reg=0x20e0 value=0x00000000 count=8
R350_PROBE write reg=0x20e4 value=0x00000000 count=8
R350_PROBE write reg=0x20ec value=0x00000000 count=8
R350_PROBE write reg=0x20f0 value=0x00000000 count=8
R350_PROBE write reg=0x20f8 value=0x00000000 count=8
R350_PROBE write reg=0x20fc value=0x00000000 count=8
R350_PROBE write reg=0x2104 value=0x00000000 count=8
R350_PROBE write reg=0x2108 value=0x00000000 count=8
R350_PROBE write reg=0x2110 value=0x00000000 count=8
R350_PROBE write reg=0x2114 value=0x00000000 count=8
R350_PROBE write reg=0x211c value=0x00000000 count=8
R350_PROBE write reg=0x2120 value=0x00000000 count=8
R350_PROBE write reg=0x20b0 value=0x0000043f count=32
R350_PROBE write reg=0x2180 value=0x00000000 count=32
R350_PROBE write reg=0x46a4 value=0x00001b00 count=32
R350_PROBE write reg=0x46a8 value=0x0000000f count=32
R350_PROBE write reg=0x46ac value=0x0000000f count=32
R350_PROBE write reg=0x46b0 value=0x0000000f count=32
R350_PROBE write reg=0x42b8 value=0x00000000 count=32
R350_PROBE write reg=0x48e8 value=0x40050200 count=1
R350_PROBE write reg=0x46e8 value=0x1c020040 count=1
R350_PROBE write reg=0x49e8 value=0x40040509 count=1
R350_PROBE write reg=0x47e8 value=0x01020800 count=1
R350_PROBE write reg=0x4630 value=0x00018041 count=1
R350_PROBE write reg=0x4e14 value=0x00000000 count=32
R350_PROBE write reg=0x2154 value=0x00002203 count=8
R350_PROBE write reg=0x21e4 value=0x0000f688 count=8
R350_PROBE write reg=0x48ec value=0x00050a80 count=1
R350_PROBE write reg=0x46ec value=0x1c020800 count=1
R350_PROBE write reg=0x49ec value=0x00040889 count=1
R350_PROBE write reg=0x47ec value=0x01020800 count=1
R350_PROBE write reg=0x48d0 value=0x40050200 count=8
R350_PROBE write reg=0x48d4 value=0x00050a80 count=5
R350_PROBE write reg=0x48d8 value=0x40050200 count=4
R350_PROBE write reg=0x48dc value=0x00050a80 count=4
R350_PROBE write reg=0x48e0 value=0x40050200 count=3
R350_PROBE write reg=0x48e4 value=0x00050a80 count=3
R350_PROBE write reg=0x48e8 value=0x40050200 count=2
R350_PROBE write reg=0x48ec value=0x00050a80 count=2
R350_PROBE write reg=0x46d0 value=0x1c020040 count=8
R350_PROBE write reg=0x46d4 value=0x1c020800 count=5
R350_PROBE write reg=0x46d8 value=0x1c020040 count=4
R350_PROBE write reg=0x46dc value=0x1c020800 count=4
R350_PROBE write reg=0x46e0 value=0x1c020040 count=3
R350_PROBE write reg=0x46e4 value=0x1c020800 count=3
R350_PROBE write reg=0x46e8 value=0x1c020040 count=2
R350_PROBE write reg=0x46ec value=0x1c020800 count=2
R350_PROBE write reg=0x49d0 value=0x40040509 count=8
R350_PROBE write reg=0x49d4 value=0x00040889 count=5
R350_PROBE write reg=0x49d8 value=0x40040509 count=4
R350_PROBE write reg=0x49dc value=0x00040889 count=4
R350_PROBE write reg=0x49e0 value=0x40040509 count=3
R350_PROBE write reg=0x49e4 value=0x00040889 count=3
R350_PROBE write reg=0x49e8 value=0x40040509 count=2
R350_PROBE write reg=0x49ec value=0x00040889 count=2
R350_PROBE write reg=0x47d0 value=0x01020800 count=8
R350_PROBE write reg=0x47d4 value=0x01020800 count=5
R350_PROBE write reg=0x47d8 value=0x01020800 count=4
R350_PROBE write reg=0x47dc value=0x01020800 count=4
R350_PROBE write reg=0x47e0 value=0x01020040 count=3
R350_PROBE write reg=0x47e4 value=0x01020800 count=3
R350_PROBE write reg=0x47e8 value=0x01020800 count=2
R350_PROBE write reg=0x47ec value=0x01020800 count=2
R350_PROBE write reg=0x4624 value=0x00018041 count=8
R350_PROBE write reg=0x4628 value=0x00018041 count=4
R350_PROBE write reg=0x462c value=0x00018041 count=3
R350_PROBE write reg=0x4630 value=0x00018041 count=2
R350_PROBE write reg=0x48f0 value=0x40050200 count=1
R350_PROBE write reg=0x46f0 value=0x1c020040 count=1
R350_PROBE write reg=0x49f0 value=0x40040509 count=1
R350_PROBE write reg=0x47f0 value=0x01020040 count=1
R350_PROBE write reg=0x4634 value=0x00018041 count=1
R350_PROBE write reg=0x4f00 value=0x00000010 count=128
R350_PROBE write reg=0x4f04 value=0x00000000 count=128
R350_PROBE write reg=0x4234 value=0x00020006 count=128
R350_PROBE write reg=0x4238 value=0x00000000 count=128
R350_PROBE write reg=0x4268 value=0x3f800000 count=128
R350_PROBE write reg=0x43e0 value=0x00bb05af count=64
R350_PROBE write reg=0x43e4 value=0x00bb2991 count=64
R350_PROBE write reg=0x4e4c value=0x00000000 count=512
R350_PROBE write reg=0x48f4 value=0x40050600 count=1
R350_PROBE write reg=0x46f4 value=0x1c020800 count=1
R350_PROBE write reg=0x49f4 value=0x4004058a count=1
R350_PROBE write reg=0x47f4 value=0x01001020 count=1
R350_PROBE write reg=0x4638 value=0x00018041 count=1
R350_PROBE write reg=0x4e08 value=0x27210000 count=32
R350_PROBE write reg=0x4e10 value=0x00000000 count=32
R350_PROBE write reg=0x20c4 value=0x07010704 count=1
R350_PROBE write reg=0x20d0 value=0x00000702 count=1
R350_PROBE write reg=0x20c0 value=0x00000023 count=1
R350_PROBE write reg=0x20c4 value=0x07010704 count=2
R350_PROBE write reg=0x20d0 value=0x00000702 count=2
R350_PROBE write reg=0x20c0 value=0x00000023 count=2
R350_PROBE write reg=0x20c4 value=0x07010704 count=3
R350_PROBE write reg=0x20d0 value=0x00000702 count=3
R350_PROBE write reg=0x20c0 value=0x00000023 count=3
R350_PROBE write reg=0x20c4 value=0x07010704 count=4
R350_PROBE write reg=0x20d0 value=0x00000702 count=4
R350_PROBE write reg=0x20c0 value=0x00000023 count=4
R350_PROBE write reg=0x20c4 value=0x07010704 count=5
R350_PROBE write reg=0x20d0 value=0x00000702 count=5
R350_PROBE write reg=0x20c0 value=0x00000023 count=5
R350_PROBE write reg=0x20c4 value=0x07010704 count=6
R350_PROBE write reg=0x20d0 value=0x00000702 count=6
R350_PROBE write reg=0x20c0 value=0x00000023 count=6
R350_PROBE write reg=0x20c4 value=0x07010704 count=7
R350_PROBE write reg=0x20c8 value=0x1004eb80 count=16
R350_PROBE write reg=0x20cc value=0x1004eb90 count=16
R350_PROBE write reg=0x20d0 value=0x00000702 count=7
R350_PROBE write reg=0x20d4 value=0x1004eb94 count=16
R350_PROBE write reg=0x20d8 value=0x1004eb80 count=16
R350_PROBE write reg=0x20c0 value=0x00000023 count=7
R350_PROBE write reg=0x20c4 value=0x07010704 count=8
R350_PROBE write reg=0x20d0 value=0x00000702 count=8
R350_PROBE write reg=0x20c0 value=0x00000023 count=8
R350_PROBE write reg=0x142c value=0x51001cd8 count=128
R350_PROBE write reg=0x342c value=0x00000005 count=128
R350_PROBE write reg=0x48f8 value=0x00050200 count=1
R350_PROBE write reg=0x46f8 value=0x1c020040 count=1
R350_PROBE write reg=0x49f8 value=0x00040509 count=1
R350_PROBE write reg=0x47f8 value=0x01020040 count=1
R350_PROBE write reg=0x463c value=0x00018041 count=1
R350_PROBE write reg=0x46b4 value=0x00000001 count=32
R350_PROBE write reg=0x4610 value=0x00000000 count=32
R350_PROBE write reg=0x4614 value=0x00000000 count=32
R350_PROBE write reg=0x4618 value=0x00000000 count=32
R350_PROBE write reg=0x20c4 value=0x07010704 count=16
R350_PROBE write reg=0x20d0 value=0x00000702 count=16
R350_PROBE write reg=0x20c0 value=0x00000023 count=16
R350_PROBE write reg=0x20c8 value=0x1004f380 count=32
R350_PROBE write reg=0x20cc value=0x1004f390 count=32
R350_PROBE write reg=0x20d4 value=0x1004f394 count=32
R350_PROBE write reg=0x20d8 value=0x1004f380 count=32
R350_PROBE write reg=0x0714 value=0x000001e0 count=1024
R350_PROBE write reg=0x15e0 value=0x000000fc count=256
R350_PROBE write reg=0x48fc value=0x00050200 count=1
R350_PROBE write reg=0x4900 value=0x4005000c count=1
R350_PROBE write reg=0x46fc value=0x038a0040 count=1
R350_PROBE write reg=0x4700 value=0x1c020802 count=1
R350_PROBE write reg=0x49fc value=0x00040509 count=1
R350_PROBE write reg=0x4a00 value=0x40040509 count=1
R350_PROBE write reg=0x47fc value=0x00820040 count=1
R350_PROBE write reg=0x4800 value=0x01020002 count=1
R350_PROBE write reg=0x4640 value=0x00018041 count=1
R350_PROBE write reg=0x4644 value=0x00018882 count=1
R350_PROBE write reg=0x4404 value=0x10605e36 count=1
R350_PROBE write reg=0x4444 value=0x00001fc0 count=1
R350_PROBE write reg=0x4484 value=0x2007f8ff count=1
R350_PROBE write reg=0x44c4 value=0x18000000 count=1
R350_PROBE write reg=0x45c4 value=0x00000000 count=1
R350_PROBE write reg=0x4584 value=0x00000000 count=1
R350_PROBE write reg=0x4504 value=0x00003fff count=1
R350_PROBE write reg=0x4334 value=0x00000089 count=1
R350_PROBE write reg=0x4314 value=0x00d10044 count=32
R350_PROBE write reg=0x4318 value=0x00d10088 count=32
R350_PROBE write reg=0x431c value=0x00d100c8 count=32
R350_PROBE write reg=0x4320 value=0x00d10008 count=32
R350_PROBE write reg=0x4324 value=0x00d10008 count=32
R350_PROBE write reg=0x4328 value=0x00d10008 count=32
R350_PROBE write reg=0x432c value=0x00d10008 count=32
R350_PROBE write reg=0x4544 value=0x0088700c count=1
R350_PROBE write reg=0x4404 value=0x10605e36 count=2
R350_PROBE write reg=0x4444 value=0x00001fc0 count=2
R350_PROBE write reg=0x4484 value=0x2007f8ff count=2
R350_PROBE write reg=0x44c4 value=0x18000000 count=2
R350_PROBE write reg=0x45c4 value=0x00000000 count=2
R350_PROBE write reg=0x4584 value=0x00000000 count=2
R350_PROBE write reg=0x4504 value=0x00003fff count=2
R350_PROBE write reg=0x4334 value=0x00000089 count=2
R350_PROBE write reg=0x4404 value=0x10605e36 count=3
R350_PROBE write reg=0x4444 value=0x00001fc0 count=3
R350_PROBE write reg=0x4484 value=0x2007f8ff count=3
R350_PROBE write reg=0x44c4 value=0x18000000 count=3
R350_PROBE write reg=0x45c4 value=0x00000000 count=3
R350_PROBE write reg=0x4584 value=0x00000000 count=3
R350_PROBE write reg=0x4504 value=0x00003fff count=3
R350_PROBE write reg=0x4904 value=0x40050600 count=1
R350_PROBE write reg=0x4704 value=0x1c020800 count=1
R350_PROBE write reg=0x4a04 value=0x4004058a count=1
R350_PROBE write reg=0x4804 value=0x01001020 count=1
R350_PROBE write reg=0x4648 value=0x00018041 count=1
R350_PROBE write reg=0x4908 value=0x00050200 count=1
R350_PROBE write reg=0x4708 value=0x1c020040 count=1
R350_PROBE write reg=0x4a08 value=0x00040509 count=1
R350_PROBE write reg=0x4808 value=0x01020040 count=1
R350_PROBE write reg=0x464c value=0x00018041 count=1
R350_PROBE write reg=0x4608 value=0x00018013 count=64
R350_PROBE write reg=0x490c value=0x40050600 count=1
R350_PROBE write reg=0x470c value=0x1c020800 count=1
R350_PROBE write reg=0x4a0c value=0x4004058a count=1
R350_PROBE write reg=0x480c value=0x01001020 count=1
R350_PROBE write reg=0x4650 value=0x00018041 count=1
R350_PROBE write reg=0x4c10 value=0x003f0000 count=16
R350_PROBE write reg=0x4c14 value=0x003f0000 count=16
R350_PROBE write reg=0x4c18 value=0x003f0000 count=16
R350_PROBE write reg=0x4c1c value=0x003f0000 count=16
R350_PROBE write reg=0x20c4 value=0x07010704 count=32
R350_PROBE write reg=0x20d0 value=0x09020702 count=32
R350_PROBE write reg=0x20c0 value=0x00000023 count=32
R350_PROBE write reg=0x146c value=0x42cc32f3 count=128
R350_PROBE write reg=0x15ac value=0x10366000 count=128
R350_PROBE write reg=0x15b0 value=0x00000080 count=128
R350_PROBE write reg=0x1404 value=0x008b2000 count=128
R350_PROBE write reg=0x1408 value=0x00000080 count=128
R350_PROBE write reg=0x1704 value=0x00000000 count=128
R350_PROBE write reg=0x1700 value=0x00000000 count=128
R350_PROBE write reg=0x1434 value=0x00000000 count=128
R350_PROBE write reg=0x1438 value=0x00000000 count=128
R350_PROBE write reg=0x143c value=0x00400040 count=128
R350_PROBE write reg=0x4c00 value=0x00000000 count=256
R350_PROBE write reg=0x4c04 value=0x00000000 count=256
R350_PROBE write reg=0x4c08 value=0x00000000 count=256
R350_PROBE write reg=0x4c0c value=0x00000000 count=256
R350_PROBE write reg=0x0738 value=0x10010020 count=2048
R350_PROBE write reg=0x073c value=0x00000008 count=2048
R350_PROBE write reg=0x15d4 value=0x00000000 count=128
R350_PROBE write reg=0x4c10 value=0x003f0000 count=32
R350_PROBE write reg=0x4c14 value=0x003f0000 count=32
R350_PROBE write reg=0x4c18 value=0x003f0000 count=32
R350_PROBE write reg=0x4c1c value=0x003f0000 count=32
R350_PROBE write reg=0x4600 value=0x00000008 count=64
R350_PROBE write reg=0x4604 value=0x00000001 count=64
R350_PROBE write reg=0x461c value=0x00400000 count=64
R350_PROBE write reg=0x4300 value=0x00040084 count=64
R350_PROBE write reg=0x4304 value=0x00000000 count=64
R350_PROBE write reg=0x4330 value=0x00004048 count=64
R350_PROBE write reg=0x4310 value=0x00d10000 count=64
R350_PROBE write reg=0x20c8 value=0x10050380 count=64
R350_PROBE write reg=0x20cc value=0x10050390 count=64
R350_PROBE write reg=0x20d4 value=0x10050394 count=64
R350_PROBE write reg=0x20d8 value=0x1005039c count=64
R350_PROBE write reg=0x4910 value=0x00050a80 count=1
R350_PROBE write reg=0x4710 value=0x1c020800 count=1
R350_PROBE write reg=0x4a10 value=0x00040889 count=1
R350_PROBE write reg=0x4810 value=0x01020800 count=1
R350_PROBE write reg=0x0218 value=0x4000041a count=7
R350_PROBE write reg=0x4620 value=0x00008000 count=16
R350_PROBE write reg=0x4e18 value=0x00000000 count=16
R350_PROBE write reg=0x46b4 value=0x00000001 count=64
R350_PROBE write reg=0x4610 value=0x00000000 count=64
R350_PROBE write reg=0x4614 value=0x00000000 count=64
R350_PROBE write reg=0x4618 value=0x00000000 count=64
R350_PROBE write reg=0x48d4 value=0x00050a80 count=6
R350_PROBE write reg=0x48d8 value=0x40050200 count=5
R350_PROBE write reg=0x48dc value=0x00050a80 count=5
R350_PROBE write reg=0x48e0 value=0x40050200 count=4
R350_PROBE write reg=0x48e4 value=0x00050a80 count=4
R350_PROBE write reg=0x48e8 value=0x40050200 count=3
R350_PROBE write reg=0x48ec value=0x00050a80 count=3
R350_PROBE write reg=0x48f0 value=0x40050200 count=2
R350_PROBE write reg=0x48f4 value=0x40050600 count=2
R350_PROBE write reg=0x48f8 value=0x00050200 count=2
R350_PROBE write reg=0x48fc value=0x00050200 count=2
R350_PROBE write reg=0x4900 value=0x4005000c count=2
R350_PROBE write reg=0x4904 value=0x40050600 count=2
R350_PROBE write reg=0x4908 value=0x00050200 count=2
R350_PROBE write reg=0x490c value=0x40050600 count=2
R350_PROBE write reg=0x4910 value=0x00050a80 count=2
R350_PROBE write reg=0x46d4 value=0x1c020800 count=6
R350_PROBE write reg=0x46d8 value=0x1c020040 count=5
R350_PROBE write reg=0x46dc value=0x1c020800 count=5
R350_PROBE write reg=0x46e0 value=0x1c020040 count=4
R350_PROBE write reg=0x46e4 value=0x1c020800 count=4
R350_PROBE write reg=0x46e8 value=0x1c020040 count=3
R350_PROBE write reg=0x46ec value=0x1c020800 count=3
R350_PROBE write reg=0x46f0 value=0x1c020040 count=2
R350_PROBE write reg=0x46f4 value=0x1c020800 count=2
R350_PROBE write reg=0x46f8 value=0x1c020040 count=2
R350_PROBE write reg=0x46fc value=0x038a0040 count=2
R350_PROBE write reg=0x4700 value=0x1c020802 count=2
R350_PROBE write reg=0x4704 value=0x1c020800 count=2
R350_PROBE write reg=0x4708 value=0x1c020040 count=2
R350_PROBE write reg=0x470c value=0x1c020800 count=2
R350_PROBE write reg=0x4710 value=0x1c020800 count=2
R350_PROBE write reg=0x49d4 value=0x00040889 count=6
R350_PROBE write reg=0x49d8 value=0x40040509 count=5
R350_PROBE write reg=0x49dc value=0x00040889 count=5
R350_PROBE write reg=0x49e0 value=0x40040509 count=4
R350_PROBE write reg=0x49e4 value=0x00040889 count=4
R350_PROBE write reg=0x49e8 value=0x40040509 count=3
R350_PROBE write reg=0x49ec value=0x00040889 count=3
R350_PROBE write reg=0x49f0 value=0x40040509 count=2
R350_PROBE write reg=0x49f4 value=0x4004058a count=2
R350_PROBE write reg=0x49f8 value=0x00040509 count=2
R350_PROBE write reg=0x49fc value=0x00040509 count=2
R350_PROBE write reg=0x4a00 value=0x40040509 count=2
R350_PROBE write reg=0x4a04 value=0x4004058a count=2
R350_PROBE write reg=0x4a08 value=0x00040509 count=2
R350_PROBE write reg=0x4a0c value=0x4004058a count=2
R350_PROBE write reg=0x4a10 value=0x00040889 count=2
R350_PROBE write reg=0x47d4 value=0x01020800 count=6
R350_PROBE write reg=0x47d8 value=0x01020800 count=5
R350_PROBE write reg=0x47dc value=0x01020800 count=5
R350_PROBE write reg=0x47e0 value=0x01020040 count=4
R350_PROBE write reg=0x47e4 value=0x01020800 count=4
R350_PROBE write reg=0x47e8 value=0x01020800 count=3
R350_PROBE write reg=0x47ec value=0x01020800 count=3
R350_PROBE write reg=0x47f0 value=0x01020040 count=2
R350_PROBE write reg=0x47f4 value=0x01001020 count=2
R350_PROBE write reg=0x47f8 value=0x01020040 count=2
R350_PROBE write reg=0x47fc value=0x00820040 count=2
R350_PROBE write reg=0x4800 value=0x01020002 count=2
R350_PROBE write reg=0x4804 value=0x01001020 count=2
R350_PROBE write reg=0x4808 value=0x01020040 count=2
R350_PROBE write reg=0x480c value=0x01001020 count=2
R350_PROBE write reg=0x4810 value=0x01020800 count=2
R350_PROBE write reg=0x4628 value=0x00018041 count=5
R350_PROBE write reg=0x462c value=0x00018041 count=4
R350_PROBE write reg=0x4630 value=0x00018041 count=3
R350_PROBE write reg=0x4634 value=0x00018041 count=2
R350_PROBE write reg=0x4638 value=0x00018041 count=2
R350_PROBE write reg=0x463c value=0x00018041 count=2
R350_PROBE write reg=0x4640 value=0x00018041 count=2
R350_PROBE write reg=0x4644 value=0x00018882 count=2
R350_PROBE write reg=0x4648 value=0x00018041 count=2
R350_PROBE write reg=0x464c value=0x00018041 count=2
R350_PROBE write reg=0x4650 value=0x00018041 count=2
R350_PROBE write reg=0x4914 value=0x40050200 count=1
R350_PROBE write reg=0x4714 value=0x1c020040 count=1
R350_PROBE write reg=0x4a14 value=0x40040509 count=1
R350_PROBE write reg=0x4814 value=0x01020800 count=1
R350_PROBE write reg=0x4654 value=0x00018041 count=1
R350_PROBE write reg=0x2184 value=0x00000405 count=32
R350_PROBE write reg=0x4314 value=0x00d10044 count=64
R350_PROBE write reg=0x4318 value=0x00d10084 count=64
R350_PROBE write reg=0x431c value=0x00d100c4 count=64
R350_PROBE write reg=0x4320 value=0x00d10004 count=64
R350_PROBE write reg=0x4324 value=0x00d10004 count=64
R350_PROBE write reg=0x4328 value=0x00d10004 count=64
R350_PROBE write reg=0x432c value=0x00d10004 count=64
R350_PROBE write reg=0x22d0 value=0x08820c80 count=32
R350_PROBE write reg=0x22d4 value=0x00080080 count=32
R350_PROBE write reg=0x22d8 value=0x00000088 count=32
R350_PROBE write reg=0x22dc value=0x00000000 count=32
R350_PROBE write reg=0x43b0 value=0x00b405a0 count=32
R350_PROBE write reg=0x43b4 value=0x00bb09a0 count=32
R350_PROBE write reg=0x2150 value=0x01030003 count=32
R350_PROBE write reg=0x21e0 value=0xf688f688 count=32
R350_PROBE write reg=0x4918 value=0x00050a80 count=1
R350_PROBE write reg=0x4718 value=0x1c020800 count=1
R350_PROBE write reg=0x4a18 value=0x00040889 count=1
R350_PROBE write reg=0x4818 value=0x01020800 count=1
R350_PROBE write reg=0x4008 value=0x00000007 count=32
R350_PROBE write reg=0x401c value=0x00000000 count=32
R350_PROBE write reg=0x4010 value=0x66666666 count=64
R350_PROBE write reg=0x4014 value=0x06666666 count=64
R350_PROBE write reg=0x4bc0 value=0x00000000 count=32
R350_PROBE write reg=0x4f14 value=0x00000000 count=32
R350_PROBE write reg=0x48d4 value=0x00050a80 count=7
R350_PROBE write reg=0x48d8 value=0x40050200 count=6
R350_PROBE write reg=0x48dc value=0x00050a80 count=6
R350_PROBE write reg=0x48e0 value=0x40050200 count=5
R350_PROBE write reg=0x48e4 value=0x00050a80 count=5
R350_PROBE write reg=0x48e8 value=0x40050200 count=4
R350_PROBE write reg=0x48ec value=0x00050a80 count=4
R350_PROBE write reg=0x48f0 value=0x40050200 count=3
R350_PROBE write reg=0x48f4 value=0x40050600 count=3
R350_PROBE write reg=0x48f8 value=0x00050200 count=3
R350_PROBE write reg=0x48fc value=0x00050200 count=3
R350_PROBE write reg=0x4900 value=0x4005000c count=3
R350_PROBE write reg=0x4904 value=0x40050600 count=3
R350_PROBE write reg=0x4908 value=0x00050200 count=3
R350_PROBE write reg=0x490c value=0x40050600 count=3
R350_PROBE write reg=0x4910 value=0x00050a80 count=3
R350_PROBE write reg=0x4914 value=0x40050200 count=2
R350_PROBE write reg=0x4918 value=0x00050a80 count=2
R350_PROBE write reg=0x46d4 value=0x1c020800 count=7
R350_PROBE write reg=0x46d8 value=0x1c020040 count=6
R350_PROBE write reg=0x46dc value=0x1c020800 count=6
R350_PROBE write reg=0x46e0 value=0x1c020040 count=5
R350_PROBE write reg=0x46e4 value=0x1c020800 count=5
R350_PROBE write reg=0x46e8 value=0x1c020040 count=4
R350_PROBE write reg=0x46ec value=0x1c020800 count=4
R350_PROBE write reg=0x46f0 value=0x1c020040 count=3
R350_PROBE write reg=0x46f4 value=0x1c020800 count=3
R350_PROBE write reg=0x46f8 value=0x1c020040 count=3
R350_PROBE write reg=0x46fc value=0x038a0040 count=3
R350_PROBE write reg=0x4700 value=0x1c020802 count=3
R350_PROBE write reg=0x4704 value=0x1c020800 count=3
R350_PROBE write reg=0x4708 value=0x1c020040 count=3
R350_PROBE write reg=0x470c value=0x1c020800 count=3
R350_PROBE write reg=0x4710 value=0x1c020800 count=3
R350_PROBE write reg=0x4714 value=0x1c020040 count=2
R350_PROBE write reg=0x4718 value=0x1c020800 count=2
R350_PROBE write reg=0x49d4 value=0x00040889 count=7
R350_PROBE write reg=0x49d8 value=0x40040509 count=6
R350_PROBE write reg=0x49dc value=0x00040889 count=6
R350_PROBE write reg=0x49e0 value=0x40040509 count=5
R350_PROBE write reg=0x49e4 value=0x00040889 count=5
R350_PROBE write reg=0x49e8 value=0x40040509 count=4
R350_PROBE write reg=0x49ec value=0x00040889 count=4
R350_PROBE write reg=0x49f0 value=0x40040509 count=3
R350_PROBE write reg=0x49f4 value=0x4004058a count=3
R350_PROBE write reg=0x49f8 value=0x00040509 count=3
R350_PROBE write reg=0x49fc value=0x00040509 count=3
R350_PROBE write reg=0x4a00 value=0x40040509 count=3
R350_PROBE write reg=0x4a04 value=0x4004058a count=3
R350_PROBE write reg=0x4a08 value=0x00040509 count=3
R350_PROBE write reg=0x4a0c value=0x4004058a count=3
R350_PROBE write reg=0x4a10 value=0x00040889 count=3
R350_PROBE write reg=0x4a14 value=0x40040509 count=2
R350_PROBE write reg=0x4a18 value=0x00040889 count=2
R350_PROBE write reg=0x47d4 value=0x01020800 count=7
R350_PROBE write reg=0x47d8 value=0x01020800 count=6
R350_PROBE write reg=0x47dc value=0x01020800 count=6
R350_PROBE write reg=0x47e0 value=0x01020040 count=5
R350_PROBE write reg=0x47e4 value=0x01020800 count=5
R350_PROBE write reg=0x47e8 value=0x01020800 count=4
R350_PROBE write reg=0x47ec value=0x01020800 count=4
R350_PROBE write reg=0x47f0 value=0x01020040 count=3
R350_PROBE write reg=0x47f4 value=0x01001020 count=3
R350_PROBE write reg=0x47f8 value=0x01020040 count=3
R350_PROBE write reg=0x47fc value=0x00820040 count=3
R350_PROBE write reg=0x4800 value=0x01020002 count=3
R350_PROBE write reg=0x4804 value=0x01001020 count=3
R350_PROBE write reg=0x4808 value=0x01020040 count=3
R350_PROBE write reg=0x480c value=0x01001020 count=3
R350_PROBE write reg=0x4810 value=0x01020800 count=3
R350_PROBE write reg=0x4814 value=0x01020800 count=2
R350_PROBE write reg=0x4818 value=0x01020800 count=2
R350_PROBE write reg=0x4628 value=0x00018041 count=6
R350_PROBE write reg=0x462c value=0x00018041 count=5
R350_PROBE write reg=0x4630 value=0x00018041 count=4
R350_PROBE write reg=0x4634 value=0x00018041 count=3
R350_PROBE write reg=0x4638 value=0x00018041 count=3
R350_PROBE write reg=0x463c value=0x00018041 count=3
R350_PROBE write reg=0x4640 value=0x00018041 count=3
R350_PROBE write reg=0x4644 value=0x00018882 count=3
R350_PROBE write reg=0x4648 value=0x00018041 count=3
R350_PROBE write reg=0x464c value=0x00018041 count=3
R350_PROBE write reg=0x4650 value=0x00018041 count=3
R350_PROBE write reg=0x4654 value=0x00018041 count=2
R350_PROBE write reg=0x4f18 value=0x00000003 count=64
R350_PROBE write reg=0x42c4 value=0x00000000 count=32
R350_PROBE write reg=0x42c0 value=0x4b7fffff count=32
R350_PROBE write reg=0x43e0 value=0x00b405a0 count=128
R350_PROBE write reg=0x43e4 value=0x00bec621 count=128
R350_PROBE write reg=0x4e2c value=0x00000000 count=32
R350_PROBE write reg=0x4e30 value=0x00000000 count=32
R350_PROBE write reg=0x4e34 value=0x00000000 count=32
R350_PROBE write reg=0x4e3c value=0x00000000 count=32
R350_PROBE write reg=0x4e40 value=0x00000000 count=32
R350_PROBE write reg=0x4e44 value=0x00000000 count=32
R350_PROBE write reg=0x4e54 value=0x00000001 count=32
R350_PROBE write reg=0x4e64 value=0x000000c0 count=32
R350_PROBE write reg=0x4f20 value=0x00000000 count=32
R350_PROBE write reg=0x4f24 value=0x00000000 count=32
R350_PROBE write reg=0x4f60 value=0x00000000 count=32
R350_PROBE write reg=0x4f10 value=0x00000000 count=32
R350_PROBE write reg=0x4f28 value=0x00000000 count=32
R350_PROBE write reg=0x4f30 value=0x00000000 count=32
R350_PROBE write reg=0x4f34 value=0x00000000 count=32
R350_PROBE write reg=0x4f44 value=0x00000000 count=32
R350_PROBE write reg=0x4f54 value=0x00000000 count=32
R350_PROBE write reg=0x221c value=0x00000000 count=64
R350_PROBE write reg=0x491c value=0x40050200 count=1
R350_PROBE write reg=0x471c value=0x1c020040 count=1
R350_PROBE write reg=0x4a1c value=0x40040509 count=1
R350_PROBE write reg=0x481c value=0x01020800 count=1
R350_PROBE write reg=0x4658 value=0x00018041 count=1
R350_PROBE write reg=0x4020 value=0x00000000 count=64
R350_PROBE write reg=0x4920 value=0x40050200 count=1
R350_PROBE write reg=0x4720 value=0x1c020040 count=1
R350_PROBE write reg=0x4a20 value=0x40040509 count=1
R350_PROBE write reg=0x4820 value=0x01020040 count=1
R350_PROBE write reg=0x465c value=0x00018041 count=1
R350_PROBE write reg=0x4f00 value=0x00000010 count=256
R350_PROBE write reg=0x4f04 value=0x00000000 count=256
R350_PROBE write reg=0x4234 value=0x00020006 count=256
R350_PROBE write reg=0x4238 value=0x00000000 count=256
R350_PROBE write reg=0x4268 value=0x3f800000 count=256
R350_PROBE write reg=0x2284 value=0x00000000 count=512
R350_PROBE write reg=0x2200 value=0x00000280 count=512
R350_PROBE write reg=0x4924 value=0x40050600 count=1
R350_PROBE write reg=0x4724 value=0x1c020800 count=1
R350_PROBE write reg=0x4a24 value=0x4004058a count=1
R350_PROBE write reg=0x4824 value=0x01001020 count=1
R350_PROBE write reg=0x4660 value=0x00018041 count=1
R350_PROBE write reg=0x4bd4 value=0x00000400 count=64
R350_PROBE write reg=0x43e8 value=0x00ffffff count=64
R350_PROBE write reg=0x4928 value=0x00050200 count=1
R350_PROBE write reg=0x4728 value=0x1c020040 count=1
R350_PROBE write reg=0x4a28 value=0x00040509 count=1
R350_PROBE write reg=0x4828 value=0x01020040 count=1
R350_PROBE write reg=0x4664 value=0x00018041 count=1
R350_PROBE write reg=0x492c value=0x00050200 count=1
R350_PROBE write reg=0x4930 value=0x4005000c count=1
R350_PROBE write reg=0x472c value=0x038a0040 count=1
R350_PROBE write reg=0x4730 value=0x1c020802 count=1
R350_PROBE write reg=0x4a2c value=0x00040509 count=1
R350_PROBE write reg=0x4a30 value=0x40040509 count=1
R350_PROBE write reg=0x482c value=0x00820040 count=1
R350_PROBE write reg=0x4830 value=0x01020002 count=1
R350_PROBE write reg=0x4668 value=0x00018041 count=1
R350_PROBE write reg=0x466c value=0x00018882 count=1
R350_PROBE write reg=0x4404 value=0x10605e36 count=4
R350_PROBE write reg=0x4444 value=0x00001fc0 count=4
R350_PROBE write reg=0x4484 value=0x2007f8ff count=4
R350_PROBE write reg=0x44c4 value=0x18000000 count=4
R350_PROBE write reg=0x45c4 value=0x00000000 count=4
R350_PROBE write reg=0x4584 value=0x00000000 count=4
R350_PROBE write reg=0x4504 value=0x00003fff count=4
R350_PROBE write reg=0x4334 value=0x00000089 count=3
R350_PROBE write reg=0x4544 value=0x0088700c count=2
R350_PROBE write reg=0x2154 value=0x23010201 count=16
R350_PROBE write reg=0x21e4 value=0xf688f688 count=16
R350_PROBE write reg=0x4404 value=0x10605e36 count=5
R350_PROBE write reg=0x4444 value=0x00001fc0 count=5
R350_PROBE write reg=0x4484 value=0x2007f8ff count=5
R350_PROBE write reg=0x44c4 value=0x18000000 count=5
R350_PROBE write reg=0x45c4 value=0x00000000 count=5
R350_PROBE write reg=0x4584 value=0x00000000 count=5
R350_PROBE write reg=0x4504 value=0x00003fff count=5
R350_PROBE write reg=0x20b4 value=0x00000009 count=64
R350_PROBE write reg=0x1720 value=0x00020000 count=512
R350_PROBE write reg=0x20c4 value=0x07010704 count=64
R350_PROBE write reg=0x20d0 value=0x09020702 count=64
R350_PROBE write reg=0x20c0 value=0x00000023 count=64
R350_PROBE write reg=0x4934 value=0x00050a80 count=1
R350_PROBE write reg=0x4734 value=0x1c020800 count=1
R350_PROBE write reg=0x4a34 value=0x00040889 count=1
R350_PROBE write reg=0x4834 value=0x01020800 count=1
R350_PROBE write reg=0x0218 value=0x4000041a count=8
R350_PROBE write reg=0x48d4 value=0x00050a80 count=8
R350_PROBE write reg=0x48d8 value=0x40050200 count=7
R350_PROBE write reg=0x48dc value=0x00050a80 count=7
R350_PROBE write reg=0x48e0 value=0x40050200 count=6
R350_PROBE write reg=0x48e4 value=0x00050a80 count=6
R350_PROBE write reg=0x48e8 value=0x40050200 count=5
R350_PROBE write reg=0x48ec value=0x00050a80 count=5
R350_PROBE write reg=0x48f0 value=0x40050200 count=4
R350_PROBE write reg=0x48f4 value=0x40050600 count=4
R350_PROBE write reg=0x48f8 value=0x00050200 count=4
R350_PROBE write reg=0x48fc value=0x00050200 count=4
R350_PROBE write reg=0x4900 value=0x4005000c count=4
R350_PROBE write reg=0x4904 value=0x40050600 count=4
R350_PROBE write reg=0x4908 value=0x00050200 count=4
R350_PROBE write reg=0x490c value=0x40050600 count=4
R350_PROBE write reg=0x4910 value=0x00050a80 count=4
R350_PROBE write reg=0x4914 value=0x40050200 count=3
R350_PROBE write reg=0x4918 value=0x00050a80 count=3
R350_PROBE write reg=0x491c value=0x40050200 count=2
R350_PROBE write reg=0x4920 value=0x40050200 count=2
R350_PROBE write reg=0x4924 value=0x40050600 count=2
R350_PROBE write reg=0x4928 value=0x00050200 count=2
R350_PROBE write reg=0x492c value=0x00050200 count=2
R350_PROBE write reg=0x4930 value=0x4005000c count=2
R350_PROBE write reg=0x4934 value=0x00050a80 count=2
R350_PROBE write reg=0x46d4 value=0x1c020800 count=8
R350_PROBE write reg=0x46d8 value=0x1c020040 count=7
R350_PROBE write reg=0x46dc value=0x1c020800 count=7
R350_PROBE write reg=0x46e0 value=0x1c020040 count=6
R350_PROBE write reg=0x46e4 value=0x1c020800 count=6
R350_PROBE write reg=0x46e8 value=0x1c020040 count=5
R350_PROBE write reg=0x46ec value=0x1c020800 count=5
R350_PROBE write reg=0x46f0 value=0x1c020040 count=4
R350_PROBE write reg=0x46f4 value=0x1c020800 count=4
R350_PROBE write reg=0x46f8 value=0x1c020040 count=4
R350_PROBE write reg=0x46fc value=0x038a0040 count=4
R350_PROBE write reg=0x4700 value=0x1c020802 count=4
R350_PROBE write reg=0x4704 value=0x1c020800 count=4
R350_PROBE write reg=0x4708 value=0x1c020040 count=4
R350_PROBE write reg=0x470c value=0x1c020800 count=4
R350_PROBE write reg=0x4710 value=0x1c020800 count=4
R350_PROBE write reg=0x4714 value=0x1c020040 count=3
R350_PROBE write reg=0x4718 value=0x1c020800 count=3
R350_PROBE write reg=0x471c value=0x1c020040 count=2
R350_PROBE write reg=0x4720 value=0x1c020040 count=2
R350_PROBE write reg=0x4724 value=0x1c020800 count=2
R350_PROBE write reg=0x4728 value=0x1c020040 count=2
R350_PROBE write reg=0x472c value=0x038a0040 count=2
R350_PROBE write reg=0x4730 value=0x1c020802 count=2
R350_PROBE write reg=0x4734 value=0x1c020800 count=2
R350_PROBE write reg=0x49d4 value=0x00040889 count=8
R350_PROBE write reg=0x49d8 value=0x40040509 count=7
R350_PROBE write reg=0x49dc value=0x00040889 count=7
R350_PROBE write reg=0x49e0 value=0x40040509 count=6
R350_PROBE write reg=0x49e4 value=0x00040889 count=6
R350_PROBE write reg=0x49e8 value=0x40040509 count=5
R350_PROBE write reg=0x49ec value=0x00040889 count=5
R350_PROBE write reg=0x49f0 value=0x40040509 count=4
R350_PROBE write reg=0x49f4 value=0x4004058a count=4
R350_PROBE write reg=0x49f8 value=0x00040509 count=4
R350_PROBE write reg=0x49fc value=0x00040509 count=4
R350_PROBE write reg=0x4a00 value=0x40040509 count=4
R350_PROBE write reg=0x4a04 value=0x4004058a count=4
R350_PROBE write reg=0x4a08 value=0x00040509 count=4
R350_PROBE write reg=0x4a0c value=0x4004058a count=4
R350_PROBE write reg=0x4a10 value=0x00040889 count=4
R350_PROBE write reg=0x4a14 value=0x40040509 count=3
R350_PROBE write reg=0x4a18 value=0x00040889 count=3
R350_PROBE write reg=0x4a1c value=0x40040509 count=2
R350_PROBE write reg=0x4a20 value=0x40040509 count=2
R350_PROBE write reg=0x4a24 value=0x4004058a count=2
R350_PROBE write reg=0x4a28 value=0x00040509 count=2
R350_PROBE write reg=0x4a2c value=0x00040509 count=2
R350_PROBE write reg=0x4a30 value=0x40040509 count=2
R350_PROBE write reg=0x4a34 value=0x00040889 count=2
R350_PROBE write reg=0x47d4 value=0x01020800 count=8
R350_PROBE write reg=0x47d8 value=0x01020800 count=7
R350_PROBE write reg=0x47dc value=0x01020800 count=7
R350_PROBE write reg=0x47e0 value=0x01020040 count=6
R350_PROBE write reg=0x47e4 value=0x01020800 count=6
R350_PROBE write reg=0x47e8 value=0x01020800 count=5
R350_PROBE write reg=0x47ec value=0x01020800 count=5
R350_PROBE write reg=0x47f0 value=0x01020040 count=4
R350_PROBE write reg=0x47f4 value=0x01001020 count=4
R350_PROBE write reg=0x47f8 value=0x01020040 count=4
R350_PROBE write reg=0x47fc value=0x00820040 count=4
R350_PROBE write reg=0x4800 value=0x01020002 count=4
R350_PROBE write reg=0x4804 value=0x01001020 count=4
R350_PROBE write reg=0x4808 value=0x01020040 count=4
R350_PROBE write reg=0x480c value=0x01001020 count=4
R350_PROBE write reg=0x4810 value=0x01020800 count=4
R350_PROBE write reg=0x4814 value=0x01020800 count=3
R350_PROBE write reg=0x4818 value=0x01020800 count=3
R350_PROBE write reg=0x481c value=0x01020800 count=2
R350_PROBE write reg=0x4820 value=0x01020040 count=2
R350_PROBE write reg=0x4824 value=0x01001020 count=2
R350_PROBE write reg=0x4828 value=0x01020040 count=2
R350_PROBE write reg=0x482c value=0x00820040 count=2
R350_PROBE write reg=0x4830 value=0x01020002 count=2
R350_PROBE write reg=0x4834 value=0x01020800 count=2
R350_PROBE write reg=0x4628 value=0x00018041 count=7
R350_PROBE write reg=0x462c value=0x00018041 count=6
R350_PROBE write reg=0x4630 value=0x00018041 count=5
R350_PROBE write reg=0x4634 value=0x00018041 count=4
R350_PROBE write reg=0x4638 value=0x00018041 count=4
R350_PROBE write reg=0x463c value=0x00018041 count=4
R350_PROBE write reg=0x4640 value=0x00018041 count=4
R350_PROBE write reg=0x4644 value=0x00018882 count=4
R350_PROBE write reg=0x4648 value=0x00018041 count=4
R350_PROBE write reg=0x464c value=0x00018041 count=4
R350_PROBE write reg=0x4650 value=0x00018041 count=4
R350_PROBE write reg=0x4654 value=0x00018041 count=3
R350_PROBE write reg=0x4658 value=0x00018041 count=2
R350_PROBE write reg=0x465c value=0x00018041 count=2
R350_PROBE write reg=0x4660 value=0x00018041 count=2
R350_PROBE write reg=0x4664 value=0x00018041 count=2
R350_PROBE write reg=0x4668 value=0x00018041 count=2
R350_PROBE write reg=0x466c value=0x00018882 count=2
R350_PROBE write reg=0x4938 value=0x40050200 count=1
R350_PROBE write reg=0x4738 value=0x1c020040 count=1
R350_PROBE write reg=0x4a38 value=0x40040509 count=1
R350_PROBE write reg=0x4838 value=0x01020800 count=1
R350_PROBE write reg=0x4670 value=0x00018041 count=1
R350_PROBE write reg=0x1d98 value=0x42000000 count=32
R350_PROBE write reg=0x1d9c value=0x43c70000 count=32
R350_PROBE write reg=0x1da0 value=0xc18c0000 count=32
R350_PROBE write reg=0x1da4 value=0x420a0000 count=32
R350_PROBE write reg=0x1da8 value=0x3f000000 count=32
R350_PROBE write reg=0x1dac value=0x3f000000 count=32
R350_PROBE write reg=0x2220 value=0x3f800000 count=32
R350_PROBE write reg=0x2224 value=0x3f800000 count=32
R350_PROBE write reg=0x2228 value=0x3f800000 count=32
R350_PROBE write reg=0x222c value=0x3f800000 count=32
R350_PROBE write reg=0x2094 value=0x00000004 count=64
R350_PROBE write reg=0x4c10 value=0x003f0000 count=64
R350_PROBE write reg=0x4c14 value=0x003f0000 count=64
R350_PROBE write reg=0x4c18 value=0x003f0000 count=64
R350_PROBE write reg=0x4c1c value=0x003f0000 count=64
R350_PROBE write reg=0x493c value=0x00050a80 count=1
R350_PROBE write reg=0x473c value=0x1c020800 count=1
R350_PROBE write reg=0x4a3c value=0x00040889 count=1
R350_PROBE write reg=0x483c value=0x01020800 count=1
R350_PROBE write reg=0x48d8 value=0x40050200 count=8
R350_PROBE write reg=0x48dc value=0x00050a80 count=8
R350_PROBE write reg=0x48e0 value=0x40050200 count=7
R350_PROBE write reg=0x48e4 value=0x00050a80 count=7
R350_PROBE write reg=0x48e8 value=0x40050200 count=6
R350_PROBE write reg=0x48ec value=0x00050a80 count=6
R350_PROBE write reg=0x48f0 value=0x40050200 count=5
R350_PROBE write reg=0x48f4 value=0x40050600 count=5
R350_PROBE write reg=0x48f8 value=0x00050200 count=5
R350_PROBE write reg=0x48fc value=0x00050200 count=5
R350_PROBE write reg=0x4900 value=0x4005000c count=5
R350_PROBE write reg=0x4904 value=0x40050600 count=5
R350_PROBE write reg=0x4908 value=0x00050200 count=5
R350_PROBE write reg=0x490c value=0x40050600 count=5
R350_PROBE write reg=0x4910 value=0x00050a80 count=5
R350_PROBE write reg=0x4914 value=0x40050200 count=4
R350_PROBE write reg=0x4918 value=0x00050a80 count=4
R350_PROBE write reg=0x491c value=0x40050200 count=3
R350_PROBE write reg=0x4920 value=0x40050200 count=3
R350_PROBE write reg=0x4924 value=0x40050600 count=3
R350_PROBE write reg=0x4928 value=0x00050200 count=3
R350_PROBE write reg=0x492c value=0x00050200 count=3
R350_PROBE write reg=0x4930 value=0x4005000c count=3
R350_PROBE write reg=0x4934 value=0x00050a80 count=3
R350_PROBE write reg=0x4938 value=0x40050200 count=2
R350_PROBE write reg=0x493c value=0x00050a80 count=2
R350_PROBE write reg=0x46d8 value=0x1c020040 count=8
R350_PROBE write reg=0x46dc value=0x1c020800 count=8
R350_PROBE write reg=0x46e0 value=0x1c020040 count=7
R350_PROBE write reg=0x46e4 value=0x1c020800 count=7
R350_PROBE write reg=0x46e8 value=0x1c020040 count=6
R350_PROBE write reg=0x46ec value=0x1c020800 count=6
R350_PROBE write reg=0x46f0 value=0x1c020040 count=5
R350_PROBE write reg=0x46f4 value=0x1c020800 count=5
R350_PROBE write reg=0x46f8 value=0x1c020040 count=5
R350_PROBE write reg=0x46fc value=0x038a0040 count=5
R350_PROBE write reg=0x4700 value=0x1c020802 count=5
R350_PROBE write reg=0x4704 value=0x1c020800 count=5
R350_PROBE write reg=0x4708 value=0x1c020040 count=5
R350_PROBE write reg=0x470c value=0x1c020800 count=5
R350_PROBE write reg=0x4710 value=0x1c020800 count=5
R350_PROBE write reg=0x4714 value=0x1c020040 count=4
R350_PROBE write reg=0x4718 value=0x1c020800 count=4
R350_PROBE write reg=0x471c value=0x1c020040 count=3
R350_PROBE write reg=0x4720 value=0x1c020040 count=3
R350_PROBE write reg=0x4724 value=0x1c020800 count=3
R350_PROBE write reg=0x4728 value=0x1c020040 count=3
R350_PROBE write reg=0x472c value=0x038a0040 count=3
R350_PROBE write reg=0x4730 value=0x1c020802 count=3
R350_PROBE write reg=0x4734 value=0x1c020800 count=3
R350_PROBE write reg=0x4738 value=0x1c020040 count=2
R350_PROBE write reg=0x473c value=0x1c020800 count=2
R350_PROBE write reg=0x49d8 value=0x40040509 count=8
R350_PROBE write reg=0x49dc value=0x00040889 count=8
R350_PROBE write reg=0x49e0 value=0x40040509 count=7
R350_PROBE write reg=0x49e4 value=0x00040889 count=7
R350_PROBE write reg=0x49e8 value=0x40040509 count=6
R350_PROBE write reg=0x49ec value=0x00040889 count=6
R350_PROBE write reg=0x49f0 value=0x40040509 count=5
R350_PROBE write reg=0x49f4 value=0x4004058a count=5
R350_PROBE write reg=0x49f8 value=0x00040509 count=5
R350_PROBE write reg=0x49fc value=0x00040509 count=5
R350_PROBE write reg=0x4a00 value=0x40040509 count=5
R350_PROBE write reg=0x4a04 value=0x4004058a count=5
R350_PROBE write reg=0x4a08 value=0x00040509 count=5
R350_PROBE write reg=0x4a0c value=0x4004058a count=5
R350_PROBE write reg=0x4a10 value=0x00040889 count=5
R350_PROBE write reg=0x4a14 value=0x40040509 count=4
R350_PROBE write reg=0x4a18 value=0x00040889 count=4
R350_PROBE write reg=0x4a1c value=0x40040509 count=3
R350_PROBE write reg=0x4a20 value=0x40040509 count=3
R350_PROBE write reg=0x4a24 value=0x4004058a count=3
R350_PROBE write reg=0x4a28 value=0x00040509 count=3
R350_PROBE write reg=0x4a2c value=0x00040509 count=3
R350_PROBE write reg=0x4a30 value=0x40040509 count=3
R350_PROBE write reg=0x4a34 value=0x00040889 count=3
R350_PROBE write reg=0x4a38 value=0x40040509 count=2
R350_PROBE write reg=0x4a3c value=0x00040889 count=2
R350_PROBE write reg=0x47d8 value=0x01020800 count=8
R350_PROBE write reg=0x47dc value=0x01020800 count=8
R350_PROBE write reg=0x47e0 value=0x01020040 count=7
R350_PROBE write reg=0x47e4 value=0x01020800 count=7
R350_PROBE write reg=0x47e8 value=0x01020800 count=6
R350_PROBE write reg=0x47ec value=0x01020800 count=6
R350_PROBE write reg=0x47f0 value=0x01020040 count=5
R350_PROBE write reg=0x47f4 value=0x01001020 count=5
R350_PROBE write reg=0x47f8 value=0x01020040 count=5
R350_PROBE write reg=0x47fc value=0x00820040 count=5
R350_PROBE write reg=0x4800 value=0x01020002 count=5
R350_PROBE write reg=0x4804 value=0x01001020 count=5
R350_PROBE write reg=0x4808 value=0x01020040 count=5
R350_PROBE write reg=0x480c value=0x01001020 count=5
R350_PROBE write reg=0x4810 value=0x01020800 count=5
R350_PROBE write reg=0x4814 value=0x01020800 count=4
R350_PROBE write reg=0x4818 value=0x01020800 count=4
R350_PROBE write reg=0x481c value=0x01020800 count=3
R350_PROBE write reg=0x4820 value=0x01020040 count=3
R350_PROBE write reg=0x4824 value=0x01001020 count=3
R350_PROBE write reg=0x4828 value=0x01020040 count=3
R350_PROBE write reg=0x482c value=0x00820040 count=3
R350_PROBE write reg=0x4830 value=0x01020002 count=3
R350_PROBE write reg=0x4834 value=0x01020800 count=3
R350_PROBE write reg=0x4838 value=0x01020800 count=2
R350_PROBE write reg=0x483c value=0x01020800 count=2
R350_PROBE write reg=0x4628 value=0x00018041 count=8
R350_PROBE write reg=0x462c value=0x00018041 count=7
R350_PROBE write reg=0x4630 value=0x00018041 count=6
R350_PROBE write reg=0x4634 value=0x00018041 count=5
R350_PROBE write reg=0x4638 value=0x00018041 count=5
R350_PROBE write reg=0x463c value=0x00018041 count=5
R350_PROBE write reg=0x4640 value=0x00018041 count=5
R350_PROBE write reg=0x4644 value=0x00018882 count=5
R350_PROBE write reg=0x4648 value=0x00018041 count=5
R350_PROBE write reg=0x464c value=0x00018041 count=5
R350_PROBE write reg=0x4650 value=0x00018041 count=5
R350_PROBE write reg=0x4654 value=0x00018041 count=4
R350_PROBE write reg=0x4658 value=0x00018041 count=3
R350_PROBE write reg=0x465c value=0x00018041 count=3
R350_PROBE write reg=0x4660 value=0x00018041 count=3
R350_PROBE write reg=0x4664 value=0x00018041 count=3
R350_PROBE write reg=0x4668 value=0x00018041 count=3
R350_PROBE write reg=0x466c value=0x00018882 count=3
R350_PROBE write reg=0x4670 value=0x00018041 count=2
R350_PROBE write reg=0x2080 value=0x0030045a count=16
R350_PROBE write reg=0x421c value=0x00060006 count=64
R350_PROBE write reg=0x4200 value=0x00000000 count=64
R350_PROBE write reg=0x4204 value=0x00000000 count=64
R350_PROBE write reg=0x4208 value=0x3f800000 count=64
R350_PROBE write reg=0x420c value=0x3f800000 count=64
R350_PROBE write reg=0x4400 value=0x00000a12 count=256
R350_PROBE write reg=0x4440 value=0x00001fe8 count=256
R350_PROBE write reg=0x4480 value=0x8007f8ff count=256
R350_PROBE write reg=0x44c0 value=0x0000aa0c count=256
R350_PROBE write reg=0x4500 value=0x000000ff count=256
R350_PROBE write reg=0x4540 value=0x0126c000 count=256
R350_PROBE write reg=0x2208 value=0x00000000 count=16384
R350_PROBE write reg=0x4104 value=0x00000001 count=512
R350_PROBE write reg=0x4404 value=0x10605e36 count=6
R350_PROBE write reg=0x4444 value=0x00001fc0 count=6
R350_PROBE write reg=0x4484 value=0x2007f8ff count=6
R350_PROBE write reg=0x44c4 value=0x18000000 count=6
R350_PROBE write reg=0x45c4 value=0x00000000 count=6
R350_PROBE write reg=0x4584 value=0x00000000 count=6
R350_PROBE write reg=0x4504 value=0x00003fff count=6
R350_PROBE write reg=0x4334 value=0x00000089 count=4
R350_PROBE write reg=0x4544 value=0x0088700c count=3
R350_PROBE write reg=0x4404 value=0x10605e36 count=7
R350_PROBE write reg=0x4444 value=0x00001fc0 count=7
R350_PROBE write reg=0x4484 value=0x2007f8ff count=7
R350_PROBE write reg=0x44c4 value=0x18000000 count=7
R350_PROBE write reg=0x45c4 value=0x00000000 count=7
R350_PROBE write reg=0x4584 value=0x00000000 count=7
R350_PROBE write reg=0x4504 value=0x00003fff count=7
R350_PROBE unsupported_3d_draw count=512; R200 renderer deliberately not used
R350_PROBE write reg=0x4608 value=0x00020019 count=128
R350_PROBE write reg=0x15d0 value=0x00000000 count=4
R350_PROBE write reg=0x1414 value=0x00000000 count=2
R350_PROBE write reg=0x141c value=0x00000000 count=2
R350_PROBE write reg=0x1410 value=0x0000001c count=2
R350_PROBE write reg=0x1418 value=0x00000000 count=2
R350_PROBE write reg=0x1420 value=0x00000000 count=2
R350_PROBE write reg=0x140c value=0x00000690 count=2
R350_PROBE write reg=0x4e04 value=0x27210006 count=64
R350_PROBE write reg=0x48e0 value=0x40050200 count=8
R350_PROBE write reg=0x48e4 value=0x00050a80 count=8
R350_PROBE write reg=0x48e8 value=0x40050200 count=7
R350_PROBE write reg=0x48ec value=0x00050a80 count=7
R350_PROBE write reg=0x48f0 value=0x40050200 count=6
R350_PROBE write reg=0x48f4 value=0x40050600 count=6
R350_PROBE write reg=0x48f8 value=0x00050200 count=6
R350_PROBE write reg=0x48fc value=0x00050200 count=6
R350_PROBE write reg=0x4900 value=0x4005000c count=6
R350_PROBE write reg=0x4904 value=0x40050600 count=6
R350_PROBE write reg=0x4908 value=0x00050200 count=6
R350_PROBE write reg=0x490c value=0x40050600 count=6
R350_PROBE write reg=0x4910 value=0x00050a80 count=6
R350_PROBE write reg=0x4914 value=0x40050200 count=5
R350_PROBE write reg=0x4918 value=0x00050a80 count=5
R350_PROBE write reg=0x491c value=0x40050200 count=4
R350_PROBE write reg=0x4920 value=0x40050200 count=4
R350_PROBE write reg=0x4924 value=0x40050600 count=4
R350_PROBE write reg=0x4928 value=0x00050200 count=4
R350_PROBE write reg=0x492c value=0x00050200 count=4
R350_PROBE write reg=0x4930 value=0x4005000c count=4
R350_PROBE write reg=0x4934 value=0x00050a80 count=4
R350_PROBE write reg=0x4938 value=0x40050200 count=3
R350_PROBE write reg=0x493c value=0x00050a80 count=3
R350_PROBE write reg=0x46e0 value=0x1c020040 count=8
R350_PROBE write reg=0x46e4 value=0x1c020800 count=8
R350_PROBE write reg=0x46e8 value=0x1c020040 count=7
R350_PROBE write reg=0x46ec value=0x1c020800 count=7
R350_PROBE write reg=0x46f0 value=0x1c020040 count=6
R350_PROBE write reg=0x46f4 value=0x1c020800 count=6
R350_PROBE write reg=0x46f8 value=0x1c020040 count=6
R350_PROBE write reg=0x46fc value=0x038a0040 count=6
R350_PROBE write reg=0x4700 value=0x1c020802 count=6
R350_PROBE write reg=0x4704 value=0x1c020800 count=6
R350_PROBE write reg=0x4708 value=0x1c020040 count=6
R350_PROBE write reg=0x470c value=0x1c020800 count=6
R350_PROBE write reg=0x4710 value=0x1c020800 count=6
R350_PROBE write reg=0x4714 value=0x1c020040 count=5
R350_PROBE write reg=0x4718 value=0x1c020800 count=5
R350_PROBE write reg=0x471c value=0x1c020040 count=4
R350_PROBE write reg=0x4720 value=0x1c020040 count=4
R350_PROBE write reg=0x4724 value=0x1c020800 count=4
R350_PROBE write reg=0x4728 value=0x1c020040 count=4
R350_PROBE write reg=0x472c value=0x038a0040 count=4
R350_PROBE write reg=0x4730 value=0x1c020802 count=4
R350_PROBE write reg=0x4734 value=0x1c020800 count=4
R350_PROBE write reg=0x4738 value=0x1c020040 count=3
R350_PROBE write reg=0x473c value=0x1c020800 count=3
R350_PROBE write reg=0x49e0 value=0x40040509 count=8
R350_PROBE write reg=0x49e4 value=0x00040889 count=8
R350_PROBE write reg=0x49e8 value=0x40040509 count=7
R350_PROBE write reg=0x49ec value=0x00040889 count=7
R350_PROBE write reg=0x49f0 value=0x40040509 count=6
R350_PROBE write reg=0x49f4 value=0x4004058a count=6
R350_PROBE write reg=0x49f8 value=0x00040509 count=6
R350_PROBE write reg=0x49fc value=0x00040509 count=6
R350_PROBE write reg=0x4a00 value=0x40040509 count=6
R350_PROBE write reg=0x4a04 value=0x4004058a count=6
R350_PROBE write reg=0x4a08 value=0x00040509 count=6
R350_PROBE write reg=0x4a0c value=0x4004058a count=6
R350_PROBE write reg=0x4a10 value=0x00040889 count=6
R350_PROBE write reg=0x4a14 value=0x40040509 count=5
R350_PROBE write reg=0x4a18 value=0x00040889 count=5
R350_PROBE write reg=0x4a1c value=0x40040509 count=4
R350_PROBE write reg=0x4a20 value=0x40040509 count=4
R350_PROBE write reg=0x4a24 value=0x4004058a count=4
R350_PROBE write reg=0x4a28 value=0x00040509 count=4
R350_PROBE write reg=0x4a2c value=0x00040509 count=4
R350_PROBE write reg=0x4a30 value=0x40040509 count=4
R350_PROBE write reg=0x4a34 value=0x00040889 count=4
R350_PROBE write reg=0x4a38 value=0x40040509 count=3
R350_PROBE write reg=0x4a3c value=0x00040889 count=3
R350_PROBE write reg=0x47e0 value=0x01020040 count=8
R350_PROBE write reg=0x47e4 value=0x01020800 count=8
R350_PROBE write reg=0x47e8 value=0x01020800 count=7
R350_PROBE write reg=0x47ec value=0x01020800 count=7
R350_PROBE write reg=0x47f0 value=0x01020040 count=6
R350_PROBE write reg=0x47f4 value=0x01001020 count=6
R350_PROBE write reg=0x47f8 value=0x01020040 count=6
R350_PROBE write reg=0x47fc value=0x00820040 count=6
R350_PROBE write reg=0x4800 value=0x01020002 count=6
R350_PROBE write reg=0x4804 value=0x01001020 count=6
R350_PROBE write reg=0x4808 value=0x01020040 count=6
R350_PROBE write reg=0x480c value=0x01001020 count=6
R350_PROBE write reg=0x4810 value=0x01020800 count=6
R350_PROBE write reg=0x4814 value=0x01020800 count=5
R350_PROBE write reg=0x4818 value=0x01020800 count=5
R350_PROBE write reg=0x481c value=0x01020800 count=4
R350_PROBE write reg=0x4820 value=0x01020040 count=4
R350_PROBE write reg=0x4824 value=0x01001020 count=4
R350_PROBE write reg=0x4828 value=0x01020040 count=4
R350_PROBE write reg=0x482c value=0x00820040 count=4
R350_PROBE write reg=0x4830 value=0x01020002 count=4
R350_PROBE write reg=0x4834 value=0x01020800 count=4
R350_PROBE write reg=0x4838 value=0x01020800 count=3
R350_PROBE write reg=0x483c value=0x01020800 count=3
R350_PROBE write reg=0x462c value=0x00018041 count=8
R350_PROBE write reg=0x4630 value=0x00018041 count=7
R350_PROBE write reg=0x4634 value=0x00018041 count=6
R350_PROBE write reg=0x4638 value=0x00018041 count=6
R350_PROBE write reg=0x463c value=0x00018041 count=6
R350_PROBE write reg=0x4640 value=0x00018041 count=6
R350_PROBE write reg=0x4644 value=0x00018882 count=6
R350_PROBE write reg=0x4648 value=0x00018041 count=6
R350_PROBE write reg=0x464c value=0x00018041 count=6
R350_PROBE write reg=0x4650 value=0x00018041 count=6
R350_PROBE write reg=0x4654 value=0x00018041 count=5
R350_PROBE write reg=0x4658 value=0x00018041 count=4
R350_PROBE write reg=0x465c value=0x00018041 count=4
R350_PROBE write reg=0x4660 value=0x00018041 count=4
R350_PROBE write reg=0x4664 value=0x00018041 count=4
R350_PROBE write reg=0x4668 value=0x00018041 count=4
R350_PROBE write reg=0x466c value=0x00018882 count=4
R350_PROBE write reg=0x4670 value=0x00018041 count=3
R350_PROBE write reg=0x45c0 value=0x00000000 count=256
R350_PROBE write reg=0x4580 value=0x00000000 count=256
R350_PROBE write reg=0x4e50 value=0x00000005 count=64
R350_PROBE write reg=0x2180 value=0x00000000 count=64
R350_PROBE write reg=0x4f08 value=0x00ffff00 count=16
R350_PROBE write reg=0x4bc8 value=0x00000000 count=32
R350_PROBE write reg=0x4bcc value=0x00000000 count=32
R350_PROBE write reg=0x4bd0 value=0x00000000 count=32
R350_PROBE write reg=0x4294 value=0x00000000 count=32
R350_PROBE write reg=0x4298 value=0x00000000 count=32
R350_PROBE write reg=0x4230 value=0x01800006 count=32
R350_PROBE write reg=0x4bd8 value=0x00000000 count=16
R350_PROBE write reg=0x2090 value=0x00000003 count=64
R350_PROBE write reg=0x4290 value=0x00000000 count=16
R350_PROBE write reg=0x42b4 value=0x00000000 count=16
R350_PROBE write reg=0x428c value=0x00000001 count=16
R350_PROBE write reg=0x4214 value=0x00050005 count=16
R350_PROBE write reg=0x4260 value=0x00000000 count=16
R350_PROBE write reg=0x4264 value=0x00000000 count=16
R350_PROBE write reg=0x4e88 value=0x00000000 count=16
R350_PROBE write reg=0x4274 value=0x00000002 count=16
R350_PROBE write reg=0x42a0 value=0x00000000 count=16
R350_PROBE write reg=0x2288 value=0x0000ffff count=16
R350_PROBE write reg=0x21dc value=0xaaaaaaaa count=16
R350_PROBE write reg=0x2134 value=0x00ffffff count=16
R350_PROBE write reg=0x2138 value=0x00000000 count=16
R350_PROBE write reg=0x4e0c value=0x0000000f count=64
R350_PROBE write reg=0x427c value=0x00000000 count=16
R350_PROBE write reg=0x4280 value=0x00000000 count=16
R350_PROBE write reg=0x4c20 value=0x00000000 count=16
R350_PROBE write reg=0x4c24 value=0x00000000 count=16
R350_PROBE write reg=0x4c28 value=0x00000000 count=16
R350_PROBE write reg=0x4c2c value=0x00000000 count=16
R350_PROBE write reg=0x4c30 value=0x00000000 count=16
R350_PROBE write reg=0x4c34 value=0x00000000 count=16
R350_PROBE write reg=0x4c38 value=0x00000000 count=16
R350_PROBE write reg=0x4c3c value=0x00000000 count=16
R350_PROBE write reg=0x4c40 value=0x00000000 count=16
R350_PROBE write reg=0x4c44 value=0x00000000 count=16
R350_PROBE write reg=0x4c48 value=0x00000000 count=16
R350_PROBE write reg=0x4c4c value=0x00000000 count=16
R350_PROBE write reg=0x4c50 value=0x00000000 count=16
R350_PROBE write reg=0x4c54 value=0x00000000 count=16
R350_PROBE write reg=0x4c58 value=0x00000000 count=16
R350_PROBE write reg=0x4c5c value=0x00000000 count=16
R350_PROBE write reg=0x4c60 value=0x00000000 count=16
R350_PROBE write reg=0x4c64 value=0x00000000 count=16
R350_PROBE write reg=0x4c68 value=0x00000000 count=16
R350_PROBE write reg=0x4c6c value=0x00000000 count=16
R350_PROBE write reg=0x4c70 value=0x00000000 count=16
R350_PROBE write reg=0x4c74 value=0x00000000 count=16
R350_PROBE write reg=0x4c78 value=0x00000000 count=16
R350_PROBE write reg=0x4c7c value=0x00000000 count=16
R350_PROBE write reg=0x48c4 value=0x00050a80 count=16
R350_PROBE write reg=0x48c8 value=0x00050a80 count=16
R350_PROBE write reg=0x46c4 value=0x1c020800 count=16
R350_PROBE write reg=0x46c8 value=0x1c020800 count=16
R350_PROBE write reg=0x49c4 value=0x00040889 count=16
R350_PROBE write reg=0x49c8 value=0x00040889 count=16
R350_PROBE write reg=0x47c4 value=0x01020800 count=16
R350_PROBE write reg=0x47c8 value=0x01020800 count=16
R350_PROBE write reg=0x16ec value=0x00000000 count=64
R350_PROBE write reg=0x16f0 value=0x000701c4 count=64
R350_PROBE write reg=0x20e0 value=0x00000000 count=16
R350_PROBE write reg=0x20e4 value=0x00000000 count=16
R350_PROBE write reg=0x20ec value=0x00000000 count=16
R350_PROBE write reg=0x20f0 value=0x00000000 count=16
R350_PROBE write reg=0x20f8 value=0x00000000 count=16
R350_PROBE write reg=0x20fc value=0x00000000 count=16
R350_PROBE write reg=0x2104 value=0x00000000 count=16
R350_PROBE write reg=0x2108 value=0x00000000 count=16
R350_PROBE write reg=0x2110 value=0x00000000 count=16
R350_PROBE write reg=0x2114 value=0x00000000 count=16
R350_PROBE write reg=0x211c value=0x00000000 count=16
R350_PROBE write reg=0x2120 value=0x00000000 count=16
R350_PROBE write reg=0x4d00 value=0x00343813 count=1
R350_PROBE write reg=0x4d04 value=0x003a745d count=1
R350_PROBE write reg=0x4d08 value=0x00000000 count=1
R350_PROBE write reg=0x4d0c value=0x00000000 count=1
R350_PROBE write reg=0x4334 value=0x0000004a count=5
R350_PROBE write reg=0x4338 value=0x0000008b count=1
R350_PROBE write reg=0x433c value=0x000000cc count=1
R350_PROBE write reg=0x4d00 value=0x00343813 count=2
R350_PROBE write reg=0x4d04 value=0x003a745d count=2
R350_PROBE write reg=0x4d08 value=0x00000000 count=2
R350_PROBE write reg=0x4d0c value=0x00000000 count=2
R350_PROBE write reg=0x4d00 value=0x00343813 count=3
R350_PROBE write reg=0x4d04 value=0x003a745d count=3
R350_PROBE write reg=0x4d08 value=0x00000000 count=3
R350_PROBE write reg=0x4d0c value=0x00000000 count=3
R350_PROBE write reg=0x4d00 value=0x00343813 count=4
R350_PROBE write reg=0x4d04 value=0x003a745d count=4
R350_PROBE write reg=0x4d08 value=0x00000000 count=4
R350_PROBE write reg=0x4d0c value=0x00000000 count=4
R350_PROBE write reg=0x4278 value=0x0003aaaa count=64
R350_PROBE write reg=0x4018 value=0x00000017 count=64
R350_PROBE write reg=0x4e14 value=0x00000000 count=64
R350_PROBE write reg=0x4d00 value=0x00343813 count=5
R350_PROBE write reg=0x4d04 value=0x003a745d count=5
R350_PROBE write reg=0x4d08 value=0x00000000 count=5
R350_PROBE write reg=0x4d0c value=0x00000000 count=5
R350_PROBE write reg=0x4334 value=0x0000004a count=6
R350_PROBE write reg=0x4338 value=0x0000008b count=2
R350_PROBE write reg=0x433c value=0x000000cc count=2
R350_PROBE write reg=0x4d00 value=0x00343813 count=6
R350_PROBE write reg=0x4d04 value=0x003a745d count=6
R350_PROBE write reg=0x4d08 value=0x00000000 count=6
R350_PROBE write reg=0x4d0c value=0x00000000 count=6
R350_PROBE write reg=0x4334 value=0x0000004a count=7
R350_PROBE write reg=0x4338 value=0x0000008b count=3
R350_PROBE write reg=0x433c value=0x000000cc count=3
R350_PROBE write reg=0x20b0 value=0x0000043f count=64
R350_PROBE write reg=0x42b8 value=0x00000004 count=64
R350_PROBE write reg=0x4288 value=0x00000000 count=32
R350_PROBE write reg=0x43a4 value=0x0000001c count=64
R350_PROBE write reg=0x4f1c value=0x00000000 count=64
R350_PROBE write reg=0x4d00 value=0x00343813 count=7
R350_PROBE write reg=0x4d04 value=0x003a745d count=7
R350_PROBE write reg=0x4d08 value=0x00000000 count=7
R350_PROBE write reg=0x4d0c value=0x00000000 count=7
R350_PROBE write reg=0x20dc value=0x00000000 count=1
R350_PROBE write reg=0x20e8 value=0x00000000 count=1
R350_PROBE write reg=0x20f4 value=0x00000000 count=1
R350_PROBE write reg=0x2100 value=0x00000000 count=1
R350_PROBE write reg=0x210c value=0x00000000 count=1
R350_PROBE write reg=0x2118 value=0x00000000 count=1
R350_PROBE write reg=0x4d00 value=0x00343813 count=8
R350_PROBE write reg=0x4d04 value=0x003a745d count=8
R350_PROBE write reg=0x4d08 value=0x00000000 count=8
R350_PROBE write reg=0x4d0c value=0x00000000 count=8
R350_PROBE write reg=0x4334 value=0x0000004a count=8
R350_PROBE write reg=0x4338 value=0x0000008b count=4
R350_PROBE write reg=0x433c value=0x000000cc count=4
R350_PROBE write reg=0x48cc value=0x00050200 count=16
R350_PROBE write reg=0x46cc value=0x01820c00 count=16
R350_PROBE write reg=0x49cc value=0x00040810 count=16
R350_PROBE write reg=0x47cc value=0x00020820 count=16
R350_PROBE write reg=0x4e28 value=0x00948000 count=64
R350_PROBE write reg=0x4e38 value=0x2ed3c740 count=64
R350_PROBE write reg=0x4e00 value=0x00000000 count=64
R350_PROBE write reg=0x43d0 value=0x0000aaaa count=64
R350_PROBE write reg=0x4e08 value=0x27210000 count=64
R350_PROBE write reg=0x4e10 value=0x00000000 count=64
R350_PROBE write reg=0x4338 value=0x0000008b count=5
R350_PROBE write reg=0x433c value=0x000000cc count=5
R350_PROBE write reg=0x48d0 value=0x00050200 count=16
R350_PROBE write reg=0x46d0 value=0x01860c01 count=16
R350_PROBE write reg=0x49d0 value=0x00040810 count=16
R350_PROBE write reg=0x47d0 value=0x00020820 count=16
R350_PROBE write reg=0x4624 value=0x00008041 count=16
R350_PROBE write reg=0x46a4 value=0x00001b00 count=64
R350_PROBE write reg=0x46a8 value=0x0000000f count=64
R350_PROBE write reg=0x46ac value=0x0000000f count=64
R350_PROBE write reg=0x46b0 value=0x0000000f count=64
R350_PROBE write reg=0x22d0 value=0x01500c00 count=64
R350_PROBE write reg=0x22d4 value=0x000a0000 count=64
R350_PROBE write reg=0x22d8 value=0x00000005 count=64
R350_PROBE write reg=0x22dc value=0x00000000 count=64
R350_PROBE write reg=0x4300 value=0x00040080 count=128
R350_PROBE write reg=0x4e18 value=0x00000000 count=32
R350_PROBE write reg=0x4d00 value=0x003621fb count=16
R350_PROBE write reg=0x4d04 value=0x003c2492 count=16
R350_PROBE write reg=0x4d08 value=0x00000000 count=16
R350_PROBE write reg=0x4d0c value=0x00000000 count=16
R350_PROBE write reg=0x4338 value=0x0000008b count=6
R350_PROBE write reg=0x433c value=0x000000cc count=6
R350_PROBE write reg=0x4338 value=0x0000008b count=7
R350_PROBE write reg=0x433c value=0x000000cc count=7
R350_PROBE write reg=0x4310 value=0x00d100c0 count=128
R350_PROBE write reg=0x20dc value=0x00000000 count=2
R350_PROBE write reg=0x20e8 value=0x00000000 count=2
R350_PROBE write reg=0x20f4 value=0x00000000 count=2
R350_PROBE write reg=0x2100 value=0x00000000 count=2
R350_PROBE write reg=0x210c value=0x00000000 count=2
R350_PROBE write reg=0x2118 value=0x00000000 count=2
R350_PROBE write reg=0x4338 value=0x0000008b count=8
R350_PROBE write reg=0x433c value=0x000000cc count=8
R350_PROBE write reg=0x2140 value=0x00000002 count=32
R350_PROBE write reg=0x43a8 value=0x2da49525 count=32
R350_PROBE write reg=0x48c0 value=0x00050a80 count=32
R350_PROBE write reg=0x46c0 value=0x1c020800 count=32
R350_PROBE write reg=0x49c0 value=0x00040889 count=32
R350_PROBE write reg=0x47c0 value=0x01020800 count=32
R350_PROBE write reg=0x48e8 value=0x00050a80 count=8
R350_PROBE write reg=0x46e8 value=0x1c020800 count=8
R350_PROBE write reg=0x49e8 value=0x00040889 count=8
R350_PROBE write reg=0x47e8 value=0x01020800 count=8
R350_PROBE write reg=0x4630 value=0x00008000 count=8
R350_PROBE write reg=0x401c value=0x00000000 count=64
R350_PROBE write reg=0x2184 value=0x00000005 count=64
R350_PROBE write reg=0x4600 value=0x00000000 count=128
R350_PROBE write reg=0x4604 value=0x00000000 count=128
R350_PROBE write reg=0x461c value=0x00400000 count=128
R350_PROBE write reg=0x4304 value=0x00000000 count=128
R350_PROBE write reg=0x4330 value=0x00004000 count=128
R350_PROBE write reg=0x4f08 value=0x00ffff00 count=32
R350_PROBE write reg=0x4bc0 value=0x00000000 count=64
R350_PROBE write reg=0x4008 value=0x00000007 count=64
R350_PROBE write reg=0x4314 value=0x00d10004 count=128
R350_PROBE write reg=0x4318 value=0x01648048 count=128
R350_PROBE write reg=0x431c value=0x01648088 count=128
R350_PROBE write reg=0x4320 value=0x01648008 count=128
R350_PROBE write reg=0x4324 value=0x01648008 count=128
R350_PROBE write reg=0x4328 value=0x01648008 count=128
R350_PROBE write reg=0x432c value=0x01648008 count=128
R350_PROBE write reg=0x2150 value=0x22030003 count=64
R350_PROBE write reg=0x21e0 value=0xf688f688 count=64
R350_PROBE write reg=0x20dc value=0x00000000 count=3
R350_PROBE write reg=0x20e8 value=0x00000000 count=3
R350_PROBE write reg=0x20f4 value=0x00000000 count=3
R350_PROBE write reg=0x2100 value=0x00000000 count=3
R350_PROBE write reg=0x210c value=0x00000000 count=3
R350_PROBE write reg=0x2118 value=0x00000000 count=3
R350_PROBE write reg=0x48d4 value=0x00050200 count=16
R350_PROBE write reg=0x46d4 value=0x018a0c02 count=16
R350_PROBE write reg=0x49d4 value=0x00040810 count=16
R350_PROBE write reg=0x47d4 value=0x00020820 count=16
R350_PROBE write reg=0x4d00 value=0x003821fb count=32
R350_PROBE write reg=0x4d04 value=0x003d5555 count=32
R350_PROBE write reg=0x4d08 value=0x00000000 count=32
R350_PROBE write reg=0x4d0c value=0x00000000 count=32
R350_PROBE write reg=0x48d8 value=0x00050200 count=16
R350_PROBE write reg=0x48dc value=0x0043ca88 count=16
R350_PROBE write reg=0x46d8 value=0x018e0c03 count=16
R350_PROBE write reg=0x46dc value=0x03802001 count=16
R350_PROBE write reg=0x49d8 value=0x00040810 count=16
R350_PROBE write reg=0x49dc value=0x0043c88b count=16
R350_PROBE write reg=0x47d8 value=0x00020820 count=16
R350_PROBE write reg=0x47dc value=0x00802001 count=16
R350_PROBE write reg=0x4628 value=0x00008082 count=16
R350_PROBE write reg=0x48ec value=0x00050200 count=8
R350_PROBE write reg=0x48f0 value=0x00050a80 count=7
R350_PROBE write reg=0x46ec value=0x01820c00 count=8
R350_PROBE write reg=0x46f0 value=0x1c020800 count=7
R350_PROBE write reg=0x49ec value=0x00040810 count=8
R350_PROBE write reg=0x49f0 value=0x00040889 count=7
R350_PROBE write reg=0x47ec value=0x00020820 count=8
R350_PROBE write reg=0x47f0 value=0x01020800 count=7
R350_PROBE write reg=0x4634 value=0x00008000 count=7
R350_PROBE write reg=0x43e8 value=0x00ffffff count=128
R350_PROBE write reg=0x43b0 value=0x00b405a0 count=64
R350_PROBE write reg=0x43b4 value=0x00b445d9 count=64
R350_PROBE write reg=0x4010 value=0x66666666 count=128
R350_PROBE write reg=0x4014 value=0x06666666 count=128
R350_PROBE write reg=0x221c value=0x0001c000 count=128
R350_PROBE write reg=0x4bd4 value=0x00000000 count=128
R350_PROBE write reg=0x2094 value=0x00000000 count=128
R350_PROBE write reg=0x1d98 value=0x3f800000 count=64
R350_PROBE write reg=0x1da0 value=0x3f800000 count=64
R350_PROBE write reg=0x46b4 value=0x00000001 count=128
R350_PROBE write reg=0x4610 value=0x00000000 count=128
R350_PROBE write reg=0x4614 value=0x00000000 count=128
R350_PROBE write reg=0x4618 value=0x00000000 count=128
R350_PROBE write reg=0x4bd8 value=0x00000000 count=32
R350_PROBE write reg=0x4020 value=0x00000000 count=128
R350_PROBE write reg=0x4f14 value=0x00000001 count=64
R350_PROBE write reg=0x42c0 value=0x4b7fffff count=64
R350_PROBE write reg=0x42c4 value=0x00000000 count=64
R350_PROBE write reg=0x20dc value=0x00000000 count=4
R350_PROBE write reg=0x20e8 value=0x00000000 count=4
R350_PROBE write reg=0x20f4 value=0x00000000 count=4
R350_PROBE write reg=0x2100 value=0x00000000 count=4
R350_PROBE write reg=0x210c value=0x00000000 count=4
R350_PROBE write reg=0x2118 value=0x00000000 count=4
R350_PROBE write reg=0x48e0 value=0x28010a80 count=16
R350_PROBE write reg=0x48f0 value=0x00050a80 count=8
R350_PROBE write reg=0x46e0 value=0x1c020003 count=16
R350_PROBE write reg=0x46f0 value=0x1c020800 count=8
R350_PROBE write reg=0x49e0 value=0x28028889 count=16
R350_PROBE write reg=0x49f0 value=0x00040889 count=8
R350_PROBE write reg=0x47e0 value=0x01020003 count=16
R350_PROBE write reg=0x47f0 value=0x01020800 count=8
R350_PROBE write reg=0x462c value=0x000080c3 count=16
R350_PROBE write reg=0x4634 value=0x00008000 count=8
R350_PROBE write reg=0x4e2c value=0x00000000 count=64
R350_PROBE write reg=0x4e30 value=0x00000000 count=64
R350_PROBE write reg=0x4e34 value=0x00000000 count=64
R350_PROBE write reg=0x4e3c value=0x00000000 count=64
R350_PROBE write reg=0x4e40 value=0x00000000 count=64
R350_PROBE write reg=0x4e44 value=0x00000000 count=64
R350_PROBE write reg=0x4e54 value=0x00000001 count=64
R350_PROBE write reg=0x4e64 value=0x00000740 count=64
R350_PROBE write reg=0x4f20 value=0x00000000 count=64
R350_PROBE write reg=0x4f24 value=0x00000000 count=64
R350_PROBE write reg=0x4f60 value=0x00000000 count=64
R350_PROBE write reg=0x4f10 value=0x00000000 count=64
R350_PROBE write reg=0x4f28 value=0x00000000 count=64
R350_PROBE write reg=0x4f30 value=0x00000000 count=64
R350_PROBE write reg=0x4f34 value=0x00000000 count=64
R350_PROBE write reg=0x4f44 value=0x00000000 count=64
R350_PROBE write reg=0x4f54 value=0x00000000 count=64
R350_PROBE write reg=0x4620 value=0x00008000 count=32
R350_PROBE write reg=0x4f18 value=0x00000003 count=128
R350_PROBE write reg=0x20b4 value=0x00000000 count=128
R350_PROBE write reg=0x20dc value=0x00000000 count=5
R350_PROBE write reg=0x20e8 value=0x00000000 count=5
R350_PROBE write reg=0x20f4 value=0x00000000 count=5
R350_PROBE write reg=0x2100 value=0x00000000 count=5
R350_PROBE write reg=0x210c value=0x00000000 count=5
R350_PROBE write reg=0x2118 value=0x00000000 count=5
R350_PROBE write reg=0x4d00 value=0x003a1111 count=64
R350_PROBE write reg=0x4d04 value=0x003e0000 count=64
R350_PROBE write reg=0x4d08 value=0x00000000 count=64
R350_PROBE write reg=0x4d0c value=0x00000000 count=64
R350_PROBE write reg=0x1d9c value=0x41000000 count=64
R350_PROBE write reg=0x1da4 value=0x3f800000 count=64
R350_PROBE write reg=0x1da8 value=0x3f000000 count=64
R350_PROBE write reg=0x1dac value=0x3f000000 count=64
R350_PROBE write reg=0x2220 value=0x3f800000 count=64
R350_PROBE write reg=0x2224 value=0x3f800000 count=64
R350_PROBE write reg=0x2228 value=0x3f800000 count=64
R350_PROBE write reg=0x222c value=0x3f800000 count=64
R350_PROBE write reg=0x20dc value=0x00000000 count=6
R350_PROBE write reg=0x20e8 value=0x00000000 count=6
R350_PROBE write reg=0x20f4 value=0x00000000 count=6
R350_PROBE write reg=0x2100 value=0x00000000 count=6
R350_PROBE write reg=0x210c value=0x00000000 count=6
R350_PROBE write reg=0x2118 value=0x00000000 count=6
R350_PROBE write reg=0x48e4 value=0x00050200 count=16
R350_PROBE write reg=0x46e4 value=0x01820c00 count=16
R350_PROBE write reg=0x49e4 value=0x00040810 count=16
R350_PROBE write reg=0x47e4 value=0x00020820 count=16
R350_PROBE write reg=0x48e8 value=0x00050a80 count=16
R350_PROBE write reg=0x46e8 value=0x1c020800 count=16
R350_PROBE write reg=0x49e8 value=0x00040889 count=16
R350_PROBE write reg=0x47e8 value=0x01020800 count=16
R350_PROBE write reg=0x4630 value=0x00008000 count=16
R350_PROBE write reg=0x2080 value=0x0030045a count=32
R350_PROBE write reg=0x4bc8 value=0x00000000 count=64
R350_PROBE write reg=0x4bcc value=0x00000000 count=64
R350_PROBE write reg=0x4bd0 value=0x00000000 count=64
R350_PROBE write reg=0x4294 value=0x00000000 count=64
R350_PROBE write reg=0x4298 value=0x00000000 count=64
R350_PROBE write reg=0x4230 value=0x01800006 count=64
R350_PROBE write reg=0x20dc value=0x00000000 count=7
R350_PROBE write reg=0x20e8 value=0x00000000 count=7
R350_PROBE write reg=0x20f4 value=0x00000000 count=7
R350_PROBE write reg=0x2100 value=0x00000000 count=7
R350_PROBE write reg=0x210c value=0x00000000 count=7
R350_PROBE write reg=0x2118 value=0x00000000 count=7
R350_PROBE write reg=0x4e04 value=0x27210006 count=128
R350_PROBE write reg=0x48ec value=0x00050200 count=16
R350_PROBE write reg=0x46ec value=0x01820c00 count=16
R350_PROBE write reg=0x49ec value=0x00040810 count=16
R350_PROBE write reg=0x47ec value=0x00020820 count=16
R350_PROBE write reg=0x4100 value=0x00000000 count=512
R350_PROBE write reg=0x20dc value=0x00000000 count=8
R350_PROBE write reg=0x20e8 value=0x00000000 count=8
R350_PROBE write reg=0x20f4 value=0x00000000 count=8
R350_PROBE write reg=0x2100 value=0x00000000 count=8
R350_PROBE write reg=0x210c value=0x00000000 count=8
R350_PROBE write reg=0x2118 value=0x00000000 count=8
R350_PROBE write reg=0x48f0 value=0x00050a80 count=16
R350_PROBE write reg=0x46f0 value=0x1c020800 count=16
R350_PROBE write reg=0x49f0 value=0x00040889 count=16
R350_PROBE write reg=0x47f0 value=0x01020800 count=16
R350_PROBE write reg=0x4634 value=0x00008000 count=16
R350_PROBE write reg=0x421c value=0x00060006 count=128
R350_PROBE write reg=0x2090 value=0x00000001 count=128
R350_PROBE write reg=0x4290 value=0x00000000 count=32
R350_PROBE write reg=0x42b4 value=0x00000000 count=32
R350_PROBE write reg=0x428c value=0x00000001 count=32
R350_PROBE write reg=0x4214 value=0x00050005 count=32
R350_PROBE write reg=0x4260 value=0x00000000 count=32
R350_PROBE write reg=0x4264 value=0x00000000 count=32
R350_PROBE write reg=0x4e88 value=0x00000000 count=32
R350_PROBE write reg=0x4274 value=0x00000002 count=32
R350_PROBE write reg=0x42a0 value=0x00000000 count=32
R350_PROBE write reg=0x2288 value=0x0000ffff count=32
R350_PROBE write reg=0x21dc value=0xaaaaaaaa count=32
R350_PROBE write reg=0x2134 value=0x00ffffff count=32
R350_PROBE write reg=0x2138 value=0x00000000 count=32
R350_PROBE write reg=0x427c value=0x00000000 count=32
R350_PROBE write reg=0x4280 value=0x00000000 count=32
R350_PROBE write reg=0x48c4 value=0x00050a80 count=32
R350_PROBE write reg=0x48c8 value=0x00050a80 count=32
R350_PROBE write reg=0x46c4 value=0x1c020800 count=32
R350_PROBE write reg=0x46c8 value=0x1c020800 count=32
R350_PROBE write reg=0x49c4 value=0x00040889 count=32
R350_PROBE write reg=0x49c8 value=0x00040889 count=32
R350_PROBE write reg=0x47c4 value=0x01020800 count=32
R350_PROBE write reg=0x47c8 value=0x01020800 count=32
R350_PROBE write reg=0x20e0 value=0x00000000 count=32
R350_PROBE write reg=0x20e4 value=0x00000000 count=32
R350_PROBE write reg=0x20ec value=0x00000000 count=32
R350_PROBE write reg=0x20f0 value=0x00000000 count=32
R350_PROBE write reg=0x20f8 value=0x00000000 count=32
R350_PROBE write reg=0x20fc value=0x00000000 count=32
R350_PROBE write reg=0x2104 value=0x00000000 count=32
R350_PROBE write reg=0x2108 value=0x00000000 count=32
R350_PROBE write reg=0x2110 value=0x00000000 count=32
R350_PROBE write reg=0x2114 value=0x00000000 count=32
R350_PROBE write reg=0x211c value=0x00000000 count=32
R350_PROBE write reg=0x2120 value=0x00000000 count=32
R350_PROBE write reg=0x20b0 value=0x0000043f count=128
R350_PROBE write reg=0x4288 value=0x00000000 count=64
R350_PROBE write reg=0x48cc value=0x00050200 count=32
R350_PROBE write reg=0x46cc value=0x01820c00 count=32
R350_PROBE write reg=0x49cc value=0x00040810 count=32
R350_PROBE write reg=0x47cc value=0x00020820 count=32
R350_PROBE write reg=0x142c value=0xdd002520 count=256
R350_PROBE write reg=0x4f08 value=0x00ffff00 count=64
R350_PROBE write reg=0x48d0 value=0x00050200 count=32
R350_PROBE write reg=0x46d0 value=0x01860c01 count=32
R350_PROBE write reg=0x49d0 value=0x00040810 count=32
R350_PROBE write reg=0x47d0 value=0x00020820 count=32
R350_PROBE write reg=0x4624 value=0x00008041 count=32
R350_PROBE write reg=0x48f4 value=0x00050a81 count=7
R350_PROBE write reg=0x48f8 value=0x00050a83 count=7
R350_PROBE write reg=0x48fc value=0x00050a8c count=7
R350_PROBE write reg=0x4900 value=0x00010a80 count=7
R350_PROBE write reg=0x4904 value=0x00050200 count=7
R350_PROBE write reg=0x4908 value=0x00050200 count=7
R350_PROBE write reg=0x490c value=0x00050200 count=7
R350_PROBE write reg=0x4910 value=0x00050200 count=7
R350_PROBE write reg=0x4914 value=0x01050200 count=6
R350_PROBE write reg=0x4918 value=0x01050200 count=6
R350_PROBE write reg=0x491c value=0x00050200 count=5
R350_PROBE write reg=0x4920 value=0x00050200 count=5
R350_PROBE write reg=0x4924 value=0x00050200 count=5
R350_PROBE write reg=0x4928 value=0x00050200 count=5
R350_PROBE write reg=0x492c value=0x0045048f count=5
R350_PROBE write reg=0x4930 value=0x00010a80 count=5
R350_PROBE write reg=0x4934 value=0x00020300 count=5
R350_PROBE write reg=0x4938 value=0x00010a80 count=4
R350_PROBE write reg=0x493c value=0x00020380 count=4
R350_PROBE write reg=0x4940 value=0x0042060f count=1
R350_PROBE write reg=0x46f4 value=0x02220820 count=7
R350_PROBE write reg=0x46f8 value=0x00a20820 count=7
R350_PROBE write reg=0x46fc value=0x01220820 count=7
R350_PROBE write reg=0x4700 value=0x03a60200 count=7
R350_PROBE write reg=0x4704 value=0x01820c03 count=7
R350_PROBE write reg=0x4708 value=0x018e0c04 count=7
R350_PROBE write reg=0x470c value=0x01920c05 count=7
R350_PROBE write reg=0x4710 value=0x01960c06 count=7
R350_PROBE write reg=0x4714 value=0x009a0849 count=6
R350_PROBE write reg=0x4718 value=0x011a0889 count=6
R350_PROBE write reg=0x471c value=0x018a0c02 count=5
R350_PROBE write reg=0x4720 value=0x019e0c07 count=5
R350_PROBE write reg=0x4724 value=0x019a01b0 count=5
R350_PROBE write reg=0x4728 value=0x01860c01 count=5
R350_PROBE write reg=0x472c value=0x038e30c4 count=5
R350_PROBE write reg=0x4730 value=0x03823140 count=5
R350_PROBE write reg=0x4734 value=0x038038c0 count=5
R350_PROBE write reg=0x4738 value=0x038a01c2 count=4
R350_PROBE write reg=0x473c value=0x038008c2 count=4
R350_PROBE write reg=0x4740 value=0x1c000181 count=1
R350_PROBE write reg=0x49f4 value=0x00040891 count=7
R350_PROBE write reg=0x49f8 value=0x00040810 count=7
R350_PROBE write reg=0x49fc value=0x00040810 count=7
R350_PROBE write reg=0x4a00 value=0x00040810 count=7
R350_PROBE write reg=0x4a04 value=0x00040810 count=7
R350_PROBE write reg=0x4a08 value=0x00040810 count=7
R350_PROBE write reg=0x4a0c value=0x00040810 count=7
R350_PROBE write reg=0x4a10 value=0x00040810 count=7
R350_PROBE write reg=0x4a14 value=0x00840509 count=6
R350_PROBE write reg=0x4a18 value=0x00840509 count=6
R350_PROBE write reg=0x4a1c value=0x00040810 count=5
R350_PROBE write reg=0x4a20 value=0x00040810 count=5
R350_PROBE write reg=0x4a24 value=0x00040810 count=5
R350_PROBE write reg=0x4a28 value=0x00040810 count=5
R350_PROBE write reg=0x4a2c value=0x0044030f count=5
R350_PROBE write reg=0x4a30 value=0x0042c38f count=5
R350_PROBE write reg=0x4a34 value=0x0042c28f count=5
R350_PROBE write reg=0x4a38 value=0x00028889 count=4
R350_PROBE write reg=0x4a3c value=0x0002c509 count=4
R350_PROBE write reg=0x4a40 value=0x00040810 count=1
R350_PROBE write reg=0x47f4 value=0x00a60820 count=7
R350_PROBE write reg=0x47f8 value=0x00020820 count=7
R350_PROBE write reg=0x47fc value=0x00020820 count=7
R350_PROBE write reg=0x4800 value=0x00020820 count=7
R350_PROBE write reg=0x4804 value=0x00020820 count=7
R350_PROBE write reg=0x4808 value=0x00020820 count=7
R350_PROBE write reg=0x480c value=0x00020820 count=7
R350_PROBE write reg=0x4810 value=0x00020820 count=7
R350_PROBE write reg=0x4814 value=0x001a0849 count=6
R350_PROBE write reg=0x4818 value=0x001a0889 count=6
R350_PROBE write reg=0x481c value=0x00020820 count=5
R350_PROBE write reg=0x4820 value=0x00020820 count=5
R350_PROBE write reg=0x4824 value=0x00020820 count=5
R350_PROBE write reg=0x4828 value=0x00020820 count=5
R350_PROBE write reg=0x482c value=0x008e00c4 count=5
R350_PROBE write reg=0x4830 value=0x00803005 count=5
R350_PROBE write reg=0x4834 value=0x00800087 count=5
R350_PROBE write reg=0x4838 value=0x00860046 count=4
R350_PROBE write reg=0x483c value=0x010008c1 count=4
R350_PROBE write reg=0x4840 value=0x00020823 count=1
R350_PROBE write reg=0x4638 value=0x00008000 count=7
R350_PROBE write reg=0x463c value=0x000080c3 count=7
R350_PROBE write reg=0x4640 value=0x00008104 count=7
R350_PROBE write reg=0x4644 value=0x00008145 count=7
R350_PROBE write reg=0x4648 value=0x00008082 count=7
R350_PROBE write reg=0x464c value=0x000081c7 count=7
R350_PROBE write reg=0x4650 value=0x00008186 count=7
R350_PROBE write reg=0x4654 value=0x00008041 count=6
R350_PROBE write reg=0x4340 value=0x0000010c count=1
R350_PROBE write reg=0x4344 value=0x0000014d count=1
R350_PROBE write reg=0x4348 value=0x0000018e count=1
R350_PROBE write reg=0x434c value=0x000001cf count=1
R350_PROBE write reg=0x4e0c value=0x0000000f count=128
R350_PROBE write reg=0x22d0 value=0x0480ac28 count=128
R350_PROBE write reg=0x22d4 value=0x00070019 count=128
R350_PROBE write reg=0x22d8 value=0x00000047 count=128
R350_PROBE write reg=0x22dc value=0x00000000 count=128
R350_PROBE write reg=0x342c value=0x00000005 count=256
R350_PROBE write reg=0x4e18 value=0x00000000 count=64
R350_PROBE write reg=0x4340 value=0x0000010c count=2
R350_PROBE write reg=0x4344 value=0x0000014d count=2
R350_PROBE write reg=0x4348 value=0x0000018e count=2
R350_PROBE write reg=0x434c value=0x000001cf count=2
R350_PROBE write reg=0x4334 value=0x00000049 count=16
R350_PROBE write reg=0x4340 value=0x0000010c count=3
R350_PROBE write reg=0x4344 value=0x0000014d count=3
R350_PROBE write reg=0x4348 value=0x0000018e count=3
R350_PROBE write reg=0x434c value=0x000001cf count=3
R350_PROBE write reg=0x42b8 value=0x00000004 count=128
R350_PROBE write reg=0x4e14 value=0x00000000 count=128
R350_PROBE write reg=0x4340 value=0x0000010c count=4
R350_PROBE write reg=0x4344 value=0x0000014d count=4
R350_PROBE write reg=0x4348 value=0x0000018e count=4
R350_PROBE write reg=0x434c value=0x000001cf count=4
R350_PROBE write reg=0x48f4 value=0x00050a81 count=8
R350_PROBE write reg=0x48f8 value=0x00050a83 count=8
R350_PROBE write reg=0x48fc value=0x00050a8c count=8
R350_PROBE write reg=0x4900 value=0x00010a80 count=8
R350_PROBE write reg=0x4904 value=0x00050200 count=8
R350_PROBE write reg=0x4908 value=0x00050200 count=8
R350_PROBE write reg=0x490c value=0x00050200 count=8
R350_PROBE write reg=0x4910 value=0x00050200 count=8
R350_PROBE write reg=0x4914 value=0x01050200 count=7
R350_PROBE write reg=0x4918 value=0x01050200 count=7
R350_PROBE write reg=0x491c value=0x00050200 count=6
R350_PROBE write reg=0x4920 value=0x00050200 count=6
R350_PROBE write reg=0x4924 value=0x00050200 count=6
R350_PROBE write reg=0x4928 value=0x00050200 count=6
R350_PROBE write reg=0x492c value=0x0045048f count=6
R350_PROBE write reg=0x4930 value=0x00010a80 count=6
R350_PROBE write reg=0x4934 value=0x00020300 count=6
R350_PROBE write reg=0x4938 value=0x00010a80 count=5
R350_PROBE write reg=0x493c value=0x00020380 count=5
R350_PROBE write reg=0x4940 value=0x0042060f count=2
R350_PROBE write reg=0x46f4 value=0x02220820 count=8
R350_PROBE write reg=0x46f8 value=0x00a20820 count=8
R350_PROBE write reg=0x46fc value=0x01220820 count=8
R350_PROBE write reg=0x4700 value=0x03a60200 count=8
R350_PROBE write reg=0x4704 value=0x01820c03 count=8
R350_PROBE write reg=0x4708 value=0x018e0c04 count=8
R350_PROBE write reg=0x470c value=0x01920c05 count=8
R350_PROBE write reg=0x4710 value=0x01960c06 count=8
R350_PROBE write reg=0x4714 value=0x009a0849 count=7
R350_PROBE write reg=0x4718 value=0x011a0889 count=7
R350_PROBE write reg=0x471c value=0x018a0c02 count=6
R350_PROBE write reg=0x4720 value=0x019e0c07 count=6
R350_PROBE write reg=0x4724 value=0x019a01b0 count=6
R350_PROBE write reg=0x4728 value=0x01860c01 count=6
R350_PROBE write reg=0x472c value=0x038e30c4 count=6
R350_PROBE write reg=0x4730 value=0x03823140 count=6
R350_PROBE write reg=0x4734 value=0x038038c0 count=6
R350_PROBE write reg=0x4738 value=0x038a01c2 count=5
R350_PROBE write reg=0x473c value=0x038008c2 count=5
R350_PROBE write reg=0x4740 value=0x1c000181 count=2
R350_PROBE write reg=0x49f4 value=0x00040891 count=8
R350_PROBE write reg=0x49f8 value=0x00040810 count=8
R350_PROBE write reg=0x49fc value=0x00040810 count=8
R350_PROBE write reg=0x4a00 value=0x00040810 count=8
R350_PROBE write reg=0x4a04 value=0x00040810 count=8
R350_PROBE write reg=0x4a08 value=0x00040810 count=8
R350_PROBE write reg=0x4a0c value=0x00040810 count=8
R350_PROBE write reg=0x4a10 value=0x00040810 count=8
R350_PROBE write reg=0x4a14 value=0x00840509 count=7
R350_PROBE write reg=0x4a18 value=0x00840509 count=7
R350_PROBE write reg=0x4a1c value=0x00040810 count=6
R350_PROBE write reg=0x4a20 value=0x00040810 count=6
R350_PROBE write reg=0x4a24 value=0x00040810 count=6
R350_PROBE write reg=0x4a28 value=0x00040810 count=6
R350_PROBE write reg=0x4a2c value=0x0044030f count=6
R350_PROBE write reg=0x4a30 value=0x0042c38f count=6
R350_PROBE write reg=0x4a34 value=0x0042c28f count=6
R350_PROBE write reg=0x4a38 value=0x00028889 count=5
R350_PROBE write reg=0x4a3c value=0x0002c509 count=5
R350_PROBE write reg=0x4a40 value=0x00040810 count=2
R350_PROBE write reg=0x47f4 value=0x00a60820 count=8
R350_PROBE write reg=0x47f8 value=0x00020820 count=8
R350_PROBE write reg=0x47fc value=0x00020820 count=8
R350_PROBE write reg=0x4800 value=0x00020820 count=8
R350_PROBE write reg=0x4804 value=0x00020820 count=8
R350_PROBE write reg=0x4808 value=0x00020820 count=8
R350_PROBE write reg=0x480c value=0x00020820 count=8
R350_PROBE write reg=0x4810 value=0x00020820 count=8
R350_PROBE write reg=0x4814 value=0x001a0849 count=7
R350_PROBE write reg=0x4818 value=0x001a0889 count=7
R350_PROBE write reg=0x481c value=0x00020820 count=6
R350_PROBE write reg=0x4820 value=0x00020820 count=6
R350_PROBE write reg=0x4824 value=0x00020820 count=6
R350_PROBE write reg=0x4828 value=0x00020820 count=6
R350_PROBE write reg=0x482c value=0x008e00c4 count=6
R350_PROBE write reg=0x4830 value=0x00803005 count=6
R350_PROBE write reg=0x4834 value=0x00800087 count=6
R350_PROBE write reg=0x4838 value=0x00860046 count=5
R350_PROBE write reg=0x483c value=0x010008c1 count=5
R350_PROBE write reg=0x4840 value=0x00020823 count=2
R350_PROBE write reg=0x4638 value=0x00008000 count=8
R350_PROBE write reg=0x463c value=0x000080c3 count=8
R350_PROBE write reg=0x4640 value=0x00008104 count=8
R350_PROBE write reg=0x4644 value=0x00008145 count=8
R350_PROBE write reg=0x4648 value=0x00008082 count=8
R350_PROBE write reg=0x464c value=0x000081c7 count=8
R350_PROBE write reg=0x4650 value=0x00008186 count=8
R350_PROBE write reg=0x4654 value=0x00008041 count=7
R350_PROBE write reg=0x4914 value=0x00250608 count=8
R350_PROBE write reg=0x4918 value=0x00050201 count=8
R350_PROBE write reg=0x491c value=0x00020202 count=7
R350_PROBE write reg=0x4920 value=0x00020203 count=7
R350_PROBE write reg=0x4924 value=0x0001000c count=7
R350_PROBE write reg=0x4928 value=0x00050280 count=7
R350_PROBE write reg=0x492c value=0x04080214 count=7
R350_PROBE write reg=0x4930 value=0x00850300 count=7
R350_PROBE write reg=0x4934 value=0x00450793 count=7
R350_PROBE write reg=0x4938 value=0x00850300 count=6
R350_PROBE write reg=0x493c value=0x00024681 count=6
R350_PROBE write reg=0x4940 value=0x0020050f count=3
R350_PROBE write reg=0x4944 value=0x0001c00c count=1
R350_PROBE write reg=0x4948 value=0x00010980 count=1
R350_PROBE write reg=0x494c value=0x00050680 count=1
R350_PROBE write reg=0x4950 value=0x00230988 count=1
R350_PROBE write reg=0x4954 value=0x000a0280 count=1
R350_PROBE write reg=0x4958 value=0x4001000d count=1
R350_PROBE write reg=0x4714 value=0x03841020 count=8
R350_PROBE write reg=0x4718 value=0x038a0981 count=8
R350_PROBE write reg=0x471c value=0x038829c1 count=7
R350_PROBE write reg=0x4720 value=0x03842a01 count=7
R350_PROBE write reg=0x4724 value=0x03860069 count=7
R350_PROBE write reg=0x4728 value=0x038a0b09 count=7
R350_PROBE write reg=0x472c value=0x038a00ad count=7
R350_PROBE write reg=0x4730 value=0x00830b82 count=7
R350_PROBE write reg=0x4734 value=0x0386006a count=7
R350_PROBE write reg=0x4738 value=0x038a0b81 count=6
R350_PROBE write reg=0x473c value=0x01133c40 count=6
R350_PROBE write reg=0x4740 value=0x038b0081 count=3
R350_PROBE write reg=0x4744 value=0x03904c32 count=1
R350_PROBE write reg=0x4748 value=0x03920102 count=1
R350_PROBE write reg=0x474c value=0x03920804 count=1
R350_PROBE write reg=0x4750 value=0x03804020 count=1
R350_PROBE write reg=0x4754 value=0x03840d01 count=1
R350_PROBE write reg=0x4758 value=0x1c020001 count=1
R350_PROBE write reg=0x4a14 value=0x400288ad count=8
R350_PROBE write reg=0x4a18 value=0x00040480 count=8
R350_PROBE write reg=0x4a1c value=0x00028481 count=7
R350_PROBE write reg=0x4a20 value=0x00028482 count=7
R350_PROBE write reg=0x4a24 value=0x0002c509 count=7
R350_PROBE write reg=0x4a28 value=0x00040509 count=7
R350_PROBE write reg=0x4a2c value=0x004448af count=7
R350_PROBE write reg=0x4a30 value=0x0043c38b count=7
R350_PROBE write reg=0x4a34 value=0x00440810 count=7
R350_PROBE write reg=0x4a38 value=0x00040810 count=6
R350_PROBE write reg=0x4a3c value=0x0000c480 count=6
R350_PROBE write reg=0x4a40 value=0x0002c509 count=3
R350_PROBE write reg=0x4a44 value=0x00045507 count=1
R350_PROBE write reg=0x4a48 value=0x0564080a count=1
R350_PROBE write reg=0x4a4c value=0x0062478b count=1
R350_PROBE write reg=0x4a50 value=0x0068888d count=1
R350_PROBE write reg=0x4a54 value=0x40028889 count=1
R350_PROBE write reg=0x4a58 value=0x4062478a count=1
R350_PROBE write reg=0x4814 value=0x00a60b89 count=8
R350_PROBE write reg=0x4818 value=0x008e0826 count=8
R350_PROBE write reg=0x481c value=0x008e00e7 count=7
R350_PROBE write reg=0x4820 value=0x008e00e8 count=7
R350_PROBE write reg=0x4824 value=0x008c3a48 count=7
R350_PROBE write reg=0x4828 value=0x00920809 count=7
R350_PROBE write reg=0x482c value=0x009600ea count=7
R350_PROBE write reg=0x4830 value=0x009450ea count=7
R350_PROBE write reg=0x4834 value=0x000200ea count=7
R350_PROBE write reg=0x4838 value=0x00020820 count=6
R350_PROBE write reg=0x483c value=0x008a0080 count=6
R350_PROBE write reg=0x4840 value=0x00830c82 count=3
R350_PROBE write reg=0x4844 value=0x00860042 count=1
R350_PROBE write reg=0x4848 value=0x00860040 count=1
R350_PROBE write reg=0x484c value=0x00845040 count=1
R350_PROBE write reg=0x4850 value=0x00820804 count=1
R350_PROBE write reg=0x4854 value=0x00820b80 count=1
R350_PROBE write reg=0x4858 value=0x01020001 count=1
R350_PROBE write reg=0x4c80 value=0x00000000 count=1
R350_PROBE write reg=0x4c84 value=0x00000000 count=1
R350_PROBE write reg=0x4c88 value=0x00000000 count=1
R350_PROBE write reg=0x4c8c value=0x003f0000 count=1
R350_PROBE write reg=0x4c90 value=0x00000000 count=1
R350_PROBE write reg=0x4c94 value=0x00000000 count=1
R350_PROBE write reg=0x4c98 value=0x00000000 count=1
R350_PROBE write reg=0x4c9c value=0x003f0000 count=1
R350_PROBE write reg=0x4ca0 value=0x00000000 count=1
R350_PROBE write reg=0x4ca4 value=0x00000000 count=1
R350_PROBE write reg=0x4ca8 value=0x00000000 count=1
R350_PROBE write reg=0x4cac value=0x003f0000 count=1
R350_PROBE write reg=0x4cb0 value=0x00000000 count=1
R350_PROBE write reg=0x4cb4 value=0x00000000 count=1
R350_PROBE write reg=0x4cb8 value=0x00000000 count=1
R350_PROBE write reg=0x4cbc value=0x003f0000 count=1
R350_PROBE write reg=0x4cc0 value=0x00000000 count=1
R350_PROBE write reg=0x4cc4 value=0x00000000 count=1
R350_PROBE write reg=0x4cc8 value=0x00000000 count=1
R350_PROBE write reg=0x4ccc value=0x003f0000 count=1
R350_PROBE write reg=0x4cd0 value=0x00000000 count=1
R350_PROBE write reg=0x4cd4 value=0x00000000 count=1
R350_PROBE write reg=0x4cd8 value=0x00000000 count=1
R350_PROBE write reg=0x4cdc value=0x003f0000 count=1
R350_PROBE write reg=0x4ce0 value=0x00000000 count=1
R350_PROBE write reg=0x4ce4 value=0x003d5555 count=1
R350_PROBE write reg=0x4ce8 value=0x003f0000 count=1
R350_PROBE write reg=0x4cec value=0x003f8000 count=1
R350_PROBE write reg=0x4cf0 value=0x00000000 count=1
R350_PROBE write reg=0x4cf4 value=0x00000000 count=1
R350_PROBE write reg=0x4cf8 value=0x00000000 count=1
R350_PROBE write reg=0x4cfc value=0x003f0000 count=1
R350_PROBE write reg=0x4d10 value=0x00000000 count=1
R350_PROBE write reg=0x4d14 value=0x00000000 count=1
R350_PROBE write reg=0x4d18 value=0x00000000 count=1
R350_PROBE write reg=0x4d1c value=0x003f0000 count=1
R350_PROBE write reg=0x4d20 value=0x00000000 count=1
R350_PROBE write reg=0x4d24 value=0x00000000 count=1
R350_PROBE write reg=0x4d28 value=0x00000000 count=1
R350_PROBE write reg=0x4d2c value=0x003f0000 count=1
R350_PROBE write reg=0x4d30 value=0x00000000 count=1
R350_PROBE write reg=0x4d34 value=0x00000000 count=1
R350_PROBE write reg=0x4d38 value=0x00000000 count=1
R350_PROBE write reg=0x4d3c value=0x003f0000 count=1
R350_PROBE write reg=0x4d40 value=0x003e2e14 count=1
R350_PROBE write reg=0x4d44 value=0x00000000 count=1
R350_PROBE write reg=0x4d48 value=0x00000000 count=1
R350_PROBE write reg=0x4d4c value=0x00000000 count=1
R350_PROBE write reg=0x4d50 value=0x003421d2 count=1
R350_PROBE write reg=0x4d54 value=0x003a5555 count=1
R350_PROBE write reg=0x4d58 value=0x00000000 count=1
R350_PROBE write reg=0x4d5c value=0x00000000 count=1
R350_PROBE write reg=0x4d60 value=0x003d5555 count=1
R350_PROBE write reg=0x4d64 value=0x003e0000 count=1
R350_PROBE write reg=0x4d68 value=0x00000000 count=1
R350_PROBE write reg=0x4d6c value=0x00000000 count=1
R350_PROBE write reg=0x4340 value=0x0000010c count=5
R350_PROBE write reg=0x4344 value=0x0000014d count=5
R350_PROBE write reg=0x4348 value=0x0000018e count=5
R350_PROBE write reg=0x434c value=0x000001cf count=5
R350_PROBE write reg=0x48d4 value=0x00050200 count=32
R350_PROBE write reg=0x491c value=0x00020202 count=8
R350_PROBE write reg=0x4920 value=0x00020203 count=8
R350_PROBE write reg=0x4924 value=0x0001000c count=8
R350_PROBE write reg=0x4928 value=0x00050280 count=8
R350_PROBE write reg=0x492c value=0x04080214 count=8
R350_PROBE write reg=0x4930 value=0x00850300 count=8
R350_PROBE write reg=0x4934 value=0x00450793 count=8
R350_PROBE write reg=0x4938 value=0x00850300 count=7
R350_PROBE write reg=0x493c value=0x00024681 count=7
R350_PROBE write reg=0x4940 value=0x0020050f count=4
R350_PROBE write reg=0x4944 value=0x0001c00c count=2
R350_PROBE write reg=0x4948 value=0x00010980 count=2
R350_PROBE write reg=0x494c value=0x00050680 count=2
R350_PROBE write reg=0x4950 value=0x00230988 count=2
R350_PROBE write reg=0x4954 value=0x000a0280 count=2
R350_PROBE write reg=0x4958 value=0x4001000d count=2
R350_PROBE write reg=0x46d4 value=0x01960d45 count=32
R350_PROBE write reg=0x471c value=0x038829c1 count=8
R350_PROBE write reg=0x4720 value=0x03842a01 count=8
R350_PROBE write reg=0x4724 value=0x03860069 count=8
R350_PROBE write reg=0x4728 value=0x038a0b09 count=8
R350_PROBE write reg=0x472c value=0x038a00ad count=8
R350_PROBE write reg=0x4730 value=0x00830b82 count=8
R350_PROBE write reg=0x4734 value=0x0386006a count=8
R350_PROBE write reg=0x4738 value=0x038a0b81 count=7
R350_PROBE write reg=0x473c value=0x01133c40 count=7
R350_PROBE write reg=0x4740 value=0x038b0081 count=4
R350_PROBE write reg=0x4744 value=0x03904c32 count=2
R350_PROBE write reg=0x4748 value=0x03920102 count=2
R350_PROBE write reg=0x474c value=0x03920804 count=2
R350_PROBE write reg=0x4750 value=0x03804020 count=2
R350_PROBE write reg=0x4754 value=0x03840d01 count=2
R350_PROBE write reg=0x4758 value=0x1c020001 count=2
R350_PROBE write reg=0x49d4 value=0x04040809 count=32
R350_PROBE write reg=0x4a1c value=0x00028481 count=8
R350_PROBE write reg=0x4a20 value=0x00028482 count=8
R350_PROBE write reg=0x4a24 value=0x0002c509 count=8
R350_PROBE write reg=0x4a28 value=0x00040509 count=8
R350_PROBE write reg=0x4a2c value=0x004448af count=8
R350_PROBE write reg=0x4a30 value=0x0043c38b count=8
R350_PROBE write reg=0x4a34 value=0x00440810 count=8
R350_PROBE write reg=0x4a38 value=0x00040810 count=7
R350_PROBE write reg=0x4a3c value=0x0000c480 count=7
R350_PROBE write reg=0x4a40 value=0x0002c509 count=4
R350_PROBE write reg=0x4a44 value=0x00045507 count=2
R350_PROBE write reg=0x4a48 value=0x0564080a count=2
R350_PROBE write reg=0x4a4c value=0x0062478b count=2
R350_PROBE write reg=0x4a50 value=0x0068888d count=2
R350_PROBE write reg=0x4a54 value=0x40028889 count=2
R350_PROBE write reg=0x4a58 value=0x4062478a count=2
R350_PROBE write reg=0x47d4 value=0x00860801 count=32
R350_PROBE write reg=0x481c value=0x008e00e7 count=8
R350_PROBE write reg=0x4820 value=0x008e00e8 count=8
R350_PROBE write reg=0x4824 value=0x008c3a48 count=8
R350_PROBE write reg=0x4828 value=0x00920809 count=8
R350_PROBE write reg=0x482c value=0x009600ea count=8
R350_PROBE write reg=0x4830 value=0x009450ea count=8
R350_PROBE write reg=0x4834 value=0x000200ea count=8
R350_PROBE write reg=0x4838 value=0x00020820 count=7
R350_PROBE write reg=0x483c value=0x008a0080 count=7
R350_PROBE write reg=0x4840 value=0x00830c82 count=4
R350_PROBE write reg=0x4844 value=0x00860042 count=2
R350_PROBE write reg=0x4848 value=0x00860040 count=2
R350_PROBE write reg=0x484c value=0x00845040 count=2
R350_PROBE write reg=0x4850 value=0x00820804 count=2
R350_PROBE write reg=0x4854 value=0x00820b80 count=2
R350_PROBE write reg=0x4858 value=0x01020001 count=2
R350_PROBE write reg=0x4c80 value=0x00000000 count=2
R350_PROBE write reg=0x4c84 value=0x00000000 count=2
R350_PROBE write reg=0x4c88 value=0x00000000 count=2
R350_PROBE write reg=0x4c8c value=0x003f0000 count=2
R350_PROBE write reg=0x4c90 value=0x00000000 count=2
R350_PROBE write reg=0x4c94 value=0x00000000 count=2
R350_PROBE write reg=0x4c98 value=0x00000000 count=2
R350_PROBE write reg=0x4c9c value=0x003f0000 count=2
R350_PROBE write reg=0x4ca0 value=0x00000000 count=2
R350_PROBE write reg=0x4ca4 value=0x00000000 count=2
R350_PROBE write reg=0x4ca8 value=0x00000000 count=2
R350_PROBE write reg=0x4cac value=0x003f0000 count=2
R350_PROBE write reg=0x4cb0 value=0x00000000 count=2
R350_PROBE write reg=0x4cb4 value=0x00000000 count=2
R350_PROBE write reg=0x4cb8 value=0x00000000 count=2
R350_PROBE write reg=0x4cbc value=0x003f0000 count=2
R350_PROBE write reg=0x4cc0 value=0x00000000 count=2
R350_PROBE write reg=0x4cc4 value=0x00000000 count=2
R350_PROBE write reg=0x4cc8 value=0x00000000 count=2
R350_PROBE write reg=0x4ccc value=0x003f0000 count=2
R350_PROBE write reg=0x4cd0 value=0x00000000 count=2
R350_PROBE write reg=0x4cd4 value=0x00000000 count=2
R350_PROBE write reg=0x4cd8 value=0x00000000 count=2
R350_PROBE write reg=0x4cdc value=0x003f0000 count=2
R350_PROBE write reg=0x4ce0 value=0x00000000 count=2
R350_PROBE write reg=0x4ce4 value=0x003d5555 count=2
R350_PROBE write reg=0x4ce8 value=0x003f0000 count=2
R350_PROBE write reg=0x4cec value=0x003f8000 count=2
R350_PROBE write reg=0x4cf0 value=0x00000000 count=2
R350_PROBE write reg=0x4cf4 value=0x00000000 count=2
R350_PROBE write reg=0x4cf8 value=0x00000000 count=2
R350_PROBE write reg=0x4cfc value=0x003f0000 count=2
R350_PROBE write reg=0x4d10 value=0x00000000 count=2
R350_PROBE write reg=0x4d14 value=0x00000000 count=2
R350_PROBE write reg=0x4d18 value=0x00000000 count=2
R350_PROBE write reg=0x4d1c value=0x003f0000 count=2
R350_PROBE write reg=0x4d20 value=0x00000000 count=2
R350_PROBE write reg=0x4d24 value=0x00000000 count=2
R350_PROBE write reg=0x4d28 value=0x00000000 count=2
R350_PROBE write reg=0x4d2c value=0x003f0000 count=2
R350_PROBE write reg=0x4d30 value=0x00000000 count=2
R350_PROBE write reg=0x4d34 value=0x00000000 count=2
R350_PROBE write reg=0x4d38 value=0x00000000 count=2
R350_PROBE write reg=0x4d3c value=0x003f0000 count=2
R350_PROBE write reg=0x4d40 value=0x003e2e14 count=2
R350_PROBE write reg=0x4d44 value=0x00000000 count=2
R350_PROBE write reg=0x4d48 value=0x00000000 count=2
R350_PROBE write reg=0x4d4c value=0x00000000 count=2
R350_PROBE write reg=0x4d50 value=0x003421d2 count=2
R350_PROBE write reg=0x4d54 value=0x003a5555 count=2
R350_PROBE write reg=0x4d58 value=0x00000000 count=2
R350_PROBE write reg=0x4d5c value=0x00000000 count=2
R350_PROBE write reg=0x4d60 value=0x003d5555 count=2
R350_PROBE write reg=0x4d64 value=0x003e0000 count=2
R350_PROBE write reg=0x4d68 value=0x00000000 count=2
R350_PROBE write reg=0x4d6c value=0x00000000 count=2
R350_PROBE write reg=0x4340 value=0x0000010c count=6
R350_PROBE write reg=0x4344 value=0x0000014d count=6
R350_PROBE write reg=0x4348 value=0x0000018e count=6
R350_PROBE write reg=0x434c value=0x000001cf count=6
R350_PROBE write reg=0x48d8 value=0x01050200 count=32
R350_PROBE write reg=0x48dc value=0x01050200 count=32
R350_PROBE write reg=0x4938 value=0x00850300 count=8
R350_PROBE write reg=0x493c value=0x00024681 count=8
R350_PROBE write reg=0x4940 value=0x0020050f count=5
R350_PROBE write reg=0x4944 value=0x0001c00c count=3
R350_PROBE write reg=0x4948 value=0x00010980 count=3
R350_PROBE write reg=0x494c value=0x00050680 count=3
R350_PROBE write reg=0x4950 value=0x00230988 count=3
R350_PROBE write reg=0x4954 value=0x000a0280 count=3
R350_PROBE write reg=0x4958 value=0x4001000d count=3
R350_PROBE write reg=0x46d8 value=0x00a208c9 count=32
R350_PROBE write reg=0x46dc value=0x01220909 count=32
R350_PROBE write reg=0x4738 value=0x038a0b81 count=8
R350_PROBE write reg=0x473c value=0x01133c40 count=8
R350_PROBE write reg=0x4740 value=0x038b0081 count=5
R350_PROBE write reg=0x4744 value=0x03904c32 count=3
R350_PROBE write reg=0x4748 value=0x03920102 count=3
R350_PROBE write reg=0x474c value=0x03920804 count=3
R350_PROBE write reg=0x4750 value=0x03804020 count=3
R350_PROBE write reg=0x4754 value=0x03840d01 count=3
R350_PROBE write reg=0x4758 value=0x1c020001 count=3
R350_PROBE write reg=0x49d8 value=0x00840509 count=32
R350_PROBE write reg=0x49dc value=0x00840509 count=32
R350_PROBE write reg=0x4a38 value=0x00040810 count=8
R350_PROBE write reg=0x4a3c value=0x0000c480 count=8
R350_PROBE write reg=0x4a40 value=0x0002c509 count=5
R350_PROBE write reg=0x4a44 value=0x00045507 count=3
R350_PROBE write reg=0x4a48 value=0x0564080a count=3
R350_PROBE write reg=0x4a4c value=0x0062478b count=3
R350_PROBE write reg=0x4a50 value=0x0068888d count=3
R350_PROBE write reg=0x4a54 value=0x40028889 count=3
R350_PROBE write reg=0x4a58 value=0x4062478a count=3
R350_PROBE write reg=0x47d8 value=0x002208c9 count=32
R350_PROBE write reg=0x47dc value=0x00220909 count=32
R350_PROBE write reg=0x4838 value=0x00020820 count=8
R350_PROBE write reg=0x483c value=0x008a0080 count=8
R350_PROBE write reg=0x4840 value=0x00830c82 count=5
R350_PROBE write reg=0x4844 value=0x00860042 count=3
R350_PROBE write reg=0x4848 value=0x00860040 count=3
R350_PROBE write reg=0x484c value=0x00845040 count=3
R350_PROBE write reg=0x4850 value=0x00820804 count=3
R350_PROBE write reg=0x4854 value=0x00820b80 count=3
R350_PROBE write reg=0x4858 value=0x01020001 count=3
R350_PROBE write reg=0x4628 value=0x000080c3 count=32
R350_PROBE write reg=0x4c80 value=0x00000000 count=3
R350_PROBE write reg=0x4c84 value=0x00000000 count=3
R350_PROBE write reg=0x4c88 value=0x00000000 count=3
R350_PROBE write reg=0x4c8c value=0x003f0000 count=3
R350_PROBE write reg=0x4c90 value=0x00000000 count=3
R350_PROBE write reg=0x4c94 value=0x00000000 count=3
R350_PROBE write reg=0x4c98 value=0x00000000 count=3
R350_PROBE write reg=0x4c9c value=0x003f0000 count=3
R350_PROBE write reg=0x4ca0 value=0x00000000 count=3
R350_PROBE write reg=0x4ca4 value=0x00000000 count=3
R350_PROBE write reg=0x4ca8 value=0x00000000 count=3
R350_PROBE write reg=0x4cac value=0x003f0000 count=3
R350_PROBE write reg=0x4cb0 value=0x00000000 count=3
R350_PROBE write reg=0x4cb4 value=0x00000000 count=3
R350_PROBE write reg=0x4cb8 value=0x00000000 count=3
R350_PROBE write reg=0x4cbc value=0x003f0000 count=3
R350_PROBE write reg=0x4cc0 value=0x00000000 count=3
R350_PROBE write reg=0x4cc4 value=0x00000000 count=3
R350_PROBE write reg=0x4cc8 value=0x00000000 count=3
R350_PROBE write reg=0x4ccc value=0x003f0000 count=3
R350_PROBE write reg=0x4cd0 value=0x00000000 count=3
R350_PROBE write reg=0x4cd4 value=0x00000000 count=3
R350_PROBE write reg=0x4cd8 value=0x00000000 count=3
R350_PROBE write reg=0x4cdc value=0x003f0000 count=3
R350_PROBE write reg=0x4ce0 value=0x00000000 count=3
R350_PROBE write reg=0x4ce4 value=0x003d5555 count=3
R350_PROBE write reg=0x4ce8 value=0x003f0000 count=3
R350_PROBE write reg=0x4cec value=0x003f8000 count=3
R350_PROBE write reg=0x4cf0 value=0x00000000 count=3
R350_PROBE write reg=0x4cf4 value=0x00000000 count=3
R350_PROBE write reg=0x4cf8 value=0x00000000 count=3
R350_PROBE write reg=0x4cfc value=0x003f0000 count=3
R350_PROBE write reg=0x4d10 value=0x00000000 count=3
R350_PROBE write reg=0x4d14 value=0x00000000 count=3
R350_PROBE write reg=0x4d18 value=0x00000000 count=3
R350_PROBE write reg=0x4d1c value=0x003f0000 count=3
R350_PROBE write reg=0x4d20 value=0x00000000 count=3
R350_PROBE write reg=0x4d24 value=0x00000000 count=3
R350_PROBE write reg=0x4d28 value=0x00000000 count=3
R350_PROBE write reg=0x4d2c value=0x003f0000 count=3
R350_PROBE write reg=0x4d30 value=0x00000000 count=3
R350_PROBE write reg=0x4d34 value=0x00000000 count=3
R350_PROBE write reg=0x4d38 value=0x00000000 count=3
R350_PROBE write reg=0x4d3c value=0x003f0000 count=3
R350_PROBE write reg=0x4d40 value=0x003e2e14 count=3
R350_PROBE write reg=0x4d44 value=0x00000000 count=3
R350_PROBE write reg=0x4d48 value=0x00000000 count=3
R350_PROBE write reg=0x4d4c value=0x00000000 count=3
R350_PROBE write reg=0x4d50 value=0x003421d2 count=3
R350_PROBE write reg=0x4d54 value=0x003a5555 count=3
R350_PROBE write reg=0x4d58 value=0x00000000 count=3
R350_PROBE write reg=0x4d5c value=0x00000000 count=3
R350_PROBE write reg=0x4d60 value=0x003d5555 count=3
R350_PROBE write reg=0x4d64 value=0x003e0000 count=3
R350_PROBE write reg=0x4d68 value=0x00000000 count=3
R350_PROBE write reg=0x4d6c value=0x00000000 count=3
R350_PROBE write reg=0x4338 value=0x0000008a count=16
R350_PROBE write reg=0x433c value=0x000000cb count=16
R350_PROBE write reg=0x4340 value=0x0000010c count=7
R350_PROBE write reg=0x4344 value=0x0000014d count=7
R350_PROBE write reg=0x4348 value=0x0000018e count=7
R350_PROBE write reg=0x434c value=0x000001cf count=7
R350_PROBE write reg=0x4404 value=0x10001436 count=8
R350_PROBE write reg=0x4444 value=0x00000000 count=8
R350_PROBE write reg=0x4484 value=0x80000802 count=8
R350_PROBE write reg=0x44c4 value=0x0000a60c count=8
R350_PROBE write reg=0x45c4 value=0x00000000 count=8
R350_PROBE write reg=0x4584 value=0x00000000 count=8
R350_PROBE write reg=0x4504 value=0x0000003f count=8
R350_PROBE write reg=0x4544 value=0x00738008 count=4
R350_PROBE write reg=0x48e0 value=0x00050200 count=32
R350_PROBE write reg=0x4940 value=0x0020050f count=6
R350_PROBE write reg=0x4944 value=0x0001c00c count=4
R350_PROBE write reg=0x4948 value=0x00010980 count=4
R350_PROBE write reg=0x494c value=0x00050680 count=4
R350_PROBE write reg=0x4950 value=0x00230988 count=4
R350_PROBE write reg=0x4954 value=0x000a0280 count=4
R350_PROBE write reg=0x4958 value=0x4001000d count=4
R350_PROBE write reg=0x46e0 value=0x018f3d43 count=32
R350_PROBE write reg=0x4740 value=0x038b0081 count=6
R350_PROBE write reg=0x4744 value=0x03904c32 count=4
R350_PROBE write reg=0x4748 value=0x03920102 count=4
R350_PROBE write reg=0x474c value=0x03920804 count=4
R350_PROBE write reg=0x4750 value=0x03804020 count=4
R350_PROBE write reg=0x4754 value=0x03840d01 count=4
R350_PROBE write reg=0x4758 value=0x1c020001 count=4
R350_PROBE write reg=0x49e0 value=0x0001c8a6 count=32
R350_PROBE write reg=0x4a40 value=0x0002c509 count=6
R350_PROBE write reg=0x4a44 value=0x00045507 count=4
R350_PROBE write reg=0x4a48 value=0x0564080a count=4
R350_PROBE write reg=0x4a4c value=0x0062478b count=4
R350_PROBE write reg=0x4a50 value=0x0068888d count=4
R350_PROBE write reg=0x4a54 value=0x40028889 count=4
R350_PROBE write reg=0x4a58 value=0x4062478a count=4
R350_PROBE write reg=0x47e0 value=0x008a0820 count=32
R350_PROBE write reg=0x4840 value=0x00830c82 count=6
R350_PROBE write reg=0x4844 value=0x00860042 count=4
R350_PROBE write reg=0x4848 value=0x00860040 count=4
R350_PROBE write reg=0x484c value=0x00845040 count=4
R350_PROBE write reg=0x4850 value=0x00820804 count=4
R350_PROBE write reg=0x4854 value=0x00820b80 count=4
R350_PROBE write reg=0x4858 value=0x01020001 count=4
R350_PROBE write reg=0x462c value=0x00008186 count=32
R350_PROBE write reg=0x4c80 value=0x00000000 count=4
R350_PROBE write reg=0x4c84 value=0x00000000 count=4
R350_PROBE write reg=0x4c88 value=0x003f0000 count=4
R350_PROBE write reg=0x4c8c value=0x00000000 count=4
R350_PROBE write reg=0x4c90 value=0x00000000 count=4
R350_PROBE write reg=0x4c94 value=0x00000000 count=4
R350_PROBE write reg=0x4c98 value=0x00000000 count=4
R350_PROBE write reg=0x4c9c value=0x00000000 count=4
R350_PROBE write reg=0x4ca0 value=0x00000000 count=4
R350_PROBE write reg=0x4ca4 value=0x00000000 count=4
R350_PROBE write reg=0x4ca8 value=0x00000000 count=4
R350_PROBE write reg=0x4cac value=0x003f0000 count=4
R350_PROBE write reg=0x4cb0 value=0x003a745d count=4
R350_PROBE write reg=0x4cb4 value=0x003a745d count=4
R350_PROBE write reg=0x4cb8 value=0x003a745d count=4
R350_PROBE write reg=0x4cbc value=0x003a745d count=4
R350_PROBE write reg=0x4cc0 value=0x003fc5ed count=4
R350_PROBE write reg=0x4cc4 value=0x00000000 count=4
R350_PROBE write reg=0x4cc8 value=0x003fe000 count=4
R350_PROBE write reg=0x4ccc value=0x00000000 count=4
R350_PROBE write reg=0x4cd0 value=0x003e0000 count=4
R350_PROBE write reg=0x4cd4 value=0x003e0000 count=4
R350_PROBE write reg=0x4cd8 value=0x003e0000 count=4
R350_PROBE write reg=0x4cdc value=0x003e0000 count=4
R350_PROBE write reg=0x4ce0 value=0x00000000 count=4
R350_PROBE write reg=0x4ce4 value=0x003d5555 count=4
R350_PROBE write reg=0x4ce8 value=0x003f0000 count=4
R350_PROBE write reg=0x4cec value=0x003f8000 count=4
R350_PROBE write reg=0x4cf0 value=0x00000000 count=4
R350_PROBE write reg=0x4cf4 value=0x00000000 count=4
R350_PROBE write reg=0x4cf8 value=0x00000000 count=4
R350_PROBE write reg=0x4cfc value=0x003f0000 count=4
R350_PROBE write reg=0x4d10 value=0x003e3333 count=4
R350_PROBE write reg=0x4d14 value=0x003d0000 count=4
R350_PROBE write reg=0x4d18 value=0x00000000 count=4
R350_PROBE write reg=0x4d1c value=0x00000000 count=4
R350_PROBE write reg=0x4d20 value=0x003f0000 count=4
R350_PROBE write reg=0x4d24 value=0x003f0000 count=4
R350_PROBE write reg=0x4d28 value=0x003f0000 count=4
R350_PROBE write reg=0x4d2c value=0x003f0000 count=4
R350_PROBE write reg=0x4d30 value=0x003d6666 count=4
R350_PROBE write reg=0x4d34 value=0x003c3333 count=4
R350_PROBE write reg=0x4d38 value=0x00000000 count=4
R350_PROBE write reg=0x4d3c value=0x003e8000 count=4
R350_PROBE write reg=0x4d40 value=0x003e2e14 count=4
R350_PROBE write reg=0x4d44 value=0x00000000 count=4
R350_PROBE write reg=0x4d48 value=0x00000000 count=4
R350_PROBE write reg=0x4d4c value=0x00000000 count=4
R350_PROBE write reg=0x4d50 value=0x003421d2 count=4
R350_PROBE write reg=0x4d54 value=0x003a5555 count=4
R350_PROBE write reg=0x4d58 value=0x00000000 count=4
R350_PROBE write reg=0x4d5c value=0x00000000 count=4
R350_PROBE write reg=0x4d60 value=0x003d5555 count=4
R350_PROBE write reg=0x4d64 value=0x003e0000 count=4
R350_PROBE write reg=0x4d68 value=0x00000000 count=4
R350_PROBE write reg=0x4d6c value=0x00000000 count=4
R350_PROBE write reg=0x4340 value=0x0000010c count=8
R350_PROBE write reg=0x4344 value=0x0000014d count=8
R350_PROBE write reg=0x4348 value=0x0000018e count=8
R350_PROBE write reg=0x434c value=0x000001cf count=8
R350_PROBE write reg=0x4940 value=0x0020050f count=7
R350_PROBE write reg=0x4944 value=0x0001c00c count=5
R350_PROBE write reg=0x4948 value=0x00010980 count=5
R350_PROBE write reg=0x494c value=0x00050680 count=5
R350_PROBE write reg=0x4950 value=0x00230988 count=5
R350_PROBE write reg=0x4954 value=0x000a0280 count=5
R350_PROBE write reg=0x4958 value=0x4001000d count=5
R350_PROBE write reg=0x4740 value=0x038b0081 count=7
R350_PROBE write reg=0x4744 value=0x03904c32 count=5
R350_PROBE write reg=0x4748 value=0x03920102 count=5
R350_PROBE write reg=0x474c value=0x03920804 count=5
R350_PROBE write reg=0x4750 value=0x03804020 count=5
R350_PROBE write reg=0x4754 value=0x03840d01 count=5
R350_PROBE write reg=0x4758 value=0x1c020001 count=5
R350_PROBE write reg=0x4a40 value=0x0002c509 count=7
R350_PROBE write reg=0x4a44 value=0x00045507 count=5
R350_PROBE write reg=0x4a48 value=0x0564080a count=5
R350_PROBE write reg=0x4a4c value=0x0062478b count=5
R350_PROBE write reg=0x4a50 value=0x0068888d count=5
R350_PROBE write reg=0x4a54 value=0x40028889 count=5
R350_PROBE write reg=0x4a58 value=0x4062478a count=5
R350_PROBE write reg=0x4840 value=0x00830c82 count=7
R350_PROBE write reg=0x4844 value=0x00860042 count=5
R350_PROBE write reg=0x4848 value=0x00860040 count=5
R350_PROBE write reg=0x484c value=0x00845040 count=5
R350_PROBE write reg=0x4850 value=0x00820804 count=5
R350_PROBE write reg=0x4854 value=0x00820b80 count=5
R350_PROBE write reg=0x4858 value=0x01020001 count=5
R350_PROBE write reg=0x4c80 value=0x00000000 count=5
R350_PROBE write reg=0x4c84 value=0x00000000 count=5
R350_PROBE write reg=0x4c88 value=0x003f0000 count=5
R350_PROBE write reg=0x4c8c value=0x00000000 count=5
R350_PROBE write reg=0x4c90 value=0x00000000 count=5
R350_PROBE write reg=0x4c94 value=0x00000000 count=5
R350_PROBE write reg=0x4c98 value=0x00000000 count=5
R350_PROBE write reg=0x4c9c value=0x00000000 count=5
R350_PROBE write reg=0x4ca0 value=0x00000000 count=5
R350_PROBE write reg=0x4ca4 value=0x00000000 count=5
R350_PROBE write reg=0x4ca8 value=0x00000000 count=5
R350_PROBE write reg=0x4cac value=0x003f0000 count=5
R350_PROBE write reg=0x4cb0 value=0x003a745d count=5
R350_PROBE write reg=0x4cb4 value=0x003a745d count=5
R350_PROBE write reg=0x4cb8 value=0x003a745d count=5
R350_PROBE write reg=0x4cbc value=0x003a745d count=5
R350_PROBE write reg=0x4cc0 value=0x003fc5ed count=5
R350_PROBE write reg=0x4cc4 value=0x00000000 count=5
R350_PROBE write reg=0x4cc8 value=0x003fe000 count=5
R350_PROBE write reg=0x4ccc value=0x00000000 count=5
R350_PROBE write reg=0x4cd0 value=0x003e0000 count=5
R350_PROBE write reg=0x4cd4 value=0x003e0000 count=5
R350_PROBE write reg=0x4cd8 value=0x003e0000 count=5
R350_PROBE write reg=0x4cdc value=0x003e0000 count=5
R350_PROBE write reg=0x4ce0 value=0x00000000 count=5
R350_PROBE write reg=0x4ce4 value=0x003d5555 count=5
R350_PROBE write reg=0x4ce8 value=0x003f0000 count=5
R350_PROBE write reg=0x4cec value=0x003f8000 count=5
R350_PROBE write reg=0x4cf0 value=0x00000000 count=5
R350_PROBE write reg=0x4cf4 value=0x00000000 count=5
R350_PROBE write reg=0x4cf8 value=0x00000000 count=5
R350_PROBE write reg=0x4cfc value=0x003f0000 count=5
R350_PROBE write reg=0x4d10 value=0x003e3333 count=5
R350_PROBE write reg=0x4d14 value=0x003d0000 count=5
R350_PROBE write reg=0x4d18 value=0x00000000 count=5
R350_PROBE write reg=0x4d1c value=0x00000000 count=5
R350_PROBE write reg=0x4d20 value=0x003f0000 count=5
R350_PROBE write reg=0x4d24 value=0x003f0000 count=5
R350_PROBE write reg=0x4d28 value=0x003f0000 count=5
R350_PROBE write reg=0x4d2c value=0x003f0000 count=5
R350_PROBE write reg=0x4d30 value=0x003d6666 count=5
R350_PROBE write reg=0x4d34 value=0x003c3333 count=5
R350_PROBE write reg=0x4d38 value=0x00000000 count=5
R350_PROBE write reg=0x4d3c value=0x003e8000 count=5
R350_PROBE write reg=0x4d40 value=0x003e2e14 count=5
R350_PROBE write reg=0x4d44 value=0x00000000 count=5
R350_PROBE write reg=0x4d48 value=0x00000000 count=5
R350_PROBE write reg=0x4d4c value=0x00000000 count=5
R350_PROBE write reg=0x4d50 value=0x003421d2 count=5
R350_PROBE write reg=0x4d54 value=0x003a5555 count=5
R350_PROBE write reg=0x4d58 value=0x00000000 count=5
R350_PROBE write reg=0x4d5c value=0x00000000 count=5
R350_PROBE write reg=0x4d60 value=0x003d5555 count=5
R350_PROBE write reg=0x4d64 value=0x003e0000 count=5
R350_PROBE write reg=0x4d68 value=0x00000000 count=5
R350_PROBE write reg=0x4d6c value=0x00000000 count=5
R350_PROBE write reg=0x4e50 value=0x00000005 count=128
R350_PROBE write reg=0x2180 value=0x00000000 count=128
R350_PROBE write reg=0x4544 value=0x00738008 count=5
R350_PROBE write reg=0x4e4c value=0x0000000a count=1024
R350_PROBE write reg=0x495c value=0x00050200 count=1
R350_PROBE write reg=0x4960 value=0x00050a14 count=1
R350_PROBE write reg=0x4964 value=0x00050600 count=1
R350_PROBE write reg=0x4968 value=0x00050201 count=1
R350_PROBE write reg=0x496c value=0x00020202 count=1
R350_PROBE write reg=0x4970 value=0x00020203 count=1
R350_PROBE write reg=0x4974 value=0x0001000c count=1
R350_PROBE write reg=0x4978 value=0x00010a80 count=1
R350_PROBE write reg=0x497c value=0x0005000c count=1
R350_PROBE write reg=0x475c value=0x01820c00 count=1
R350_PROBE write reg=0x4760 value=0x00020820 count=1
R350_PROBE write reg=0x4764 value=0x03820800 count=1
R350_PROBE write reg=0x4768 value=0x03860800 count=1
R350_PROBE write reg=0x476c value=0x03841840 count=1
R350_PROBE write reg=0x4770 value=0x03801880 count=1
R350_PROBE write reg=0x4774 value=0x03820023 count=1
R350_PROBE write reg=0x4778 value=0x03820900 count=1
R350_PROBE write reg=0x477c value=0x1c020800 count=1
R350_PROBE write reg=0x4a5c value=0x00040810 count=1
R350_PROBE write reg=0x4a60 value=0x05040809 count=1
R350_PROBE write reg=0x4a64 value=0x00040810 count=1
R350_PROBE write reg=0x4a68 value=0x00040480 count=1
R350_PROBE write reg=0x4a6c value=0x00028481 count=1
R350_PROBE write reg=0x4a70 value=0x00028482 count=1
R350_PROBE write reg=0x4a74 value=0x0002c509 count=1
R350_PROBE write reg=0x4a78 value=0x00028889 count=1
R350_PROBE write reg=0x4a7c value=0x00040889 count=1
R350_PROBE write reg=0x485c value=0x00020820 count=1
R350_PROBE write reg=0x4860 value=0x00860800 count=1
R350_PROBE write reg=0x4864 value=0x00020801 count=1
R350_PROBE write reg=0x4868 value=0x00860820 count=1
R350_PROBE write reg=0x486c value=0x00860061 count=1
R350_PROBE write reg=0x4870 value=0x00860062 count=1
R350_PROBE write reg=0x4874 value=0x008018c0 count=1
R350_PROBE write reg=0x4878 value=0x00820900 count=1
R350_PROBE write reg=0x487c value=0x01020800 count=1
R350_PROBE write reg=0x4c20 value=0x00000000 count=32
R350_PROBE write reg=0x4c24 value=0x00000000 count=32
R350_PROBE write reg=0x4c28 value=0x00000000 count=32
R350_PROBE write reg=0x4c2c value=0x00000000 count=32
R350_PROBE write reg=0x4c30 value=0x00000000 count=32
R350_PROBE write reg=0x4c34 value=0x00000000 count=32
R350_PROBE write reg=0x4c38 value=0x00000000 count=32
R350_PROBE write reg=0x4c3c value=0x003e3333 count=32
R350_PROBE write reg=0x4940 value=0x0020050f count=8
R350_PROBE write reg=0x4944 value=0x0001c00c count=6
R350_PROBE write reg=0x4948 value=0x00010980 count=6
R350_PROBE write reg=0x494c value=0x00050680 count=6
R350_PROBE write reg=0x4950 value=0x00230988 count=6
R350_PROBE write reg=0x4954 value=0x000a0280 count=6
R350_PROBE write reg=0x4958 value=0x4001000d count=6
R350_PROBE write reg=0x495c value=0x00050200 count=2
R350_PROBE write reg=0x4960 value=0x00050a14 count=2
R350_PROBE write reg=0x4964 value=0x00050600 count=2
R350_PROBE write reg=0x4968 value=0x00050201 count=2
R350_PROBE write reg=0x496c value=0x00020202 count=2
R350_PROBE write reg=0x4970 value=0x00020203 count=2
R350_PROBE write reg=0x4974 value=0x0001000c count=2
R350_PROBE write reg=0x4978 value=0x00010a80 count=2
R350_PROBE write reg=0x497c value=0x0005000c count=2
R350_PROBE write reg=0x4740 value=0x038b0081 count=8
R350_PROBE write reg=0x4744 value=0x03904c32 count=6
R350_PROBE write reg=0x4748 value=0x03920102 count=6
R350_PROBE write reg=0x474c value=0x03920804 count=6
R350_PROBE write reg=0x4750 value=0x03804020 count=6
R350_PROBE write reg=0x4754 value=0x03840d01 count=6
R350_PROBE write reg=0x4758 value=0x1c020001 count=6
R350_PROBE write reg=0x475c value=0x01820c00 count=2
R350_PROBE write reg=0x4760 value=0x00020820 count=2
R350_PROBE write reg=0x4764 value=0x03820800 count=2
R350_PROBE write reg=0x4768 value=0x03860800 count=2
R350_PROBE write reg=0x476c value=0x03841840 count=2
R350_PROBE write reg=0x4770 value=0x03801880 count=2
R350_PROBE write reg=0x4774 value=0x03820023 count=2
R350_PROBE write reg=0x4778 value=0x03820900 count=2
R350_PROBE write reg=0x477c value=0x1c020800 count=2
R350_PROBE write reg=0x4a40 value=0x0002c509 count=8
R350_PROBE write reg=0x4a44 value=0x00045507 count=6
R350_PROBE write reg=0x4a48 value=0x0564080a count=6
R350_PROBE write reg=0x4a4c value=0x0062478b count=6
R350_PROBE write reg=0x4a50 value=0x0068888d count=6
R350_PROBE write reg=0x4a54 value=0x40028889 count=6
R350_PROBE write reg=0x4a58 value=0x4062478a count=6
R350_PROBE write reg=0x4a5c value=0x00040810 count=2
R350_PROBE write reg=0x4a60 value=0x05040809 count=2
R350_PROBE write reg=0x4a64 value=0x00040810 count=2
R350_PROBE write reg=0x4a68 value=0x00040480 count=2
R350_PROBE write reg=0x4a6c value=0x00028481 count=2
R350_PROBE write reg=0x4a70 value=0x00028482 count=2
R350_PROBE write reg=0x4a74 value=0x0002c509 count=2
R350_PROBE write reg=0x4a78 value=0x00028889 count=2
R350_PROBE write reg=0x4a7c value=0x00040889 count=2
R350_PROBE write reg=0x4840 value=0x00830c82 count=8
R350_PROBE write reg=0x4844 value=0x00860042 count=6
R350_PROBE write reg=0x4848 value=0x00860040 count=6
R350_PROBE write reg=0x484c value=0x00845040 count=6
R350_PROBE write reg=0x4850 value=0x00820804 count=6
R350_PROBE write reg=0x4854 value=0x00820b80 count=6
R350_PROBE write reg=0x4858 value=0x01020001 count=6
R350_PROBE write reg=0x485c value=0x00020820 count=2
R350_PROBE write reg=0x4860 value=0x00860800 count=2
R350_PROBE write reg=0x4864 value=0x00020801 count=2
R350_PROBE write reg=0x4868 value=0x00860820 count=2
R350_PROBE write reg=0x486c value=0x00860061 count=2
R350_PROBE write reg=0x4870 value=0x00860062 count=2
R350_PROBE write reg=0x4874 value=0x008018c0 count=2
R350_PROBE write reg=0x4878 value=0x00820900 count=2
R350_PROBE write reg=0x487c value=0x01020800 count=2
R350_PROBE write reg=0x4980 value=0x00050a80 count=1
R350_PROBE write reg=0x4780 value=0x1c020800 count=1
R350_PROBE write reg=0x4a80 value=0x00040889 count=1
R350_PROBE write reg=0x4880 value=0x01020800 count=1
R350_PROBE write reg=0x4300 value=0x00040080 count=256
R350_PROBE write reg=0x4c40 value=0x003f0000 count=32
R350_PROBE write reg=0x4c44 value=0x003f0000 count=32
R350_PROBE write reg=0x4c48 value=0x003f0000 count=32
R350_PROBE write reg=0x4c4c value=0x00000000 count=32
R350_PROBE write reg=0x4944 value=0x0001c00c count=7
R350_PROBE write reg=0x4948 value=0x00010980 count=7
R350_PROBE write reg=0x494c value=0x00050680 count=7
R350_PROBE write reg=0x4950 value=0x00230988 count=7
R350_PROBE write reg=0x4954 value=0x000a0280 count=7
R350_PROBE write reg=0x4958 value=0x4001000d count=7
R350_PROBE write reg=0x495c value=0x00050200 count=3
R350_PROBE write reg=0x4960 value=0x00050a14 count=3
R350_PROBE write reg=0x4964 value=0x00050600 count=3
R350_PROBE write reg=0x4968 value=0x00050201 count=3
R350_PROBE write reg=0x496c value=0x00020202 count=3
R350_PROBE write reg=0x4970 value=0x00020203 count=3
R350_PROBE write reg=0x4974 value=0x0001000c count=3
R350_PROBE write reg=0x4978 value=0x00010a80 count=3
R350_PROBE write reg=0x497c value=0x0005000c count=3
R350_PROBE write reg=0x4980 value=0x00050a80 count=2
R350_PROBE write reg=0x4744 value=0x03904c32 count=7
R350_PROBE write reg=0x4748 value=0x03920102 count=7
R350_PROBE write reg=0x474c value=0x03920804 count=7
R350_PROBE write reg=0x4750 value=0x03804020 count=7
R350_PROBE write reg=0x4754 value=0x03840d01 count=7
R350_PROBE write reg=0x4758 value=0x1c020001 count=7
R350_PROBE write reg=0x475c value=0x01820c00 count=3
R350_PROBE write reg=0x4760 value=0x00020820 count=3
R350_PROBE write reg=0x4764 value=0x03820800 count=3
R350_PROBE write reg=0x4768 value=0x03860800 count=3
R350_PROBE write reg=0x476c value=0x03841840 count=3
R350_PROBE write reg=0x4770 value=0x03801880 count=3
R350_PROBE write reg=0x4774 value=0x03820023 count=3
R350_PROBE write reg=0x4778 value=0x03820900 count=3
R350_PROBE write reg=0x477c value=0x1c020800 count=3
R350_PROBE write reg=0x4780 value=0x1c020800 count=2
R350_PROBE write reg=0x4a44 value=0x00045507 count=7
R350_PROBE write reg=0x4a48 value=0x0564080a count=7
R350_PROBE write reg=0x4a4c value=0x0062478b count=7
R350_PROBE write reg=0x4a50 value=0x0068888d count=7
R350_PROBE write reg=0x4a54 value=0x40028889 count=7
R350_PROBE write reg=0x4a58 value=0x4062478a count=7
R350_PROBE write reg=0x4a5c value=0x00040810 count=3
R350_PROBE write reg=0x4a60 value=0x05040809 count=3
R350_PROBE write reg=0x4a64 value=0x00040810 count=3
R350_PROBE write reg=0x4a68 value=0x00040480 count=3
R350_PROBE write reg=0x4a6c value=0x00028481 count=3
R350_PROBE write reg=0x4a70 value=0x00028482 count=3
R350_PROBE write reg=0x4a74 value=0x0002c509 count=3
R350_PROBE write reg=0x4a78 value=0x00028889 count=3
R350_PROBE write reg=0x4a7c value=0x00040889 count=3
R350_PROBE write reg=0x4a80 value=0x00040889 count=2
R350_PROBE write reg=0x4844 value=0x00860042 count=7
R350_PROBE write reg=0x4848 value=0x00860040 count=7
R350_PROBE write reg=0x484c value=0x00845040 count=7
R350_PROBE write reg=0x4850 value=0x00820804 count=7
R350_PROBE write reg=0x4854 value=0x00820b80 count=7
R350_PROBE write reg=0x4858 value=0x01020001 count=7
R350_PROBE write reg=0x485c value=0x00020820 count=3
R350_PROBE write reg=0x4860 value=0x00860800 count=3
R350_PROBE write reg=0x4864 value=0x00020801 count=3
R350_PROBE write reg=0x4868 value=0x00860820 count=3
R350_PROBE write reg=0x486c value=0x00860061 count=3
R350_PROBE write reg=0x4870 value=0x00860062 count=3
R350_PROBE write reg=0x4874 value=0x008018c0 count=3
R350_PROBE write reg=0x4878 value=0x00820900 count=3
R350_PROBE write reg=0x487c value=0x01020800 count=3
R350_PROBE write reg=0x4880 value=0x01020800 count=2
R350_PROBE write reg=0x4984 value=0x00050200 count=1
R350_PROBE write reg=0x4988 value=0x00050200 count=1
R350_PROBE write reg=0x498c value=0x00050200 count=1
R350_PROBE write reg=0x4990 value=0x00050200 count=1
R350_PROBE write reg=0x4994 value=0x00050200 count=1
R350_PROBE write reg=0x4998 value=0x00050200 count=1
R350_PROBE write reg=0x499c value=0x00050200 count=1
R350_PROBE write reg=0x49a0 value=0x00010a80 count=1
R350_PROBE write reg=0x49a4 value=0x00050280 count=1
R350_PROBE write reg=0x49a8 value=0x00010a80 count=1
R350_PROBE write reg=0x49ac value=0x00020300 count=1
R350_PROBE write reg=0x49b0 value=0x00020380 count=1
R350_PROBE write reg=0x49b4 value=0x0042060f count=1
R350_PROBE write reg=0x4784 value=0x018a0c02 count=1
R350_PROBE write reg=0x4788 value=0x018e0c03 count=1
R350_PROBE write reg=0x478c value=0x01920c04 count=1
R350_PROBE write reg=0x4790 value=0x01860c01 count=1
R350_PROBE write reg=0x4794 value=0x01960c05 count=1
R350_PROBE write reg=0x4798 value=0x01820c00 count=1
R350_PROBE write reg=0x479c value=0x019a0c06 count=1
R350_PROBE write reg=0x47a0 value=0x038a0102 count=1
R350_PROBE write reg=0x47a4 value=0x038e0803 count=1
R350_PROBE write reg=0x47a8 value=0x03860141 count=1
R350_PROBE write reg=0x47ac value=0x03883802 count=1
R350_PROBE write reg=0x47b0 value=0x03842801 count=1
R350_PROBE write reg=0x47b4 value=0x1c001006 count=1
R350_PROBE write reg=0x4a84 value=0x00040810 count=1
R350_PROBE write reg=0x4a88 value=0x00040810 count=1
R350_PROBE write reg=0x4a8c value=0x00040810 count=1
R350_PROBE write reg=0x4a90 value=0x00040810 count=1
R350_PROBE write reg=0x4a94 value=0x00040810 count=1
R350_PROBE write reg=0x4a98 value=0x00040810 count=1
R350_PROBE write reg=0x4a9c value=0x00040810 count=1
R350_PROBE write reg=0x4aa0 value=0x00040309 count=1
R350_PROBE write reg=0x4aa4 value=0x0042c20f count=1
R350_PROBE write reg=0x4aa8 value=0x0042c40f count=1
R350_PROBE write reg=0x4aac value=0x00028889 count=1
R350_PROBE write reg=0x4ab0 value=0x0002c509 count=1
R350_PROBE write reg=0x4ab4 value=0x00040810 count=1
R350_PROBE write reg=0x4884 value=0x00020820 count=1
R350_PROBE write reg=0x4888 value=0x00020820 count=1
R350_PROBE write reg=0x488c value=0x00020820 count=1
R350_PROBE write reg=0x4890 value=0x00020820 count=1
R350_PROBE write reg=0x4894 value=0x00020820 count=1
R350_PROBE write reg=0x4898 value=0x00020820 count=1
R350_PROBE write reg=0x489c value=0x00020820 count=1
R350_PROBE write reg=0x48a0 value=0x008e0803 count=1
R350_PROBE write reg=0x48a4 value=0x00883084 count=1
R350_PROBE write reg=0x48a8 value=0x00842045 count=1
R350_PROBE write reg=0x48ac value=0x00820180 count=1
R350_PROBE write reg=0x48b0 value=0x01001800 count=1
R350_PROBE write reg=0x48b4 value=0x00020820 count=1
R350_PROBE write reg=0x4654 value=0x00008041 count=8
R350_PROBE write reg=0x4658 value=0x00008145 count=5
R350_PROBE write reg=0x465c value=0x00008000 count=5
R350_PROBE write reg=0x4660 value=0x00008186 count=5
R350_PROBE write reg=0x4d00 value=0x00343813 count=128
R350_PROBE write reg=0x4d04 value=0x003a745d count=128
R350_PROBE write reg=0x4d08 value=0x00000000 count=128
R350_PROBE write reg=0x4d0c value=0x00000000 count=128
R350_PROBE write reg=0x4f1c value=0x00000000 count=128
R350_PROBE write reg=0x43a4 value=0x00000000 count=128
R350_PROBE write reg=0x4bc0 value=0x00000000 count=128
R350_PROBE write reg=0x4008 value=0x00000007 count=128
R350_PROBE write reg=0x401c value=0x00000000 count=128
R350_PROBE write reg=0x4200 value=0x00000000 count=128
R350_PROBE write reg=0x4204 value=0x00000000 count=128
R350_PROBE write reg=0x4208 value=0x3f800000 count=128
R350_PROBE write reg=0x420c value=0x3f800000 count=128
R350_PROBE write reg=0x4bd8 value=0x00000000 count=64
R350_PROBE write reg=0x48e4 value=0x00650404 count=32
R350_PROBE write reg=0x48f4 value=0x00050200 count=16
R350_PROBE write reg=0x48f8 value=0x00050200 count=16
R350_PROBE write reg=0x48fc value=0x0045048f count=16
R350_PROBE write reg=0x4900 value=0x00010a80 count=16
R350_PROBE write reg=0x4904 value=0x00020300 count=16
R350_PROBE write reg=0x4908 value=0x00010a80 count=16
R350_PROBE write reg=0x490c value=0x00020380 count=16
R350_PROBE write reg=0x4910 value=0x0042060f count=16
R350_PROBE write reg=0x4944 value=0x0001c00c count=8
R350_PROBE write reg=0x4948 value=0x00010980 count=8
R350_PROBE write reg=0x494c value=0x00050680 count=8
R350_PROBE write reg=0x4950 value=0x00230988 count=8
R350_PROBE write reg=0x4954 value=0x000a0280 count=8
R350_PROBE write reg=0x4958 value=0x4001000d count=8
R350_PROBE write reg=0x495c value=0x00050200 count=4
R350_PROBE write reg=0x4960 value=0x00050a14 count=4
R350_PROBE write reg=0x4964 value=0x00050600 count=4
R350_PROBE write reg=0x4968 value=0x00050201 count=4
R350_PROBE write reg=0x496c value=0x00020202 count=4
R350_PROBE write reg=0x4970 value=0x00020203 count=4
R350_PROBE write reg=0x4974 value=0x0001000c count=4
R350_PROBE write reg=0x4978 value=0x00010a80 count=4
R350_PROBE write reg=0x497c value=0x0005000c count=4
R350_PROBE write reg=0x4980 value=0x00050a80 count=3
R350_PROBE write reg=0x4984 value=0x00050200 count=2
R350_PROBE write reg=0x4988 value=0x00050200 count=2
R350_PROBE write reg=0x498c value=0x00050200 count=2
R350_PROBE write reg=0x4990 value=0x00050200 count=2
R350_PROBE write reg=0x4994 value=0x00050200 count=2
R350_PROBE write reg=0x4998 value=0x00050200 count=2
R350_PROBE write reg=0x499c value=0x00050200 count=2
R350_PROBE write reg=0x49a0 value=0x00010a80 count=2
R350_PROBE write reg=0x49a4 value=0x00050280 count=2
R350_PROBE write reg=0x49a8 value=0x00010a80 count=2
R350_PROBE write reg=0x49ac value=0x00020300 count=2
R350_PROBE write reg=0x49b0 value=0x00020380 count=2
R350_PROBE write reg=0x49b4 value=0x0042060f count=2
R350_PROBE write reg=0x46e4 value=0x019b51b3 count=32
R350_PROBE write reg=0x46f4 value=0x019e0d47 count=16
R350_PROBE write reg=0x46f8 value=0x01a60876 count=16
R350_PROBE write reg=0x46fc value=0x03865105 count=16
R350_PROBE write reg=0x4700 value=0x038a5183 count=16
R350_PROBE write reg=0x4704 value=0x03841942 count=16
R350_PROBE write reg=0x4708 value=0x038a01cb count=16
R350_PROBE write reg=0x470c value=0x03841942 count=16
R350_PROBE write reg=0x4710 value=0x0384120a count=16
R350_PROBE write reg=0x4744 value=0x03904c32 count=8
R350_PROBE write reg=0x4748 value=0x03920102 count=8
R350_PROBE write reg=0x474c value=0x03920804 count=8
R350_PROBE write reg=0x4750 value=0x03804020 count=8
R350_PROBE write reg=0x4754 value=0x03840d01 count=8
R350_PROBE write reg=0x4758 value=0x1c020001 count=8
R350_PROBE write reg=0x475c value=0x01820c00 count=4
R350_PROBE write reg=0x4760 value=0x00020820 count=4
R350_PROBE write reg=0x4764 value=0x03820800 count=4
R350_PROBE write reg=0x4768 value=0x03860800 count=4
R350_PROBE write reg=0x476c value=0x03841840 count=4
R350_PROBE write reg=0x4770 value=0x03801880 count=4
R350_PROBE write reg=0x4774 value=0x03820023 count=4
R350_PROBE write reg=0x4778 value=0x03820900 count=4
R350_PROBE write reg=0x477c value=0x1c020800 count=4
R350_PROBE write reg=0x4780 value=0x1c020800 count=3
R350_PROBE write reg=0x4784 value=0x018a0c02 count=2
R350_PROBE write reg=0x4788 value=0x018e0c03 count=2
R350_PROBE write reg=0x478c value=0x01920c04 count=2
R350_PROBE write reg=0x4790 value=0x01860c01 count=2
R350_PROBE write reg=0x4794 value=0x01960c05 count=2
R350_PROBE write reg=0x4798 value=0x01820c00 count=2
R350_PROBE write reg=0x479c value=0x019a0c06 count=2
R350_PROBE write reg=0x47a0 value=0x038a0102 count=2
R350_PROBE write reg=0x47a4 value=0x038e0803 count=2
R350_PROBE write reg=0x47a8 value=0x03860141 count=2
R350_PROBE write reg=0x47ac value=0x03883802 count=2
R350_PROBE write reg=0x47b0 value=0x03842801 count=2
R350_PROBE write reg=0x47b4 value=0x1c001006 count=2
R350_PROBE write reg=0x49e4 value=0x00008709 count=32
R350_PROBE write reg=0x49f4 value=0x00040810 count=16
R350_PROBE write reg=0x49f8 value=0x00040810 count=16
R350_PROBE write reg=0x49fc value=0x0044030f count=16
R350_PROBE write reg=0x4a00 value=0x0042c38f count=16
R350_PROBE write reg=0x4a04 value=0x0042c28f count=16
R350_PROBE write reg=0x4a08 value=0x00028889 count=16
R350_PROBE write reg=0x4a0c value=0x0002c509 count=16
R350_PROBE write reg=0x4a10 value=0x0504080a count=16
R350_PROBE write reg=0x4a44 value=0x00045507 count=8
R350_PROBE write reg=0x4a48 value=0x0564080a count=8
R350_PROBE write reg=0x4a4c value=0x0062478b count=8
R350_PROBE write reg=0x4a50 value=0x0068888d count=8
R350_PROBE write reg=0x4a54 value=0x40028889 count=8
R350_PROBE write reg=0x4a58 value=0x4062478a count=8
R350_PROBE write reg=0x4a5c value=0x00040810 count=4
R350_PROBE write reg=0x4a60 value=0x05040809 count=4
R350_PROBE write reg=0x4a64 value=0x00040810 count=4
R350_PROBE write reg=0x4a68 value=0x00040480 count=4
R350_PROBE write reg=0x4a6c value=0x00028481 count=4
R350_PROBE write reg=0x4a70 value=0x00028482 count=4
R350_PROBE write reg=0x4a74 value=0x0002c509 count=4
R350_PROBE write reg=0x4a78 value=0x00028889 count=4
R350_PROBE write reg=0x4a7c value=0x00040889 count=4
R350_PROBE write reg=0x4a80 value=0x00040889 count=3
R350_PROBE write reg=0x4a84 value=0x00040810 count=2
R350_PROBE write reg=0x4a88 value=0x00040810 count=2
R350_PROBE write reg=0x4a8c value=0x00040810 count=2
R350_PROBE write reg=0x4a90 value=0x00040810 count=2
R350_PROBE write reg=0x4a94 value=0x00040810 count=2
R350_PROBE write reg=0x4a98 value=0x00040810 count=2
R350_PROBE write reg=0x4a9c value=0x00040810 count=2
R350_PROBE write reg=0x4aa0 value=0x00040309 count=2
R350_PROBE write reg=0x4aa4 value=0x0042c20f count=2
R350_PROBE write reg=0x4aa8 value=0x0042c40f count=2
R350_PROBE write reg=0x4aac value=0x00028889 count=2
R350_PROBE write reg=0x4ab0 value=0x0002c509 count=2
R350_PROBE write reg=0x4ab4 value=0x00040810 count=2
R350_PROBE write reg=0x47e4 value=0x00860801 count=32
R350_PROBE write reg=0x47f4 value=0x00020820 count=16
R350_PROBE write reg=0x47f8 value=0x00020820 count=16
R350_PROBE write reg=0x47fc value=0x00a60105 count=16
R350_PROBE write reg=0x4800 value=0x00a490c6 count=16
R350_PROBE write reg=0x4804 value=0x009c92c7 count=16
R350_PROBE write reg=0x4808 value=0x00a20288 count=16
R350_PROBE write reg=0x480c value=0x00a07948 count=16
R350_PROBE write reg=0x4810 value=0x00a60225 count=16
R350_PROBE write reg=0x4844 value=0x00860042 count=8
R350_PROBE write reg=0x4848 value=0x00860040 count=8
R350_PROBE write reg=0x484c value=0x00845040 count=8
R350_PROBE write reg=0x4850 value=0x00820804 count=8
R350_PROBE write reg=0x4854 value=0x00820b80 count=8
R350_PROBE write reg=0x4858 value=0x01020001 count=8
R350_PROBE write reg=0x485c value=0x00020820 count=4
R350_PROBE write reg=0x4860 value=0x00860800 count=4
R350_PROBE write reg=0x4864 value=0x00020801 count=4
R350_PROBE write reg=0x4868 value=0x00860820 count=4
R350_PROBE write reg=0x486c value=0x00860061 count=4
R350_PROBE write reg=0x4870 value=0x00860062 count=4
R350_PROBE write reg=0x4874 value=0x008018c0 count=4
R350_PROBE write reg=0x4878 value=0x00820900 count=4
R350_PROBE write reg=0x487c value=0x01020800 count=4
R350_PROBE write reg=0x4880 value=0x01020800 count=3
R350_PROBE write reg=0x4884 value=0x00020820 count=2
R350_PROBE write reg=0x4888 value=0x00020820 count=2
R350_PROBE write reg=0x488c value=0x00020820 count=2
R350_PROBE write reg=0x4890 value=0x00020820 count=2
R350_PROBE write reg=0x4894 value=0x00020820 count=2
R350_PROBE write reg=0x4898 value=0x00020820 count=2
R350_PROBE write reg=0x489c value=0x00020820 count=2
R350_PROBE write reg=0x48a0 value=0x008e0803 count=2
R350_PROBE write reg=0x48a4 value=0x00883084 count=2
R350_PROBE write reg=0x48a8 value=0x00842045 count=2
R350_PROBE write reg=0x48ac value=0x00820180 count=2
R350_PROBE write reg=0x48b0 value=0x01001800 count=2
R350_PROBE write reg=0x48b4 value=0x00020820 count=2
R350_PROBE write reg=0x4638 value=0x000082c2 count=16
R350_PROBE write reg=0x463c value=0x000081c7 count=16
R350_PROBE write reg=0x4640 value=0x00008a49 count=16
R350_PROBE write reg=0x4658 value=0x00008145 count=6
R350_PROBE write reg=0x465c value=0x00008000 count=6
R350_PROBE write reg=0x4660 value=0x00008186 count=6
R350_PROBE write reg=0x4e08 value=0x27210000 count=128
R350_PROBE write reg=0x4e10 value=0x00000000 count=128
R350_PROBE write reg=0x48e8 value=0x00050200 count=32
R350_PROBE write reg=0x4914 value=0x00250608 count=16
R350_PROBE write reg=0x4918 value=0x00050201 count=16
R350_PROBE write reg=0x495c value=0x00050200 count=5
R350_PROBE write reg=0x4960 value=0x00050a14 count=5
R350_PROBE write reg=0x4964 value=0x00050600 count=5
R350_PROBE write reg=0x4968 value=0x00050201 count=5
R350_PROBE write reg=0x496c value=0x00020202 count=5
R350_PROBE write reg=0x4970 value=0x00020203 count=5
R350_PROBE write reg=0x4974 value=0x0001000c count=5
R350_PROBE write reg=0x4978 value=0x00010a80 count=5
R350_PROBE write reg=0x497c value=0x0005000c count=5
R350_PROBE write reg=0x4980 value=0x00050a80 count=4
R350_PROBE write reg=0x4984 value=0x00050200 count=3
R350_PROBE write reg=0x4988 value=0x00050200 count=3
R350_PROBE write reg=0x498c value=0x00050200 count=3
R350_PROBE write reg=0x4990 value=0x00050200 count=3
R350_PROBE write reg=0x4994 value=0x00050200 count=3
R350_PROBE write reg=0x4998 value=0x00050200 count=3
R350_PROBE write reg=0x499c value=0x00050200 count=3
R350_PROBE write reg=0x49a0 value=0x00010a80 count=3
R350_PROBE write reg=0x49a4 value=0x00050280 count=3
R350_PROBE write reg=0x49a8 value=0x00010a80 count=3
R350_PROBE write reg=0x49ac value=0x00020300 count=3
R350_PROBE write reg=0x49b0 value=0x00020380 count=3
R350_PROBE write reg=0x49b4 value=0x0042060f count=3
R350_PROBE write reg=0x46e8 value=0x01a20235 count=32
R350_PROBE write reg=0x4714 value=0x03841020 count=16
R350_PROBE write reg=0x4718 value=0x038a0981 count=16
R350_PROBE write reg=0x475c value=0x01820c00 count=5
R350_PROBE write reg=0x4760 value=0x00020820 count=5
R350_PROBE write reg=0x4764 value=0x03820800 count=5
R350_PROBE write reg=0x4768 value=0x03860800 count=5
R350_PROBE write reg=0x476c value=0x03841840 count=5
R350_PROBE write reg=0x4770 value=0x03801880 count=5
R350_PROBE write reg=0x4774 value=0x03820023 count=5
R350_PROBE write reg=0x4778 value=0x03820900 count=5
R350_PROBE write reg=0x477c value=0x1c020800 count=5
R350_PROBE write reg=0x4780 value=0x1c020800 count=4
R350_PROBE write reg=0x4784 value=0x018a0c02 count=3
R350_PROBE write reg=0x4788 value=0x018e0c03 count=3
R350_PROBE write reg=0x478c value=0x01920c04 count=3
R350_PROBE write reg=0x4790 value=0x01860c01 count=3
R350_PROBE write reg=0x4794 value=0x01960c05 count=3
R350_PROBE write reg=0x4798 value=0x01820c00 count=3
R350_PROBE write reg=0x479c value=0x019a0c06 count=3
R350_PROBE write reg=0x47a0 value=0x038a0102 count=3
R350_PROBE write reg=0x47a4 value=0x038e0803 count=3
R350_PROBE write reg=0x47a8 value=0x03860141 count=3
R350_PROBE write reg=0x47ac value=0x03883802 count=3
R350_PROBE write reg=0x47b0 value=0x03842801 count=3
R350_PROBE write reg=0x47b4 value=0x1c001006 count=3
R350_PROBE write reg=0x49e8 value=0x00040810 count=32
R350_PROBE write reg=0x4a14 value=0x400288ad count=16
R350_PROBE write reg=0x4a18 value=0x00040480 count=16
R350_PROBE write reg=0x4a5c value=0x00040810 count=5
R350_PROBE write reg=0x4a60 value=0x05040809 count=5
R350_PROBE write reg=0x4a64 value=0x00040810 count=5
R350_PROBE write reg=0x4a68 value=0x00040480 count=5
R350_PROBE write reg=0x4a6c value=0x00028481 count=5
R350_PROBE write reg=0x4a70 value=0x00028482 count=5
R350_PROBE write reg=0x4a74 value=0x0002c509 count=5
R350_PROBE write reg=0x4a78 value=0x00028889 count=5
R350_PROBE write reg=0x4a7c value=0x00040889 count=5
R350_PROBE write reg=0x4a80 value=0x00040889 count=4
R350_PROBE write reg=0x4a84 value=0x00040810 count=3
R350_PROBE write reg=0x4a88 value=0x00040810 count=3
R350_PROBE write reg=0x4a8c value=0x00040810 count=3
R350_PROBE write reg=0x4a90 value=0x00040810 count=3
R350_PROBE write reg=0x4a94 value=0x00040810 count=3
R350_PROBE write reg=0x4a98 value=0x00040810 count=3
R350_PROBE write reg=0x4a9c value=0x00040810 count=3
R350_PROBE write reg=0x4aa0 value=0x00040309 count=3
R350_PROBE write reg=0x4aa4 value=0x0042c20f count=3
R350_PROBE write reg=0x4aa8 value=0x0042c40f count=3
R350_PROBE write reg=0x4aac value=0x00028889 count=3
R350_PROBE write reg=0x4ab0 value=0x0002c509 count=3
R350_PROBE write reg=0x4ab4 value=0x00040810 count=3
R350_PROBE write reg=0x47e8 value=0x00020820 count=32
R350_PROBE write reg=0x4814 value=0x00a60b89 count=16
R350_PROBE write reg=0x4818 value=0x008e0826 count=16
R350_PROBE write reg=0x485c value=0x00020820 count=5
R350_PROBE write reg=0x4860 value=0x00860800 count=5
R350_PROBE write reg=0x4864 value=0x00020801 count=5
R350_PROBE write reg=0x4868 value=0x00860820 count=5
R350_PROBE write reg=0x486c value=0x00860061 count=5
R350_PROBE write reg=0x4870 value=0x00860062 count=5
R350_PROBE write reg=0x4874 value=0x008018c0 count=5
R350_PROBE write reg=0x4878 value=0x00820900 count=5
R350_PROBE write reg=0x487c value=0x01020800 count=5
R350_PROBE write reg=0x4880 value=0x01020800 count=4
R350_PROBE write reg=0x4884 value=0x00020820 count=3
R350_PROBE write reg=0x4888 value=0x00020820 count=3
R350_PROBE write reg=0x488c value=0x00020820 count=3
R350_PROBE write reg=0x4890 value=0x00020820 count=3
R350_PROBE write reg=0x4894 value=0x00020820 count=3
R350_PROBE write reg=0x4898 value=0x00020820 count=3
R350_PROBE write reg=0x489c value=0x00020820 count=3
R350_PROBE write reg=0x48a0 value=0x008e0803 count=3
R350_PROBE write reg=0x48a4 value=0x00883084 count=3
R350_PROBE write reg=0x48a8 value=0x00842045 count=3
R350_PROBE write reg=0x48ac value=0x00820180 count=3
R350_PROBE write reg=0x48b0 value=0x01001800 count=3
R350_PROBE write reg=0x48b4 value=0x00020820 count=3
R350_PROBE write reg=0x4630 value=0x00008208 count=32
R350_PROBE write reg=0x4658 value=0x00008145 count=7
R350_PROBE write reg=0x465c value=0x00008000 count=7
R350_PROBE write reg=0x4660 value=0x00008186 count=7
R350_PROBE write reg=0x4310 value=0x00d10000 count=256
R350_PROBE write reg=0x4340 value=0x0000010d count=16
R350_PROBE write reg=0x4344 value=0x0000014e count=16
R350_PROBE write reg=0x4348 value=0x0000018f count=16
R350_PROBE write reg=0x4608 value=0x00194331 count=256
R350_PROBE write reg=0x491c value=0x00020202 count=16
R350_PROBE write reg=0x4920 value=0x00020203 count=16
R350_PROBE write reg=0x4924 value=0x0001000c count=16
R350_PROBE write reg=0x4928 value=0x00050280 count=16
R350_PROBE write reg=0x492c value=0x04080214 count=16
R350_PROBE write reg=0x4930 value=0x00850300 count=16
R350_PROBE write reg=0x4934 value=0x00450793 count=16
R350_PROBE write reg=0x495c value=0x00050200 count=6
R350_PROBE write reg=0x4960 value=0x00050a14 count=6
R350_PROBE write reg=0x4964 value=0x00050600 count=6
R350_PROBE write reg=0x4968 value=0x00050201 count=6
R350_PROBE write reg=0x496c value=0x00020202 count=6
R350_PROBE write reg=0x4970 value=0x00020203 count=6
R350_PROBE write reg=0x4974 value=0x0001000c count=6
R350_PROBE write reg=0x4978 value=0x00010a80 count=6
R350_PROBE write reg=0x497c value=0x0005000c count=6
R350_PROBE write reg=0x4980 value=0x00050a80 count=5
R350_PROBE write reg=0x4984 value=0x00050200 count=4
R350_PROBE write reg=0x4988 value=0x00050200 count=4
R350_PROBE write reg=0x498c value=0x00050200 count=4
R350_PROBE write reg=0x4990 value=0x00050200 count=4
R350_PROBE write reg=0x4994 value=0x00050200 count=4
R350_PROBE write reg=0x4998 value=0x00050200 count=4
R350_PROBE write reg=0x499c value=0x00050200 count=4
R350_PROBE write reg=0x49a0 value=0x00010a80 count=4
R350_PROBE write reg=0x49a4 value=0x00050280 count=4
R350_PROBE write reg=0x49a8 value=0x00010a80 count=4
R350_PROBE write reg=0x49ac value=0x00020300 count=4
R350_PROBE write reg=0x49b0 value=0x00020380 count=4
R350_PROBE write reg=0x49b4 value=0x0042060f count=4
R350_PROBE write reg=0x471c value=0x038829c1 count=16
R350_PROBE write reg=0x4720 value=0x03842a01 count=16
R350_PROBE write reg=0x4724 value=0x03860069 count=16
R350_PROBE write reg=0x4728 value=0x038a0b09 count=16
R350_PROBE write reg=0x472c value=0x038a00ad count=16
R350_PROBE write reg=0x4730 value=0x00830b82 count=16
R350_PROBE write reg=0x4734 value=0x0386006a count=16
R350_PROBE write reg=0x475c value=0x01820c00 count=6
R350_PROBE write reg=0x4760 value=0x00020820 count=6
R350_PROBE write reg=0x4764 value=0x03820800 count=6
R350_PROBE write reg=0x4768 value=0x03860800 count=6
R350_PROBE write reg=0x476c value=0x03841840 count=6
R350_PROBE write reg=0x4770 value=0x03801880 count=6
R350_PROBE write reg=0x4774 value=0x03820023 count=6
R350_PROBE write reg=0x4778 value=0x03820900 count=6
R350_PROBE write reg=0x477c value=0x1c020800 count=6
R350_PROBE write reg=0x4780 value=0x1c020800 count=5
R350_PROBE write reg=0x4784 value=0x018a0c02 count=4
R350_PROBE write reg=0x4788 value=0x018e0c03 count=4
R350_PROBE write reg=0x478c value=0x01920c04 count=4
R350_PROBE write reg=0x4790 value=0x01860c01 count=4
R350_PROBE write reg=0x4794 value=0x01960c05 count=4
R350_PROBE write reg=0x4798 value=0x01820c00 count=4
R350_PROBE write reg=0x479c value=0x019a0c06 count=4
R350_PROBE write reg=0x47a0 value=0x038a0102 count=4
R350_PROBE write reg=0x47a4 value=0x038e0803 count=4
R350_PROBE write reg=0x47a8 value=0x03860141 count=4
R350_PROBE write reg=0x47ac value=0x03883802 count=4
R350_PROBE write reg=0x47b0 value=0x03842801 count=4
R350_PROBE write reg=0x47b4 value=0x1c001006 count=4
R350_PROBE write reg=0x4a1c value=0x00028481 count=16
R350_PROBE write reg=0x4a20 value=0x00028482 count=16
R350_PROBE write reg=0x4a24 value=0x0002c509 count=16
R350_PROBE write reg=0x4a28 value=0x00040509 count=16
R350_PROBE write reg=0x4a2c value=0x004448af count=16
R350_PROBE write reg=0x4a30 value=0x0043c38b count=16
R350_PROBE write reg=0x4a34 value=0x00440810 count=16
R350_PROBE write reg=0x4a5c value=0x00040810 count=6
R350_PROBE write reg=0x4a60 value=0x05040809 count=6
R350_PROBE write reg=0x4a64 value=0x00040810 count=6
R350_PROBE write reg=0x4a68 value=0x00040480 count=6
R350_PROBE write reg=0x4a6c value=0x00028481 count=6
R350_PROBE write reg=0x4a70 value=0x00028482 count=6
R350_PROBE write reg=0x4a74 value=0x0002c509 count=6
R350_PROBE write reg=0x4a78 value=0x00028889 count=6
R350_PROBE write reg=0x4a7c value=0x00040889 count=6
R350_PROBE write reg=0x4a80 value=0x00040889 count=5
R350_PROBE write reg=0x4a84 value=0x00040810 count=4
R350_PROBE write reg=0x4a88 value=0x00040810 count=4
R350_PROBE write reg=0x4a8c value=0x00040810 count=4
R350_PROBE write reg=0x4a90 value=0x00040810 count=4
R350_PROBE write reg=0x4a94 value=0x00040810 count=4
R350_PROBE write reg=0x4a98 value=0x00040810 count=4
R350_PROBE write reg=0x4a9c value=0x00040810 count=4
R350_PROBE write reg=0x4aa0 value=0x00040309 count=4
R350_PROBE write reg=0x4aa4 value=0x0042c20f count=4
R350_PROBE write reg=0x4aa8 value=0x0042c40f count=4
R350_PROBE write reg=0x4aac value=0x00028889 count=4
R350_PROBE write reg=0x4ab0 value=0x0002c509 count=4
R350_PROBE write reg=0x4ab4 value=0x00040810 count=4
R350_PROBE write reg=0x481c value=0x008e00e7 count=16
R350_PROBE write reg=0x4820 value=0x008e00e8 count=16
R350_PROBE write reg=0x4824 value=0x008c3a48 count=16
R350_PROBE write reg=0x4828 value=0x00920809 count=16
R350_PROBE write reg=0x482c value=0x009600ea count=16
R350_PROBE write reg=0x4830 value=0x009450ea count=16
R350_PROBE write reg=0x4834 value=0x000200ea count=16
R350_PROBE write reg=0x485c value=0x00020820 count=6
R350_PROBE write reg=0x4860 value=0x00860800 count=6
R350_PROBE write reg=0x4864 value=0x00020801 count=6
R350_PROBE write reg=0x4868 value=0x00860820 count=6
R350_PROBE write reg=0x486c value=0x00860061 count=6
R350_PROBE write reg=0x4870 value=0x00860062 count=6
R350_PROBE write reg=0x4874 value=0x008018c0 count=6
R350_PROBE write reg=0x4878 value=0x00820900 count=6
R350_PROBE write reg=0x487c value=0x01020800 count=6
R350_PROBE write reg=0x4880 value=0x01020800 count=5
R350_PROBE write reg=0x4884 value=0x00020820 count=4
R350_PROBE write reg=0x4888 value=0x00020820 count=4
R350_PROBE write reg=0x488c value=0x00020820 count=4
R350_PROBE write reg=0x4890 value=0x00020820 count=4
R350_PROBE write reg=0x4894 value=0x00020820 count=4
R350_PROBE write reg=0x4898 value=0x00020820 count=4
R350_PROBE write reg=0x489c value=0x00020820 count=4
R350_PROBE write reg=0x48a0 value=0x008e0803 count=4
R350_PROBE write reg=0x48a4 value=0x00883084 count=4
R350_PROBE write reg=0x48a8 value=0x00842045 count=4
R350_PROBE write reg=0x48ac value=0x00820180 count=4
R350_PROBE write reg=0x48b0 value=0x01001800 count=4
R350_PROBE write reg=0x48b4 value=0x00020820 count=4
R350_PROBE write reg=0x4658 value=0x00008145 count=8
R350_PROBE write reg=0x465c value=0x00008000 count=8
R350_PROBE write reg=0x4660 value=0x00008186 count=8
R350_PROBE write reg=0x2184 value=0x00000005 count=128
R350_PROBE write reg=0x48ec value=0x00050200 count=32
R350_PROBE write reg=0x4938 value=0x00850300 count=16
R350_PROBE write reg=0x493c value=0x00024681 count=16
R350_PROBE write reg=0x495c value=0x00050200 count=7
R350_PROBE write reg=0x4960 value=0x00050a14 count=7
R350_PROBE write reg=0x4964 value=0x00050600 count=7
R350_PROBE write reg=0x4968 value=0x00050201 count=7
R350_PROBE write reg=0x496c value=0x00020202 count=7
R350_PROBE write reg=0x4970 value=0x00020203 count=7
R350_PROBE write reg=0x4974 value=0x0001000c count=7
R350_PROBE write reg=0x4978 value=0x00010a80 count=7
R350_PROBE write reg=0x497c value=0x0005000c count=7
R350_PROBE write reg=0x4980 value=0x00050a80 count=6
R350_PROBE write reg=0x4984 value=0x00050200 count=5
R350_PROBE write reg=0x4988 value=0x00050200 count=5
R350_PROBE write reg=0x498c value=0x00050200 count=5
R350_PROBE write reg=0x4990 value=0x00050200 count=5
R350_PROBE write reg=0x4994 value=0x00050200 count=5
R350_PROBE write reg=0x4998 value=0x00050200 count=5
R350_PROBE write reg=0x499c value=0x00050200 count=5
R350_PROBE write reg=0x49a0 value=0x00010a80 count=5
R350_PROBE write reg=0x49a4 value=0x00050280 count=5
R350_PROBE write reg=0x49a8 value=0x00010a80 count=5
R350_PROBE write reg=0x49ac value=0x00020300 count=5
R350_PROBE write reg=0x49b0 value=0x00020380 count=5
R350_PROBE write reg=0x49b4 value=0x0042060f count=5
R350_PROBE write reg=0x46ec value=0x01860d41 count=32
R350_PROBE write reg=0x4738 value=0x038a0b81 count=16
R350_PROBE write reg=0x473c value=0x01133c40 count=16
R350_PROBE write reg=0x475c value=0x01820c00 count=7
R350_PROBE write reg=0x4760 value=0x00020820 count=7
R350_PROBE write reg=0x4764 value=0x03820800 count=7
R350_PROBE write reg=0x4768 value=0x03860800 count=7
R350_PROBE write reg=0x476c value=0x03841840 count=7
R350_PROBE write reg=0x4770 value=0x03801880 count=7
R350_PROBE write reg=0x4774 value=0x03820023 count=7
R350_PROBE write reg=0x4778 value=0x03820900 count=7
R350_PROBE write reg=0x477c value=0x1c020800 count=7
R350_PROBE write reg=0x4780 value=0x1c020800 count=6
R350_PROBE write reg=0x4784 value=0x018a0c02 count=5
R350_PROBE write reg=0x4788 value=0x018e0c03 count=5
R350_PROBE write reg=0x478c value=0x01920c04 count=5
R350_PROBE write reg=0x4790 value=0x01860c01 count=5
R350_PROBE write reg=0x4794 value=0x01960c05 count=5
R350_PROBE write reg=0x4798 value=0x01820c00 count=5
R350_PROBE write reg=0x479c value=0x019a0c06 count=5
R350_PROBE write reg=0x47a0 value=0x038a0102 count=5
R350_PROBE write reg=0x47a4 value=0x038e0803 count=5
R350_PROBE write reg=0x47a8 value=0x03860141 count=5
R350_PROBE write reg=0x47ac value=0x03883802 count=5
R350_PROBE write reg=0x47b0 value=0x03842801 count=5
R350_PROBE write reg=0x47b4 value=0x1c001006 count=5
R350_PROBE write reg=0x49ec value=0x00040810 count=32
R350_PROBE write reg=0x4a38 value=0x00040810 count=16
R350_PROBE write reg=0x4a3c value=0x0000c480 count=16
R350_PROBE write reg=0x4a5c value=0x00040810 count=7
R350_PROBE write reg=0x4a60 value=0x05040809 count=7
R350_PROBE write reg=0x4a64 value=0x00040810 count=7
R350_PROBE write reg=0x4a68 value=0x00040480 count=7
R350_PROBE write reg=0x4a6c value=0x00028481 count=7
R350_PROBE write reg=0x4a70 value=0x00028482 count=7
R350_PROBE write reg=0x4a74 value=0x0002c509 count=7
R350_PROBE write reg=0x4a78 value=0x00028889 count=7
R350_PROBE write reg=0x4a7c value=0x00040889 count=7
R350_PROBE write reg=0x4a80 value=0x00040889 count=6
R350_PROBE write reg=0x4a84 value=0x00040810 count=5
R350_PROBE write reg=0x4a88 value=0x00040810 count=5
R350_PROBE write reg=0x4a8c value=0x00040810 count=5
R350_PROBE write reg=0x4a90 value=0x00040810 count=5
R350_PROBE write reg=0x4a94 value=0x00040810 count=5
R350_PROBE write reg=0x4a98 value=0x00040810 count=5
R350_PROBE write reg=0x4a9c value=0x00040810 count=5
R350_PROBE write reg=0x4aa0 value=0x00040309 count=5
R350_PROBE write reg=0x4aa4 value=0x0042c20f count=5
R350_PROBE write reg=0x4aa8 value=0x0042c40f count=5
R350_PROBE write reg=0x4aac value=0x00028889 count=5
R350_PROBE write reg=0x4ab0 value=0x0002c509 count=5
R350_PROBE write reg=0x4ab4 value=0x00040810 count=5
R350_PROBE write reg=0x47ec value=0x00020820 count=32
R350_PROBE write reg=0x4838 value=0x00020820 count=16
R350_PROBE write reg=0x483c value=0x008a0080 count=16
R350_PROBE write reg=0x485c value=0x00020820 count=7
R350_PROBE write reg=0x4860 value=0x00860800 count=7
R350_PROBE write reg=0x4864 value=0x00020801 count=7
R350_PROBE write reg=0x4868 value=0x00860820 count=7
R350_PROBE write reg=0x486c value=0x00860061 count=7
R350_PROBE write reg=0x4870 value=0x00860062 count=7
R350_PROBE write reg=0x4874 value=0x008018c0 count=7
R350_PROBE write reg=0x4878 value=0x00820900 count=7
R350_PROBE write reg=0x487c value=0x01020800 count=7
R350_PROBE write reg=0x4880 value=0x01020800 count=6
R350_PROBE write reg=0x4884 value=0x00020820 count=5
R350_PROBE write reg=0x4888 value=0x00020820 count=5
R350_PROBE write reg=0x488c value=0x00020820 count=5
R350_PROBE write reg=0x4890 value=0x00020820 count=5
R350_PROBE write reg=0x4894 value=0x00020820 count=5
R350_PROBE write reg=0x4898 value=0x00020820 count=5
R350_PROBE write reg=0x489c value=0x00020820 count=5
R350_PROBE write reg=0x48a0 value=0x008e0803 count=5
R350_PROBE write reg=0x48a4 value=0x00883084 count=5
R350_PROBE write reg=0x48a8 value=0x00842045 count=5
R350_PROBE write reg=0x48ac value=0x00820180 count=5
R350_PROBE write reg=0x48b0 value=0x01001800 count=5
R350_PROBE write reg=0x48b4 value=0x00020820 count=5
R350_PROBE write reg=0x16ec value=0x00000000 count=128
R350_PROBE write reg=0x16f0 value=0x0011001b count=128
R350_PROBE write reg=0x4278 value=0x0003aaaa count=128
R350_PROBE write reg=0x2094 value=0x00924924 count=256
R350_PROBE write reg=0x4018 value=0x00000017 count=128
R350_PROBE write reg=0x4334 value=0x0000004a count=32
R350_PROBE write reg=0x4314 value=0x00d10004 count=256
R350_PROBE write reg=0x4318 value=0x00d10048 count=256
R350_PROBE write reg=0x431c value=0x00d1008c count=256
R350_PROBE write reg=0x4320 value=0x00d10010 count=256
R350_PROBE write reg=0x4324 value=0x00d10014 count=256
R350_PROBE write reg=0x4328 value=0x00d10018 count=256
R350_PROBE write reg=0x432c value=0x00d1001c count=256
R350_PROBE write reg=0x48f0 value=0x00050200 count=32
R350_PROBE write reg=0x495c value=0x00050200 count=8
R350_PROBE write reg=0x4960 value=0x00050a14 count=8
R350_PROBE write reg=0x4964 value=0x00050600 count=8
R350_PROBE write reg=0x4968 value=0x00050201 count=8
R350_PROBE write reg=0x496c value=0x00020202 count=8
R350_PROBE write reg=0x4970 value=0x00020203 count=8
R350_PROBE write reg=0x4974 value=0x0001000c count=8
R350_PROBE write reg=0x4978 value=0x00010a80 count=8
R350_PROBE write reg=0x497c value=0x0005000c count=8
R350_PROBE write reg=0x4980 value=0x00050a80 count=7
R350_PROBE write reg=0x4984 value=0x00050200 count=6
R350_PROBE write reg=0x4988 value=0x00050200 count=6
R350_PROBE write reg=0x498c value=0x00050200 count=6
R350_PROBE write reg=0x4990 value=0x00050200 count=6
R350_PROBE write reg=0x4994 value=0x00050200 count=6
R350_PROBE write reg=0x4998 value=0x00050200 count=6
R350_PROBE write reg=0x499c value=0x00050200 count=6
R350_PROBE write reg=0x49a0 value=0x00010a80 count=6
R350_PROBE write reg=0x49a4 value=0x00050280 count=6
R350_PROBE write reg=0x49a8 value=0x00010a80 count=6
R350_PROBE write reg=0x49ac value=0x00020300 count=6
R350_PROBE write reg=0x49b0 value=0x00020380 count=6
R350_PROBE write reg=0x49b4 value=0x0042060f count=6
R350_PROBE write reg=0x46f0 value=0x018a0d42 count=32
R350_PROBE write reg=0x475c value=0x01820c00 count=8
R350_PROBE write reg=0x4760 value=0x00020820 count=8
R350_PROBE write reg=0x4764 value=0x03820800 count=8
R350_PROBE write reg=0x4768 value=0x03860800 count=8
R350_PROBE write reg=0x476c value=0x03841840 count=8
R350_PROBE write reg=0x4770 value=0x03801880 count=8
R350_PROBE write reg=0x4774 value=0x03820023 count=8
R350_PROBE write reg=0x4778 value=0x03820900 count=8
R350_PROBE write reg=0x477c value=0x1c020800 count=8
R350_PROBE write reg=0x4780 value=0x1c020800 count=7
R350_PROBE write reg=0x4784 value=0x018a0c02 count=6
R350_PROBE write reg=0x4788 value=0x018e0c03 count=6
R350_PROBE write reg=0x478c value=0x01920c04 count=6
R350_PROBE write reg=0x4790 value=0x01860c01 count=6
R350_PROBE write reg=0x4794 value=0x01960c05 count=6
R350_PROBE write reg=0x4798 value=0x01820c00 count=6
R350_PROBE write reg=0x479c value=0x019a0c06 count=6
R350_PROBE write reg=0x47a0 value=0x038a0102 count=6
R350_PROBE write reg=0x47a4 value=0x038e0803 count=6
R350_PROBE write reg=0x47a8 value=0x03860141 count=6
R350_PROBE write reg=0x47ac value=0x03883802 count=6
R350_PROBE write reg=0x47b0 value=0x03842801 count=6
R350_PROBE write reg=0x47b4 value=0x1c001006 count=6
R350_PROBE write reg=0x49f0 value=0x00040810 count=32
R350_PROBE write reg=0x4a5c value=0x00040810 count=8
R350_PROBE write reg=0x4a60 value=0x05040809 count=8
R350_PROBE write reg=0x4a64 value=0x00040810 count=8
R350_PROBE write reg=0x4a68 value=0x00040480 count=8
R350_PROBE write reg=0x4a6c value=0x00028481 count=8
R350_PROBE write reg=0x4a70 value=0x00028482 count=8
R350_PROBE write reg=0x4a74 value=0x0002c509 count=8
R350_PROBE write reg=0x4a78 value=0x00028889 count=8
R350_PROBE write reg=0x4a7c value=0x00040889 count=8
R350_PROBE write reg=0x4a80 value=0x00040889 count=7
R350_PROBE write reg=0x4a84 value=0x00040810 count=6
R350_PROBE write reg=0x4a88 value=0x00040810 count=6
R350_PROBE write reg=0x4a8c value=0x00040810 count=6
R350_PROBE write reg=0x4a90 value=0x00040810 count=6
R350_PROBE write reg=0x4a94 value=0x00040810 count=6
R350_PROBE write reg=0x4a98 value=0x00040810 count=6
R350_PROBE write reg=0x4a9c value=0x00040810 count=6
R350_PROBE write reg=0x4aa0 value=0x00040309 count=6
R350_PROBE write reg=0x4aa4 value=0x0042c20f count=6
R350_PROBE write reg=0x4aa8 value=0x0042c40f count=6
R350_PROBE write reg=0x4aac value=0x00028889 count=6
R350_PROBE write reg=0x4ab0 value=0x0002c509 count=6
R350_PROBE write reg=0x4ab4 value=0x00040810 count=6
R350_PROBE write reg=0x47f0 value=0x00020820 count=32
R350_PROBE write reg=0x485c value=0x00020820 count=8
R350_PROBE write reg=0x4860 value=0x00860800 count=8
R350_PROBE write reg=0x4864 value=0x00020801 count=8
R350_PROBE write reg=0x4868 value=0x00860820 count=8
R350_PROBE write reg=0x486c value=0x00860061 count=8
R350_PROBE write reg=0x4870 value=0x00860062 count=8
R350_PROBE write reg=0x4874 value=0x008018c0 count=8
R350_PROBE write reg=0x4878 value=0x00820900 count=8
R350_PROBE write reg=0x487c value=0x01020800 count=8
R350_PROBE write reg=0x4880 value=0x01020800 count=7
R350_PROBE write reg=0x4884 value=0x00020820 count=6
R350_PROBE write reg=0x4888 value=0x00020820 count=6
R350_PROBE write reg=0x488c value=0x00020820 count=6
R350_PROBE write reg=0x4890 value=0x00020820 count=6
R350_PROBE write reg=0x4894 value=0x00020820 count=6
R350_PROBE write reg=0x4898 value=0x00020820 count=6
R350_PROBE write reg=0x489c value=0x00020820 count=6
R350_PROBE write reg=0x48a0 value=0x008e0803 count=6
R350_PROBE write reg=0x48a4 value=0x00883084 count=6
R350_PROBE write reg=0x48a8 value=0x00842045 count=6
R350_PROBE write reg=0x48ac value=0x00820180 count=6
R350_PROBE write reg=0x48b0 value=0x01001800 count=6
R350_PROBE write reg=0x48b4 value=0x00020820 count=6
R350_PROBE write reg=0x4634 value=0x00008281 count=32
R350_PROBE write reg=0x4644 value=0x00008000 count=16
R350_PROBE write reg=0x43e8 value=0x00ffffff count=256
R350_PROBE write reg=0x4e28 value=0x00737000 count=128
R350_PROBE write reg=0x4e38 value=0x2ed3c040 count=128
R350_PROBE write reg=0x4e00 value=0x00000000 count=128
R350_PROBE write reg=0x43d0 value=0x0000aaaa count=128
R350_PROBE write reg=0x4980 value=0x00050a80 count=8
R350_PROBE write reg=0x4984 value=0x00050200 count=7
R350_PROBE write reg=0x4988 value=0x00050200 count=7
R350_PROBE write reg=0x498c value=0x00050200 count=7
R350_PROBE write reg=0x4990 value=0x00050200 count=7
R350_PROBE write reg=0x4994 value=0x00050200 count=7
R350_PROBE write reg=0x4998 value=0x00050200 count=7
R350_PROBE write reg=0x499c value=0x00050200 count=7
R350_PROBE write reg=0x49a0 value=0x00010a80 count=7
R350_PROBE write reg=0x49a4 value=0x00050280 count=7
R350_PROBE write reg=0x49a8 value=0x00010a80 count=7
R350_PROBE write reg=0x49ac value=0x00020300 count=7
R350_PROBE write reg=0x49b0 value=0x00020380 count=7
R350_PROBE write reg=0x49b4 value=0x0042060f count=7
R350_PROBE write reg=0x4780 value=0x1c020800 count=8
R350_PROBE write reg=0x4784 value=0x018a0c02 count=7
R350_PROBE write reg=0x4788 value=0x018e0c03 count=7
R350_PROBE write reg=0x478c value=0x01920c04 count=7
R350_PROBE write reg=0x4790 value=0x01860c01 count=7
R350_PROBE write reg=0x4794 value=0x01960c05 count=7
R350_PROBE write reg=0x4798 value=0x01820c00 count=7
R350_PROBE write reg=0x479c value=0x019a0c06 count=7
R350_PROBE write reg=0x47a0 value=0x038a0102 count=7
R350_PROBE write reg=0x47a4 value=0x038e0803 count=7
R350_PROBE write reg=0x47a8 value=0x03860141 count=7
R350_PROBE write reg=0x47ac value=0x03883802 count=7
R350_PROBE write reg=0x47b0 value=0x03842801 count=7
R350_PROBE write reg=0x47b4 value=0x1c001006 count=7
R350_PROBE write reg=0x4a80 value=0x00040889 count=8
R350_PROBE write reg=0x4a84 value=0x00040810 count=7
R350_PROBE write reg=0x4a88 value=0x00040810 count=7
R350_PROBE write reg=0x4a8c value=0x00040810 count=7
R350_PROBE write reg=0x4a90 value=0x00040810 count=7
R350_PROBE write reg=0x4a94 value=0x00040810 count=7
R350_PROBE write reg=0x4a98 value=0x00040810 count=7
R350_PROBE write reg=0x4a9c value=0x00040810 count=7
R350_PROBE write reg=0x4aa0 value=0x00040309 count=7
R350_PROBE write reg=0x4aa4 value=0x0042c20f count=7
R350_PROBE write reg=0x4aa8 value=0x0042c40f count=7
R350_PROBE write reg=0x4aac value=0x00028889 count=7
R350_PROBE write reg=0x4ab0 value=0x0002c509 count=7
R350_PROBE write reg=0x4ab4 value=0x00040810 count=7
R350_PROBE write reg=0x4880 value=0x01020800 count=8
R350_PROBE write reg=0x4884 value=0x00020820 count=7
R350_PROBE write reg=0x4888 value=0x00020820 count=7
R350_PROBE write reg=0x488c value=0x00020820 count=7
R350_PROBE write reg=0x4890 value=0x00020820 count=7
R350_PROBE write reg=0x4894 value=0x00020820 count=7
R350_PROBE write reg=0x4898 value=0x00020820 count=7
R350_PROBE write reg=0x489c value=0x00020820 count=7
R350_PROBE write reg=0x48a0 value=0x008e0803 count=7
R350_PROBE write reg=0x48a4 value=0x00883084 count=7
R350_PROBE write reg=0x48a8 value=0x00842045 count=7
R350_PROBE write reg=0x48ac value=0x00820180 count=7
R350_PROBE write reg=0x48b0 value=0x01001800 count=7
R350_PROBE write reg=0x48b4 value=0x00020820 count=7
R350_PROBE write reg=0x46a4 value=0x00001b00 count=128
R350_PROBE write reg=0x46a8 value=0x0000000f count=128
R350_PROBE write reg=0x46ac value=0x0000000f count=128
R350_PROBE write reg=0x46b0 value=0x0000000f count=128
R350_PROBE write reg=0x1d98 value=0x3f800000 count=128
R350_PROBE write reg=0x1da0 value=0x3f800000 count=128
R350_PROBE write reg=0x4338 value=0x0000008b count=32
R350_PROBE write reg=0x433c value=0x000000cc count=32
R350_PROBE write reg=0x4940 value=0x0020050f count=16
R350_PROBE write reg=0x4984 value=0x00050200 count=8
R350_PROBE write reg=0x4988 value=0x00050200 count=8
R350_PROBE write reg=0x498c value=0x00050200 count=8
R350_PROBE write reg=0x4990 value=0x00050200 count=8
R350_PROBE write reg=0x4994 value=0x00050200 count=8
R350_PROBE write reg=0x4998 value=0x00050200 count=8
R350_PROBE write reg=0x499c value=0x00050200 count=8
R350_PROBE write reg=0x49a0 value=0x00010a80 count=8
R350_PROBE write reg=0x49a4 value=0x00050280 count=8
R350_PROBE write reg=0x49a8 value=0x00010a80 count=8
R350_PROBE write reg=0x49ac value=0x00020300 count=8
R350_PROBE write reg=0x49b0 value=0x00020380 count=8
R350_PROBE write reg=0x49b4 value=0x0042060f count=8
R350_PROBE write reg=0x4740 value=0x038b0081 count=16
R350_PROBE write reg=0x4784 value=0x018a0c02 count=8
R350_PROBE write reg=0x4788 value=0x018e0c03 count=8
R350_PROBE write reg=0x478c value=0x01920c04 count=8
R350_PROBE write reg=0x4790 value=0x01860c01 count=8
R350_PROBE write reg=0x4794 value=0x01960c05 count=8
R350_PROBE write reg=0x4798 value=0x01820c00 count=8
R350_PROBE write reg=0x479c value=0x019a0c06 count=8
R350_PROBE write reg=0x47a0 value=0x038a0102 count=8
R350_PROBE write reg=0x47a4 value=0x038e0803 count=8
R350_PROBE write reg=0x47a8 value=0x03860141 count=8
R350_PROBE write reg=0x47ac value=0x03883802 count=8
R350_PROBE write reg=0x47b0 value=0x03842801 count=8
R350_PROBE write reg=0x47b4 value=0x1c001006 count=8
R350_PROBE write reg=0x4a40 value=0x0002c509 count=16
R350_PROBE write reg=0x4a84 value=0x00040810 count=8
R350_PROBE write reg=0x4a88 value=0x00040810 count=8
R350_PROBE write reg=0x4a8c value=0x00040810 count=8
R350_PROBE write reg=0x4a90 value=0x00040810 count=8
R350_PROBE write reg=0x4a94 value=0x00040810 count=8
R350_PROBE write reg=0x4a98 value=0x00040810 count=8
R350_PROBE write reg=0x4a9c value=0x00040810 count=8
R350_PROBE write reg=0x4aa0 value=0x00040309 count=8
R350_PROBE write reg=0x4aa4 value=0x0042c20f count=8
R350_PROBE write reg=0x4aa8 value=0x0042c40f count=8
R350_PROBE write reg=0x4aac value=0x00028889 count=8
R350_PROBE write reg=0x4ab0 value=0x0002c509 count=8
R350_PROBE write reg=0x4ab4 value=0x00040810 count=8
R350_PROBE write reg=0x4840 value=0x00830c82 count=16
R350_PROBE write reg=0x4884 value=0x00020820 count=8
R350_PROBE write reg=0x4888 value=0x00020820 count=8
R350_PROBE write reg=0x488c value=0x00020820 count=8
R350_PROBE write reg=0x4890 value=0x00020820 count=8
R350_PROBE write reg=0x4894 value=0x00020820 count=8
R350_PROBE write reg=0x4898 value=0x00020820 count=8
R350_PROBE write reg=0x489c value=0x00020820 count=8
R350_PROBE write reg=0x48a0 value=0x008e0803 count=8
R350_PROBE write reg=0x48a4 value=0x00883084 count=8
R350_PROBE write reg=0x48a8 value=0x00842045 count=8
R350_PROBE write reg=0x48ac value=0x00820180 count=8
R350_PROBE write reg=0x48b0 value=0x01001800 count=8
R350_PROBE write reg=0x48b4 value=0x00020820 count=8
R350_PROBE write reg=0x4648 value=0x00008082 count=16
R350_PROBE write reg=0x464c value=0x000080c3 count=16
R350_PROBE write reg=0x4650 value=0x00008104 count=16
R350_PROBE write reg=0x20c8 value=0x00000000 count=128
R350_PROBE write reg=0x20cc value=0x00000000 count=128
R350_PROBE write reg=0x4654 value=0x00008041 count=16
R350_PROBE write reg=0x221c value=0x00000000 count=256
R350_PROBE write reg=0x4bd4 value=0x00000000 count=256
R350_PROBE write reg=0x2150 value=0x00000000 count=128
R350_PROBE write reg=0x21e0 value=0x00000000 count=128
R350_PROBE write reg=0x20dc value=0x00000000 count=16
R350_PROBE write reg=0x20e8 value=0x00000000 count=16
R350_PROBE write reg=0x20f4 value=0x00000000 count=16
R350_PROBE write reg=0x2100 value=0x00000000 count=16
R350_PROBE write reg=0x210c value=0x00000000 count=16
R350_PROBE write reg=0x2118 value=0x00000000 count=16
R350_PROBE write reg=0x48c0 value=0x00050200 count=64
R350_PROBE write reg=0x46c0 value=0x01860c01 count=64
R350_PROBE write reg=0x49c0 value=0x00040810 count=64
R350_PROBE write reg=0x47c0 value=0x00020820 count=64
R350_PROBE write reg=0x43e0 value=0x00b405a0 count=256
R350_PROBE write reg=0x43e4 value=0x00b6e5c2 count=256
R350_PROBE write reg=0x4340 value=0x0000010d count=32
R350_PROBE write reg=0x4344 value=0x0000014e count=32
R350_PROBE write reg=0x43b0 value=0x00b405a0 count=128
R350_PROBE write reg=0x43b4 value=0x00b70c9e count=128
R350_PROBE write reg=0x4010 value=0x66666666 count=256
R350_PROBE write reg=0x4014 value=0x06666666 count=256
R350_PROBE write reg=0x4020 value=0x00000000 count=256
R350_PROBE write reg=0x42c0 value=0x4b7fffff count=128
R350_PROBE write reg=0x42c4 value=0x00000000 count=128
R350_PROBE write reg=0x2208 value=0x00434065 count=32768
R350_PROBE write reg=0x4e2c value=0x00000000 count=128
R350_PROBE write reg=0x4e30 value=0x00000000 count=128
R350_PROBE write reg=0x4e34 value=0x00000000 count=128
R350_PROBE write reg=0x4e3c value=0x00000000 count=128
R350_PROBE write reg=0x4e40 value=0x00000000 count=128
R350_PROBE write reg=0x4e44 value=0x00000000 count=128
R350_PROBE write reg=0x4e54 value=0x00000001 count=128
R350_PROBE write reg=0x4e64 value=0x00000040 count=128
R350_PROBE write reg=0x4f20 value=0x00000000 count=128
R350_PROBE write reg=0x4f24 value=0x00000000 count=128
R350_PROBE write reg=0x4f60 value=0x00000000 count=128
R350_PROBE write reg=0x4f10 value=0x00000000 count=128
R350_PROBE write reg=0x4f28 value=0x00000000 count=128
R350_PROBE write reg=0x4f30 value=0x00000000 count=128
R350_PROBE write reg=0x4f34 value=0x00000000 count=128
R350_PROBE write reg=0x4f44 value=0x00000000 count=128
R350_PROBE write reg=0x4f54 value=0x00000000 count=128
R350_PROBE write reg=0x4f14 value=0x00000000 count=128
R350_PROBE write reg=0x4664 value=0x000080c3 count=5
R350_PROBE write reg=0x4944 value=0x00050a80 count=16
R350_PROBE write reg=0x4744 value=0x1c020800 count=16
R350_PROBE write reg=0x4a44 value=0x00040889 count=16
R350_PROBE write reg=0x4844 value=0x01020800 count=16
R350_PROBE write reg=0x4620 value=0x00008041 count=64
R350_PROBE write reg=0x4664 value=0x000080c3 count=6
R350_PROBE write reg=0x4658 value=0x00008000 count=16
R350_PROBE write reg=0x465c value=0x00008041 count=16
R350_PROBE write reg=0x4660 value=0x00008082 count=16
R350_PROBE write reg=0x4664 value=0x000080c3 count=7
R350_PROBE write reg=0x4600 value=0x00000001 count=256
R350_PROBE write reg=0x4604 value=0x00000003 count=256
R350_PROBE write reg=0x461c value=0x00460044 count=256
R350_PROBE write reg=0x4f18 value=0x00000003 count=256
R350_PROBE write reg=0x2140 value=0x00000002 count=64
R350_PROBE write reg=0x43a8 value=0x2da49525 count=64
R350_PROBE write reg=0x4304 value=0x00000003 count=256
R350_PROBE write reg=0x4330 value=0x00000009 count=256
R350_PROBE write reg=0x4664 value=0x000080c3 count=8
R350_PROBE write reg=0x20b4 value=0x00000008 count=256
R350_PROBE write reg=0x4294 value=0x00000000 count=128
R350_PROBE write reg=0x4298 value=0x00000000 count=128
R350_PROBE write reg=0x4bc8 value=0x00000000 count=128
R350_PROBE write reg=0x4bcc value=0x00000000 count=128
R350_PROBE write reg=0x4bd0 value=0x00000000 count=128
R350_PROBE write reg=0x48f4 value=0x00050200 count=32
R350_PROBE write reg=0x48f8 value=0x00050200 count=32
R350_PROBE write reg=0x48fc value=0x00050200 count=32
R350_PROBE write reg=0x4900 value=0x00050200 count=32
R350_PROBE write reg=0x4904 value=0x00010a80 count=32
R350_PROBE write reg=0x4908 value=0x0045048f count=32
R350_PROBE write reg=0x490c value=0x00010a80 count=32
R350_PROBE write reg=0x4910 value=0x00020300 count=32
R350_PROBE write reg=0x46f4 value=0x018e0c03 count=32
R350_PROBE write reg=0x46f8 value=0x01920c04 count=32
R350_PROBE write reg=0x46fc value=0x01820c00 count=32
R350_PROBE write reg=0x4700 value=0x01960c05 count=32
R350_PROBE write reg=0x4704 value=0x03860101 count=32
R350_PROBE write reg=0x4708 value=0x038a0083 count=32
R350_PROBE write reg=0x470c value=0x03820140 count=32
R350_PROBE write reg=0x4710 value=0x03842801 count=32
R350_PROBE write reg=0x49f4 value=0x00040810 count=32
R350_PROBE write reg=0x49f8 value=0x00040810 count=32
R350_PROBE write reg=0x49fc value=0x00040810 count=32
R350_PROBE write reg=0x4a00 value=0x00040810 count=32
R350_PROBE write reg=0x4a04 value=0x0044030f count=32
R350_PROBE write reg=0x4a08 value=0x0042c38f count=32
R350_PROBE write reg=0x4a0c value=0x0042c40f count=32
R350_PROBE write reg=0x4a10 value=0x00040810 count=32
R350_PROBE write reg=0x47f4 value=0x00020820 count=32
R350_PROBE write reg=0x47f8 value=0x00020820 count=32
R350_PROBE write reg=0x47fc value=0x00020820 count=32
R350_PROBE write reg=0x4800 value=0x00020820 count=32
R350_PROBE write reg=0x4804 value=0x008a0083 count=32
R350_PROBE write reg=0x4808 value=0x00842044 count=32
R350_PROBE write reg=0x480c value=0x01001005 count=32
R350_PROBE write reg=0x4810 value=0x00020820 count=32
R350_PROBE write reg=0x4638 value=0x00008041 count=32
R350_PROBE write reg=0x463c value=0x00008082 count=32
R350_PROBE write reg=0x4640 value=0x000080c3 count=32
R350_PROBE write reg=0x4948 value=0x00050200 count=16
R350_PROBE write reg=0x494c value=0x00050a80 count=16
R350_PROBE write reg=0x4748 value=0x01820c00 count=16
R350_PROBE write reg=0x474c value=0x1c020800 count=16
R350_PROBE write reg=0x4a48 value=0x00040810 count=16
R350_PROBE write reg=0x4a4c value=0x00040889 count=16
R350_PROBE write reg=0x4848 value=0x00020820 count=16
R350_PROBE write reg=0x484c value=0x01020800 count=16
R350_PROBE write reg=0x4668 value=0x00008000 count=5
R350_PROBE write reg=0x4230 value=0x01800006 count=128
R350_PROBE write reg=0x4914 value=0x00020380 count=32
R350_PROBE write reg=0x4918 value=0x00050a80 count=32
R350_PROBE write reg=0x4714 value=0x1c001800 count=32
R350_PROBE write reg=0x4718 value=0x1c020800 count=32
R350_PROBE write reg=0x4a14 value=0x00040810 count=32
R350_PROBE write reg=0x4a18 value=0x00040889 count=32
R350_PROBE write reg=0x4814 value=0x00020820 count=32
R350_PROBE write reg=0x4818 value=0x01020800 count=32
R350_PROBE write reg=0x4668 value=0x00008000 count=6
R350_PROBE write reg=0x2080 value=0x0030045a count=64
R350_PROBE write reg=0x4668 value=0x00008000 count=7
R350_PROBE write reg=0x4950 value=0x00050200 count=16
R350_PROBE write reg=0x4954 value=0x00050a80 count=16
R350_PROBE write reg=0x4750 value=0x01820c00 count=16
R350_PROBE write reg=0x4754 value=0x1c020800 count=16
R350_PROBE write reg=0x4a50 value=0x00040810 count=16
R350_PROBE write reg=0x4a54 value=0x00040889 count=16
R350_PROBE write reg=0x4850 value=0x00020820 count=16
R350_PROBE write reg=0x4854 value=0x01020800 count=16
R350_PROBE write reg=0x466c value=0x00008000 count=5
R350_PROBE write reg=0x46b4 value=0x00000001 count=256
R350_PROBE write reg=0x4610 value=0x00000000 count=256
R350_PROBE write reg=0x4614 value=0x00000000 count=256
R350_PROBE write reg=0x4618 value=0x00000000 count=256
R350_PROBE write reg=0x4668 value=0x00008000 count=8
R350_PROBE write reg=0x466c value=0x00008000 count=6
R350_PROBE write reg=0x2200 value=0x00000406 count=1024
R350_PROBE write reg=0x491c value=0x00050a80 count=32
R350_PROBE write reg=0x4920 value=0x00050a80 count=32
R350_PROBE write reg=0x4924 value=0x00050a80 count=32
R350_PROBE write reg=0x471c value=0x1c020800 count=32
R350_PROBE write reg=0x4720 value=0x1c020800 count=32
R350_PROBE write reg=0x4724 value=0x1c020800 count=32
R350_PROBE write reg=0x4a1c value=0x00040889 count=32
R350_PROBE write reg=0x4a20 value=0x00040889 count=32
R350_PROBE write reg=0x4a24 value=0x00040889 count=32
R350_PROBE write reg=0x481c value=0x01020800 count=32
R350_PROBE write reg=0x4820 value=0x01020800 count=32
R350_PROBE write reg=0x4824 value=0x01020800 count=32
R350_PROBE write reg=0x4644 value=0x00008104 count=32
R350_PROBE write reg=0x466c value=0x00008000 count=7
R350_PROBE write reg=0x4f08 value=0x00ffff00 count=128
R350_PROBE write reg=0x48c4 value=0x00050200 count=64
R350_PROBE write reg=0x48c8 value=0x00050200 count=64
R350_PROBE write reg=0x4928 value=0x00050a80 count=32
R350_PROBE write reg=0x46c4 value=0x018a0c02 count=64
R350_PROBE write reg=0x46c8 value=0x018e0c03 count=64
R350_PROBE write reg=0x4728 value=0x1c020800 count=32
R350_PROBE write reg=0x49c4 value=0x00040810 count=64
R350_PROBE write reg=0x49c8 value=0x00040810 count=64
R350_PROBE write reg=0x4a28 value=0x00040889 count=32
R350_PROBE write reg=0x47c4 value=0x00020820 count=64
R350_PROBE write reg=0x47c8 value=0x00020820 count=64
R350_PROBE write reg=0x4828 value=0x01020800 count=32
R350_PROBE write reg=0x466c value=0x00008000 count=8
R350_PROBE write reg=0x48cc value=0x00050200 count=64
R350_PROBE write reg=0x492c value=0x00050200 count=32
R350_PROBE write reg=0x4930 value=0x00050200 count=32
R350_PROBE write reg=0x4934 value=0x00050200 count=32
R350_PROBE write reg=0x46cc value=0x01920c04 count=64
R350_PROBE write reg=0x472c value=0x01820c00 count=32
R350_PROBE write reg=0x4730 value=0x01860c01 count=32
R350_PROBE write reg=0x4734 value=0x018a0c02 count=32
R350_PROBE write reg=0x49cc value=0x00040810 count=64
R350_PROBE write reg=0x4a2c value=0x00040810 count=32
R350_PROBE write reg=0x4a30 value=0x00040810 count=32
R350_PROBE write reg=0x4a34 value=0x00040810 count=32
R350_PROBE write reg=0x47cc value=0x00020820 count=64
R350_PROBE write reg=0x482c value=0x00020820 count=32
R350_PROBE write reg=0x4830 value=0x00020820 count=32
R350_PROBE write reg=0x4834 value=0x00020820 count=32
R350_PROBE write reg=0x4648 value=0x00008000 count=32
R350_PROBE write reg=0x464c value=0x00008145 count=32
R350_PROBE write reg=0x1d9c value=0x418c0000 count=128
R350_PROBE write reg=0x1da4 value=0x41400000 count=128
R350_PROBE write reg=0x1da8 value=0x3f000000 count=128
R350_PROBE write reg=0x1dac value=0x3f000000 count=128
R350_PROBE write reg=0x2220 value=0x3f800000 count=128
R350_PROBE write reg=0x2224 value=0x3f800000 count=128
R350_PROBE write reg=0x2228 value=0x3f800000 count=128
R350_PROBE write reg=0x222c value=0x3f800000 count=128
R350_PROBE write reg=0x48d0 value=0x00050200 count=64
R350_PROBE write reg=0x4938 value=0x00050200 count=32
R350_PROBE write reg=0x493c value=0x0043ca88 count=32
R350_PROBE write reg=0x46d0 value=0x01820c00 count=64
R350_PROBE write reg=0x4738 value=0x018e0c03 count=32
R350_PROBE write reg=0x473c value=0x03802001 count=32
R350_PROBE write reg=0x49d0 value=0x00040810 count=64
R350_PROBE write reg=0x4a38 value=0x00040810 count=32
R350_PROBE write reg=0x4a3c value=0x0043c88b count=32
R350_PROBE write reg=0x47d0 value=0x00020820 count=64
R350_PROBE write reg=0x4838 value=0x00020820 count=32
R350_PROBE write reg=0x483c value=0x00802001 count=32
R350_PROBE write reg=0x4624 value=0x00008082 count=64
R350_PROBE write reg=0x4664 value=0x000080c3 count=16
R350_PROBE write reg=0x20d4 value=0x00000000 count=128
R350_PROBE write reg=0x20d8 value=0x00000000 count=128
R350_PROBE write reg=0x4650 value=0x00018000 count=32
R350_PROBE write reg=0x4e04 value=0x27210007 count=256
R350_PROBE write reg=0x4d00 value=0x003b2492 count=256
R350_PROBE write reg=0x4d04 value=0x003e0000 count=256
R350_PROBE write reg=0x4d08 value=0x00000000 count=256
R350_PROBE write reg=0x4d0c value=0x00000000 count=256
R350_PROBE write reg=0x4f00 value=0x00000010 count=512
R350_PROBE write reg=0x4f04 value=0x00000000 count=512
R350_PROBE write reg=0x4654 value=0x00018000 count=32
R350_PROBE write reg=0x48d4 value=0x00050200 count=64
R350_PROBE write reg=0x4940 value=0x28010a80 count=32
R350_PROBE write reg=0x46d4 value=0x01960c05 count=64
R350_PROBE write reg=0x4740 value=0x1c020003 count=32
R350_PROBE write reg=0x49d4 value=0x00040810 count=64
R350_PROBE write reg=0x4a40 value=0x28028889 count=32
R350_PROBE write reg=0x47d4 value=0x00020820 count=64
R350_PROBE write reg=0x4840 value=0x01020003 count=32
R350_PROBE write reg=0x2090 value=0x00000001 count=256
R350_PROBE write reg=0x20b0 value=0x0000043f count=256
R350_PROBE write reg=0x4290 value=0x00000000 count=64
R350_PROBE write reg=0x42b4 value=0x00000000 count=64
R350_PROBE write reg=0x4288 value=0x00000000 count=128
R350_PROBE write reg=0x428c value=0x00000001 count=64
R350_PROBE write reg=0x4214 value=0x00050005 count=64
R350_PROBE write reg=0x4260 value=0x00000000 count=64
R350_PROBE write reg=0x4264 value=0x00000000 count=64
R350_PROBE write reg=0x4e88 value=0x00000000 count=64
R350_PROBE write reg=0x4274 value=0x00000002 count=64
R350_PROBE write reg=0x42a0 value=0x00000000 count=64
R350_PROBE write reg=0x2288 value=0x0000ffff count=64
R350_PROBE write reg=0x21dc value=0xaaaaaaaa count=64
R350_PROBE write reg=0x2134 value=0x00ffffff count=64
R350_PROBE write reg=0x2138 value=0x00000000 count=64
R350_PROBE write reg=0x427c value=0x00000000 count=64
R350_PROBE write reg=0x4280 value=0x00000000 count=64
R350_PROBE write reg=0x48d8 value=0x00010a80 count=64
R350_PROBE write reg=0x48dc value=0x0045048f count=64
R350_PROBE write reg=0x46d8 value=0x03860101 count=64
R350_PROBE write reg=0x46dc value=0x038a0083 count=64
R350_PROBE write reg=0x49d8 value=0x0044030f count=64
R350_PROBE write reg=0x49dc value=0x0042c38f count=64
R350_PROBE write reg=0x47d8 value=0x008a0083 count=64
R350_PROBE write reg=0x47dc value=0x00842044 count=64
R350_PROBE write reg=0x4628 value=0x000080c3 count=64
R350_PROBE write reg=0x4668 value=0x00008000 count=16
R350_PROBE write reg=0x20e0 value=0x00000000 count=64
R350_PROBE write reg=0x20e4 value=0x00000000 count=64
R350_PROBE write reg=0x20ec value=0x00000000 count=64
R350_PROBE write reg=0x20f0 value=0x00000000 count=64
R350_PROBE write reg=0x20f8 value=0x00000000 count=64
R350_PROBE write reg=0x20fc value=0x00000000 count=64
R350_PROBE write reg=0x2104 value=0x00000000 count=64
R350_PROBE write reg=0x2108 value=0x00000000 count=64
R350_PROBE write reg=0x2110 value=0x00000000 count=64
R350_PROBE write reg=0x2114 value=0x00000000 count=64
R350_PROBE write reg=0x211c value=0x00000000 count=64
R350_PROBE write reg=0x2120 value=0x00000000 count=64
R350_PROBE write reg=0x48e0 value=0x00010a80 count=64
R350_PROBE write reg=0x4944 value=0x00050a80 count=32
R350_PROBE write reg=0x46e0 value=0x03820140 count=64
R350_PROBE write reg=0x4744 value=0x1c020800 count=32
R350_PROBE write reg=0x49e0 value=0x0042c40f count=64
R350_PROBE write reg=0x4a44 value=0x00040889 count=32
R350_PROBE write reg=0x47e0 value=0x01001005 count=64
R350_PROBE write reg=0x4844 value=0x01020800 count=32
R350_PROBE write reg=0x462c value=0x00008104 count=64
R350_PROBE write reg=0x22d0 value=0x0ff3f8fe count=256
R350_PROBE write reg=0x22d4 value=0x00000000 count=256
R350_PROBE write reg=0x22d8 value=0x000000ff count=256
R350_PROBE write reg=0x22dc value=0x00000000 count=256
R350_PROBE write reg=0x4e18 value=0x00000000 count=128
R350_PROBE write reg=0x466c value=0x00008000 count=16
R350_PROBE write reg=0x4c80 value=0x00000000 count=6
R350_PROBE write reg=0x4c84 value=0x00000000 count=6
R350_PROBE write reg=0x4c88 value=0x00000000 count=6
R350_PROBE write reg=0x4c8c value=0x003f0000 count=6
R350_PROBE write reg=0x4c90 value=0x00000000 count=6
R350_PROBE write reg=0x4c94 value=0x00000000 count=6
R350_PROBE write reg=0x4c98 value=0x00000000 count=6
R350_PROBE write reg=0x4c9c value=0x003f0000 count=6
R350_PROBE write reg=0x4ca0 value=0x00000000 count=6
R350_PROBE write reg=0x4ca4 value=0x00000000 count=6
R350_PROBE write reg=0x4ca8 value=0x00000000 count=6
R350_PROBE write reg=0x4cac value=0x003f0000 count=6
R350_PROBE write reg=0x4cb0 value=0x00000000 count=6
R350_PROBE write reg=0x4cb4 value=0x003d5555 count=6
R350_PROBE write reg=0x4cb8 value=0x003f0000 count=6
R350_PROBE write reg=0x4cbc value=0x00000000 count=6
R350_PROBE write reg=0x4cc0 value=0x00000000 count=6
R350_PROBE write reg=0x4cc4 value=0x00000000 count=6
R350_PROBE write reg=0x4cc8 value=0x00000000 count=6
R350_PROBE write reg=0x4ccc value=0x003f0000 count=6
R350_PROBE write reg=0x4cd0 value=0x00000000 count=6
R350_PROBE write reg=0x4cd4 value=0x00000000 count=6
R350_PROBE write reg=0x4cd8 value=0x00000000 count=6
R350_PROBE write reg=0x4cdc value=0x003f0000 count=6
R350_PROBE write reg=0x4ce0 value=0x00000000 count=6
R350_PROBE write reg=0x4ce4 value=0x00000000 count=6
R350_PROBE write reg=0x4ce8 value=0x00000000 count=6
R350_PROBE write reg=0x4cec value=0x003f0000 count=6
R350_PROBE write reg=0x4cf0 value=0x00000000 count=6
R350_PROBE write reg=0x4cf4 value=0x00000000 count=6
R350_PROBE write reg=0x4cf8 value=0x00000000 count=6
R350_PROBE write reg=0x4cfc value=0x003f0000 count=6
R350_PROBE write reg=0x4d10 value=0x003d5555 count=6
R350_PROBE write reg=0x4d14 value=0x003e0000 count=6
R350_PROBE write reg=0x4d18 value=0x00000000 count=6
R350_PROBE write reg=0x4d1c value=0x00000000 count=6
R350_PROBE write reg=0x4c80 value=0x00000000 count=7
R350_PROBE write reg=0x4c84 value=0x00000000 count=7
R350_PROBE write reg=0x4c88 value=0x00000000 count=7
R350_PROBE write reg=0x4c8c value=0x003f0000 count=7
R350_PROBE write reg=0x4c90 value=0x00000000 count=7
R350_PROBE write reg=0x4c94 value=0x00000000 count=7
R350_PROBE write reg=0x4c98 value=0x00000000 count=7
R350_PROBE write reg=0x4c9c value=0x003f0000 count=7
R350_PROBE write reg=0x4ca0 value=0x00000000 count=7
R350_PROBE write reg=0x4ca4 value=0x00000000 count=7
R350_PROBE write reg=0x4ca8 value=0x00000000 count=7
R350_PROBE write reg=0x4cac value=0x003f0000 count=7
R350_PROBE write reg=0x4cb0 value=0x00000000 count=7
R350_PROBE write reg=0x4cb4 value=0x003d5555 count=7
R350_PROBE write reg=0x4cb8 value=0x003f0000 count=7
R350_PROBE write reg=0x4cbc value=0x00000000 count=7
R350_PROBE write reg=0x4cc0 value=0x00000000 count=7
R350_PROBE write reg=0x4cc4 value=0x00000000 count=7
R350_PROBE write reg=0x4cc8 value=0x00000000 count=7
R350_PROBE write reg=0x4ccc value=0x003f0000 count=7
R350_PROBE write reg=0x4cd0 value=0x00000000 count=7
R350_PROBE write reg=0x4cd4 value=0x00000000 count=7
R350_PROBE write reg=0x4cd8 value=0x00000000 count=7
R350_PROBE write reg=0x4cdc value=0x003f0000 count=7
R350_PROBE write reg=0x4ce0 value=0x00000000 count=7
R350_PROBE write reg=0x4ce4 value=0x00000000 count=7
R350_PROBE write reg=0x4ce8 value=0x00000000 count=7
R350_PROBE write reg=0x4cec value=0x003f0000 count=7
R350_PROBE write reg=0x4cf0 value=0x00000000 count=7
R350_PROBE write reg=0x4cf4 value=0x00000000 count=7
R350_PROBE write reg=0x4cf8 value=0x00000000 count=7
R350_PROBE write reg=0x4cfc value=0x003f0000 count=7
R350_PROBE write reg=0x4d10 value=0x003d5555 count=7
R350_PROBE write reg=0x4d14 value=0x003e0000 count=7
R350_PROBE write reg=0x4d18 value=0x00000000 count=7
R350_PROBE write reg=0x4d1c value=0x00000000 count=7
R350_PROBE write reg=0x48e4 value=0x00010a80 count=64
R350_PROBE write reg=0x46e4 value=0x038e2189 count=64
R350_PROBE write reg=0x49e4 value=0x0042c40f count=64
R350_PROBE write reg=0x47e4 value=0x008c7246 count=64
R350_PROBE write reg=0x4c80 value=0x00000000 count=8
R350_PROBE write reg=0x4c84 value=0x00000000 count=8
R350_PROBE write reg=0x4c88 value=0x00000000 count=8
R350_PROBE write reg=0x4c8c value=0x003f0000 count=8
R350_PROBE write reg=0x4c90 value=0x00000000 count=8
R350_PROBE write reg=0x4c94 value=0x00000000 count=8
R350_PROBE write reg=0x4c98 value=0x00000000 count=8
R350_PROBE write reg=0x4c9c value=0x003f0000 count=8
R350_PROBE write reg=0x4ca0 value=0x00000000 count=8
R350_PROBE write reg=0x4ca4 value=0x00000000 count=8
R350_PROBE write reg=0x4ca8 value=0x00000000 count=8
R350_PROBE write reg=0x4cac value=0x003f0000 count=8
R350_PROBE write reg=0x4cb0 value=0x00000000 count=8
R350_PROBE write reg=0x4cb4 value=0x003d5555 count=8
R350_PROBE write reg=0x4cb8 value=0x003f0000 count=8
R350_PROBE write reg=0x4cbc value=0x00000000 count=8
R350_PROBE write reg=0x4cc0 value=0x00000000 count=8
R350_PROBE write reg=0x4cc4 value=0x00000000 count=8
R350_PROBE write reg=0x4cc8 value=0x00000000 count=8
R350_PROBE write reg=0x4ccc value=0x003f0000 count=8
R350_PROBE write reg=0x4cd0 value=0x00000000 count=8
R350_PROBE write reg=0x4cd4 value=0x00000000 count=8
R350_PROBE write reg=0x4cd8 value=0x00000000 count=8
R350_PROBE write reg=0x4cdc value=0x003f0000 count=8
R350_PROBE write reg=0x4ce0 value=0x00000000 count=8
R350_PROBE write reg=0x4ce4 value=0x00000000 count=8
R350_PROBE write reg=0x4ce8 value=0x00000000 count=8
R350_PROBE write reg=0x4cec value=0x003f0000 count=8
R350_PROBE write reg=0x4cf0 value=0x00000000 count=8
R350_PROBE write reg=0x4cf4 value=0x00000000 count=8
R350_PROBE write reg=0x4cf8 value=0x00000000 count=8
R350_PROBE write reg=0x4cfc value=0x003f0000 count=8
R350_PROBE write reg=0x4d10 value=0x003d5555 count=8
R350_PROBE write reg=0x4d14 value=0x003e0000 count=8
R350_PROBE write reg=0x4d18 value=0x00000000 count=8
R350_PROBE write reg=0x4d1c value=0x00000000 count=8
R350_PROBE write reg=0x4544 value=0x007a2008 count=6
R350_PROBE write reg=0x48e8 value=0x00020300 count=64
R350_PROBE write reg=0x46e8 value=0x03842881 count=64
R350_PROBE write reg=0x49e8 value=0x05040809 count=64
R350_PROBE write reg=0x47e8 value=0x009e0803 count=64
R350_PROBE write reg=0x4630 value=0x00008241 count=64
R350_PROBE write reg=0x4c50 value=0x00000000 count=32
R350_PROBE write reg=0x4c54 value=0x00000000 count=32
R350_PROBE write reg=0x4c58 value=0x003f0000 count=32
R350_PROBE write reg=0x4c5c value=0x00000000 count=32
R350_PROBE write reg=0x4c60 value=0x00000000 count=32
R350_PROBE write reg=0x4c64 value=0x00000000 count=32
R350_PROBE write reg=0x4c68 value=0x00000000 count=32
R350_PROBE write reg=0x4c6c value=0x00000000 count=32
R350_PROBE write reg=0x4c70 value=0x00000000 count=32
R350_PROBE write reg=0x4c74 value=0x00000000 count=32
R350_PROBE write reg=0x4c78 value=0x00000000 count=32
R350_PROBE write reg=0x4c7c value=0x003f0000 count=32
R350_PROBE write reg=0x4544 value=0x007a2008 count=7
R350_PROBE write reg=0x4348 value=0x0000018e count=32
R350_PROBE write reg=0x48ec value=0x00020380 count=64
R350_PROBE write reg=0x46ec value=0x03841883 count=64
R350_PROBE write reg=0x49ec value=0x00040810 count=64
R350_PROBE write reg=0x47ec value=0x00020820 count=64
R350_PROBE write reg=0x421c value=0x00060006 count=256
R350_PROBE write reg=0x4c10 value=0x00000000 count=128
R350_PROBE write reg=0x4c14 value=0x00000000 count=128
R350_PROBE write reg=0x4c18 value=0x00000000 count=128
R350_PROBE write reg=0x4c1c value=0x00000000 count=128
R350_PROBE write reg=0x48f0 value=0x00050600 count=64
R350_PROBE write reg=0x46f0 value=0x03860801 count=64
R350_PROBE write reg=0x49f0 value=0x00040810 count=64
R350_PROBE write reg=0x47f0 value=0x00020807 count=64
R350_PROBE write reg=0x4634 value=0x00008186 count=64
R350_PROBE write reg=0x4948 value=0x00050a80 count=32
R350_PROBE write reg=0x494c value=0x00050a80 count=32
R350_PROBE write reg=0x4748 value=0x1c020800 count=32
R350_PROBE write reg=0x474c value=0x1c020800 count=32
R350_PROBE write reg=0x4a48 value=0x00040889 count=32
R350_PROBE write reg=0x4a4c value=0x00040889 count=32
R350_PROBE write reg=0x4848 value=0x01020800 count=32
R350_PROBE write reg=0x484c value=0x01020800 count=32
R350_PROBE write reg=0x4958 value=0x00050a81 count=16
R350_PROBE write reg=0x4758 value=0x02220820 count=16
R350_PROBE write reg=0x4a58 value=0x00040891 count=16
R350_PROBE write reg=0x4858 value=0x00a60820 count=16
R350_PROBE write reg=0x4658 value=0x000081c7 count=32
R350_PROBE write reg=0x465c value=0x00008186 count=32
R350_PROBE write reg=0x4660 value=0x00008041 count=32
R350_PROBE write reg=0x4e0c value=0x0000000f count=256
R350_PROBE write reg=0x4c20 value=0x00000000 count=64
R350_PROBE write reg=0x4c24 value=0x003f0000 count=64
R350_PROBE write reg=0x4c28 value=0x00000000 count=64
R350_PROBE write reg=0x4c2c value=0x00000000 count=64
R350_PROBE write reg=0x4c30 value=0x003d51af count=64
R350_PROBE write reg=0x4c34 value=0x003c41d6 count=64
R350_PROBE write reg=0x4c38 value=0x0038a4e0 count=64
R350_PROBE write reg=0x4c3c value=0x0032f2a3 count=64
R350_PROBE write reg=0x4bd8 value=0x00000000 count=128
R350_PROBE write reg=0x4334 value=0x00000049 count=64
R350_PROBE write reg=0x4950 value=0x00050200 count=32
R350_PROBE write reg=0x4750 value=0x019a0c06 count=32
R350_PROBE write reg=0x4a50 value=0x00040810 count=32
R350_PROBE write reg=0x4850 value=0x00020820 count=32
R350_PROBE write reg=0x4c80 value=0x00000000 count=16
R350_PROBE write reg=0x4c84 value=0x00000000 count=16
R350_PROBE write reg=0x4c88 value=0x00000000 count=16
R350_PROBE write reg=0x4c8c value=0x003f0000 count=16
R350_PROBE write reg=0x42b8 value=0x00000004 count=256
R350_PROBE write reg=0x4e14 value=0x00000000 count=256
R350_PROBE write reg=0x434c value=0x000001cf count=16
R350_PROBE write reg=0x4954 value=0x00050200 count=32
R350_PROBE write reg=0x4754 value=0x01960170 count=32
R350_PROBE write reg=0x4a54 value=0x00040810 count=32
R350_PROBE write reg=0x4854 value=0x00020820 count=32
R350_PROBE write reg=0x4544 value=0x00736000 count=8
R350_PROBE write reg=0x4d10 value=0x003a0000 count=16
R350_PROBE write reg=0x4d14 value=0x003a745d count=16
R350_PROBE write reg=0x4d18 value=0x00000000 count=16
R350_PROBE write reg=0x4d1c value=0x00000000 count=16
R350_PROBE write reg=0x15e0 value=0x000001fc count=512
R350_PROBE write reg=0x4670 value=0x00018041 count=4
R350_PROBE write reg=0x4674 value=0x00008000 count=1
R350_PROBE write reg=0x20c4 value=0x08040804 count=128
R350_PROBE write reg=0x20c0 value=0x00000022 count=128
R350_PROBE write reg=0x4670 value=0x00018041 count=5
R350_PROBE write reg=0x4674 value=0x00008000 count=2
R350_PROBE write reg=0x4678 value=0x00018041 count=1
R350_PROBE write reg=0x467c value=0x00018041 count=1
R350_PROBE write reg=0x401c value=0x00000000 count=256
R350_PROBE write reg=0x4670 value=0x00018041 count=6
R350_PROBE write reg=0x4674 value=0x00008000 count=3
R350_PROBE write reg=0x4678 value=0x00018041 count=2
R350_PROBE write reg=0x467c value=0x00018041 count=2
R350_PROBE write reg=0x4c00 value=0x003f0000 count=512
R350_PROBE write reg=0x4c04 value=0x003f0000 count=512
R350_PROBE write reg=0x4c08 value=0x003f0000 count=512
R350_PROBE write reg=0x4c0c value=0x003f0000 count=512
R350_PROBE write reg=0x495c value=0x40050200 count=16
R350_PROBE write reg=0x475c value=0x1c020040 count=16
R350_PROBE write reg=0x4a5c value=0x40040509 count=16
R350_PROBE write reg=0x485c value=0x01020800 count=16
R350_PROBE write reg=0x4680 value=0x00018041 count=1
R350_PROBE write reg=0x4960 value=0x40050200 count=16
R350_PROBE write reg=0x4760 value=0x1c020040 count=16
R350_PROBE write reg=0x4a60 value=0x40040509 count=16
R350_PROBE write reg=0x4860 value=0x01020040 count=16
R350_PROBE write reg=0x4684 value=0x00018041 count=1
R350_PROBE write reg=0x4300 value=0x00040084 count=512
R350_PROBE write reg=0x4bc0 value=0x00000000 count=256
R350_PROBE write reg=0x4670 value=0x00018041 count=7
R350_PROBE write reg=0x4674 value=0x00008000 count=4
R350_PROBE write reg=0x4678 value=0x00018041 count=3
R350_PROBE write reg=0x467c value=0x00018041 count=3
R350_PROBE write reg=0x4680 value=0x00018041 count=2
R350_PROBE write reg=0x4684 value=0x00018041 count=2
R350_PROBE write reg=0x2180 value=0x00000000 count=256
R350_PROBE write reg=0x4e50 value=0x00000002 count=256
R350_PROBE write reg=0x4008 value=0x00010001 count=256
R350_PROBE write reg=0x4670 value=0x00018041 count=8
R350_PROBE write reg=0x4674 value=0x00008000 count=5
R350_PROBE write reg=0x4678 value=0x00018041 count=4
R350_PROBE write reg=0x467c value=0x00018041 count=4
R350_PROBE write reg=0x4680 value=0x00018041 count=3
R350_PROBE write reg=0x4684 value=0x00018041 count=3
R350_PROBE write reg=0x2154 value=0x23032203 count=32
R350_PROBE write reg=0x21e4 value=0xf688f688 count=32
R350_PROBE write reg=0x4674 value=0x00008000 count=6
R350_PROBE write reg=0x4678 value=0x00018041 count=5
R350_PROBE write reg=0x467c value=0x00018041 count=5
R350_PROBE write reg=0x4680 value=0x00018041 count=4
R350_PROBE write reg=0x4684 value=0x00018041 count=4
R350_PROBE write reg=0x4e08 value=0x27210000 count=256
R350_PROBE write reg=0x4e10 value=0x00000000 count=256
R350_PROBE write reg=0x20dc value=0x00000000 count=32
R350_PROBE write reg=0x20e8 value=0x00000000 count=32
R350_PROBE write reg=0x20f4 value=0x00000000 count=32
R350_PROBE write reg=0x2100 value=0x00000000 count=32
R350_PROBE write reg=0x210c value=0x00000000 count=32
R350_PROBE write reg=0x2118 value=0x00000000 count=32
R350_PROBE write reg=0x4674 value=0x00008000 count=7
R350_PROBE write reg=0x4678 value=0x00018041 count=6
R350_PROBE write reg=0x467c value=0x00018041 count=6
R350_PROBE write reg=0x4680 value=0x00018041 count=5
R350_PROBE write reg=0x4684 value=0x00018041 count=5
R350_PROBE write reg=0x4f1c value=0x00000000 count=256
R350_PROBE write reg=0x43a4 value=0x00000000 count=256
R350_PROBE write reg=0x48f4 value=0x00050200 count=64
R350_PROBE write reg=0x48f8 value=0x0045048f count=64
R350_PROBE write reg=0x48fc value=0x00010a80 count=64
R350_PROBE write reg=0x4900 value=0x00020300 count=64
R350_PROBE write reg=0x4904 value=0x00010a80 count=64
R350_PROBE write reg=0x4908 value=0x00020380 count=64
R350_PROBE write reg=0x490c value=0x0042060f count=64
R350_PROBE write reg=0x4910 value=0x00050600 count=64
R350_PROBE write reg=0x4964 value=0x0045048f count=16
R350_PROBE write reg=0x4968 value=0x00010a80 count=16
R350_PROBE write reg=0x496c value=0x00020300 count=16
R350_PROBE write reg=0x4970 value=0x00010a80 count=16
R350_PROBE write reg=0x4974 value=0x00020380 count=16
R350_PROBE write reg=0x4978 value=0x0042060f count=16
R350_PROBE write reg=0x497c value=0x00050600 count=16
R350_PROBE write reg=0x46f4 value=0x019e0c07 count=64
R350_PROBE write reg=0x46f8 value=0x03823004 count=64
R350_PROBE write reg=0x46fc value=0x038e3183 count=64
R350_PROBE write reg=0x4700 value=0x038008c3 count=64
R350_PROBE write reg=0x4704 value=0x038a01c2 count=64
R350_PROBE write reg=0x4708 value=0x038008c2 count=64
R350_PROBE write reg=0x470c value=0x03800141 count=64
R350_PROBE write reg=0x4710 value=0x03820800 count=64
R350_PROBE write reg=0x4764 value=0x03823004 count=16
R350_PROBE write reg=0x4768 value=0x038e3183 count=16
R350_PROBE write reg=0x476c value=0x038008c3 count=16
R350_PROBE write reg=0x4770 value=0x038a01c2 count=16
R350_PROBE write reg=0x4774 value=0x038008c2 count=16
R350_PROBE write reg=0x4778 value=0x03800141 count=16
R350_PROBE write reg=0x477c value=0x03820800 count=16
R350_PROBE write reg=0x49f4 value=0x00040810 count=64
R350_PROBE write reg=0x49f8 value=0x0044030f count=64
R350_PROBE write reg=0x49fc value=0x0042c38f count=64
R350_PROBE write reg=0x4a00 value=0x0042c28f count=64
R350_PROBE write reg=0x4a04 value=0x00028889 count=64
R350_PROBE write reg=0x4a08 value=0x0002c509 count=64
R350_PROBE write reg=0x4a0c value=0x0504080a count=64
R350_PROBE write reg=0x4a10 value=0x00040810 count=64
R350_PROBE write reg=0x4a64 value=0x0044030f count=16
R350_PROBE write reg=0x4a68 value=0x0042c38f count=16
R350_PROBE write reg=0x4a6c value=0x0042c28f count=16
R350_PROBE write reg=0x4a70 value=0x00028889 count=16
R350_PROBE write reg=0x4a74 value=0x0002c509 count=16
R350_PROBE write reg=0x4a78 value=0x0504080a count=16
R350_PROBE write reg=0x4a7c value=0x00040810 count=16
R350_PROBE write reg=0x47f4 value=0x00020820 count=64
R350_PROBE write reg=0x47f8 value=0x00820004 count=64
R350_PROBE write reg=0x47fc value=0x008000c6 count=64
R350_PROBE write reg=0x4800 value=0x00800087 count=64
R350_PROBE write reg=0x4804 value=0x00860045 count=64
R350_PROBE write reg=0x4808 value=0x008008c1 count=64
R350_PROBE write reg=0x480c value=0x00860023 count=64
R350_PROBE write reg=0x4810 value=0x00020801 count=64
R350_PROBE write reg=0x4864 value=0x00820004 count=16
R350_PROBE write reg=0x4868 value=0x008000c6 count=16
R350_PROBE write reg=0x486c value=0x00800087 count=16
R350_PROBE write reg=0x4870 value=0x00860045 count=16
R350_PROBE write reg=0x4874 value=0x008008c1 count=16
R350_PROBE write reg=0x4878 value=0x00860023 count=16
R350_PROBE write reg=0x487c value=0x00020801 count=16
R350_PROBE write reg=0x4638 value=0x00008082 count=64
R350_PROBE write reg=0x4914 value=0x00050201 count=64
R350_PROBE write reg=0x4918 value=0x00020202 count=64
R350_PROBE write reg=0x4980 value=0x00050201 count=16
R350_PROBE write reg=0x4714 value=0x03860900 count=64
R350_PROBE write reg=0x4718 value=0x03841940 count=64
R350_PROBE write reg=0x4780 value=0x03860900 count=16
R350_PROBE write reg=0x4a14 value=0x00040480 count=64
R350_PROBE write reg=0x4a18 value=0x00028481 count=64
R350_PROBE write reg=0x4a80 value=0x00040480 count=16
R350_PROBE write reg=0x4814 value=0x00860824 count=64
R350_PROBE write reg=0x4818 value=0x00860065 count=64
R350_PROBE write reg=0x4880 value=0x00860824 count=16
R350_PROBE write reg=0x4664 value=0x00008841 count=32
R350_PROBE write reg=0x4338 value=0x0000008b count=64
R350_PROBE write reg=0x433c value=0x000000cc count=64
R350_PROBE write reg=0x2094 value=0x00004924 count=512
R350_PROBE write reg=0x463c value=0x000080c3 count=64
R350_PROBE write reg=0x4278 value=0x0003aaaa count=256
R350_PROBE write reg=0x2284 value=0x00000000 count=1024
R350_PROBE write reg=0x4234 value=0x00020006 count=512
R350_PROBE write reg=0x4238 value=0x00000000 count=512
R350_PROBE write reg=0x4268 value=0x3f800000 count=512
R350_PROBE write reg=0x2184 value=0x00000005 count=256
R350_PROBE write reg=0x43e8 value=0x00ffffff count=512
R350_PROBE write reg=0x4310 value=0x00d10000 count=512
R350_PROBE write reg=0x4640 value=0x00008000 count=64
R350_PROBE write reg=0x4314 value=0x00d10004 count=512
R350_PROBE write reg=0x4318 value=0x01648048 count=512
R350_PROBE write reg=0x431c value=0x01648088 count=512
R350_PROBE write reg=0x4320 value=0x01648008 count=512
R350_PROBE write reg=0x4324 value=0x01648008 count=512
R350_PROBE write reg=0x4328 value=0x01648008 count=512
R350_PROBE write reg=0x432c value=0x01648008 count=512
R350_PROBE write reg=0x4200 value=0x00000000 count=256
R350_PROBE write reg=0x4204 value=0x00000000 count=256
R350_PROBE write reg=0x4208 value=0x3f800000 count=256
R350_PROBE write reg=0x420c value=0x3f800000 count=256
R350_PROBE write reg=0x16ec value=0x00000000 count=256
R350_PROBE write reg=0x16f0 value=0x0002001e count=256
R350_PROBE write reg=0x4018 value=0x00000017 count=256
R350_PROBE write reg=0x4e28 value=0x00738000 count=256
R350_PROBE write reg=0x4e38 value=0x02d24040 count=256
R350_PROBE write reg=0x4e00 value=0x00000000 count=256
R350_PROBE write reg=0x43d0 value=0x0000aaaa count=256
R350_PROBE write reg=0x1d98 value=0x4461e000 count=256
R350_PROBE write reg=0x1da0 value=0x41400000 count=256
R350_PROBE write reg=0x4bd4 value=0x00000000 count=512
R350_PROBE write reg=0x46a4 value=0x00001b00 count=256
R350_PROBE write reg=0x46a8 value=0x0000000f count=256
R350_PROBE write reg=0x46ac value=0x0000000f count=256
R350_PROBE write reg=0x46b0 value=0x0000000f count=256
R350_PROBE write reg=0x221c value=0x00000000 count=512
R350_PROBE write reg=0x2150 value=0x00000000 count=256
R350_PROBE write reg=0x21e0 value=0x00000000 count=256
R350_PROBE write reg=0x4608 value=0x0001000c count=512
R350_PROBE write reg=0x4644 value=0x00008000 count=64
R350_PROBE write reg=0x4010 value=0x66666666 count=512
R350_PROBE write reg=0x4014 value=0x06666666 count=512
R350_PROBE write reg=0x43b0 value=0x00b405a0 count=256
R350_PROBE write reg=0x43b4 value=0x00b445a3 count=256
R350_PROBE write reg=0x4020 value=0x00000000 count=512
R350_PROBE write reg=0x42c4 value=0x00000000 count=256
R350_PROBE write reg=0x42c0 value=0x4b7fffff count=256
R350_PROBE write reg=0x4e2c value=0x00000000 count=256
R350_PROBE write reg=0x4e30 value=0x00000000 count=256
R350_PROBE write reg=0x4e34 value=0x00000000 count=256
R350_PROBE write reg=0x4e3c value=0x00000000 count=256
R350_PROBE write reg=0x4e40 value=0x00000000 count=256
R350_PROBE write reg=0x4e44 value=0x00000000 count=256
R350_PROBE write reg=0x4e54 value=0x00000001 count=256
R350_PROBE write reg=0x4e64 value=0x00000740 count=256
R350_PROBE write reg=0x4f20 value=0x00000000 count=256
R350_PROBE write reg=0x4f24 value=0x00000000 count=256
R350_PROBE write reg=0x4f60 value=0x00000000 count=256
R350_PROBE write reg=0x4f10 value=0x00000000 count=256
R350_PROBE write reg=0x4f28 value=0x00000000 count=256
R350_PROBE write reg=0x4f30 value=0x00000000 count=256
R350_PROBE write reg=0x4f34 value=0x00000000 count=256
R350_PROBE write reg=0x4f44 value=0x00000000 count=256
R350_PROBE write reg=0x4f54 value=0x00000000 count=256
R350_PROBE write reg=0x48c0 value=0x00050200 count=128
R350_PROBE write reg=0x46c0 value=0x01820c00 count=128
R350_PROBE write reg=0x49c0 value=0x00040810 count=128
R350_PROBE write reg=0x47c0 value=0x00020820 count=128
R350_PROBE write reg=0x491c value=0x00020202 count=64
R350_PROBE write reg=0x4920 value=0x00020203 count=64
R350_PROBE write reg=0x4924 value=0x0001000c count=64
R350_PROBE write reg=0x471c value=0x038829c1 count=64
R350_PROBE write reg=0x4720 value=0x03842a01 count=64
R350_PROBE write reg=0x4724 value=0x03860069 count=64
R350_PROBE write reg=0x4a1c value=0x00028481 count=64
R350_PROBE write reg=0x4a20 value=0x00028482 count=64
R350_PROBE write reg=0x4a24 value=0x0002c509 count=64
R350_PROBE write reg=0x481c value=0x008e00e7 count=64
R350_PROBE write reg=0x4820 value=0x008e00e8 count=64
R350_PROBE write reg=0x4824 value=0x008c3a48 count=64
R350_PROBE write reg=0x4c40 value=0x00000000 count=64
R350_PROBE write reg=0x4c44 value=0x003f0000 count=64
R350_PROBE write reg=0x4c48 value=0x00000000 count=64
R350_PROBE write reg=0x4c4c value=0x00000000 count=64
R350_PROBE write reg=0x4d20 value=0x003f0000 count=6
R350_PROBE write reg=0x4d24 value=0x003f0000 count=6
R350_PROBE write reg=0x4d28 value=0x003f0000 count=6
R350_PROBE write reg=0x4d2c value=0x003f0000 count=6
R350_PROBE write reg=0x4d30 value=0x003d6666 count=6
R350_PROBE write reg=0x4d34 value=0x003c3333 count=6
R350_PROBE write reg=0x4d38 value=0x00000000 count=6
R350_PROBE write reg=0x4d3c value=0x003e8000 count=6
R350_PROBE write reg=0x4d40 value=0x003e2e14 count=6
R350_PROBE write reg=0x4d44 value=0x00000000 count=6
R350_PROBE write reg=0x4d48 value=0x00000000 count=6
R350_PROBE write reg=0x4d4c value=0x00000000 count=6
R350_PROBE write reg=0x4d50 value=0x003421d2 count=6
R350_PROBE write reg=0x4d54 value=0x003a5555 count=6
R350_PROBE write reg=0x4d58 value=0x00000000 count=6
R350_PROBE write reg=0x4d5c value=0x00000000 count=6
R350_PROBE write reg=0x4d60 value=0x003d5555 count=6
R350_PROBE write reg=0x4d64 value=0x003e0000 count=6
R350_PROBE write reg=0x4d68 value=0x00000000 count=6
R350_PROBE write reg=0x4d6c value=0x00000000 count=6
R350_PROBE write reg=0x4928 value=0x00050280 count=64
R350_PROBE write reg=0x4728 value=0x038a0b09 count=64
R350_PROBE write reg=0x4a28 value=0x00040509 count=64
R350_PROBE write reg=0x4828 value=0x00920809 count=64
R350_PROBE write reg=0x4d20 value=0x003f0000 count=7
R350_PROBE write reg=0x4d24 value=0x003f0000 count=7
R350_PROBE write reg=0x4d28 value=0x003f0000 count=7
R350_PROBE write reg=0x4d2c value=0x003f0000 count=7
R350_PROBE write reg=0x4d30 value=0x003d6666 count=7
R350_PROBE write reg=0x4d34 value=0x003c3333 count=7
R350_PROBE write reg=0x4d38 value=0x00000000 count=7
R350_PROBE write reg=0x4d3c value=0x003e8000 count=7
R350_PROBE write reg=0x4d40 value=0x003e2e14 count=7
R350_PROBE write reg=0x4d44 value=0x00000000 count=7
R350_PROBE write reg=0x4d48 value=0x00000000 count=7
R350_PROBE write reg=0x4d4c value=0x00000000 count=7
R350_PROBE write reg=0x4d50 value=0x003421d2 count=7
R350_PROBE write reg=0x4d54 value=0x003a5555 count=7
R350_PROBE write reg=0x4d58 value=0x00000000 count=7
R350_PROBE write reg=0x4d5c value=0x00000000 count=7
R350_PROBE write reg=0x4d60 value=0x003d5555 count=7
R350_PROBE write reg=0x4d64 value=0x003e0000 count=7
R350_PROBE write reg=0x4d68 value=0x00000000 count=7
R350_PROBE write reg=0x4d6c value=0x00000000 count=7
R350_PROBE write reg=0x4404 value=0x10001436 count=16
R350_PROBE write reg=0x4444 value=0x00000000 count=16
R350_PROBE write reg=0x4484 value=0x80000802 count=16
R350_PROBE write reg=0x44c4 value=0x0000a60c count=16
R350_PROBE write reg=0x45c4 value=0x00000000 count=16
R350_PROBE write reg=0x4584 value=0x00000000 count=16
R350_PROBE write reg=0x4504 value=0x0000003f count=16
R350_PROBE write reg=0x492c value=0x04080214 count=64
R350_PROBE write reg=0x4930 value=0x00850300 count=64
R350_PROBE write reg=0x4934 value=0x00450793 count=64
R350_PROBE write reg=0x472c value=0x038a00ad count=64
R350_PROBE write reg=0x4730 value=0x00830b82 count=64
R350_PROBE write reg=0x4734 value=0x0386006a count=64
R350_PROBE write reg=0x4a2c value=0x004448af count=64
R350_PROBE write reg=0x4a30 value=0x0043c38b count=64
R350_PROBE write reg=0x4a34 value=0x00440810 count=64
R350_PROBE write reg=0x482c value=0x009600ea count=64
R350_PROBE write reg=0x4830 value=0x009450ea count=64
R350_PROBE write reg=0x4834 value=0x000200ea count=64
R350_PROBE write reg=0x4620 value=0x00008104 count=128
R350_PROBE write reg=0x4d20 value=0x003f0000 count=8
R350_PROBE write reg=0x4d24 value=0x003f0000 count=8
R350_PROBE write reg=0x4d28 value=0x003f0000 count=8
R350_PROBE write reg=0x4d2c value=0x003f0000 count=8
R350_PROBE write reg=0x4d30 value=0x003d6666 count=8
R350_PROBE write reg=0x4d34 value=0x003c3333 count=8
R350_PROBE write reg=0x4d38 value=0x00000000 count=8
R350_PROBE write reg=0x4d3c value=0x003e8000 count=8
R350_PROBE write reg=0x4d40 value=0x003e2e14 count=8
R350_PROBE write reg=0x4d44 value=0x00000000 count=8
R350_PROBE write reg=0x4d48 value=0x00000000 count=8
R350_PROBE write reg=0x4d4c value=0x00000000 count=8
R350_PROBE write reg=0x4d50 value=0x003421d2 count=8
R350_PROBE write reg=0x4d54 value=0x003a5555 count=8
R350_PROBE write reg=0x4d58 value=0x00000000 count=8
R350_PROBE write reg=0x4d5c value=0x00000000 count=8
R350_PROBE write reg=0x4d60 value=0x003d5555 count=8
R350_PROBE write reg=0x4d64 value=0x003e0000 count=8
R350_PROBE write reg=0x4d68 value=0x00000000 count=8
R350_PROBE write reg=0x4d6c value=0x00000000 count=8
R350_PROBE write reg=0x4938 value=0x00850300 count=64
R350_PROBE write reg=0x493c value=0x00024681 count=64
R350_PROBE write reg=0x4738 value=0x038a0b81 count=64
R350_PROBE write reg=0x473c value=0x01133c40 count=64
R350_PROBE write reg=0x4a38 value=0x00040810 count=64
R350_PROBE write reg=0x4a3c value=0x0000c480 count=64
R350_PROBE write reg=0x4838 value=0x00020820 count=64
R350_PROBE write reg=0x483c value=0x008a0080 count=64
R350_PROBE write reg=0x4958 value=0x4001000d count=32
R350_PROBE write reg=0x4758 value=0x1c020001 count=32
R350_PROBE write reg=0x4a58 value=0x4062478a count=32
R350_PROBE write reg=0x4858 value=0x01020001 count=32
R350_PROBE write reg=0x4984 value=0x00050200 count=16
R350_PROBE write reg=0x4988 value=0x00050200 count=16
R350_PROBE write reg=0x498c value=0x00050200 count=16
R350_PROBE write reg=0x4990 value=0x00050200 count=16
R350_PROBE write reg=0x4994 value=0x00050200 count=16
R350_PROBE write reg=0x4784 value=0x018a0c02 count=16
R350_PROBE write reg=0x4788 value=0x018e0c03 count=16
R350_PROBE write reg=0x478c value=0x01920c04 count=16
R350_PROBE write reg=0x4790 value=0x01860c01 count=16
R350_PROBE write reg=0x4794 value=0x01960c05 count=16
R350_PROBE write reg=0x4a84 value=0x00040810 count=16
R350_PROBE write reg=0x4a88 value=0x00040810 count=16
R350_PROBE write reg=0x4a8c value=0x00040810 count=16
R350_PROBE write reg=0x4a90 value=0x00040810 count=16
R350_PROBE write reg=0x4a94 value=0x00040810 count=16
R350_PROBE write reg=0x4884 value=0x00020820 count=16
R350_PROBE write reg=0x4888 value=0x00020820 count=16
R350_PROBE write reg=0x488c value=0x00020820 count=16
R350_PROBE write reg=0x4890 value=0x00020820 count=16
R350_PROBE write reg=0x4894 value=0x00020820 count=16
R350_PROBE write reg=0x4f14 value=0x00000001 count=256
R350_PROBE write reg=0x4940 value=0x0020050f count=64
R350_PROBE write reg=0x4998 value=0x00050200 count=16
R350_PROBE write reg=0x499c value=0x00050200 count=16
R350_PROBE write reg=0x49a0 value=0x00010a80 count=16
R350_PROBE write reg=0x4740 value=0x038b0081 count=64
R350_PROBE write reg=0x4798 value=0x01820c00 count=16
R350_PROBE write reg=0x479c value=0x019a0c06 count=16
R350_PROBE write reg=0x47a0 value=0x038a0102 count=16
R350_PROBE write reg=0x4a40 value=0x0002c509 count=64
R350_PROBE write reg=0x4a98 value=0x00040810 count=16
R350_PROBE write reg=0x4a9c value=0x00040810 count=16
R350_PROBE write reg=0x4aa0 value=0x00040309 count=16
R350_PROBE write reg=0x4840 value=0x00830c82 count=64
R350_PROBE write reg=0x4898 value=0x00020820 count=16
R350_PROBE write reg=0x489c value=0x00020820 count=16
R350_PROBE write reg=0x48a0 value=0x008e0803 count=16
R350_PROBE write reg=0x49a4 value=0x00050280 count=16
R350_PROBE write reg=0x47a4 value=0x038e0803 count=16
R350_PROBE write reg=0x4aa4 value=0x0042c20f count=16
R350_PROBE write reg=0x48a4 value=0x00883084 count=16
R350_PROBE write reg=0x4bc8 value=0x00000000 count=256
R350_PROBE write reg=0x4bcc value=0x00000000 count=256
R350_PROBE write reg=0x4bd0 value=0x00000000 count=256
R350_PROBE write reg=0x4294 value=0x00000000 count=256
R350_PROBE write reg=0x4298 value=0x00000000 count=256
R350_PROBE write reg=0x4f18 value=0x00000003 count=512
R350_PROBE write reg=0x4944 value=0x0001c00c count=64
R350_PROBE write reg=0x4744 value=0x03904c32 count=64
R350_PROBE write reg=0x4a44 value=0x00045507 count=64
R350_PROBE write reg=0x4844 value=0x00860042 count=64
R350_PROBE write reg=0x4230 value=0x01800006 count=256
R350_PROBE write reg=0x4340 value=0x0000010d count=64
R350_PROBE write reg=0x4344 value=0x0000014e count=64
R350_PROBE write reg=0x49a8 value=0x00010a80 count=16
R350_PROBE write reg=0x49ac value=0x00020300 count=16
R350_PROBE write reg=0x49b0 value=0x00020380 count=16
R350_PROBE write reg=0x49b4 value=0x0042060f count=16
R350_PROBE write reg=0x47a8 value=0x03860141 count=16
R350_PROBE write reg=0x47ac value=0x03883802 count=16
R350_PROBE write reg=0x47b0 value=0x03842801 count=16
R350_PROBE write reg=0x47b4 value=0x1c001006 count=16
R350_PROBE write reg=0x4aa8 value=0x0042c40f count=16
R350_PROBE write reg=0x4aac value=0x00028889 count=16
R350_PROBE write reg=0x4ab0 value=0x0002c509 count=16
R350_PROBE write reg=0x4ab4 value=0x00040810 count=16
R350_PROBE write reg=0x48a8 value=0x00842045 count=16
R350_PROBE write reg=0x48ac value=0x00820180 count=16
R350_PROBE write reg=0x48b0 value=0x01001800 count=16
R350_PROBE write reg=0x48b4 value=0x00020820 count=16
R350_PROBE write reg=0x20b4 value=0x00000008 count=512
R350_PROBE write reg=0x495c value=0x00050200 count=32
R350_PROBE write reg=0x4960 value=0x00050a14 count=32
R350_PROBE write reg=0x475c value=0x01820c00 count=32
R350_PROBE write reg=0x4760 value=0x00020820 count=32
R350_PROBE write reg=0x4a5c value=0x00040810 count=32
R350_PROBE write reg=0x4a60 value=0x05040809 count=32
R350_PROBE write reg=0x485c value=0x00020820 count=32
R350_PROBE write reg=0x4860 value=0x00860800 count=32
R350_PROBE write reg=0x4348 value=0x0000018f count=64
R350_PROBE write reg=0x2080 value=0x00300458 count=128
R350_PROBE write reg=0x4648 value=0x00008000 count=64
R350_PROBE write reg=0x464c value=0x00008145 count=64
R350_PROBE write reg=0x48c4 value=0x00050200 count=128
R350_PROBE write reg=0x48c8 value=0x00050200 count=128
R350_PROBE write reg=0x46c4 value=0x018a0c02 count=128
R350_PROBE write reg=0x46c8 value=0x018e0c03 count=128
R350_PROBE write reg=0x49c4 value=0x00040810 count=128
R350_PROBE write reg=0x49c8 value=0x00040810 count=128
R350_PROBE write reg=0x47c4 value=0x00020820 count=128
R350_PROBE write reg=0x47c8 value=0x00020820 count=128
R350_PROBE write reg=0x2208 value=0x40400000 count=65536
R350_PROBE write reg=0x2140 value=0x00000002 count=128
R350_PROBE write reg=0x43a8 value=0x2da49525 count=128
R350_PROBE write reg=0x48cc value=0x00050200 count=128
R350_PROBE write reg=0x46cc value=0x01920c04 count=128
R350_PROBE write reg=0x49cc value=0x00040810 count=128
R350_PROBE write reg=0x47cc value=0x00020820 count=128
R350_PROBE write reg=0x4f08 value=0x00ffff00 count=256
R350_PROBE write reg=0x48d0 value=0x00050200 count=128
R350_PROBE write reg=0x46d0 value=0x01820c00 count=128
R350_PROBE write reg=0x49d0 value=0x00040810 count=128
R350_PROBE write reg=0x47d0 value=0x00020820 count=128
R350_PROBE write reg=0x4624 value=0x00008082 count=128
R350_PROBE write reg=0x4650 value=0x00018000 count=64
R350_PROBE write reg=0x4600 value=0x00000001 count=512
R350_PROBE write reg=0x4604 value=0x00000003 count=512
R350_PROBE write reg=0x461c value=0x00460044 count=512
R350_PROBE write reg=0x4654 value=0x00018000 count=64
R350_PROBE write reg=0x4304 value=0x00000003 count=512
R350_PROBE write reg=0x4330 value=0x00000009 count=512
R350_PROBE write reg=0x48d4 value=0x00050200 count=128
R350_PROBE write reg=0x46d4 value=0x01960c05 count=128
R350_PROBE write reg=0x49d4 value=0x00040810 count=128
R350_PROBE write reg=0x47d4 value=0x00020820 count=128
R350_PROBE write reg=0x48d8 value=0x00010a80 count=128
R350_PROBE write reg=0x48dc value=0x0045048f count=128
R350_PROBE write reg=0x46d8 value=0x03860101 count=128
R350_PROBE write reg=0x46dc value=0x038a0083 count=128
R350_PROBE write reg=0x49d8 value=0x0044030f count=128
R350_PROBE write reg=0x49dc value=0x0042c38f count=128
R350_PROBE write reg=0x47d8 value=0x008a0083 count=128
R350_PROBE write reg=0x47dc value=0x00842044 count=128
R350_PROBE write reg=0x4628 value=0x000080c3 count=128
R350_PROBE write reg=0x48e0 value=0x00010a80 count=128
R350_PROBE write reg=0x46e0 value=0x03820140 count=128
R350_PROBE write reg=0x49e0 value=0x0042c40f count=128
R350_PROBE write reg=0x47e0 value=0x01001005 count=128
R350_PROBE write reg=0x462c value=0x00008104 count=128
R350_PROBE write reg=0x4d00 value=0x00382492 count=512
R350_PROBE write reg=0x4d04 value=0x003d5555 count=512
R350_PROBE write reg=0x4d08 value=0x00000000 count=512
R350_PROBE write reg=0x4d0c value=0x00000000 count=512
R350_PROBE write reg=0x0714 value=0x000001e0 count=2048
R350_PROBE write reg=0x46b4 value=0x00000001 count=512
R350_PROBE write reg=0x4610 value=0x00000000 count=512
R350_PROBE write reg=0x4614 value=0x00000000 count=512
R350_PROBE write reg=0x4618 value=0x00000000 count=512
R350_PROBE write reg=0x48e4 value=0x00020300 count=128
R350_PROBE write reg=0x46e4 value=0x03842801 count=128
R350_PROBE write reg=0x49e4 value=0x00040810 count=128
R350_PROBE write reg=0x47e4 value=0x00020820 count=128
R350_PROBE write reg=0x4658 value=0x00008000 count=64
R350_PROBE write reg=0x465c value=0x00008041 count=64
R350_PROBE write reg=0x4400 value=0x00001436 count=512
R350_PROBE write reg=0x4440 value=0x00000000 count=512
R350_PROBE write reg=0x4480 value=0x80000837 count=512
R350_PROBE write reg=0x44c0 value=0x0000a60c count=512
R350_PROBE write reg=0x4500 value=0x0000003f count=512
R350_PROBE write reg=0x48e8 value=0x00020380 count=128
R350_PROBE write reg=0x4948 value=0x00050200 count=64
R350_PROBE write reg=0x494c value=0x00050a80 count=64
R350_PROBE write reg=0x46e8 value=0x1c001800 count=128
R350_PROBE write reg=0x4748 value=0x01820c00 count=64
R350_PROBE write reg=0x474c value=0x1c020800 count=64
R350_PROBE write reg=0x49e8 value=0x00040810 count=128
R350_PROBE write reg=0x4a48 value=0x00040810 count=64
R350_PROBE write reg=0x4a4c value=0x00040889 count=64
R350_PROBE write reg=0x47e8 value=0x00020820 count=128
R350_PROBE write reg=0x4848 value=0x00020820 count=64
R350_PROBE write reg=0x484c value=0x01020800 count=64
R350_PROBE write reg=0x4630 value=0x00008000 count=128
R350_PROBE write reg=0x4660 value=0x00008082 count=64
R350_PROBE write reg=0x4e04 value=0x27210006 count=512
R350_PROBE write reg=0x4668 value=0x00008000 count=32
R350_PROBE write reg=0x48ec value=0x00050200 count=128
R350_PROBE write reg=0x46ec value=0x01860c01 count=128
R350_PROBE write reg=0x49ec value=0x00040810 count=128
R350_PROBE write reg=0x47ec value=0x00020820 count=128
R350_PROBE write reg=0x48f0 value=0x00050200 count=128
R350_PROBE write reg=0x46f0 value=0x018a0c02 count=128
R350_PROBE write reg=0x49f0 value=0x00040810 count=128
R350_PROBE write reg=0x47f0 value=0x00020820 count=128
R350_PROBE write reg=0x4634 value=0x00008145 count=128
R350_PROBE write reg=0x1d9c value=0x418c0000 count=256
R350_PROBE write reg=0x1da4 value=0x41400000 count=256
R350_PROBE write reg=0x1da8 value=0x3f000000 count=256
R350_PROBE write reg=0x1dac value=0x3f000000 count=256
R350_PROBE write reg=0x2220 value=0x3f800000 count=256
R350_PROBE write reg=0x2224 value=0x3f800000 count=256
R350_PROBE write reg=0x2228 value=0x3f800000 count=256
R350_PROBE write reg=0x222c value=0x3f800000 count=256
R350_PROBE write reg=0x466c value=0x00008000 count=32
R350_PROBE write reg=0x20b0 value=0x0000043f count=512
R350_PROBE write reg=0x142c value=0x81001e88 count=512
R350_PROBE write reg=0x2090 value=0x00000001 count=512
R350_PROBE write reg=0x4290 value=0x00000000 count=128
R350_PROBE write reg=0x42b4 value=0x00000000 count=128
R350_PROBE write reg=0x428c value=0x00000001 count=128
R350_PROBE write reg=0x4214 value=0x00050005 count=128
R350_PROBE write reg=0x4260 value=0x00000000 count=128
R350_PROBE write reg=0x4264 value=0x00000000 count=128
R350_PROBE write reg=0x4e88 value=0x00000000 count=128
R350_PROBE write reg=0x4274 value=0x00000002 count=128
R350_PROBE write reg=0x42a0 value=0x00000000 count=128
R350_PROBE write reg=0x2288 value=0x0000ffff count=128
R350_PROBE write reg=0x21dc value=0xaaaaaaaa count=128
R350_PROBE write reg=0x2134 value=0x00ffffff count=128
R350_PROBE write reg=0x2138 value=0x00000000 count=128
R350_PROBE write reg=0x427c value=0x00000000 count=128
R350_PROBE write reg=0x4280 value=0x00000000 count=128
R350_PROBE write reg=0x20c8 value=0x00000000 count=256
R350_PROBE write reg=0x20cc value=0x00000000 count=256
R350_PROBE write reg=0x20e0 value=0x00000000 count=128
R350_PROBE write reg=0x20e4 value=0x00000000 count=128
R350_PROBE write reg=0x20ec value=0x00000000 count=128
R350_PROBE write reg=0x20f0 value=0x00000000 count=128
R350_PROBE write reg=0x20f8 value=0x00000000 count=128
R350_PROBE write reg=0x20fc value=0x00000000 count=128
R350_PROBE write reg=0x2104 value=0x00000000 count=128
R350_PROBE write reg=0x2108 value=0x00000000 count=128
R350_PROBE write reg=0x2110 value=0x00000000 count=128
R350_PROBE write reg=0x2114 value=0x00000000 count=128
R350_PROBE write reg=0x211c value=0x00000000 count=128
R350_PROBE write reg=0x2120 value=0x00000000 count=128
R350_PROBE write reg=0x4288 value=0x00000000 count=256
R350_PROBE write reg=0x45c0 value=0x00000000 count=512
R350_PROBE write reg=0x4580 value=0x00000000 count=512
R350_PROBE write reg=0x4e18 value=0x00000000 count=256
R350_PROBE write reg=0x4c90 value=0x003fc5ed count=16
R350_PROBE write reg=0x4c94 value=0x00000000 count=16
R350_PROBE write reg=0x4c98 value=0x00000000 count=16
R350_PROBE write reg=0x4c9c value=0x00000000 count=16
R350_PROBE write reg=0x4ca0 value=0x003e0000 count=16
R350_PROBE write reg=0x4ca4 value=0x003e0000 count=16
R350_PROBE write reg=0x4ca8 value=0x003e0000 count=16
R350_PROBE write reg=0x4cac value=0x003e0000 count=16
R350_PROBE write reg=0x4cb0 value=0x00000000 count=16
R350_PROBE write reg=0x4cb4 value=0x003d5555 count=16
R350_PROBE write reg=0x4cb8 value=0x003f0000 count=16
R350_PROBE write reg=0x4cbc value=0x00000000 count=16
R350_PROBE write reg=0x4cc0 value=0x003d3333 count=16
R350_PROBE write reg=0x4cc4 value=0x003b3333 count=16
R350_PROBE write reg=0x4cc8 value=0x00000000 count=16
R350_PROBE write reg=0x4ccc value=0x00000000 count=16
R350_PROBE write reg=0x4cd0 value=0x003e8000 count=16
R350_PROBE write reg=0x4cd4 value=0x003e0000 count=16
R350_PROBE write reg=0x4cd8 value=0x003e0000 count=16
R350_PROBE write reg=0x4cdc value=0x003e8000 count=16
R350_PROBE write reg=0x4ce0 value=0x0041e000 count=16
R350_PROBE write reg=0x4ce4 value=0x00410000 count=16
R350_PROBE write reg=0x4ce8 value=0x00420000 count=16
R350_PROBE write reg=0x4cec value=0x00000000 count=16
R350_PROBE write reg=0x4cf0 value=0x003e3333 count=16
R350_PROBE write reg=0x4cf4 value=0x003eb333 count=16
R350_PROBE write reg=0x4cf8 value=0x00406000 count=16
R350_PROBE write reg=0x4cfc value=0x00000000 count=16
R350_PROBE write reg=0x4c50 value=0x00000000 count=64
R350_PROBE write reg=0x4c54 value=0x00000000 count=64
R350_PROBE write reg=0x4c58 value=0x003f0000 count=64
R350_PROBE write reg=0x4c5c value=0x00000000 count=64
R350_PROBE write reg=0x4c60 value=0x00000000 count=64
R350_PROBE write reg=0x4c64 value=0x00000000 count=64
R350_PROBE write reg=0x4c68 value=0x00000000 count=64
R350_PROBE write reg=0x4c6c value=0x00000000 count=64
R350_PROBE write reg=0x4c70 value=0x00000000 count=64
R350_PROBE write reg=0x4c74 value=0x00000000 count=64
R350_PROBE write reg=0x4c78 value=0x00000000 count=64
R350_PROBE write reg=0x4c7c value=0x003f0000 count=64
R350_PROBE write reg=0x22d0 value=0x04a0ac28 count=512
R350_PROBE write reg=0x22d4 value=0x000a0019 count=512
R350_PROBE write reg=0x22d8 value=0x0000002e count=512
R350_PROBE write reg=0x22dc value=0x00000000 count=512
R350_PROBE write reg=0x4d10 value=0x003d5555 count=32
R350_PROBE write reg=0x4d14 value=0x003e0000 count=32
R350_PROBE write reg=0x4d18 value=0x00000000 count=32
R350_PROBE write reg=0x4d1c value=0x00000000 count=32
R350_PROBE write reg=0x342c value=0x00000005 count=512
R350_PROBE write reg=0x4638 value=0x000089c7 count=128
R350_PROBE write reg=0x4334 value=0x00000049 count=128
R350_PROBE write reg=0x20d0 value=0x00000c04 count=128
R350_PROBE write reg=0x4c20 value=0x00000000 count=128
R350_PROBE write reg=0x4c24 value=0x003f0000 count=128
R350_PROBE write reg=0x4c28 value=0x00000000 count=128
R350_PROBE write reg=0x4c2c value=0x00000000 count=128
R350_PROBE write reg=0x4c30 value=0x003d623f count=128
R350_PROBE write reg=0x4c34 value=0x003c29a4 count=128
R350_PROBE write reg=0x4c38 value=0x00381aa4 count=128
R350_PROBE write reg=0x4c3c value=0x00318b09 count=128
R350_PROBE write reg=0x43e0 value=0x00b405a0 count=512
R350_PROBE write reg=0x43e4 value=0x00b6e5c2 count=512
R350_PROBE write reg=0x4964 value=0x0045048f count=32
R350_PROBE write reg=0x4968 value=0x00010a80 count=32
R350_PROBE write reg=0x496c value=0x00020300 count=32
R350_PROBE write reg=0x4970 value=0x00010a80 count=32
R350_PROBE write reg=0x4974 value=0x00020380 count=32
R350_PROBE write reg=0x4978 value=0x0042060f count=32
R350_PROBE write reg=0x497c value=0x00050600 count=32
R350_PROBE write reg=0x4764 value=0x03823004 count=32
R350_PROBE write reg=0x4768 value=0x038e3183 count=32
R350_PROBE write reg=0x476c value=0x038008c3 count=32
R350_PROBE write reg=0x4770 value=0x038a01c2 count=32
R350_PROBE write reg=0x4774 value=0x038008c2 count=32
R350_PROBE write reg=0x4778 value=0x03800141 count=32
R350_PROBE write reg=0x477c value=0x03820800 count=32
R350_PROBE write reg=0x4a64 value=0x0044030f count=32
R350_PROBE write reg=0x4a68 value=0x0042c38f count=32
R350_PROBE write reg=0x4a6c value=0x0042c28f count=32
R350_PROBE write reg=0x4a70 value=0x00028889 count=32
R350_PROBE write reg=0x4a74 value=0x0002c509 count=32
R350_PROBE write reg=0x4a78 value=0x0504080a count=32
R350_PROBE write reg=0x4a7c value=0x00040810 count=32
R350_PROBE write reg=0x4864 value=0x00820004 count=32
R350_PROBE write reg=0x4868 value=0x008000c6 count=32
R350_PROBE write reg=0x486c value=0x00800087 count=32
R350_PROBE write reg=0x4870 value=0x00860045 count=32
R350_PROBE write reg=0x4874 value=0x008008c1 count=32
R350_PROBE write reg=0x4878 value=0x00860023 count=32
R350_PROBE write reg=0x487c value=0x00020801 count=32
R350_PROBE write reg=0x4544 value=0x00736000 count=16
R350_PROBE write reg=0x48f4 value=0x40050600 count=128
R350_PROBE write reg=0x48f8 value=0x00050200 count=128
R350_PROBE write reg=0x4950 value=0x40050200 count=64
R350_PROBE write reg=0x46f4 value=0x1c020800 count=128
R350_PROBE write reg=0x46f8 value=0x1c020040 count=128
R350_PROBE write reg=0x4750 value=0x1c020040 count=64
R350_PROBE write reg=0x49f4 value=0x4004058a count=128
R350_PROBE write reg=0x49f8 value=0x00040509 count=128
R350_PROBE write reg=0x4a50 value=0x40040509 count=64
R350_PROBE write reg=0x47f4 value=0x01001020 count=128
R350_PROBE write reg=0x47f8 value=0x01020040 count=128
R350_PROBE write reg=0x4850 value=0x01020800 count=64
R350_PROBE write reg=0x4674 value=0x00008000 count=8
R350_PROBE write reg=0x4678 value=0x00018041 count=7
R350_PROBE write reg=0x467c value=0x00018041 count=7
R350_PROBE write reg=0x4680 value=0x00018041 count=6
R350_PROBE write reg=0x4684 value=0x00018041 count=6
R350_PROBE write reg=0x4688 value=0x00008000 count=1
R350_PROBE write reg=0x4678 value=0x00018041 count=8
R350_PROBE write reg=0x467c value=0x00018041 count=8
R350_PROBE write reg=0x4680 value=0x00018041 count=7
R350_PROBE write reg=0x4684 value=0x00018041 count=7
R350_PROBE write reg=0x4688 value=0x00008000 count=2
R350_PROBE write reg=0x4e0c value=0x0000000f count=512
R350_PROBE write reg=0x1720 value=0x00008000 count=1024
R350_PROBE write reg=0x48fc value=0x00050200 count=128
R350_PROBE write reg=0x4900 value=0x4005000c count=128
R350_PROBE write reg=0x46fc value=0x038a0040 count=128
R350_PROBE write reg=0x4700 value=0x1c020802 count=128
R350_PROBE write reg=0x49fc value=0x00040509 count=128
R350_PROBE write reg=0x4a00 value=0x40040509 count=128
R350_PROBE write reg=0x47fc value=0x00820040 count=128
R350_PROBE write reg=0x4800 value=0x01020002 count=128
R350_PROBE write reg=0x4680 value=0x00018041 count=8
R350_PROBE write reg=0x4684 value=0x00018041 count=8
R350_PROBE write reg=0x4688 value=0x00008000 count=3
R350_PROBE write reg=0x4c10 value=0x003f0000 count=256
R350_PROBE write reg=0x4c14 value=0x003f0000 count=256
R350_PROBE write reg=0x4c18 value=0x003f0000 count=256
R350_PROBE write reg=0x4c1c value=0x003f0000 count=256
R350_PROBE write reg=0x4688 value=0x00008000 count=4
R350_PROBE write reg=0x4540 value=0x010ec000 count=512
R350_PROBE write reg=0x468c value=0x00018041 count=1
R350_PROBE write reg=0x4690 value=0x00018041 count=1
R350_PROBE write reg=0x4694 value=0x00018041 count=1
R350_PROBE write reg=0x4698 value=0x00018882 count=1
R350_PROBE write reg=0x4104 value=0x00000003 count=1024
R350_PROBE write reg=0x20d4 value=0x10c52b94 count=256
R350_PROBE write reg=0x20d8 value=0x10c52b9c count=256
R350_PROBE write reg=0x20c4 value=0x07010704 count=256
R350_PROBE write reg=0x20c0 value=0x00000023 count=256
R350_PROBE write reg=0x0218 value=0x4000041a count=16
R350_PROBE write reg=0x4bd8 value=0x00000000 count=256
R350_PROBE write reg=0x4954 value=0x40050200 count=64
R350_PROBE write reg=0x4980 value=0x00050200 count=32
R350_PROBE write reg=0x4754 value=0x1c020040 count=64
R350_PROBE write reg=0x4780 value=0x038a0040 count=32
R350_PROBE write reg=0x4a54 value=0x40040509 count=64
R350_PROBE write reg=0x4a80 value=0x00040509 count=32
R350_PROBE write reg=0x4854 value=0x01020040 count=64
R350_PROBE write reg=0x4880 value=0x00820040 count=32
R350_PROBE write reg=0x4688 value=0x00008000 count=5
R350_PROBE write reg=0x468c value=0x00018041 count=2
R350_PROBE write reg=0x4690 value=0x00018041 count=2
R350_PROBE write reg=0x4694 value=0x00018041 count=2
R350_PROBE write reg=0x4698 value=0x00018882 count=2
R350_PROBE write reg=0x2200 value=0x00000280 count=2048
R350_PROBE write reg=0x20dc value=0x00000000 count=64
R350_PROBE write reg=0x20e8 value=0x00000000 count=64
R350_PROBE write reg=0x20f4 value=0x00000000 count=64
R350_PROBE write reg=0x2100 value=0x00000000 count=64
R350_PROBE write reg=0x210c value=0x00000000 count=64
R350_PROBE write reg=0x2118 value=0x00000000 count=64
R350_PROBE write reg=0x463c value=0x00018041 count=128
R350_PROBE write reg=0x4670 value=0x00018041 count=16
R350_PROBE write reg=0x4688 value=0x00008000 count=6
R350_PROBE write reg=0x468c value=0x00018041 count=3
R350_PROBE write reg=0x4690 value=0x00018041 count=3
R350_PROBE write reg=0x4694 value=0x00018041 count=3
R350_PROBE write reg=0x4698 value=0x00018882 count=3
R350_PROBE write reg=0x42b8 value=0x00000000 count=512
R350_PROBE write reg=0x4e14 value=0x00000000 count=512
R350_PROBE write reg=0x4984 value=0x4005000c count=32
R350_PROBE write reg=0x4988 value=0x00050a80 count=32
R350_PROBE write reg=0x4784 value=0x1c020802 count=32
R350_PROBE write reg=0x4788 value=0x1c020800 count=32
R350_PROBE write reg=0x4a84 value=0x40040509 count=32
R350_PROBE write reg=0x4a88 value=0x00040889 count=32
R350_PROBE write reg=0x4884 value=0x01020002 count=32
R350_PROBE write reg=0x4888 value=0x01020800 count=32
R350_PROBE write reg=0x4688 value=0x00008000 count=7
R350_PROBE write reg=0x468c value=0x00018041 count=4
R350_PROBE write reg=0x4690 value=0x00018041 count=4
R350_PROBE write reg=0x4694 value=0x00018041 count=4
R350_PROBE write reg=0x4698 value=0x00018882 count=4
R350_PROBE write reg=0x421c value=0x00060006 count=512
R350_PROBE write reg=0x4338 value=0x0000008b count=128
R350_PROBE write reg=0x433c value=0x000000cc count=128
R350_PROBE write reg=0x4300 value=0x00040080 count=1024
R350_PROBE write reg=0x401c value=0x00000000 count=512
R350_PROBE write reg=0x4640 value=0x00008000 count=128
R350_PROBE write reg=0x4bc0 value=0x00000000 count=512
R350_PROBE write reg=0x4008 value=0x00000007 count=512
R350_PROBE write reg=0x4e50 value=0x00000005 count=512
R350_PROBE write reg=0x2180 value=0x00000000 count=512
R350_PROBE write reg=0x4100 value=0x00000000 count=1024
R350_PROBE write reg=0x4e08 value=0x27210000 count=512
R350_PROBE write reg=0x4e10 value=0x00000000 count=512
R350_PROBE write reg=0x4f1c value=0x00000000 count=512
R350_PROBE write reg=0x43a4 value=0x00000000 count=512
R350_PROBE write reg=0x434c value=0x000001cf count=32
R350_PROBE write reg=0x2094 value=0x00924924 count=1024
R350_PROBE write reg=0x4644 value=0x00008000 count=128
R350_PROBE write reg=0x4664 value=0x00008041 count=64
R350_PROBE write reg=0x4c80 value=0x00000000 count=32
R350_PROBE write reg=0x4c84 value=0x00000000 count=32
R350_PROBE write reg=0x4c88 value=0x003f0000 count=32
R350_PROBE write reg=0x4c8c value=0x00000000 count=32
R350_PROBE write reg=0x4904 value=0x00020300 count=128
R350_PROBE write reg=0x4908 value=0x00010a80 count=128
R350_PROBE write reg=0x490c value=0x00020380 count=128
R350_PROBE write reg=0x4910 value=0x0042060f count=128
R350_PROBE write reg=0x4704 value=0x03841942 count=128
R350_PROBE write reg=0x4708 value=0x038a01cb count=128
R350_PROBE write reg=0x470c value=0x03841942 count=128
R350_PROBE write reg=0x4710 value=0x0384120a count=128
R350_PROBE write reg=0x4a04 value=0x0042c28f count=128
R350_PROBE write reg=0x4a08 value=0x00028889 count=128
R350_PROBE write reg=0x4a0c value=0x0002c509 count=128
R350_PROBE write reg=0x4a10 value=0x0504080a count=128
R350_PROBE write reg=0x4804 value=0x009c92c7 count=128
R350_PROBE write reg=0x4808 value=0x00a20288 count=128
R350_PROBE write reg=0x480c value=0x00a07948 count=128
R350_PROBE write reg=0x4810 value=0x00a60225 count=128
R350_PROBE write reg=0x4914 value=0x00250608 count=128
R350_PROBE write reg=0x4918 value=0x00050201 count=128
R350_PROBE write reg=0x4714 value=0x03841020 count=128
R350_PROBE write reg=0x4718 value=0x038a0981 count=128
R350_PROBE write reg=0x4a14 value=0x400288ad count=128
R350_PROBE write reg=0x4a18 value=0x00040480 count=128
R350_PROBE write reg=0x4814 value=0x00a60b89 count=128
R350_PROBE write reg=0x4818 value=0x008e0826 count=128
R350_PROBE write reg=0x4310 value=0x00d100c0 count=1024
R350_PROBE write reg=0x498c value=0x00050200 count=32
R350_PROBE write reg=0x4990 value=0x00050200 count=32
R350_PROBE write reg=0x4994 value=0x00050200 count=32
R350_PROBE write reg=0x478c value=0x01920c04 count=32
R350_PROBE write reg=0x4790 value=0x01860c01 count=32
R350_PROBE write reg=0x4794 value=0x01960c05 count=32
R350_PROBE write reg=0x4a8c value=0x00040810 count=32
R350_PROBE write reg=0x4a90 value=0x00040810 count=32
R350_PROBE write reg=0x4a94 value=0x00040810 count=32
R350_PROBE write reg=0x488c value=0x00020820 count=32
R350_PROBE write reg=0x4890 value=0x00020820 count=32
R350_PROBE write reg=0x4894 value=0x00020820 count=32
R350_PROBE write reg=0x43e8 value=0x00ffffff count=1024
R350_PROBE write reg=0x4998 value=0x00050200 count=32
R350_PROBE write reg=0x499c value=0x00050200 count=32
R350_PROBE write reg=0x49a0 value=0x00010a80 count=32
R350_PROBE write reg=0x4798 value=0x01820c00 count=32
R350_PROBE write reg=0x479c value=0x019a0c06 count=32
R350_PROBE write reg=0x47a0 value=0x038a0102 count=32
R350_PROBE write reg=0x4a98 value=0x00040810 count=32
R350_PROBE write reg=0x4a9c value=0x00040810 count=32
R350_PROBE write reg=0x4aa0 value=0x00040309 count=32
R350_PROBE write reg=0x4898 value=0x00020820 count=32
R350_PROBE write reg=0x489c value=0x00020820 count=32
R350_PROBE write reg=0x48a0 value=0x008e0803 count=32
R350_PROBE write reg=0x4e4c value=0x0000000a count=2048
R350_PROBE write reg=0x2184 value=0x00000005 count=512
R350_PROBE write reg=0x491c value=0x00020202 count=128
R350_PROBE write reg=0x4920 value=0x00020203 count=128
R350_PROBE write reg=0x4958 value=0x4001000d count=64
R350_PROBE write reg=0x471c value=0x038829c1 count=128
R350_PROBE write reg=0x4720 value=0x03842a01 count=128
R350_PROBE write reg=0x4758 value=0x1c020001 count=64
R350_PROBE write reg=0x4a1c value=0x00028481 count=128
R350_PROBE write reg=0x4a20 value=0x00028482 count=128
R350_PROBE write reg=0x4a58 value=0x4062478a count=64
R350_PROBE write reg=0x481c value=0x008e00e7 count=128
R350_PROBE write reg=0x4820 value=0x008e00e8 count=128
R350_PROBE write reg=0x4858 value=0x01020001 count=64
R350_PROBE write reg=0x4314 value=0x00d10004 count=1024
R350_PROBE write reg=0x4318 value=0x00d10048 count=1024
R350_PROBE write reg=0x431c value=0x00d1008c count=1024
R350_PROBE write reg=0x4320 value=0x00d10010 count=1024
R350_PROBE write reg=0x4324 value=0x00d10014 count=1024
R350_PROBE write reg=0x4328 value=0x00d10018 count=1024
R350_PROBE write reg=0x432c value=0x00d1001c count=1024
R350_PROBE write reg=0x4924 value=0x0001000c count=128
R350_PROBE write reg=0x49a4 value=0x00050280 count=32
R350_PROBE write reg=0x4724 value=0x03860069 count=128
R350_PROBE write reg=0x47a4 value=0x038e0803 count=32
R350_PROBE write reg=0x4a24 value=0x0002c509 count=128
R350_PROBE write reg=0x4aa4 value=0x0042c20f count=32
R350_PROBE write reg=0x4824 value=0x008c3a48 count=128
R350_PROBE write reg=0x48a4 value=0x00883084 count=32
R350_PROBE write reg=0x4928 value=0x00050280 count=128
R350_PROBE write reg=0x4728 value=0x038a0b09 count=128
R350_PROBE write reg=0x4a28 value=0x00040509 count=128
R350_PROBE write reg=0x4828 value=0x00920809 count=128
R350_PROBE write reg=0x492c value=0x04080214 count=128
R350_PROBE write reg=0x4930 value=0x00850300 count=128
R350_PROBE write reg=0x4934 value=0x00450793 count=128
R350_PROBE write reg=0x472c value=0x038a00ad count=128
R350_PROBE write reg=0x4730 value=0x00830b82 count=128
R350_PROBE write reg=0x4734 value=0x0386006a count=128
R350_PROBE write reg=0x4a2c value=0x004448af count=128
R350_PROBE write reg=0x4a30 value=0x0043c38b count=128
R350_PROBE write reg=0x4a34 value=0x00440810 count=128
R350_PROBE write reg=0x482c value=0x009600ea count=128
R350_PROBE write reg=0x4830 value=0x009450ea count=128
R350_PROBE write reg=0x4834 value=0x000200ea count=128
R350_PROBE write reg=0x4278 value=0x0003aaaa count=512
R350_PROBE write reg=0x4938 value=0x0043ca88 count=128
R350_PROBE write reg=0x493c value=0x28010a80 count=128
R350_PROBE write reg=0x4738 value=0x03802001 count=128
R350_PROBE write reg=0x473c value=0x1c020003 count=128
R350_PROBE write reg=0x4a38 value=0x0043c88b count=128
R350_PROBE write reg=0x4a3c value=0x28028889 count=128
R350_PROBE write reg=0x4838 value=0x00802001 count=128
R350_PROBE write reg=0x483c value=0x01020003 count=128
R350_PROBE write reg=0x1d98 value=0x43600000 count=512
R350_PROBE write reg=0x1da0 value=0x40600000 count=512
R350_PROBE write reg=0x4bd4 value=0x00000000 count=1024
R350_PROBE write reg=0x221c value=0x00000000 count=1024
R350_PROBE write reg=0x4f00 value=0x00000010 count=1024
R350_PROBE write reg=0x4f04 value=0x00000000 count=1024
R350_PROBE write reg=0x16ec value=0x00000000 count=512
R350_PROBE write reg=0x16f0 value=0x0002001c count=512
R350_PROBE write reg=0x4018 value=0x00000017 count=512
R350_PROBE write reg=0x4200 value=0x00000000 count=512
R350_PROBE write reg=0x4204 value=0x00000000 count=512
R350_PROBE write reg=0x4208 value=0x3f800000 count=512
R350_PROBE write reg=0x420c value=0x3f800000 count=512
R350_PROBE write reg=0x4940 value=0x00050200 count=128
R350_PROBE write reg=0x4740 value=0x01820c00 count=128
R350_PROBE write reg=0x4a40 value=0x00040810 count=128
R350_PROBE write reg=0x4840 value=0x00020820 count=128
R350_PROBE write reg=0x4e28 value=0x007a2000 count=512
R350_PROBE write reg=0x4e38 value=0x02d34040 count=512
R350_PROBE write reg=0x4e00 value=0x00000000 count=512
R350_PROBE write reg=0x43d0 value=0x0000aaaa count=512
R350_PROBE write reg=0x46a4 value=0x00001b00 count=512
R350_PROBE write reg=0x46a8 value=0x0000000f count=512
R350_PROBE write reg=0x46ac value=0x0000000f count=512
R350_PROBE write reg=0x46b0 value=0x0000000f count=512
R350_PROBE write reg=0x2150 value=0x22030003 count=512
R350_PROBE write reg=0x21e0 value=0xf688f688 count=512
R350_PROBE write reg=0x4944 value=0x00050a80 count=128
R350_PROBE write reg=0x4744 value=0x1c020800 count=128
R350_PROBE write reg=0x4a44 value=0x00040889 count=128
R350_PROBE write reg=0x4844 value=0x01020800 count=128
R350_PROBE write reg=0x4648 value=0x00008000 count=128
R350_PROBE write reg=0x464c value=0x00008145 count=128
R350_PROBE write reg=0x4010 value=0x66666666 count=1024
R350_PROBE write reg=0x4014 value=0x06666666 count=1024
R350_PROBE write reg=0x4c40 value=0x00000000 count=128
R350_PROBE write reg=0x4c44 value=0x003f0000 count=128
R350_PROBE write reg=0x4c48 value=0x00000000 count=128
R350_PROBE write reg=0x4c4c value=0x00000000 count=128
R350_PROBE write reg=0x4020 value=0x00000000 count=1024
R350_PROBE write reg=0x4608 value=0x00010023 count=1024
R350_PROBE write reg=0x43b0 value=0x00b405a0 count=512
R350_PROBE write reg=0x43b4 value=0x00b705c3 count=512
R350_PROBE write reg=0x42c0 value=0x4b7fffff count=512
R350_PROBE write reg=0x42c4 value=0x00000000 count=512
R350_PROBE write reg=0x4e2c value=0x00000000 count=512
R350_PROBE write reg=0x4e30 value=0x00000000 count=512
R350_PROBE write reg=0x4e34 value=0x00000000 count=512
R350_PROBE write reg=0x4e3c value=0x00000000 count=512
R350_PROBE write reg=0x4e40 value=0x00000000 count=512
R350_PROBE write reg=0x4e44 value=0x00000000 count=512
R350_PROBE write reg=0x4e54 value=0x00000001 count=512
R350_PROBE write reg=0x4e64 value=0x00000040 count=512
R350_PROBE write reg=0x4f20 value=0x00000000 count=512
R350_PROBE write reg=0x4f24 value=0x00000000 count=512
R350_PROBE write reg=0x4f60 value=0x00000000 count=512
R350_PROBE write reg=0x4f10 value=0x00000000 count=512
R350_PROBE write reg=0x4f28 value=0x00000000 count=512
R350_PROBE write reg=0x4f30 value=0x00000000 count=512
R350_PROBE write reg=0x4f34 value=0x00000000 count=512
R350_PROBE write reg=0x4f44 value=0x00000000 count=512
R350_PROBE write reg=0x4f54 value=0x00000000 count=512
R350_PROBE write reg=0x4340 value=0x0000010c count=128
R350_PROBE write reg=0x4344 value=0x0000014d count=128
R350_PROBE write reg=0x4650 value=0x00008145 count=128
R350_PROBE write reg=0x4654 value=0x00008041 count=128
R350_PROBE write reg=0x4404 value=0x10000a36 count=32
R350_PROBE write reg=0x4444 value=0x00000000 count=32
R350_PROBE write reg=0x4484 value=0x8000a81f count=32
R350_PROBE write reg=0x44c4 value=0x1808860c count=32
R350_PROBE write reg=0x45c4 value=0x00000000 count=32
R350_PROBE write reg=0x4584 value=0x00000000 count=32
R350_PROBE write reg=0x4504 value=0x0000001f count=32
R350_PROBE write reg=0x4688 value=0x00008000 count=8
R350_PROBE write reg=0x468c value=0x00018041 count=5
R350_PROBE write reg=0x4690 value=0x00018041 count=5
R350_PROBE write reg=0x4694 value=0x00018041 count=5
R350_PROBE write reg=0x4698 value=0x00018882 count=5
R350_PROBE write reg=0x48c0 value=0x00050a80 count=256
R350_PROBE write reg=0x46c0 value=0x1c020800 count=256
R350_PROBE write reg=0x49c0 value=0x00040889 count=256
R350_PROBE write reg=0x47c0 value=0x01020800 count=256
R350_PROBE write reg=0x4674 value=0x00008000 count=16
R350_PROBE write reg=0x468c value=0x00018041 count=6
R350_PROBE write reg=0x4690 value=0x00018041 count=6
R350_PROBE write reg=0x4694 value=0x00018041 count=6
R350_PROBE write reg=0x4698 value=0x00018882 count=6
R350_PROBE write reg=0x495c value=0x40050200 count=64
R350_PROBE write reg=0x4960 value=0x40050200 count=64
R350_PROBE write reg=0x475c value=0x1c020040 count=64
R350_PROBE write reg=0x4760 value=0x1c020040 count=64
R350_PROBE write reg=0x4a5c value=0x40040509 count=64
R350_PROBE write reg=0x4a60 value=0x40040509 count=64
R350_PROBE write reg=0x485c value=0x01020800 count=64
R350_PROBE write reg=0x4860 value=0x01020040 count=64
R350_PROBE write reg=0x4678 value=0x00018041 count=16
R350_PROBE write reg=0x467c value=0x00018041 count=16
R350_PROBE write reg=0x468c value=0x00018041 count=7
R350_PROBE write reg=0x4690 value=0x00018041 count=7
R350_PROBE write reg=0x4694 value=0x00018041 count=7
R350_PROBE write reg=0x4698 value=0x00018882 count=7
R350_PROBE write reg=0x4620 value=0x00018041 count=256
R350_PROBE write reg=0x4668 value=0x00018041 count=64
R350_PROBE write reg=0x4680 value=0x00018041 count=16
R350_PROBE write reg=0x4684 value=0x00018041 count=16
R350_PROBE write reg=0x468c value=0x00018041 count=8
R350_PROBE write reg=0x4690 value=0x00018041 count=8
R350_PROBE write reg=0x4694 value=0x00018041 count=8
R350_PROBE write reg=0x4698 value=0x00018882 count=8
R350_PROBE write reg=0x4c00 value=0x00000000 count=1024
R350_PROBE write reg=0x4c04 value=0x00000000 count=1024
R350_PROBE write reg=0x4c08 value=0x00000000 count=1024
R350_PROBE write reg=0x4c0c value=0x00000000 count=1024
R350_PROBE write reg=0x4294 value=0x00000000 count=512
R350_PROBE write reg=0x4298 value=0x00000000 count=512
R350_PROBE write reg=0x4bc8 value=0x00000000 count=512
R350_PROBE write reg=0x4bcc value=0x00000000 count=512
R350_PROBE write reg=0x4bd0 value=0x00000000 count=512
R350_PROBE write reg=0x4f14 value=0x00000000 count=512
R350_PROBE write reg=0x4948 value=0x00050a80 count=128
R350_PROBE write reg=0x494c value=0x00050a80 count=128
R350_PROBE write reg=0x4748 value=0x1c020800 count=128
R350_PROBE write reg=0x474c value=0x1c020800 count=128
R350_PROBE write reg=0x4a48 value=0x00040889 count=128
R350_PROBE write reg=0x4a4c value=0x00040889 count=128
R350_PROBE write reg=0x4848 value=0x01020800 count=128
R350_PROBE write reg=0x484c value=0x01020800 count=128
R350_PROBE write reg=0x2154 value=0x23032201 count=64
R350_PROBE write reg=0x21e4 value=0xf688f688 count=64
R350_PROBE write reg=0x4230 value=0x01800006 count=512
R350_PROBE write reg=0x4f18 value=0x00000003 count=1024
R350_PROBE write reg=0x4234 value=0x00020006 count=1024
R350_PROBE write reg=0x4238 value=0x00000000 count=1024
R350_PROBE write reg=0x4268 value=0x3f800000 count=1024
R350_PROBE write reg=0x20b4 value=0x0000000c count=1024
R350_PROBE unsupported_3d_draw count=1024; R200 renderer deliberately not used
R350_PROBE write reg=0x2284 value=0x00000000 count=2048
R350_PROBE write reg=0x4c10 value=0x003f0000 count=512
R350_PROBE write reg=0x4c14 value=0x003f0000 count=512
R350_PROBE write reg=0x4c18 value=0x003f0000 count=512
R350_PROBE write reg=0x4c1c value=0x003f0000 count=512
R350_PROBE write reg=0x4c50 value=0x00000000 count=128
R350_PROBE write reg=0x4c54 value=0x00000000 count=128
R350_PROBE write reg=0x4c58 value=0x00000000 count=128
R350_PROBE write reg=0x4c5c value=0x00000000 count=128
R350_PROBE write reg=0x4c60 value=0x00000000 count=128
R350_PROBE write reg=0x4c64 value=0x00000000 count=128
R350_PROBE write reg=0x4c68 value=0x00000000 count=128
R350_PROBE write reg=0x4c6c value=0x00000000 count=128
R350_PROBE write reg=0x4c70 value=0x00000000 count=128
R350_PROBE write reg=0x4c74 value=0x00000000 count=128
R350_PROBE write reg=0x4c78 value=0x00000000 count=128
R350_PROBE write reg=0x4c7c value=0x00000000 count=128
R350_PROBE write reg=0x2080 value=0x0030045a count=256
R350_PROBE write reg=0x4600 value=0x00000008 count=1024
R350_PROBE write reg=0x4604 value=0x00000002 count=1024
R350_PROBE write reg=0x461c value=0x00420040 count=1024
R350_PROBE write reg=0x20d0 value=0x09020702 count=256
R350_PROBE write reg=0x4304 value=0x00000000 count=1024
R350_PROBE write reg=0x4330 value=0x00004048 count=1024
R350_PROBE write reg=0x4544 value=0x0088700c count=32
R350_PROBE write reg=0x46b4 value=0x00000001 count=1024
R350_PROBE write reg=0x4610 value=0x00000000 count=1024
R350_PROBE write reg=0x4614 value=0x00000000 count=1024
R350_PROBE write reg=0x4618 value=0x00000000 count=1024
R350_PROBE write reg=0x48c4 value=0x00050200 count=256
R350_PROBE write reg=0x48c8 value=0x00050200 count=256
R350_PROBE write reg=0x46c4 value=0x1c020040 count=256
R350_PROBE write reg=0x46c8 value=0x038a0040 count=256
R350_PROBE write reg=0x49c4 value=0x00040509 count=256
R350_PROBE write reg=0x49c8 value=0x00040509 count=256
R350_PROBE write reg=0x47c4 value=0x01020040 count=256
R350_PROBE write reg=0x47c8 value=0x00820040 count=256
R350_PROBE write reg=0x48cc value=0x4005000c count=256
R350_PROBE write reg=0x46cc value=0x1c020802 count=256
R350_PROBE write reg=0x49cc value=0x40040509 count=256
R350_PROBE write reg=0x47cc value=0x01020002 count=256
R350_PROBE write reg=0x4f08 value=0x00ffff00 count=512
R350_PROBE write reg=0x2140 value=0x00000002 count=256
R350_PROBE write reg=0x43a8 value=0x2da49525 count=256
R350_PROBE write reg=0x48d0 value=0x40050600 count=256
R350_PROBE write reg=0x46d0 value=0x1c020800 count=256
R350_PROBE write reg=0x49d0 value=0x4004058a count=256
R350_PROBE write reg=0x47d0 value=0x01001020 count=256
R350_PROBE write reg=0x4624 value=0x00018041 count=256
R350_PROBE write reg=0x2208 value=0x00000000 count=131072
R350_PROBE write reg=0x48d4 value=0x00050a80 count=256
R350_PROBE write reg=0x46d4 value=0x1c020800 count=256
R350_PROBE write reg=0x49d4 value=0x00040889 count=256
R350_PROBE write reg=0x47d4 value=0x01020800 count=256
R350_PROBE write reg=0x20c8 value=0x10c10f80 count=512
R350_PROBE write reg=0x20cc value=0x10c10f90 count=512
R350_PROBE write reg=0x0218 value=0x4000041a count=32
R350_PROBE write reg=0x4628 value=0x00018041 count=256
R350_PROBE write reg=0x48d8 value=0x40050200 count=256
R350_PROBE write reg=0x48dc value=0x00050a80 count=256
R350_PROBE write reg=0x46d8 value=0x1c020040 count=256
R350_PROBE write reg=0x46dc value=0x1c020800 count=256
R350_PROBE write reg=0x49d8 value=0x40040509 count=256
R350_PROBE write reg=0x49dc value=0x00040889 count=256
R350_PROBE write reg=0x47d8 value=0x01020800 count=256
R350_PROBE write reg=0x47dc value=0x01020800 count=256
R350_PROBE write reg=0x462c value=0x00018882 count=256
R350_PROBE write reg=0x2154 value=0x23032203 count=128
R350_PROBE write reg=0x21e4 value=0xf688f688 count=128
R350_PROBE write reg=0x1d9c value=0x444ec000 count=512
R350_PROBE write reg=0x1da4 value=0x420a0000 count=512
R350_PROBE write reg=0x1da8 value=0x3f000000 count=512
R350_PROBE write reg=0x1dac value=0x3f000000 count=512
R350_PROBE write reg=0x2220 value=0x3f800000 count=512
R350_PROBE write reg=0x2224 value=0x3f800000 count=512
R350_PROBE write reg=0x2228 value=0x3f800000 count=512
R350_PROBE write reg=0x222c value=0x3f800000 count=512
R350_PROBE write reg=0x48e0 value=0x40050200 count=256
R350_PROBE write reg=0x46e0 value=0x1c020040 count=256
R350_PROBE write reg=0x49e0 value=0x40040509 count=256
R350_PROBE write reg=0x47e0 value=0x01020040 count=256
R350_PROBE write reg=0x4e04 value=0x27210006 count=1024
R350_PROBE write reg=0x4630 value=0x00018041 count=256
R350_PROBE write reg=0x48e4 value=0x00050a80 count=256
R350_PROBE write reg=0x46e4 value=0x1c020800 count=256
R350_PROBE write reg=0x49e4 value=0x00040889 count=256
R350_PROBE write reg=0x47e4 value=0x01020800 count=256
R350_PROBE write reg=0x4404 value=0x10605e36 count=64
R350_PROBE write reg=0x4444 value=0x00001fc0 count=64
R350_PROBE write reg=0x4484 value=0x2007f8ff count=64
R350_PROBE write reg=0x44c4 value=0x18000000 count=64
R350_PROBE write reg=0x45c4 value=0x00000000 count=64
R350_PROBE write reg=0x4584 value=0x00000000 count=64
R350_PROBE write reg=0x4504 value=0x00003fff count=64
R350_PROBE write reg=0x48e8 value=0x00050a80 count=256
R350_PROBE write reg=0x46e8 value=0x1c020800 count=256
R350_PROBE write reg=0x49e8 value=0x00040889 count=256
R350_PROBE write reg=0x47e8 value=0x01020800 count=256
R350_PROBE write reg=0x2090 value=0x00000003 count=1024
R350_PROBE write reg=0x43e0 value=0x00b405a0 count=1024
R350_PROBE write reg=0x43e4 value=0x00bec5d9 count=1024
R350_PROBE write reg=0x4634 value=0x00018041 count=256
R350_PROBE write reg=0x4104 value=0x00000000 count=2048
R350_PROBE write reg=0x20b0 value=0x0000043f count=1024
R350_PROBE write reg=0x22d0 value=0x08420c80 count=1024
R350_PROBE write reg=0x22d4 value=0x00040080 count=1024
R350_PROBE write reg=0x22d8 value=0x00000084 count=1024
R350_PROBE write reg=0x22dc value=0x00000000 count=1024
R350_PROBE write reg=0x4400 value=0x00001412 count=1024
R350_PROBE write reg=0x4440 value=0x00000000 count=1024
R350_PROBE write reg=0x4480 value=0x80030cff count=1024
R350_PROBE write reg=0x44c0 value=0x1000a60c count=1024
R350_PROBE write reg=0x4500 value=0x000004ff count=1024
R350_PROBE write reg=0x4e0c value=0x0000000f count=1024
R350_PROBE write reg=0x15e0 value=0x000003fc count=1024
R350_PROBE write reg=0x2200 value=0x00000280 count=4096
R350_PROBE write reg=0x4288 value=0x00000000 count=512
R350_PROBE write reg=0x4f00 value=0x00000010 count=2048
R350_PROBE write reg=0x4f04 value=0x00000000 count=2048
R350_PROBE write reg=0x4638 value=0x00018041 count=256
R350_PROBE write reg=0x4e18 value=0x00000000 count=512
R350_PROBE write reg=0x45c0 value=0x00000000 count=1024
R350_PROBE write reg=0x4580 value=0x00000000 count=1024
R350_PROBE write reg=0x4290 value=0x00000000 count=256
R350_PROBE write reg=0x42b4 value=0x00000000 count=256
R350_PROBE write reg=0x428c value=0x00000001 count=256
R350_PROBE write reg=0x4214 value=0x00050005 count=256
R350_PROBE write reg=0x4260 value=0x00000000 count=256
R350_PROBE write reg=0x4264 value=0x00000000 count=256
R350_PROBE write reg=0x4e88 value=0x00000000 count=256
R350_PROBE write reg=0x4274 value=0x00000002 count=256
R350_PROBE write reg=0x42a0 value=0x00000000 count=256
R350_PROBE write reg=0x2288 value=0x0000ffff count=256
R350_PROBE write reg=0x21dc value=0xaaaaaaaa count=256
R350_PROBE write reg=0x2134 value=0x00ffffff count=256
R350_PROBE write reg=0x2138 value=0x00000000 count=256
R350_PROBE write reg=0x427c value=0x00000000 count=256
R350_PROBE write reg=0x4280 value=0x00000000 count=256
R350_PROBE write reg=0x20e0 value=0x00000000 count=256
R350_PROBE write reg=0x20e4 value=0x00000000 count=256
R350_PROBE write reg=0x20ec value=0x00000000 count=256
R350_PROBE write reg=0x20f0 value=0x00000000 count=256
R350_PROBE write reg=0x20f8 value=0x00000000 count=256
R350_PROBE write reg=0x20fc value=0x00000000 count=256
R350_PROBE write reg=0x2104 value=0x00000000 count=256
R350_PROBE write reg=0x2108 value=0x00000000 count=256
R350_PROBE write reg=0x2110 value=0x00000000 count=256
R350_PROBE write reg=0x2114 value=0x00000000 count=256
R350_PROBE write reg=0x211c value=0x00000000 count=256
R350_PROBE write reg=0x2120 value=0x00000000 count=256
R350_PROBE write reg=0x20d4 value=0x10c50f94 count=512
R350_PROBE write reg=0x20d8 value=0x10c50f9c count=512
R350_PROBE write reg=0x4540 value=0x0075a000 count=1024
R350_PROBE write reg=0x42b8 value=0x00000000 count=1024
R350_PROBE write reg=0x4e14 value=0x00000000 count=1024
R350_PROBE write reg=0x142c value=0x41001d20 count=1024
R350_PROBE write reg=0x4234 value=0x00020006 count=2048
R350_PROBE write reg=0x4238 value=0x00000000 count=2048
R350_PROBE write reg=0x4268 value=0x3f800000 count=2048
R350_PROBE write reg=0x2180 value=0x00000000 count=1024
R350_PROBE write reg=0x4c20 value=0x00000000 count=256
R350_PROBE write reg=0x4c24 value=0x00000000 count=256
R350_PROBE write reg=0x4c28 value=0x00000000 count=256
R350_PROBE write reg=0x4c2c value=0x00000000 count=256
R350_PROBE write reg=0x4c30 value=0x00000000 count=256
R350_PROBE write reg=0x4c34 value=0x00000000 count=256
R350_PROBE write reg=0x4c38 value=0x00000000 count=256
R350_PROBE write reg=0x4c3c value=0x00000000 count=256
R350_PROBE unsupported_3d_draw count=2048; R200 renderer deliberately not used
R350_PROBE write reg=0x4300 value=0x00040080 count=2048
R350_PROBE write reg=0x4c10 value=0x003f0000 count=1024
R350_PROBE write reg=0x4c14 value=0x003f0000 count=1024
R350_PROBE write reg=0x4c18 value=0x003f0000 count=1024
R350_PROBE write reg=0x4c1c value=0x003f0000 count=1024
R350_PROBE write reg=0x2154 value=0x23010201 count=256
R350_PROBE write reg=0x21e4 value=0xf688f688 count=256
R350_PROBE write reg=0x4bd8 value=0x00000000 count=512
R350_PROBE write reg=0x4e50 value=0x00000005 count=1024
R350_PROBE write reg=0x4e4c value=0x0000000a count=4096
R350_PROBE write reg=0x20c4 value=0x07010704 count=512
R350_PROBE write reg=0x20c0 value=0x00000023 count=512
R350_PROBE write reg=0x4f1c value=0x00000000 count=1024
R350_PROBE write reg=0x43a4 value=0x00000000 count=1024
R350_PROBE write reg=0x0738 value=0x1001c020 count=4096
R350_PROBE write reg=0x073c value=0x00000008 count=4096
R350_PROBE write reg=0x342c value=0x00000005 count=1024
R350_PROBE write reg=0x4e08 value=0x27210000 count=1024
R350_PROBE write reg=0x4e10 value=0x00000000 count=1024
R350_PROBE write reg=0x0218 value=0x4000041a count=64
GPU MODE: 1680x1050 bpp=32 stride=6720 offset=0x0 pitch_reg=0xd2 crtc_gen=0x3000600
[STRIDE_CHANGE] update_display_mode: 0 -> 6720 (override=no val=0)
qemu-system-ppc: terminating on signal 15 from pid 65106 (<unknown process>)
