R350_PROBE read reg=0x0f02 value=0x00004e48 count=1
R350_PROBE read reg=0x0f0a value=0x00000300 count=1
R350_PROBE write reg=0x4018 value=0x00000017 count=1
R350_PROBE write reg=0x429c value=0x00000400 count=1
R350_PROBE read reg=0x0e40 value=0x00000040 count=1
R350_PROBE write reg=0x4018 value=0x00000017 count=2
ppc-mac-gpu stalled: no drawing for 4 s.
  fences: reg0=0 reg1=0 reg2=0 reg3=0 (copy at 0x00000000, enabled 0x0)
  ring: rptr=0 wptr=0, copy kept at 0x00000000; commands by hand: 0 dwords, through the ring: 0
  buffers fetched from memory: 0 carried out (0 dwords), 0 not found
  interrupts: asked for 0x00000000, pending 0x00000000, 0 raised
  the fence copy lands in the card's own memory -- the guest cannot see it there
  the last 256 registers the guest touched:
  the last commands it pushed:
  the last 32 registers the guest touched:
    read MM_INDEX(0x000)
    read MM_INDEX(0x000)
    read MM_INDEX(0x000)
    read MM_INDEX(0x000)
    read MM_INDEX(0x000)
    read MM_INDEX(0x000)
    read MM_INDEX(0x000)
    read MM_INDEX(0x000)
    read MM_INDEX(0x000)
    read MM_INDEX(0x000)
    read MM_INDEX(0x000)
    read MM_INDEX(0x000)
    read MM_INDEX(0x000)
    read MM_INDEX(0x000)
    read MM_INDEX(0x000)
    read MM_INDEX(0x000)
    read MM_INDEX(0x000)
    read MM_INDEX(0x000)
    read MM_INDEX(0x000)
    read MM_INDEX(0x000)
    read MM_INDEX(0x000)
    read MM_INDEX(0x000)
    read MM_INDEX(0x000)
    read MM_INDEX(0x000)
    read MM_INDEX(0x000)
    read MM_INDEX(0x000)
    read MM_INDEX(0x000)
    read MM_INDEX(0x000)
    read PCI_MIRROR(0xf02)
    read PCI_MIRROR(0xf0a)
    read RBBM_STATUS(0xe40)
    read RBBM_STATUS(0xe40)
R350_PROBE read reg=0x0e40 value=0x00000040 count=2
R350_PROBE read reg=0x1720 value=0x00000000 count=1
R350_PROBE read reg=0x0e40 value=0x00000040 count=3
R350_PROBE read reg=0x1720 value=0x00000000 count=2
R350_PROBE read reg=0x0e40 value=0x00000040 count=4
R350_PROBE read reg=0x1720 value=0x00000000 count=3
R350_PROBE read reg=0x0e40 value=0x00000040 count=5
R350_PROBE read reg=0x1720 value=0x00000000 count=4
R350_PROBE read reg=0x0e40 value=0x00000040 count=6
R350_PROBE read reg=0x1720 value=0x00000000 count=5
R350_PROBE read reg=0x0e40 value=0x00000040 count=7
R350_PROBE read reg=0x1720 value=0x00000000 count=6
R350_PROBE read reg=0x0e40 value=0x00000040 count=8
R350_PROBE read reg=0x1720 value=0x00000000 count=7
R350_PROBE read reg=0x1720 value=0x00000000 count=8
R350_PROBE read reg=0x0e40 value=0x00000040 count=16
R350_PROBE read reg=0x1720 value=0x00000000 count=16
R350_PROBE read reg=0x0e40 value=0x00000040 count=32
R350_PROBE read reg=0x1720 value=0x00000000 count=32
R350_PROBE read reg=0x0e40 value=0x00000040 count=64
R350_PROBE read reg=0x1720 value=0x00000000 count=64
R350_PROBE read reg=0x0e40 value=0x00000040 count=128
R350_PROBE read reg=0x1720 value=0x00000000 count=128
R350_PROBE read reg=0x0e40 value=0x00000040 count=256
R350_PROBE read reg=0x1720 value=0x00000000 count=256
R350_PROBE read reg=0x0e40 value=0x00000040 count=512
R350_PROBE read reg=0x1720 value=0x00000000 count=512
R350_PROBE write reg=0x4e4c value=0x00000010 count=1
R350_PROBE read reg=0x0e40 value=0x00000040 count=1024
R350_PROBE read reg=0x1720 value=0x00000000 count=1024
R350_PROBE write reg=0x0770 value=0x00000000 count=1
R350_PROBE read reg=0x0704 value=0x00000000 count=1
R350_PROBE write reg=0x0704 value=0x08000000 count=1
R350_PROBE write reg=0x0744 value=0x00000000 count=1
R350_PROBE read reg=0x0744 value=0x00000000 count=1
R350_PROBE read reg=0x0704 value=0x08000000 count=2
R350_PROBE write reg=0x0704 value=0x88000000 count=2
R350_PROBE write reg=0x071c value=0x00000000 count=1
R350_PROBE write reg=0x0714 value=0x00000000 count=1
R350_PROBE write reg=0x0704 value=0x08000000 count=3
R350_PROBE read reg=0x0e40 value=0x00000040 count=2048
R350_PROBE read reg=0x1720 value=0x00000000 count=2048
R350_PROBE read reg=0x0500 value=0x0000b0c5 count=1
R350_PROBE read reg=0x0514 value=0x00000800 count=1
R350_PROBE read reg=0x0502 value=0x00000400 count=2
R350_PROBE read reg=0x0504 value=0x00000300 count=1
R350_PROBE read reg=0x0506 value=0x00000020 count=2
R350_PROBE write reg=0x0508 value=0x00000000 count=1
R350_PROBE write reg=0x0506 value=0x00000020 count=1
R350_PROBE write reg=0x0502 value=0x00000400 count=1
R350_PROBE write reg=0x0504 value=0x00000300 count=2
R350_PROBE write reg=0x050a value=0x00000000 count=2
R350_PROBE write reg=0x050c value=0x00000400 count=1
R350_PROBE write reg=0x050e value=0x00000600 count=2
R350_PROBE write reg=0x0510 value=0x00000000 count=1
R350_PROBE write reg=0x0512 value=0x00000000 count=2
R350_PROBE write reg=0x0508 value=0x00000061 count=3
R350_PROBE write reg=0x0740 value=0x00000000 count=1
R350_PROBE write reg=0x0744 value=0x00000000 count=2
R350_PROBE write reg=0x0170 value=0x00000000 count=1
R350_PROBE write reg=0x015c value=0x00000000 count=1
R350_PROBE write reg=0x0148 value=0xffff0000 count=1
R350_PROBE read reg=0x00f8 value=0x07c00000 count=1
R350_PROBE write reg=0x023c value=0x00000000 count=1
R350_PROBE write reg=0x033c value=0x00000000 count=1
R350_PROBE write reg=0x0148 value=0x07bf0000 count=2
R350_PROBE read reg=0x00f8 value=0x07c00000 count=2
R350_PROBE write reg=0x014c value=0x17ff1000 count=1
R350_PROBE write reg=0x0ab0 value=0x03316000 count=1
R350_PROBE write reg=0x0ab4 value=0x00000000 count=1
R350_PROBE write reg=0x01dc value=0x07c00000 count=1
R350_PROBE write reg=0x01e0 value=0x0fbfffff count=1
R350_PROBE read reg=0x01d0 value=0x00000000 count=1
R350_PROBE write reg=0x01d0 value=0x00000001 count=1
R350_PROBE write reg=0x0700 value=0x10020000 count=1
R350_PROBE write reg=0x15e0 value=0x00000000 count=1
R350_PROBE write reg=0x15e4 value=0x00000000 count=1
R350_PROBE write reg=0x15e8 value=0x00000000 count=1
R350_PROBE write reg=0x15ec value=0x00000000 count=1
R350_PROBE write reg=0x15f0 value=0x00000000 count=1
R350_PROBE write reg=0x15f4 value=0x00000000 count=1
R350_PROBE write reg=0x15f8 value=0x00000000 count=1
R350_PROBE write reg=0x15fc value=0x00000000 count=1
R350_PROBE write reg=0x1fa8 value=0x00000000 count=1
R350_PROBE write reg=0x0774 value=0x07c24000 count=1
R350_PROBE write reg=0x0770 value=0x000000ff count=2
R350_PROBE read reg=0x0b00 value=0x00000000 count=1
R350_PROBE write reg=0x0b00 value=0x00000000 count=1
R350_PROBE read reg=0x0030 value=0x00000000 count=1
R350_PROBE write reg=0x0030 value=0x00000000 count=1
R350_PROBE read reg=0x1724 value=0x00000000 count=1
R350_PROBE write reg=0x1724 value=0x00000003 count=1
R350_PROBE read reg=0x1710 value=0x00000000 count=1
R350_PROBE write reg=0x1710 value=0x00020000 count=1
R350_PROBE read reg=0x0704 value=0x08000000 count=3
R350_PROBE read reg=0x0f5c value=0x1f000203 count=1
R350_PROBE write reg=0x0704 value=0x0002000a count=4
R350_PROBE write reg=0x07d4 value=0x00000000 count=1
R350_PROBE write reg=0x07dc value=0x00000000 count=1
R350_PROBE write reg=0x07e0 value=0x4200e000 count=1
R350_PROBE write reg=0x07dc value=0x00000000 count=2
R350_PROBE write reg=0x07e0 value=0x4000e000 count=2
R350_PROBE write reg=0x07dc value=0x00000008 count=3
R350_PROBE write reg=0x07e0 value=0x000000b3 count=3
R350_PROBE write reg=0x07dc value=0x00000008 count=4
R350_PROBE write reg=0x07e0 value=0x000000b7 count=4
R350_PROBE write reg=0x07dc value=0x00000000 count=5
R350_PROBE write reg=0x07e0 value=0x6c5a504f count=5
R350_PROBE write reg=0x07dc value=0x00000000 count=6
R350_PROBE write reg=0x07e0 value=0x4f4f497a count=6
R350_PROBE write reg=0x07dc value=0x00000000 count=7
R350_PROBE write reg=0x07e0 value=0x5a578288 count=7
R350_PROBE write reg=0x07dc value=0x00000000 count=8
R350_PROBE write reg=0x07e0 value=0x4f91906a count=8
R350_PROBE write reg=0x07dc value=0x00000004 count=16
R350_PROBE write reg=0x07e0 value=0x000ca000 count=16
R350_PROBE write reg=0x07dc value=0x00000004 count=32
R350_PROBE write reg=0x07e0 value=0x0000e825 count=32
R350_PROBE write reg=0x07dc value=0x00000004 count=64
R350_PROBE write reg=0x07e0 value=0x08004800 count=64
R350_PROBE write reg=0x07dc value=0x00000018 count=128
R350_PROBE write reg=0x07e0 value=0x0000007c count=128
R350_PROBE write reg=0x07dc value=0x00000000 count=256
R350_PROBE write reg=0x07e0 value=0x00000000 count=256
R350_PROBE write reg=0x0718 value=0x00000023 count=1
R350_PROBE read reg=0x0710 value=0x00000000 count=1
R350_PROBE write reg=0x0714 value=0x00000000 count=2
R350_PROBE write reg=0x070c value=0x07c00000 count=1
R350_PROBE write reg=0x0740 value=0x40000000 count=2
R350_PROBE write reg=0x0704 value=0x0002000a count=5
R350_PROBE read reg=0x00f8 value=0x07c00000 count=3
R350_PROBE read reg=0x0224 value=0x00000000 count=1
R350_PROBE read reg=0x16c4 value=0x00000000 count=1
R350_PROBE read reg=0x0050 value=0x03000600 count=1
R350_PROBE write reg=0x15d4 value=0x00000002 count=1
R350_PROBE write reg=0x15d0 value=0x00000002 count=1
R350_PROBE write reg=0x16c4 value=0x00000006 count=1
R350_PROBE read reg=0x0228 value=0x00000000 count=1
R350_PROBE write reg=0x0b00 value=0x00200001 count=2
R350_PROBE write reg=0x16e0 value=0x50000000 count=1
R350_PROBE read reg=0x0228 value=0x00000000 count=2
R350_PROBE read reg=0x0328 value=0x00000000 count=1
R350_PROBE write reg=0x15e0 value=0x00000000 count=2
R350_PROBE write reg=0x15e4 value=0x00000001 count=2
R350_PROBE write reg=0x16e8 value=0x1fff1fff count=1
R350_PROBE write reg=0x16cc value=0xffffffff count=1
R350_PROBE write reg=0x2284 value=0x00000000 count=1
R350_PROBE write reg=0x2080 value=0x00240455 count=1
R350_PROBE write reg=0x43b0 value=0x00000000 count=1
R350_PROBE write reg=0x43b4 value=0x03ffffff count=1
R350_PROBE write reg=0x43b8 value=0x00000000 count=1
R350_PROBE write reg=0x43bc value=0x03ffffff count=1
R350_PROBE write reg=0x43c0 value=0x00000000 count=1
R350_PROBE write reg=0x43c4 value=0x03ffffff count=1
R350_PROBE write reg=0x43c8 value=0x00000000 count=1
R350_PROBE write reg=0x43cc value=0x03ffffff count=1
R350_PROBE write reg=0x43d0 value=0x0000ffff count=1
R350_PROBE write reg=0x0714 value=0x00000008 count=3
R350_PROBE write reg=0x0738 value=0x10000020 count=1
R350_PROBE write reg=0x073c value=0x00000008 count=1
R350_PROBE write reg=0x0738 value=0x10002020 count=2
R350_PROBE write reg=0x073c value=0x00000008 count=2
R350_PROBE write reg=0x0714 value=0x00000010 count=4
R350_PROBE write reg=0x0738 value=0x10004020 count=3
R350_PROBE write reg=0x073c value=0x00000008 count=3
R350_PROBE write reg=0x0738 value=0x10006020 count=4
R350_PROBE write reg=0x073c value=0x00000008 count=4
R350_PROBE write reg=0x0714 value=0x00000018 count=5
R350_PROBE write reg=0x0738 value=0x10008020 count=5
R350_PROBE write reg=0x073c value=0x00000008 count=5
R350_PROBE write reg=0x0738 value=0x1000a020 count=6
R350_PROBE write reg=0x073c value=0x00000008 count=6
R350_PROBE write reg=0x0714 value=0x00000020 count=6
R350_PROBE write reg=0x0738 value=0x1000c020 count=7
R350_PROBE write reg=0x073c value=0x00000008 count=7
R350_PROBE write reg=0x0738 value=0x1000e020 count=8
R350_PROBE write reg=0x073c value=0x00000008 count=8
R350_PROBE write reg=0x0714 value=0x00000028 count=7
R350_PROBE write reg=0x0714 value=0x00000030 count=8
R350_PROBE write reg=0x0738 value=0x1001e020 count=16
R350_PROBE write reg=0x073c value=0x00000008 count=16
R350_PROBE write reg=0x0714 value=0x00000070 count=16
R350_PROBE write reg=0x0738 value=0x1001e020 count=32
R350_PROBE write reg=0x073c value=0x00000008 count=32
R350_PROBE write reg=0x4e4c value=0x0000000a count=2
R350_PROBE write reg=0x342c value=0x00000005 count=1
R350_PROBE write reg=0x4f18 value=0x00000003 count=1
R350_PROBE write reg=0x1720 value=0x00070000 count=1
R350_PROBE write reg=0x4018 value=0x00000017 count=3
R350_PROBE write reg=0x4020 value=0x00000000 count=1
R350_PROBE write reg=0x4e00 value=0x00000000 count=1
R350_PROBE write reg=0x4f1c value=0x00000000 count=1
R350_PROBE write reg=0x43a4 value=0x00000000 count=1
R350_PROBE write reg=0x16ec value=0x00000000 count=1
R350_PROBE write reg=0x16f0 value=0x03000400 count=1
R350_PROBE write reg=0x4010 value=0x66666666 count=1
R350_PROBE write reg=0x4014 value=0x06666666 count=1
R350_PROBE write reg=0x16e0 value=0x10000000 count=2
R350_PROBE write reg=0x4e28 value=0x00000000 count=1
R350_PROBE write reg=0x4e38 value=0x00d00400 count=1
R350_PROBE write reg=0x3428 value=0x00020100 count=1
R350_PROBE write reg=0x43e0 value=0x00b405a0 count=1
R350_PROBE write reg=0x43e4 value=0x011409a0 count=1
R350_PROBE write reg=0x15e0 value=0x00000001 count=3
R350_PROBE write reg=0x15e0 value=0x00000002 count=4
R350_PROBE read reg=0x0210 value=0x012c0000 count=1
R350_PROBE read reg=0x0210 value=0x01690000 count=2
R350_PROBE write reg=0x0714 value=0x000000f0 count=32
R350_PROBE write reg=0x0738 value=0x1001a020 count=64
R350_PROBE write reg=0x073c value=0x00000008 count=64
R350_PROBE write reg=0x4290 value=0x00000000 count=1
R350_PROBE write reg=0x4e4c value=0x0000000a count=3
R350_PROBE write reg=0x4f18 value=0x00000003 count=2
R350_PROBE write reg=0x4e50 value=0x00000000 count=1
R350_PROBE write reg=0x2140 value=0x00000002 count=1
R350_PROBE write reg=0x42b4 value=0x00000000 count=1
R350_PROBE write reg=0x42b8 value=0x00000000 count=1
R350_PROBE write reg=0x4288 value=0x00000000 count=1
R350_PROBE write reg=0x428c value=0x00000001 count=1
R350_PROBE write reg=0x4234 value=0x00020000 count=1
R350_PROBE write reg=0x4008 value=0x00000007 count=1
R350_PROBE write reg=0x4214 value=0x00050005 count=1
R350_PROBE write reg=0x4238 value=0x00000000 count=1
R350_PROBE write reg=0x4260 value=0x00000000 count=1
R350_PROBE write reg=0x4264 value=0x00000000 count=1
R350_PROBE write reg=0x4268 value=0x3f800000 count=1
R350_PROBE write reg=0x401c value=0x00000000 count=1
R350_PROBE write reg=0x4020 value=0x00000000 count=2
R350_PROBE write reg=0x4010 value=0x66666666 count=2
R350_PROBE write reg=0x4014 value=0x06666666 count=2
R350_PROBE write reg=0x43e8 value=0x00ffffff count=1
R350_PROBE write reg=0x4e88 value=0x00000000 count=1
R350_PROBE write reg=0x4274 value=0x00000002 count=1
R350_PROBE write reg=0x42a0 value=0x00000000 count=1
R350_PROBE write reg=0x46a4 value=0x00001b0f count=1
R350_PROBE write reg=0x46a8 value=0x00001b0f count=1
R350_PROBE write reg=0x46ac value=0x00001b0f count=1
R350_PROBE write reg=0x46b0 value=0x00001b0f count=1
R350_PROBE write reg=0x4e14 value=0x00000000 count=1
R350_PROBE write reg=0x4294 value=0x00000000 count=1
R350_PROBE write reg=0x4298 value=0x00000000 count=1
R350_PROBE write reg=0x4278 value=0x00030000 count=1
R350_PROBE write reg=0x2184 value=0x00000000 count=1
R350_PROBE write reg=0x2090 value=0x00000000 count=1
R350_PROBE write reg=0x2094 value=0x00000000 count=1
R350_PROBE write reg=0x20b0 value=0x0000043f count=1
R350_PROBE write reg=0x20b4 value=0x00000000 count=1
R350_PROBE write reg=0x2180 value=0x00000000 count=1
R350_PROBE write reg=0x221c value=0x00000000 count=1
R350_PROBE write reg=0x2288 value=0x0000ffff count=1
R350_PROBE write reg=0x21dc value=0xaaaaaaaa count=1
R350_PROBE write reg=0x2134 value=0x00ffffff count=1
R350_PROBE write reg=0x2138 value=0x00000000 count=1
R350_PROBE write reg=0x1720 value=0x00008000 count=2
R350_PROBE write reg=0x43a8 value=0x2da49525 count=1
R350_PROBE write reg=0x4104 value=0x00000000 count=1
R350_PROBE write reg=0x1d98 value=0x00000000 count=1
R350_PROBE write reg=0x1d9c value=0x00000000 count=1
R350_PROBE write reg=0x1da0 value=0x00000000 count=1
R350_PROBE write reg=0x1da4 value=0x00000000 count=1
R350_PROBE write reg=0x1da8 value=0x00000000 count=1
R350_PROBE write reg=0x1dac value=0x00000000 count=1
R350_PROBE write reg=0x2220 value=0x3f800000 count=1
R350_PROBE write reg=0x2224 value=0x3f800000 count=1
R350_PROBE write reg=0x2228 value=0x3f800000 count=1
R350_PROBE write reg=0x222c value=0x3f800000 count=1
R350_PROBE write reg=0x4230 value=0x00000000 count=1
R350_PROBE write reg=0x421c value=0x00000000 count=1
R350_PROBE write reg=0x4200 value=0x00000000 count=1
R350_PROBE write reg=0x4204 value=0x00000000 count=1
R350_PROBE write reg=0x4208 value=0x3f800000 count=1
R350_PROBE write reg=0x420c value=0x3f800000 count=1
R350_PROBE write reg=0x4e18 value=0x00000000 count=1
R350_PROBE write reg=0x4e0c value=0x0000000f count=1
R350_PROBE write reg=0x43e0 value=0x00000000 count=2
R350_PROBE write reg=0x43e4 value=0x00000000 count=2
R350_PROBE write reg=0x4bd4 value=0x00000000 count=1
R350_PROBE write reg=0x4bd8 value=0x00000000 count=1
R350_PROBE write reg=0x4bc8 value=0x00000000 count=1
R350_PROBE write reg=0x4bcc value=0x00000000 count=1
R350_PROBE write reg=0x4bd0 value=0x00000000 count=1
R350_PROBE write reg=0x401c value=0x00000000 count=2
R350_PROBE write reg=0x4bc0 value=0x00000000 count=1
R350_PROBE write reg=0x427c value=0x00000000 count=1
R350_PROBE write reg=0x4280 value=0x00000000 count=1
R350_PROBE write reg=0x4e04 value=0x20220000 count=1
R350_PROBE write reg=0x4e08 value=0x00000000 count=1
R350_PROBE write reg=0x4e10 value=0x00000000 count=1
R350_PROBE write reg=0x4f14 value=0x00000001 count=1
R350_PROBE write reg=0x4f00 value=0x00000010 count=1
R350_PROBE write reg=0x4f04 value=0x00000000 count=1
R350_PROBE write reg=0x42c0 value=0x4b7fffff count=1
R350_PROBE write reg=0x42c4 value=0x00000000 count=1
R350_PROBE write reg=0x4c00 value=0x00000000 count=1
R350_PROBE write reg=0x4c04 value=0x00000000 count=1
R350_PROBE write reg=0x4c08 value=0x00000000 count=1
R350_PROBE write reg=0x4c0c value=0x00000000 count=1
R350_PROBE write reg=0x4c10 value=0x00000000 count=1
R350_PROBE write reg=0x4c14 value=0x00000000 count=1
R350_PROBE write reg=0x4c18 value=0x00000000 count=1
R350_PROBE write reg=0x4c1c value=0x00000000 count=1
R350_PROBE write reg=0x4c20 value=0x00000000 count=1
R350_PROBE write reg=0x4c24 value=0x00000000 count=1
R350_PROBE write reg=0x4c28 value=0x00000000 count=1
R350_PROBE write reg=0x4c2c value=0x00000000 count=1
R350_PROBE write reg=0x4c30 value=0x00000000 count=1
R350_PROBE write reg=0x4c34 value=0x00000000 count=1
R350_PROBE write reg=0x4c38 value=0x00000000 count=1
R350_PROBE write reg=0x4c3c value=0x00000000 count=1
R350_PROBE write reg=0x4c40 value=0x00000000 count=1
R350_PROBE write reg=0x4c44 value=0x00000000 count=1
R350_PROBE write reg=0x4c48 value=0x00000000 count=1
R350_PROBE write reg=0x4c4c value=0x00000000 count=1
R350_PROBE write reg=0x4c50 value=0x00000000 count=1
R350_PROBE write reg=0x4c54 value=0x00000000 count=1
R350_PROBE write reg=0x4c58 value=0x00000000 count=1
R350_PROBE write reg=0x4c5c value=0x00000000 count=1
R350_PROBE write reg=0x4c60 value=0x00000000 count=1
R350_PROBE write reg=0x4c64 value=0x00000000 count=1
R350_PROBE write reg=0x4c68 value=0x00000000 count=1
R350_PROBE write reg=0x4c6c value=0x00000000 count=1
R350_PROBE write reg=0x4c70 value=0x00000000 count=1
R350_PROBE write reg=0x4c74 value=0x00000000 count=1
R350_PROBE write reg=0x4c78 value=0x00000000 count=1
R350_PROBE write reg=0x4c7c value=0x00000000 count=1
R350_PROBE write reg=0x4600 value=0x00000000 count=1
R350_PROBE write reg=0x4604 value=0x00000000 count=1
R350_PROBE write reg=0x4608 value=0x00000000 count=1
R350_PROBE write reg=0x46b4 value=0x00000001 count=1
R350_PROBE write reg=0x4610 value=0x00000000 count=1
R350_PROBE write reg=0x4614 value=0x00000000 count=1
R350_PROBE write reg=0x4618 value=0x00000000 count=1
R350_PROBE write reg=0x461c value=0x00000000 count=1
R350_PROBE write reg=0x2200 value=0x00000406 count=1
R350_PROBE write reg=0x2208 value=0x00000000 count=1
R350_PROBE write reg=0x2208 value=0x00000000 count=2
R350_PROBE write reg=0x2208 value=0x00000000 count=3
R350_PROBE write reg=0x2208 value=0x00000000 count=4
R350_PROBE write reg=0x2284 value=0x00000000 count=2
R350_PROBE write reg=0x2200 value=0x000000fe count=2
R350_PROBE write reg=0x2208 value=0x00f00202 count=5
R350_PROBE write reg=0x2208 value=0x00d10001 count=6
R350_PROBE write reg=0x2208 value=0x016da001 count=7
R350_PROBE write reg=0x2208 value=0x016da001 count=8
R350_PROBE write reg=0x22d0 value=0x00000000 count=1
R350_PROBE write reg=0x22d4 value=0x00000000 count=1
R350_PROBE write reg=0x22d8 value=0x00000000 count=1
R350_PROBE write reg=0x22dc value=0x00000000 count=1
R350_PROBE write reg=0x2284 value=0x00000000 count=3
R350_PROBE write reg=0x2080 value=0x0030045a count=2
R350_PROBE write reg=0x4f18 value=0x00000003 count=3
R350_PROBE write reg=0x342c value=0x00000005 count=2
R350_PROBE write reg=0x4e4c value=0x0000000a count=4
R350_PROBE write reg=0x4018 value=0x00000017 count=4
R350_PROBE write reg=0x142c value=0x50000c00 count=1
R350_PROBE write reg=0x4e28 value=0x00300000 count=2
R350_PROBE write reg=0x4e2c value=0x00000000 count=1
R350_PROBE write reg=0x4e30 value=0x00000000 count=1
R350_PROBE write reg=0x4e34 value=0x00000000 count=1
R350_PROBE write reg=0x4e38 value=0x02d18400 count=2
R350_PROBE write reg=0x4e3c value=0x00000000 count=1
R350_PROBE write reg=0x4e40 value=0x00000000 count=1
R350_PROBE write reg=0x4e44 value=0x00000000 count=1
R350_PROBE write reg=0x4e00 value=0x00000000 count=2
R350_PROBE write reg=0x4e14 value=0x00000000 count=2
R350_PROBE write reg=0x4e54 value=0x00000001 count=1
R350_PROBE write reg=0x4e64 value=0x00000400 count=1
R350_PROBE write reg=0x4f20 value=0x00000000 count=1
R350_PROBE write reg=0x4f24 value=0x00000000 count=1
R350_PROBE write reg=0x4f60 value=0x00000000 count=1
R350_PROBE write reg=0x4f10 value=0x00000000 count=1
R350_PROBE write reg=0x4f28 value=0x00000000 count=1
R350_PROBE write reg=0x4f1c value=0x00000000 count=2
R350_PROBE write reg=0x4f30 value=0x00000000 count=1
R350_PROBE write reg=0x4f34 value=0x00000000 count=1
R350_PROBE write reg=0x43a4 value=0x00000000 count=2
R350_PROBE write reg=0x4f44 value=0x00000000 count=1
R350_PROBE write reg=0x4f54 value=0x00000000 count=1
R350_PROBE write reg=0x43b0 value=0x00b405a0 count=2
R350_PROBE write reg=0x43b4 value=0x011409a0 count=2
R350_PROBE write reg=0x43d0 value=0x0000aaaa count=2
R350_PROBE write reg=0x16ec value=0x00000000 count=2
R350_PROBE write reg=0x16f0 value=0x03000400 count=2
R350_PROBE write reg=0x20c8 value=0x00000000 count=1
R350_PROBE write reg=0x20cc value=0x00000000 count=1
R350_PROBE write reg=0x20d4 value=0x00000000 count=1
R350_PROBE write reg=0x20d8 value=0x00000000 count=1
R350_PROBE write reg=0x20e0 value=0x00000000 count=1
R350_PROBE write reg=0x20e4 value=0x00000000 count=1
R350_PROBE write reg=0x20ec value=0x00000000 count=1
R350_PROBE write reg=0x20f0 value=0x00000000 count=1
R350_PROBE write reg=0x20f8 value=0x00000000 count=1
R350_PROBE write reg=0x20fc value=0x00000000 count=1
R350_PROBE write reg=0x2104 value=0x00000000 count=1
R350_PROBE write reg=0x2108 value=0x00000000 count=1
R350_PROBE write reg=0x2110 value=0x00000000 count=1
R350_PROBE write reg=0x2114 value=0x00000000 count=1
R350_PROBE write reg=0x211c value=0x00000000 count=1
R350_PROBE write reg=0x2120 value=0x00000000 count=1
R350_PROBE write reg=0x4100 value=0x00000000 count=1
R350_PROBE write reg=0x15e0 value=0x00000003 count=5
R350_PROBE write reg=0x4608 value=0x00000000 count=2
R350_PROBE write reg=0x48c0 value=0x00050a80 count=1
R350_PROBE write reg=0x46c0 value=0x1c020800 count=1
R350_PROBE write reg=0x49c0 value=0x00040889 count=1
R350_PROBE write reg=0x47c0 value=0x01020800 count=1
R350_PROBE write reg=0x20b0 value=0x0000043f count=2
R350_PROBE write reg=0x221c value=0x00000000 count=2
R350_PROBE write reg=0x4608 value=0x00000001 count=3
R350_PROBE write reg=0x48c4 value=0x00050a80 count=1
R350_PROBE write reg=0x46c4 value=0x1c020800 count=1
R350_PROBE write reg=0x49c4 value=0x00040889 count=1
R350_PROBE write reg=0x47c4 value=0x01020800 count=1
R350_PROBE write reg=0x4100 value=0x00000000 count=2
R350_PROBE write reg=0x2180 value=0x00000000 count=2
R350_PROBE write reg=0x4104 value=0x00000000 count=2
R350_PROBE write reg=0x4bc8 value=0x00000000 count=2
R350_PROBE write reg=0x4bcc value=0x00000000 count=2
R350_PROBE write reg=0x4bd0 value=0x00000000 count=2
R350_PROBE write reg=0x4bc0 value=0x00000000 count=2
R350_PROBE write reg=0x4294 value=0x00000000 count=2
R350_PROBE write reg=0x4298 value=0x00000000 count=2
R350_PROBE write reg=0x401c value=0x00000000 count=3
R350_PROBE write reg=0x4e04 value=0x20220000 count=2
R350_PROBE write reg=0x4e08 value=0x00000000 count=2
R350_PROBE write reg=0x4e10 value=0x00000000 count=2
R350_PROBE write reg=0x4e50 value=0x00000005 count=2
R350_PROBE write reg=0x4bd4 value=0x00000000 count=2
R350_PROBE write reg=0x4f14 value=0x00000000 count=2
R350_PROBE write reg=0x4f00 value=0x00000010 count=2
R350_PROBE write reg=0x4f04 value=0x00000000 count=2
R350_PROBE write reg=0x4f08 value=0x00ffff00 count=1
R350_PROBE write reg=0x421c value=0x00060006 count=2
R350_PROBE write reg=0x4200 value=0x00000000 count=2
R350_PROBE write reg=0x4204 value=0x00000000 count=2
R350_PROBE write reg=0x4208 value=0x3f800000 count=2
R350_PROBE write reg=0x420c value=0x3f800000 count=2
R350_PROBE write reg=0x4230 value=0x01800006 count=2
R350_PROBE write reg=0x4234 value=0x00020006 count=2
R350_PROBE write reg=0x4238 value=0x00000000 count=2
R350_PROBE write reg=0x4268 value=0x3f800000 count=2
R350_PROBE write reg=0x4e0c value=0x0000000f count=2
R350_PROBE write reg=0x4278 value=0x0003aaaa count=2
R350_PROBE write reg=0x46a4 value=0x00001b00 count=2
R350_PROBE write reg=0x46a8 value=0x0000000f count=2
R350_PROBE write reg=0x46ac value=0x0000000f count=2
R350_PROBE write reg=0x46b0 value=0x0000000f count=2
R350_PROBE write reg=0x42c4 value=0x00000000 count=2
R350_PROBE write reg=0x42c0 value=0x4b7fffff count=2
R350_PROBE write reg=0x42b8 value=0x00000000 count=2
R350_PROBE write reg=0x4020 value=0x00000000 count=3
R350_PROBE write reg=0x4010 value=0x66666666 count=3
R350_PROBE write reg=0x4014 value=0x06666666 count=3
R350_PROBE write reg=0x43e8 value=0x00ffffff count=2
R350_PROBE write reg=0x43e0 value=0x00b405a0 count=3
R350_PROBE write reg=0x43e4 value=0x0113e99f count=3
R350_PROBE write reg=0x1d98 value=0x00000000 count=2
R350_PROBE write reg=0x1d9c value=0x00000000 count=2
R350_PROBE write reg=0x1da0 value=0x80000000 count=2
R350_PROBE write reg=0x1da4 value=0x44400000 count=2
R350_PROBE write reg=0x1da8 value=0x3f000000 count=2
R350_PROBE write reg=0x1dac value=0x3f000000 count=2
R350_PROBE write reg=0x2220 value=0x3f800000 count=2
R350_PROBE write reg=0x2224 value=0x3f800000 count=2
R350_PROBE write reg=0x2228 value=0x3f800000 count=2
R350_PROBE write reg=0x222c value=0x3f800000 count=2
R350_PROBE write reg=0x2180 value=0x00000000 count=3
R350_PROBE write reg=0x2184 value=0x00000005 count=2
R350_PROBE write reg=0x20b4 value=0x00000008 count=2
R350_PROBE write reg=0x2090 value=0x00000003 count=2
R350_PROBE write reg=0x2094 value=0x00000000 count=2
R350_PROBE write reg=0x221c value=0x00000000 count=3
R350_PROBE write reg=0x4008 value=0x00000007 count=2
R350_PROBE write reg=0x2094 value=0x00000000 count=3
R350_PROBE write reg=0x4600 value=0x00000000 count=2
R350_PROBE write reg=0x4604 value=0x00000000 count=2
R350_PROBE write reg=0x4608 value=0x00000001 count=4
R350_PROBE write reg=0x46b4 value=0x00000001 count=2
R350_PROBE write reg=0x4610 value=0x00000000 count=2
R350_PROBE write reg=0x4614 value=0x00000000 count=2
R350_PROBE write reg=0x4618 value=0x00000000 count=2
R350_PROBE write reg=0x461c value=0x00400000 count=2
R350_PROBE write reg=0x4300 value=0x00040080 count=1
R350_PROBE write reg=0x4304 value=0x00000000 count=1
R350_PROBE write reg=0x4330 value=0x00004000 count=1
R350_PROBE write reg=0x4310 value=0x00d10000 count=1
R350_PROBE write reg=0x4314 value=0x00d10040 count=1
R350_PROBE write reg=0x4318 value=0x00d10080 count=1
R350_PROBE write reg=0x431c value=0x00d100c0 count=1
R350_PROBE write reg=0x4320 value=0x00d10000 count=1
R350_PROBE write reg=0x4324 value=0x00d10000 count=1
R350_PROBE write reg=0x4328 value=0x00d10000 count=1
R350_PROBE write reg=0x432c value=0x00d10000 count=1
R350_PROBE write reg=0x2284 value=0x00000000 count=4
R350_PROBE write reg=0x2200 value=0x00000080 count=3
R350_PROBE write reg=0x2208 value=0x00d10005 count=16
R350_PROBE write reg=0x2208 value=0x016da025 count=32
R350_PROBE write reg=0x22d0 value=0x08420c80 count=2
R350_PROBE write reg=0x22d4 value=0x00040080 count=2
R350_PROBE write reg=0x22d8 value=0x00000084 count=2
R350_PROBE write reg=0x22dc value=0x00000000 count=2
R350_PROBE write reg=0x2284 value=0x00000000 count=5
R350_PROBE write reg=0x2080 value=0x0030045a count=3
R350_PROBE write reg=0x2284 value=0x00000000 count=6
R350_PROBE write reg=0x2200 value=0x00000280 count=4
R350_PROBE write reg=0x4bd4 value=0x00000000 count=3
R350_PROBE write reg=0x4020 value=0x00000000 count=4
R350_PROBE write reg=0x4010 value=0x66666666 count=4
R350_PROBE write reg=0x4014 value=0x06666666 count=4
R350_PROBE write reg=0x43e8 value=0x00ffffff count=3
R350_PROBE write reg=0x4f18 value=0x00000003 count=4
R350_PROBE write reg=0x342c value=0x00000005 count=3
R350_PROBE write reg=0x4e4c value=0x0000000a count=5
R350_PROBE write reg=0x4018 value=0x00000017 count=5
R350_PROBE write reg=0x142c value=0x50000c00 count=2
R350_PROBE write reg=0x4e28 value=0x00300000 count=3
R350_PROBE write reg=0x4e2c value=0x00000000 count=2
R350_PROBE write reg=0x4e30 value=0x00000000 count=2
R350_PROBE write reg=0x4e34 value=0x00000000 count=2
R350_PROBE write reg=0x4e38 value=0x2ed14400 count=3
R350_PROBE write reg=0x4e3c value=0x00000000 count=2
R350_PROBE write reg=0x4e40 value=0x00000000 count=2
R350_PROBE write reg=0x4e44 value=0x00000000 count=2
R350_PROBE write reg=0x4e00 value=0x00000000 count=3
R350_PROBE write reg=0x4e14 value=0x00000000 count=3
R350_PROBE write reg=0x4e54 value=0x00000001 count=2
R350_PROBE write reg=0x4e64 value=0x00000400 count=2
R350_PROBE write reg=0x4f20 value=0x00000000 count=2
R350_PROBE write reg=0x4f24 value=0x00000000 count=2
R350_PROBE write reg=0x4f60 value=0x00000000 count=2
R350_PROBE write reg=0x4f10 value=0x00000000 count=2
R350_PROBE write reg=0x4f28 value=0x00000000 count=2
R350_PROBE write reg=0x4f1c value=0x00000000 count=3
R350_PROBE write reg=0x4f30 value=0x00000000 count=2
R350_PROBE write reg=0x4f34 value=0x00000000 count=2
R350_PROBE write reg=0x43a4 value=0x00000000 count=3
R350_PROBE write reg=0x4f44 value=0x00000000 count=2
R350_PROBE write reg=0x4f54 value=0x00000000 count=2
R350_PROBE write reg=0x43b0 value=0x00b405a0 count=3
R350_PROBE write reg=0x43b4 value=0x011409a0 count=3
R350_PROBE write reg=0x43d0 value=0x0000aaaa count=3
R350_PROBE write reg=0x16ec value=0x00000000 count=3
R350_PROBE write reg=0x16f0 value=0x03000400 count=3
R350_PROBE write reg=0x20b0 value=0x0000043f count=3
R350_PROBE write reg=0x221c value=0x00000000 count=4
R350_PROBE write reg=0x4608 value=0x00000002 count=5
R350_PROBE write reg=0x48c8 value=0x40050200 count=1
R350_PROBE write reg=0x46c8 value=0x1c020040 count=1
R350_PROBE write reg=0x49c8 value=0x40040509 count=1
R350_PROBE write reg=0x47c8 value=0x01020800 count=1
R350_PROBE write reg=0x4620 value=0x00018041 count=1
R350_PROBE write reg=0x4100 value=0x00000000 count=3
R350_PROBE write reg=0x2180 value=0x00000000 count=4
R350_PROBE write reg=0x4400 value=0x00000a12 count=1
R350_PROBE write reg=0x4440 value=0x00001fe8 count=1
R350_PROBE write reg=0x4480 value=0x8007f8ff count=1
R350_PROBE write reg=0x44c0 value=0x0000aa0c count=1
R350_PROBE write reg=0x45c0 value=0x00000000 count=1
R350_PROBE write reg=0x4580 value=0x00000000 count=1
R350_PROBE write reg=0x4500 value=0x000000ff count=1
R350_PROBE write reg=0x4104 value=0x00000001 count=3
R350_PROBE write reg=0x4bc8 value=0x00000000 count=3
R350_PROBE write reg=0x4bcc value=0x00000000 count=3
R350_PROBE write reg=0x4bd0 value=0x00000000 count=3
R350_PROBE write reg=0x4bc0 value=0x00000000 count=3
R350_PROBE write reg=0x4294 value=0x00000000 count=3
R350_PROBE write reg=0x4298 value=0x00000000 count=3
R350_PROBE write reg=0x401c value=0x00000000 count=4
R350_PROBE write reg=0x4e04 value=0x20220000 count=3
R350_PROBE write reg=0x4e08 value=0x00000000 count=3
R350_PROBE write reg=0x4e10 value=0x00000000 count=3
R350_PROBE write reg=0x4e50 value=0x00000005 count=3
R350_PROBE write reg=0x4bd4 value=0x00000c00 count=4
R350_PROBE write reg=0x4f14 value=0x00000001 count=3
R350_PROBE write reg=0x4f00 value=0x00000010 count=3
R350_PROBE write reg=0x4f04 value=0x00000000 count=3
R350_PROBE write reg=0x4f08 value=0x00ffff00 count=2
R350_PROBE write reg=0x421c value=0x00060006 count=3
R350_PROBE write reg=0x4200 value=0x00000000 count=3
R350_PROBE write reg=0x4204 value=0x00000000 count=3
R350_PROBE write reg=0x4208 value=0x3f800000 count=3
R350_PROBE write reg=0x420c value=0x3f800000 count=3
R350_PROBE write reg=0x4230 value=0x01800006 count=3
R350_PROBE write reg=0x4234 value=0x00020006 count=3
R350_PROBE write reg=0x4238 value=0x00000000 count=3
R350_PROBE write reg=0x4268 value=0x3f800000 count=3
R350_PROBE write reg=0x4e0c value=0x0000000f count=3
R350_PROBE write reg=0x4278 value=0x0003aaaa count=3
R350_PROBE write reg=0x46a4 value=0x00001b00 count=3
R350_PROBE write reg=0x46a8 value=0x0000000f count=3
R350_PROBE write reg=0x46ac value=0x0000000f count=3
R350_PROBE write reg=0x46b0 value=0x0000000f count=3
R350_PROBE write reg=0x42c4 value=0x00000000 count=3
R350_PROBE write reg=0x42c0 value=0x4b7fffff count=3
R350_PROBE write reg=0x42b8 value=0x00000000 count=3
R350_PROBE write reg=0x4020 value=0x00000000 count=5
R350_PROBE write reg=0x4010 value=0x66666666 count=5
R350_PROBE write reg=0x4014 value=0x06666666 count=5
R350_PROBE write reg=0x43e8 value=0x00ffffff count=4
R350_PROBE write reg=0x1d98 value=0x44000000 count=3
R350_PROBE write reg=0x1d9c value=0x44000000 count=3
R350_PROBE write reg=0x1da0 value=0xc3c00000 count=3
R350_PROBE write reg=0x1da4 value=0x43c00000 count=3
R350_PROBE write reg=0x1da8 value=0x3f000000 count=3
R350_PROBE write reg=0x1dac value=0x3f000000 count=3
R350_PROBE write reg=0x2220 value=0x3f800000 count=3
R350_PROBE write reg=0x2224 value=0x3f800000 count=3
R350_PROBE write reg=0x2228 value=0x3f800000 count=3
R350_PROBE write reg=0x222c value=0x3f800000 count=3
R350_PROBE write reg=0x2180 value=0x00000000 count=5
R350_PROBE write reg=0x2184 value=0x00000405 count=3
R350_PROBE write reg=0x20b4 value=0x0000000c count=3
R350_PROBE write reg=0x2090 value=0x00000003 count=3
R350_PROBE write reg=0x2094 value=0x00000004 count=4
R350_PROBE write reg=0x221c value=0x00000000 count=5
R350_PROBE write reg=0x4008 value=0x00000007 count=3
R350_PROBE write reg=0x2094 value=0x00000004 count=5
R350_PROBE write reg=0x4c00 value=0x003f0000 count=2
R350_PROBE write reg=0x4c04 value=0x003f0000 count=2
R350_PROBE write reg=0x4c08 value=0x003f0000 count=2
R350_PROBE write reg=0x4c0c value=0x003f0000 count=2
R350_PROBE write reg=0x4600 value=0x00000008 count=3
R350_PROBE write reg=0x4604 value=0x00000001 count=3
R350_PROBE write reg=0x4608 value=0x00000002 count=6
R350_PROBE write reg=0x46b4 value=0x00000001 count=3
R350_PROBE write reg=0x4610 value=0x00000000 count=3
R350_PROBE write reg=0x4614 value=0x00000000 count=3
R350_PROBE write reg=0x4618 value=0x00000000 count=3
R350_PROBE write reg=0x461c value=0x00400000 count=3
R350_PROBE write reg=0x4c00 value=0x003f0000 count=3
R350_PROBE write reg=0x4c04 value=0x003f0000 count=3
R350_PROBE write reg=0x4c08 value=0x003f0000 count=3
R350_PROBE write reg=0x4c0c value=0x003f0000 count=3
R350_PROBE write reg=0x4300 value=0x00040084 count=2
R350_PROBE write reg=0x4304 value=0x00000000 count=2
R350_PROBE write reg=0x4330 value=0x00004048 count=2
R350_PROBE write reg=0x4310 value=0x00d10000 count=2
R350_PROBE write reg=0x4314 value=0x00d10044 count=2
R350_PROBE write reg=0x4318 value=0x00d10084 count=2
R350_PROBE write reg=0x431c value=0x00d100c4 count=2
R350_PROBE write reg=0x4320 value=0x00d10004 count=2
R350_PROBE write reg=0x4324 value=0x00d10004 count=2
R350_PROBE write reg=0x4328 value=0x00d10004 count=2
R350_PROBE write reg=0x432c value=0x00d10004 count=2
R350_PROBE write reg=0x2284 value=0x00000000 count=7
R350_PROBE write reg=0x2200 value=0x00000080 count=5
R350_PROBE write reg=0x2208 value=0x00d10005 count=64
R350_PROBE write reg=0x22d0 value=0x08820c80 count=3
R350_PROBE write reg=0x22d4 value=0x00080080 count=3
R350_PROBE write reg=0x22d8 value=0x00000088 count=3
R350_PROBE write reg=0x22dc value=0x00000000 count=3
R350_PROBE write reg=0x2284 value=0x00000000 count=8
R350_PROBE write reg=0x2200 value=0x00000280 count=6
R350_PROBE write reg=0x4bd4 value=0x00000c00 count=5
R350_PROBE write reg=0x4020 value=0x00000000 count=6
R350_PROBE write reg=0x4010 value=0x66666666 count=6
R350_PROBE write reg=0x4014 value=0x06666666 count=6
R350_PROBE write reg=0x43e8 value=0x00ffffff count=5
R350_PROBE write reg=0x4f18 value=0x00000003 count=5
R350_PROBE write reg=0x342c value=0x00000005 count=4
R350_PROBE write reg=0x4e4c value=0x0000000a count=6
R350_PROBE write reg=0x4018 value=0x00000017 count=6
R350_PROBE write reg=0x142c value=0x50000c00 count=3
R350_PROBE write reg=0x4e28 value=0x00300000 count=4
R350_PROBE write reg=0x4e2c value=0x00000000 count=3
R350_PROBE write reg=0x4e30 value=0x00000000 count=3
R350_PROBE write reg=0x4e34 value=0x00000000 count=3
R350_PROBE write reg=0x4e38 value=0x2ed14400 count=4
R350_PROBE write reg=0x4e3c value=0x00000000 count=3
R350_PROBE write reg=0x4e40 value=0x00000000 count=3
R350_PROBE write reg=0x4e44 value=0x00000000 count=3
R350_PROBE write reg=0x4e00 value=0x00000000 count=4
R350_PROBE write reg=0x4e14 value=0x00000000 count=4
R350_PROBE write reg=0x4e54 value=0x00000001 count=3
R350_PROBE write reg=0x4e64 value=0x00000400 count=3
R350_PROBE write reg=0x4f20 value=0x00000000 count=3
R350_PROBE write reg=0x4f24 value=0x00000000 count=3
R350_PROBE write reg=0x4f60 value=0x00000000 count=3
R350_PROBE write reg=0x4f10 value=0x00000000 count=3
R350_PROBE write reg=0x4f28 value=0x00000000 count=3
R350_PROBE write reg=0x4f1c value=0x00000000 count=4
R350_PROBE write reg=0x4f30 value=0x00000000 count=3
R350_PROBE write reg=0x4f34 value=0x00000000 count=3
R350_PROBE write reg=0x43a4 value=0x00000000 count=4
R350_PROBE write reg=0x4f44 value=0x00000000 count=3
R350_PROBE write reg=0x4f54 value=0x00000000 count=3
R350_PROBE write reg=0x43b0 value=0x00b405a0 count=4
R350_PROBE write reg=0x43b4 value=0x011409a0 count=4
R350_PROBE write reg=0x43d0 value=0x0000aaaa count=4
R350_PROBE write reg=0x16ec value=0x00000000 count=4
R350_PROBE write reg=0x16f0 value=0x03000400 count=4
R350_PROBE write reg=0x4e4c value=0x00000000 count=7
R350_PROBE write reg=0x1720 value=0x00020000 count=3
R350_PROBE write reg=0x15e0 value=0x00000004 count=6
R350_PROBE write reg=0x4e4c value=0x0000000a count=8
R350_PROBE write reg=0x1720 value=0x00020000 count=4
R350_PROBE write reg=0x15d4 value=0x00000002 count=2
R350_PROBE write reg=0x146c value=0x42cc36f3 count=1
R350_PROBE write reg=0x15ac value=0x10054000 count=1
R350_PROBE write reg=0x15b0 value=0x00001000 count=1
R350_PROBE write reg=0x1404 value=0x00600000 count=1
R350_PROBE write reg=0x1408 value=0x00000400 count=1
R350_PROBE write reg=0x1704 value=0x00000000 count=1
R350_PROBE write reg=0x1700 value=0x00000000 count=1
R350_PROBE write reg=0x1434 value=0x00000000 count=1
R350_PROBE write reg=0x1438 value=0x00000000 count=1
R350_PROBE write reg=0x143c value=0x01000100 count=1
R350_PROBE write reg=0x342c value=0x00000005 count=5
R350_PROBE write reg=0x1720 value=0x00010000 count=5
R350_PROBE write reg=0x4100 value=0x00000000 count=4
R350_PROBE write reg=0x142c value=0x50000c00 count=4
R350_PROBE write reg=0x15e0 value=0x00000005 count=7
R350_PROBE write reg=0x4540 value=0x00600000 count=1
R350_PROBE write reg=0x2150 value=0x01030003 count=1
R350_PROBE write reg=0x2154 value=0x00002203 count=1
R350_PROBE write reg=0x21e0 value=0xf688f688 count=1
R350_PROBE write reg=0x21e4 value=0x0000f688 count=1
R350_PROBE write reg=0x20b4 value=0x0000000c count=4
R350_PROBE write reg=0x1720 value=0x10000000 count=6
R350_SHADER_BEGIN draw=1 subset=requires one texture-free ALU node with one instruction
R350_SHADER_REG 2080 0030045a
R350_SHADER_REG 2084 00000000
R350_SHADER_REG 2088 00000000
R350_SHADER_REG 208c 00000000
R350_SHADER_REG 2090 00000003
R350_SHADER_REG 2094 00000004
R350_SHADER_REG 2098 00000000
R350_SHADER_REG 209c 00000000
R350_SHADER_REG 20a0 00000000
R350_SHADER_REG 20a4 00000000
R350_SHADER_REG 20a8 00000000
R350_SHADER_REG 20ac 00000000
R350_SHADER_REG 20b0 0000043f
R350_SHADER_REG 20b4 0000000c
R350_SHADER_REG 20b8 00000000
R350_SHADER_REG 20bc 00000000
R350_SHADER_REG 20c0 00000000
R350_SHADER_REG 20c4 00000000
R350_SHADER_REG 20c8 00000000
R350_SHADER_REG 20cc 00000000
R350_SHADER_REG 20d0 00000000
R350_SHADER_REG 20d4 00000000
R350_SHADER_REG 20d8 00000000
R350_SHADER_REG 20dc 00000000
R350_SHADER_REG 20e0 00000000
R350_SHADER_REG 20e4 00000000
R350_SHADER_REG 20e8 00000000
R350_SHADER_REG 20ec 00000000
R350_SHADER_REG 20f0 00000000
R350_SHADER_REG 20f4 00000000
R350_SHADER_REG 20f8 00000000
R350_SHADER_REG 20fc 00000000
R350_SHADER_REG 2100 00000000
R350_SHADER_REG 2104 00000000
R350_SHADER_REG 2108 00000000
R350_SHADER_REG 210c 00000000
R350_SHADER_REG 2110 00000000
R350_SHADER_REG 2114 00000000
R350_SHADER_REG 2118 00000000
R350_SHADER_REG 211c 00000000
R350_SHADER_REG 2120 00000000
R350_SHADER_REG 2124 00000000
R350_SHADER_REG 2128 00000000
R350_SHADER_REG 212c 00000000
R350_SHADER_REG 2130 00000000
R350_SHADER_REG 2134 00ffffff
R350_SHADER_REG 2138 00000000
R350_SHADER_REG 213c 00000000
R350_SHADER_REG 2140 00000000
R350_SHADER_REG 2144 00000000
R350_SHADER_REG 2148 00000000
R350_SHADER_REG 214c 00000000
R350_SHADER_REG 2150 00000000
R350_SHADER_REG 2154 00002203
R350_SHADER_REG 2158 00000000
R350_SHADER_REG 215c 00000000
R350_SHADER_REG 2160 00000000
R350_SHADER_REG 2164 00000000
R350_SHADER_REG 2168 00000000
R350_SHADER_REG 216c 00000000
R350_SHADER_REG 2170 00000000
R350_SHADER_REG 2174 00000000
R350_SHADER_REG 2178 00000000
R350_SHADER_REG 217c 00000000
R350_SHADER_REG 2180 00000000
R350_SHADER_REG 2184 00000405
R350_SHADER_REG 2188 00000000
R350_SHADER_REG 218c 00000000
R350_SHADER_REG 2190 00000000
R350_SHADER_REG 2194 00000000
R350_SHADER_REG 2198 00000000
R350_SHADER_REG 219c 00000000
R350_SHADER_REG 21a0 00000000
R350_SHADER_REG 21a4 00000000
R350_SHADER_REG 21a8 00000000
R350_SHADER_REG 21ac 00000000
R350_SHADER_REG 21b0 00000000
R350_SHADER_REG 21b4 00000000
R350_SHADER_REG 21b8 00000000
R350_SHADER_REG 21bc 00000000
R350_SHADER_REG 21c0 00000000
R350_SHADER_REG 21c4 00000000
R350_SHADER_REG 21c8 00000000
R350_SHADER_REG 21cc 00000000
R350_SHADER_REG 21d0 00000000
R350_SHADER_REG 21d4 00000000
R350_SHADER_REG 21d8 00000000
R350_SHADER_REG 21dc aaaaaaaa
R350_SHADER_REG 21e0 f688f688
R350_SHADER_REG 21e4 0000f688
R350_SHADER_REG 21e8 00000000
R350_SHADER_REG 21ec 00000000
R350_SHADER_REG 21f0 00000000
R350_SHADER_REG 21f4 00000000
R350_SHADER_REG 21f8 00000000
R350_SHADER_REG 21fc 00000000
R350_SHADER_REG 2200 00000280
R350_SHADER_REG 2204 00000000
R350_SHADER_REG 2208 3f800000
R350_SHADER_REG 220c 00000000
R350_SHADER_REG 2210 00000000
R350_SHADER_REG 2214 00000000
R350_SHADER_REG 2218 00000000
R350_SHADER_REG 221c 00000000
R350_SHADER_REG 2220 3f800000
R350_SHADER_REG 2224 3f800000
R350_SHADER_REG 2228 3f800000
R350_SHADER_REG 222c 3f800000
R350_SHADER_REG 2230 00000000
R350_SHADER_REG 2234 00000000
R350_SHADER_REG 2238 00000000
R350_SHADER_REG 223c 00000000
R350_SHADER_REG 2240 00000000
R350_SHADER_REG 2244 00000000
R350_SHADER_REG 2248 00000000
R350_SHADER_REG 224c 00000000
R350_SHADER_REG 2250 00000000
R350_SHADER_REG 2254 00000000
R350_SHADER_REG 2258 00000000
R350_SHADER_REG 225c 00000000
R350_SHADER_REG 2260 00000000
R350_SHADER_REG 2264 00000000
R350_SHADER_REG 2268 00000000
R350_SHADER_REG 226c 00000000
R350_SHADER_REG 2270 00000000
R350_SHADER_REG 2274 00000000
R350_SHADER_REG 2278 00000000
R350_SHADER_REG 227c 00000000
R350_SHADER_REG 2280 00000000
R350_SHADER_REG 2284 00000000
R350_SHADER_REG 2288 0000ffff
R350_SHADER_REG 228c 00000000
R350_SHADER_REG 2290 00000000
R350_SHADER_REG 2294 00000000
R350_SHADER_REG 2298 00000000
R350_SHADER_REG 229c 00000000
R350_SHADER_REG 22a0 00000000
R350_SHADER_REG 22a4 00000000
R350_SHADER_REG 22a8 00000000
R350_SHADER_REG 22ac 00000000
R350_SHADER_REG 22b0 00000000
R350_SHADER_REG 22b4 00000000
R350_SHADER_REG 22b8 00000000
R350_SHADER_REG 22bc 00000000
R350_SHADER_REG 22c0 00000000
R350_SHADER_REG 22c4 00000000
R350_SHADER_REG 22c8 00000000
R350_SHADER_REG 22cc 00000000
R350_SHADER_REG 22d0 08820c80
R350_SHADER_REG 22d4 00080080
R350_SHADER_REG 22d8 00000088
R350_SHADER_REG 4000 00000000
R350_SHADER_REG 4004 00000000
R350_SHADER_REG 4008 00000007
R350_SHADER_REG 400c 00000000
R350_SHADER_REG 4010 66666666
R350_SHADER_REG 4014 06666666
R350_SHADER_REG 4018 00000017
R350_SHADER_REG 401c 00000000
R350_SHADER_REG 4020 00000000
R350_SHADER_REG 4024 00000000
R350_SHADER_REG 4028 00000000
R350_SHADER_REG 402c 00000000
R350_SHADER_REG 4030 00000000
R350_SHADER_REG 4034 00000000
R350_SHADER_REG 4038 00000000
R350_SHADER_REG 403c 00000000
R350_SHADER_REG 4040 00000000
R350_SHADER_REG 4044 00000000
R350_SHADER_REG 4048 00000000
R350_SHADER_REG 404c 00000000
R350_SHADER_REG 4050 00000000
R350_SHADER_REG 4054 00000000
R350_SHADER_REG 4058 00000000
R350_SHADER_REG 405c 00000000
R350_SHADER_REG 4060 00000000
R350_SHADER_REG 4064 00000000
R350_SHADER_REG 4068 00000000
R350_SHADER_REG 406c 00000000
R350_SHADER_REG 4070 00000000
R350_SHADER_REG 4074 00000000
R350_SHADER_REG 4078 00000000
R350_SHADER_REG 407c 00000000
R350_SHADER_REG 4080 00000000
R350_SHADER_REG 4084 00000000
R350_SHADER_REG 4088 00000000
R350_SHADER_REG 408c 00000000
R350_SHADER_REG 4090 00000000
R350_SHADER_REG 4094 00000000
R350_SHADER_REG 4098 00000000
R350_SHADER_REG 409c 00000000
R350_SHADER_REG 40a0 00000000
R350_SHADER_REG 40a4 00000000
R350_SHADER_REG 40a8 00000000
R350_SHADER_REG 40ac 00000000
R350_SHADER_REG 40b0 00000000
R350_SHADER_REG 40b4 00000000
R350_SHADER_REG 40b8 00000000
R350_SHADER_REG 40bc 00000000
R350_SHADER_REG 40c0 00000000
R350_SHADER_REG 40c4 00000000
R350_SHADER_REG 40c8 00000000
R350_SHADER_REG 40cc 00000000
R350_SHADER_REG 40d0 00000000
R350_SHADER_REG 40d4 00000000
R350_SHADER_REG 40d8 00000000
R350_SHADER_REG 40dc 00000000
R350_SHADER_REG 40e0 00000000
R350_SHADER_REG 40e4 00000000
R350_SHADER_REG 40e8 00000000
R350_SHADER_REG 40ec 00000000
R350_SHADER_REG 40f0 00000000
R350_SHADER_REG 40f4 00000000
R350_SHADER_REG 40f8 00000000
R350_SHADER_REG 40fc 00000000
R350_SHADER_REG 4100 00000000
R350_SHADER_REG 4104 00000001
R350_SHADER_REG 4108 00000000
R350_SHADER_REG 410c 00000000
R350_SHADER_REG 4110 00000000
R350_SHADER_REG 4114 00000000
R350_SHADER_REG 4118 00000000
R350_SHADER_REG 411c 00000000
R350_SHADER_REG 4120 00000000
R350_SHADER_REG 4124 00000000
R350_SHADER_REG 4128 00000000
R350_SHADER_REG 412c 00000000
R350_SHADER_REG 4130 00000000
R350_SHADER_REG 4134 00000000
R350_SHADER_REG 4138 00000000
R350_SHADER_REG 413c 00000000
R350_SHADER_REG 4140 00000000
R350_SHADER_REG 4144 00000000
R350_SHADER_REG 4148 00000000
R350_SHADER_REG 414c 00000000
R350_SHADER_REG 4150 00000000
R350_SHADER_REG 4154 00000000
R350_SHADER_REG 4158 00000000
R350_SHADER_REG 415c 00000000
R350_SHADER_REG 4160 00000000
R350_SHADER_REG 4164 00000000
R350_SHADER_REG 4168 00000000
R350_SHADER_REG 416c 00000000
R350_SHADER_REG 4170 00000000
R350_SHADER_REG 4174 00000000
R350_SHADER_REG 4178 00000000
R350_SHADER_REG 417c 00000000
R350_SHADER_REG 4180 00000000
R350_SHADER_REG 4184 00000000
R350_SHADER_REG 4188 00000000
R350_SHADER_REG 418c 00000000
R350_SHADER_REG 4190 00000000
R350_SHADER_REG 4194 00000000
R350_SHADER_REG 4198 00000000
R350_SHADER_REG 419c 00000000
R350_SHADER_REG 41a0 00000000
R350_SHADER_REG 41a4 00000000
R350_SHADER_REG 41a8 00000000
R350_SHADER_REG 41ac 00000000
R350_SHADER_REG 41b0 00000000
R350_SHADER_REG 41b4 00000000
R350_SHADER_REG 41b8 00000000
R350_SHADER_REG 41bc 00000000
R350_SHADER_REG 41c0 00000000
R350_SHADER_REG 41c4 00000000
R350_SHADER_REG 41c8 00000000
R350_SHADER_REG 41cc 00000000
R350_SHADER_REG 41d0 00000000
R350_SHADER_REG 41d4 00000000
R350_SHADER_REG 41d8 00000000
R350_SHADER_REG 41dc 00000000
R350_SHADER_REG 41e0 00000000
R350_SHADER_REG 41e4 00000000
R350_SHADER_REG 41e8 00000000
R350_SHADER_REG 41ec 00000000
R350_SHADER_REG 41f0 00000000
R350_SHADER_REG 41f4 00000000
R350_SHADER_REG 41f8 00000000
R350_SHADER_REG 41fc 00000000
R350_SHADER_REG 4200 00000000
R350_SHADER_REG 4204 00000000
R350_SHADER_REG 4208 3f800000
R350_SHADER_REG 420c 3f800000
R350_SHADER_REG 4210 00000000
R350_SHADER_REG 4214 00050005
R350_SHADER_REG 4218 00000000
R350_SHADER_REG 421c 00060006
R350_SHADER_REG 4220 00000000
R350_SHADER_REG 4224 00000000
R350_SHADER_REG 4228 00000000
R350_SHADER_REG 422c 00000000
R350_SHADER_REG 4230 01800006
R350_SHADER_REG 4234 00020006
R350_SHADER_REG 4238 00000000
R350_SHADER_REG 423c 00000000
R350_SHADER_REG 4240 00000000
R350_SHADER_REG 4244 00000000
R350_SHADER_REG 4248 00000000
R350_SHADER_REG 424c 00000000
R350_SHADER_REG 4250 00000000
R350_SHADER_REG 4254 00000000
R350_SHADER_REG 4258 00000000
R350_SHADER_REG 425c 00000000
R350_SHADER_REG 4260 00000000
R350_SHADER_REG 4264 00000000
R350_SHADER_REG 4268 3f800000
R350_SHADER_REG 426c 00000000
R350_SHADER_REG 4270 00000000
R350_SHADER_REG 4274 00000002
R350_SHADER_REG 4278 0003aaaa
R350_SHADER_REG 427c 00000000
R350_SHADER_REG 4280 00000000
R350_SHADER_REG 4284 00000000
R350_SHADER_REG 4288 00000000
R350_SHADER_REG 428c 00000001
R350_SHADER_REG 4290 00000000
R350_SHADER_REG 4294 00000000
R350_SHADER_REG 4298 00000000
R350_SHADER_REG 429c 00000400
R350_SHADER_REG 42a0 00000000
R350_SHADER_REG 42a4 00000000
R350_SHADER_REG 42a8 00000000
R350_SHADER_REG 42ac 00000000
R350_SHADER_REG 42b0 00000000
R350_SHADER_REG 42b4 00000000
R350_SHADER_REG 42b8 00000000
R350_SHADER_REG 42bc 00000000
R350_SHADER_REG 42c0 4b7fffff
R350_SHADER_REG 42c4 00000000
R350_SHADER_REG 42c8 00000000
R350_SHADER_REG 42cc 00000000
R350_SHADER_REG 42d0 00000000
R350_SHADER_REG 42d4 00000000
R350_SHADER_REG 42d8 00000000
R350_SHADER_REG 42dc 00000000
R350_SHADER_REG 42e0 00000000
R350_SHADER_REG 42e4 00000000
R350_SHADER_REG 42e8 00000000
R350_SHADER_REG 42ec 00000000
R350_SHADER_REG 42f0 00000000
R350_SHADER_REG 42f4 00000000
R350_SHADER_REG 42f8 00000000
R350_SHADER_REG 42fc 00000000
R350_SHADER_REG 4300 00040084
R350_SHADER_REG 4304 00000000
R350_SHADER_REG 4308 00000000
R350_SHADER_REG 430c 00000000
R350_SHADER_REG 4310 00d10000
R350_SHADER_REG 4314 00d10044
R350_SHADER_REG 4318 00d10084
R350_SHADER_REG 431c 00d100c4
R350_SHADER_REG 4320 00d10004
R350_SHADER_REG 4324 00d10004
R350_SHADER_REG 4328 00d10004
R350_SHADER_REG 432c 00d10004
R350_SHADER_REG 4330 00004048
R350_SHADER_REG 4334 00000000
R350_SHADER_REG 4338 00000000
R350_SHADER_REG 433c 00000000
R350_SHADER_REG 4340 00000000
R350_SHADER_REG 4344 00000000
R350_SHADER_REG 4348 00000000
R350_SHADER_REG 434c 00000000
R350_SHADER_REG 4350 00000000
R350_SHADER_REG 4354 00000000
R350_SHADER_REG 4358 00000000
R350_SHADER_REG 435c 00000000
R350_SHADER_REG 4360 00000000
R350_SHADER_REG 4364 00000000
R350_SHADER_REG 4368 00000000
R350_SHADER_REG 436c 00000000
R350_SHADER_REG 4370 00000000
R350_SHADER_REG 4374 00000000
R350_SHADER_REG 4378 00000000
R350_SHADER_REG 437c 00000000
R350_SHADER_REG 4380 00000000
R350_SHADER_REG 4384 00000000
R350_SHADER_REG 4388 00000000
R350_SHADER_REG 438c 00000000
R350_SHADER_REG 4390 00000000
R350_SHADER_REG 4394 00000000
R350_SHADER_REG 4398 00000000
R350_SHADER_REG 439c 00000000
R350_SHADER_REG 43a0 00000000
R350_SHADER_REG 43a4 00000000
R350_SHADER_REG 43a8 2da49525
R350_SHADER_REG 43ac 00000000
R350_SHADER_REG 43b0 00b405a0
R350_SHADER_REG 43b4 011409a0
R350_SHADER_REG 43b8 00000000
R350_SHADER_REG 43bc 03ffffff
R350_SHADER_REG 43c0 00000000
R350_SHADER_REG 43c4 03ffffff
R350_SHADER_REG 43c8 00000000
R350_SHADER_REG 43cc 03ffffff
R350_SHADER_REG 43d0 0000aaaa
R350_SHADER_REG 43d4 00000000
R350_SHADER_REG 43d8 00000000
R350_SHADER_REG 43dc 00000000
R350_SHADER_REG 43e0 00b405a0
R350_SHADER_REG 43e4 0113e99f
R350_SHADER_REG 43e8 00ffffff
R350_SHADER_REG 43ec 00000000
R350_SHADER_REG 43f0 00000000
R350_SHADER_REG 43f4 00000000
R350_SHADER_REG 43f8 00000000
R350_SHADER_REG 43fc 00000000
R350_SHADER_REG 4400 00000a12
R350_SHADER_REG 4404 00000000
R350_SHADER_REG 4408 00000000
R350_SHADER_REG 440c 00000000
R350_SHADER_REG 4410 00000000
R350_SHADER_REG 4414 00000000
R350_SHADER_REG 4418 00000000
R350_SHADER_REG 441c 00000000
R350_SHADER_REG 4420 00000000
R350_SHADER_REG 4424 00000000
R350_SHADER_REG 4428 00000000
R350_SHADER_REG 442c 00000000
R350_SHADER_REG 4430 00000000
R350_SHADER_REG 4434 00000000
R350_SHADER_REG 4438 00000000
R350_SHADER_REG 443c 00000000
R350_SHADER_REG 4440 00001fe8
R350_SHADER_REG 4444 00000000
R350_SHADER_REG 4448 00000000
R350_SHADER_REG 444c 00000000
R350_SHADER_REG 4450 00000000
R350_SHADER_REG 4454 00000000
R350_SHADER_REG 4458 00000000
R350_SHADER_REG 445c 00000000
R350_SHADER_REG 4460 00000000
R350_SHADER_REG 4464 00000000
R350_SHADER_REG 4468 00000000
R350_SHADER_REG 446c 00000000
R350_SHADER_REG 4470 00000000
R350_SHADER_REG 4474 00000000
R350_SHADER_REG 4478 00000000
R350_SHADER_REG 447c 00000000
R350_SHADER_REG 4480 8007f8ff
R350_SHADER_REG 4484 00000000
R350_SHADER_REG 4488 00000000
R350_SHADER_REG 448c 00000000
R350_SHADER_REG 4490 00000000
R350_SHADER_REG 4494 00000000
R350_SHADER_REG 4498 00000000
R350_SHADER_REG 449c 00000000
R350_SHADER_REG 44a0 00000000
R350_SHADER_REG 44a4 00000000
R350_SHADER_REG 44a8 00000000
R350_SHADER_REG 44ac 00000000
R350_SHADER_REG 44b0 00000000
R350_SHADER_REG 44b4 00000000
R350_SHADER_REG 44b8 00000000
R350_SHADER_REG 44bc 00000000
R350_SHADER_REG 44c0 0000aa0c
R350_SHADER_REG 44c4 00000000
R350_SHADER_REG 44c8 00000000
R350_SHADER_REG 44cc 00000000
R350_SHADER_REG 44d0 00000000
R350_SHADER_REG 44d4 00000000
R350_SHADER_REG 44d8 00000000
R350_SHADER_REG 44dc 00000000
R350_SHADER_REG 44e0 00000000
R350_SHADER_REG 44e4 00000000
R350_SHADER_REG 44e8 00000000
R350_SHADER_REG 44ec 00000000
R350_SHADER_REG 44f0 00000000
R350_SHADER_REG 44f4 00000000
R350_SHADER_REG 44f8 00000000
R350_SHADER_REG 44fc 00000000
R350_SHADER_REG 4500 000000ff
R350_SHADER_REG 4504 00000000
R350_SHADER_REG 4508 00000000
R350_SHADER_REG 450c 00000000
R350_SHADER_REG 4510 00000000
R350_SHADER_REG 4514 00000000
R350_SHADER_REG 4518 00000000
R350_SHADER_REG 451c 00000000
R350_SHADER_REG 4520 00000000
R350_SHADER_REG 4524 00000000
R350_SHADER_REG 4528 00000000
R350_SHADER_REG 452c 00000000
R350_SHADER_REG 4530 00000000
R350_SHADER_REG 4534 00000000
R350_SHADER_REG 4538 00000000
R350_SHADER_REG 453c 00000000
R350_SHADER_REG 4540 00600000
R350_SHADER_REG 4544 00000000
R350_SHADER_REG 4548 00000000
R350_SHADER_REG 454c 00000000
R350_SHADER_REG 4550 00000000
R350_SHADER_REG 4554 00000000
R350_SHADER_REG 4558 00000000
R350_SHADER_REG 455c 00000000
R350_SHADER_REG 4560 00000000
R350_SHADER_REG 4564 00000000
R350_SHADER_REG 4568 00000000
R350_SHADER_REG 456c 00000000
R350_SHADER_REG 4570 00000000
R350_SHADER_REG 4574 00000000
R350_SHADER_REG 4578 00000000
R350_SHADER_REG 457c 00000000
R350_SHADER_REG 4580 00000000
R350_SHADER_REG 4584 00000000
R350_SHADER_REG 4588 00000000
R350_SHADER_REG 458c 00000000
R350_SHADER_REG 4590 00000000
R350_SHADER_REG 4594 00000000
R350_SHADER_REG 4598 00000000
R350_SHADER_REG 459c 00000000
R350_SHADER_REG 45a0 00000000
R350_SHADER_REG 45a4 00000000
R350_SHADER_REG 45a8 00000000
R350_SHADER_REG 45ac 00000000
R350_SHADER_REG 45b0 00000000
R350_SHADER_REG 45b4 00000000
R350_SHADER_REG 45b8 00000000
R350_SHADER_REG 45bc 00000000
R350_SHADER_REG 45c0 00000000
R350_SHADER_REG 45c4 00000000
R350_SHADER_REG 45c8 00000000
R350_SHADER_REG 45cc 00000000
R350_SHADER_REG 45d0 00000000
R350_SHADER_REG 45d4 00000000
R350_SHADER_REG 45d8 00000000
R350_SHADER_REG 45dc 00000000
R350_SHADER_REG 45e0 00000000
R350_SHADER_REG 45e4 00000000
R350_SHADER_REG 45e8 00000000
R350_SHADER_REG 45ec 00000000
R350_SHADER_REG 45f0 00000000
R350_SHADER_REG 45f4 00000000
R350_SHADER_REG 45f8 00000000
R350_SHADER_REG 45fc 00000000
R350_SHADER_REG 4600 00000008
R350_SHADER_REG 4604 00000001
R350_SHADER_REG 4608 00000002
R350_SHADER_REG 460c 00000000
R350_SHADER_REG 4610 00000000
R350_SHADER_REG 4614 00000000
R350_SHADER_REG 4618 00000000
R350_SHADER_REG 461c 00400000
R350_SHADER_REG 4620 00018041
R350_SHADER_REG 4624 00000000
R350_SHADER_REG 4628 00000000
R350_SHADER_REG 462c 00000000
R350_SHADER_REG 4630 00000000
R350_SHADER_REG 4634 00000000
R350_SHADER_REG 4638 00000000
R350_SHADER_REG 463c 00000000
R350_SHADER_REG 4640 00000000
R350_SHADER_REG 4644 00000000
R350_SHADER_REG 4648 00000000
R350_SHADER_REG 464c 00000000
R350_SHADER_REG 4650 00000000
R350_SHADER_REG 4654 00000000
R350_SHADER_REG 4658 00000000
R350_SHADER_REG 465c 00000000
R350_SHADER_REG 4660 00000000
R350_SHADER_REG 4664 00000000
R350_SHADER_REG 4668 00000000
R350_SHADER_REG 466c 00000000
R350_SHADER_REG 4670 00000000
R350_SHADER_REG 4674 00000000
R350_SHADER_REG 4678 00000000
R350_SHADER_REG 467c 00000000
R350_SHADER_REG 4680 00000000
R350_SHADER_REG 4684 00000000
R350_SHADER_REG 4688 00000000
R350_SHADER_REG 468c 00000000
R350_SHADER_REG 4690 00000000
R350_SHADER_REG 4694 00000000
R350_SHADER_REG 4698 00000000
R350_SHADER_REG 469c 00000000
R350_SHADER_REG 46a0 00000000
R350_SHADER_REG 46a4 00001b00
R350_SHADER_REG 46a8 0000000f
R350_SHADER_REG 46ac 0000000f
R350_SHADER_REG 46b0 0000000f
R350_SHADER_REG 46b4 00000001
R350_SHADER_REG 46b8 00000000
R350_SHADER_REG 46bc 00000000
R350_SHADER_REG 46c0 1c020800
R350_SHADER_REG 46c4 1c020800
R350_SHADER_REG 46c8 1c020040
R350_SHADER_REG 46cc 00000000
R350_SHADER_REG 46d0 00000000
R350_SHADER_REG 46d4 00000000
R350_SHADER_REG 46d8 00000000
R350_SHADER_REG 46dc 00000000
R350_SHADER_REG 46e0 00000000
R350_SHADER_REG 46e4 00000000
R350_SHADER_REG 46e8 00000000
R350_SHADER_REG 46ec 00000000
R350_SHADER_REG 46f0 00000000
R350_SHADER_REG 46f4 00000000
R350_SHADER_REG 46f8 00000000
R350_SHADER_REG 46fc 00000000
R350_SHADER_REG 4700 00000000
R350_SHADER_REG 4704 00000000
R350_SHADER_REG 4708 00000000
R350_SHADER_REG 470c 00000000
R350_SHADER_REG 4710 00000000
R350_SHADER_REG 4714 00000000
R350_SHADER_REG 4718 00000000
R350_SHADER_REG 471c 00000000
R350_SHADER_REG 4720 00000000
R350_SHADER_REG 4724 00000000
R350_SHADER_REG 4728 00000000
R350_SHADER_REG 472c 00000000
R350_SHADER_REG 4730 00000000
R350_SHADER_REG 4734 00000000
R350_SHADER_REG 4738 00000000
R350_SHADER_REG 473c 00000000
R350_SHADER_REG 4740 00000000
R350_SHADER_REG 4744 00000000
R350_SHADER_REG 4748 00000000
R350_SHADER_REG 474c 00000000
R350_SHADER_REG 4750 00000000
R350_SHADER_REG 4754 00000000
R350_SHADER_REG 4758 00000000
R350_SHADER_REG 475c 00000000
R350_SHADER_REG 4760 00000000
R350_SHADER_REG 4764 00000000
R350_SHADER_REG 4768 00000000
R350_SHADER_REG 476c 00000000
R350_SHADER_REG 4770 00000000
R350_SHADER_REG 4774 00000000
R350_SHADER_REG 4778 00000000
R350_SHADER_REG 477c 00000000
R350_SHADER_REG 4780 00000000
R350_SHADER_REG 4784 00000000
R350_SHADER_REG 4788 00000000
R350_SHADER_REG 478c 00000000
R350_SHADER_REG 4790 00000000
R350_SHADER_REG 4794 00000000
R350_SHADER_REG 4798 00000000
R350_SHADER_REG 479c 00000000
R350_SHADER_REG 47a0 00000000
R350_SHADER_REG 47a4 00000000
R350_SHADER_REG 47a8 00000000
R350_SHADER_REG 47ac 00000000
R350_SHADER_REG 47b0 00000000
R350_SHADER_REG 47b4 00000000
R350_SHADER_REG 47b8 00000000
R350_SHADER_REG 47bc 00000000
R350_SHADER_REG 47c0 01020800
R350_SHADER_REG 47c4 01020800
R350_SHADER_REG 47c8 01020800
R350_SHADER_REG 47cc 00000000
R350_SHADER_REG 47d0 00000000
R350_SHADER_REG 47d4 00000000
R350_SHADER_REG 47d8 00000000
R350_SHADER_REG 47dc 00000000
R350_SHADER_REG 47e0 00000000
R350_SHADER_REG 47e4 00000000
R350_SHADER_REG 47e8 00000000
R350_SHADER_REG 47ec 00000000
R350_SHADER_REG 47f0 00000000
R350_SHADER_REG 47f4 00000000
R350_SHADER_REG 47f8 00000000
R350_SHADER_REG 47fc 00000000
R350_SHADER_REG 4800 00000000
R350_SHADER_REG 4804 00000000
R350_SHADER_REG 4808 00000000
R350_SHADER_REG 480c 00000000
R350_SHADER_REG 4810 00000000
R350_SHADER_REG 4814 00000000
R350_SHADER_REG 4818 00000000
R350_SHADER_REG 481c 00000000
R350_SHADER_REG 4820 00000000
R350_SHADER_REG 4824 00000000
R350_SHADER_REG 4828 00000000
R350_SHADER_REG 482c 00000000
R350_SHADER_REG 4830 00000000
R350_SHADER_REG 4834 00000000
R350_SHADER_REG 4838 00000000
R350_SHADER_REG 483c 00000000
R350_SHADER_REG 4840 00000000
R350_SHADER_REG 4844 00000000
R350_SHADER_REG 4848 00000000
R350_SHADER_REG 484c 00000000
R350_SHADER_REG 4850 00000000
R350_SHADER_REG 4854 00000000
R350_SHADER_REG 4858 00000000
R350_SHADER_REG 485c 00000000
R350_SHADER_REG 4860 00000000
R350_SHADER_REG 4864 00000000
R350_SHADER_REG 4868 00000000
R350_SHADER_REG 486c 00000000
R350_SHADER_REG 4870 00000000
R350_SHADER_REG 4874 00000000
R350_SHADER_REG 4878 00000000
R350_SHADER_REG 487c 00000000
R350_SHADER_REG 4880 00000000
R350_SHADER_REG 4884 00000000
R350_SHADER_REG 4888 00000000
R350_SHADER_REG 488c 00000000
R350_SHADER_REG 4890 00000000
R350_SHADER_REG 4894 00000000
R350_SHADER_REG 4898 00000000
R350_SHADER_REG 489c 00000000
R350_SHADER_REG 48a0 00000000
R350_SHADER_REG 48a4 00000000
R350_SHADER_REG 48a8 00000000
R350_SHADER_REG 48ac 00000000
R350_SHADER_REG 48b0 00000000
R350_SHADER_REG 48b4 00000000
R350_SHADER_REG 48b8 00000000
R350_SHADER_REG 48bc 00000000
R350_SHADER_REG 48c0 00050a80
R350_SHADER_REG 48c4 00050a80
R350_SHADER_REG 48c8 40050200
R350_SHADER_REG 48cc 00000000
R350_SHADER_REG 48d0 00000000
R350_SHADER_REG 48d4 00000000
R350_SHADER_REG 48d8 00000000
R350_SHADER_REG 48dc 00000000
R350_SHADER_REG 48e0 00000000
R350_SHADER_REG 48e4 00000000
R350_SHADER_REG 48e8 00000000
R350_SHADER_REG 48ec 00000000
R350_SHADER_REG 48f0 00000000
R350_SHADER_REG 48f4 00000000
R350_SHADER_REG 48f8 00000000
R350_SHADER_REG 48fc 00000000
R350_SHADER_REG 4900 00000000
R350_SHADER_REG 4904 00000000
R350_SHADER_REG 4908 00000000
R350_SHADER_REG 490c 00000000
R350_SHADER_REG 4910 00000000
R350_SHADER_REG 4914 00000000
R350_SHADER_REG 4918 00000000
R350_SHADER_REG 491c 00000000
R350_SHADER_REG 4920 00000000
R350_SHADER_REG 4924 00000000
R350_SHADER_REG 4928 00000000
R350_SHADER_REG 492c 00000000
R350_SHADER_REG 4930 00000000
R350_SHADER_REG 4934 00000000
R350_SHADER_REG 4938 00000000
R350_SHADER_REG 493c 00000000
R350_SHADER_REG 4940 00000000
R350_SHADER_REG 4944 00000000
R350_SHADER_REG 4948 00000000
R350_SHADER_REG 494c 00000000
R350_SHADER_REG 4950 00000000
R350_SHADER_REG 4954 00000000
R350_SHADER_REG 4958 00000000
R350_SHADER_REG 495c 00000000
R350_SHADER_REG 4960 00000000
R350_SHADER_REG 4964 00000000
R350_SHADER_REG 4968 00000000
R350_SHADER_REG 496c 00000000
R350_SHADER_REG 4970 00000000
R350_SHADER_REG 4974 00000000
R350_SHADER_REG 4978 00000000
R350_SHADER_REG 497c 00000000
R350_SHADER_REG 4980 00000000
R350_SHADER_REG 4984 00000000
R350_SHADER_REG 4988 00000000
R350_SHADER_REG 498c 00000000
R350_SHADER_REG 4990 00000000
R350_SHADER_REG 4994 00000000
R350_SHADER_REG 4998 00000000
R350_SHADER_REG 499c 00000000
R350_SHADER_REG 49a0 00000000
R350_SHADER_REG 49a4 00000000
R350_SHADER_REG 49a8 00000000
R350_SHADER_REG 49ac 00000000
R350_SHADER_REG 49b0 00000000
R350_SHADER_REG 49b4 00000000
R350_SHADER_REG 49b8 00000000
R350_SHADER_REG 49bc 00000000
R350_SHADER_REG 49c0 00040889
R350_SHADER_REG 49c4 00040889
R350_SHADER_REG 49c8 40040509
R350_SHADER_REG 49cc 00000000
R350_SHADER_REG 49d0 00000000
R350_SHADER_REG 49d4 00000000
R350_SHADER_REG 49d8 00000000
R350_SHADER_REG 49dc 00000000
R350_SHADER_REG 49e0 00000000
R350_SHADER_REG 49e4 00000000
R350_SHADER_REG 49e8 00000000
R350_SHADER_REG 49ec 00000000
R350_SHADER_REG 49f0 00000000
R350_SHADER_REG 49f4 00000000
R350_SHADER_REG 49f8 00000000
R350_SHADER_REG 49fc 00000000
R350_SHADER_REG 4a00 00000000
R350_SHADER_REG 4a04 00000000
R350_SHADER_REG 4a08 00000000
R350_SHADER_REG 4a0c 00000000
R350_SHADER_REG 4a10 00000000
R350_SHADER_REG 4a14 00000000
R350_SHADER_REG 4a18 00000000
R350_SHADER_REG 4a1c 00000000
R350_SHADER_REG 4a20 00000000
R350_SHADER_REG 4a24 00000000
R350_SHADER_REG 4a28 00000000
R350_SHADER_REG 4a2c 00000000
R350_SHADER_REG 4a30 00000000
R350_SHADER_REG 4a34 00000000
R350_SHADER_REG 4a38 00000000
R350_SHADER_REG 4a3c 00000000
R350_SHADER_REG 4a40 00000000
R350_SHADER_REG 4a44 00000000
R350_SHADER_REG 4a48 00000000
R350_SHADER_REG 4a4c 00000000
R350_SHADER_REG 4a50 00000000
R350_SHADER_REG 4a54 00000000
R350_SHADER_REG 4a58 00000000
R350_SHADER_REG 4a5c 00000000
R350_SHADER_REG 4a60 00000000
R350_SHADER_REG 4a64 00000000
R350_SHADER_REG 4a68 00000000
R350_SHADER_REG 4a6c 00000000
R350_SHADER_REG 4a70 00000000
R350_SHADER_REG 4a74 00000000
R350_SHADER_REG 4a78 00000000
R350_SHADER_REG 4a7c 00000000
R350_SHADER_REG 4a80 00000000
R350_SHADER_REG 4a84 00000000
R350_SHADER_REG 4a88 00000000
R350_SHADER_REG 4a8c 00000000
R350_SHADER_REG 4a90 00000000
R350_SHADER_REG 4a94 00000000
R350_SHADER_REG 4a98 00000000
R350_SHADER_REG 4a9c 00000000
R350_SHADER_REG 4aa0 00000000
R350_SHADER_REG 4aa4 00000000
R350_SHADER_REG 4aa8 00000000
R350_SHADER_REG 4aac 00000000
R350_SHADER_REG 4ab0 00000000
R350_SHADER_REG 4ab4 00000000
R350_SHADER_REG 4ab8 00000000
R350_SHADER_REG 4abc 00000000
R350_SHADER_REG 4ac0 00000000
R350_SHADER_REG 4ac4 00000000
R350_SHADER_REG 4ac8 00000000
R350_SHADER_REG 4acc 00000000
R350_SHADER_REG 4ad0 00000000
R350_SHADER_REG 4ad4 00000000
R350_SHADER_REG 4ad8 00000000
R350_SHADER_REG 4adc 00000000
R350_SHADER_REG 4ae0 00000000
R350_SHADER_REG 4ae4 00000000
R350_SHADER_REG 4ae8 00000000
R350_SHADER_REG 4aec 00000000
R350_SHADER_REG 4af0 00000000
R350_SHADER_REG 4af4 00000000
R350_SHADER_REG 4af8 00000000
R350_SHADER_REG 4afc 00000000
R350_SHADER_REG 4b00 00000000
R350_SHADER_REG 4b04 00000000
R350_SHADER_REG 4b08 00000000
R350_SHADER_REG 4b0c 00000000
R350_SHADER_REG 4b10 00000000
R350_SHADER_REG 4b14 00000000
R350_SHADER_REG 4b18 00000000
R350_SHADER_REG 4b1c 00000000
R350_SHADER_REG 4b20 00000000
R350_SHADER_REG 4b24 00000000
R350_SHADER_REG 4b28 00000000
R350_SHADER_REG 4b2c 00000000
R350_SHADER_REG 4b30 00000000
R350_SHADER_REG 4b34 00000000
R350_SHADER_REG 4b38 00000000
R350_SHADER_REG 4b3c 00000000
R350_SHADER_REG 4b40 00000000
R350_SHADER_REG 4b44 00000000
R350_SHADER_REG 4b48 00000000
R350_SHADER_REG 4b4c 00000000
R350_SHADER_REG 4b50 00000000
R350_SHADER_REG 4b54 00000000
R350_SHADER_REG 4b58 00000000
R350_SHADER_REG 4b5c 00000000
R350_SHADER_REG 4b60 00000000
R350_SHADER_REG 4b64 00000000
R350_SHADER_REG 4b68 00000000
R350_SHADER_REG 4b6c 00000000
R350_SHADER_REG 4b70 00000000
R350_SHADER_REG 4b74 00000000
R350_SHADER_REG 4b78 00000000
R350_SHADER_REG 4b7c 00000000
R350_SHADER_REG 4b80 00000000
R350_SHADER_REG 4b84 00000000
R350_SHADER_REG 4b88 00000000
R350_SHADER_REG 4b8c 00000000
R350_SHADER_REG 4b90 00000000
R350_SHADER_REG 4b94 00000000
R350_SHADER_REG 4b98 00000000
R350_SHADER_REG 4b9c 00000000
R350_SHADER_REG 4ba0 00000000
R350_SHADER_REG 4ba4 00000000
R350_SHADER_REG 4ba8 00000000
R350_SHADER_REG 4bac 00000000
R350_SHADER_REG 4bb0 00000000
R350_SHADER_REG 4bb4 00000000
R350_SHADER_REG 4bb8 00000000
R350_SHADER_REG 4bbc 00000000
R350_SHADER_REG 4bc0 00000000
R350_SHADER_REG 4bc4 00000000
R350_SHADER_REG 4bc8 00000000
R350_SHADER_REG 4bcc 00000000
R350_SHADER_REG 4bd0 00000000
R350_SHADER_REG 4bd4 00000c00
R350_SHADER_REG 4bd8 00000000
R350_SHADER_REG 4bdc 00000000
R350_SHADER_REG 4be0 00000000
R350_SHADER_REG 4be4 00000000
R350_SHADER_REG 4be8 00000000
R350_SHADER_REG 4bec 00000000
R350_SHADER_REG 4bf0 00000000
R350_SHADER_REG 4bf4 00000000
R350_SHADER_REG 4bf8 00000000
R350_SHADER_REG 4bfc 00000000
R350_SHADER_REG 4c00 003f0000
R350_SHADER_REG 4c04 003f0000
R350_SHADER_REG 4c08 003f0000
R350_SHADER_REG 4c0c 003f0000
R350_SHADER_REG 4c10 00000000
R350_SHADER_REG 4c14 00000000
R350_SHADER_REG 4c18 00000000
R350_SHADER_REG 4c1c 00000000
R350_SHADER_REG 4c20 00000000
R350_SHADER_REG 4c24 00000000
R350_SHADER_REG 4c28 00000000
R350_SHADER_REG 4c2c 00000000
R350_SHADER_REG 4c30 00000000
R350_SHADER_REG 4c34 00000000
R350_SHADER_REG 4c38 00000000
R350_SHADER_REG 4c3c 00000000
R350_SHADER_REG 4c40 00000000
R350_SHADER_REG 4c44 00000000
R350_SHADER_REG 4c48 00000000
R350_SHADER_REG 4c4c 00000000
R350_SHADER_REG 4c50 00000000
R350_SHADER_REG 4c54 00000000
R350_SHADER_REG 4c58 00000000
R350_SHADER_REG 4c5c 00000000
R350_SHADER_REG 4c60 00000000
R350_SHADER_REG 4c64 00000000
R350_SHADER_REG 4c68 00000000
R350_SHADER_REG 4c6c 00000000
R350_SHADER_REG 4c70 00000000
R350_SHADER_REG 4c74 00000000
R350_SHADER_REG 4c78 00000000
R350_SHADER_REG 4c7c 00000000
R350_SHADER_REG 4c80 00000000
R350_SHADER_REG 4c84 00000000
R350_SHADER_REG 4c88 00000000
R350_SHADER_REG 4c8c 00000000
R350_SHADER_REG 4c90 00000000
R350_SHADER_REG 4c94 00000000
R350_SHADER_REG 4c98 00000000
R350_SHADER_REG 4c9c 00000000
R350_SHADER_REG 4ca0 00000000
R350_SHADER_REG 4ca4 00000000
R350_SHADER_REG 4ca8 00000000
R350_SHADER_REG 4cac 00000000
R350_SHADER_REG 4cb0 00000000
R350_SHADER_REG 4cb4 00000000
R350_SHADER_REG 4cb8 00000000
R350_SHADER_REG 4cbc 00000000
R350_SHADER_REG 4cc0 00000000
R350_SHADER_REG 4cc4 00000000
R350_SHADER_REG 4cc8 00000000
R350_SHADER_REG 4ccc 00000000
R350_SHADER_REG 4cd0 00000000
R350_SHADER_REG 4cd4 00000000
R350_SHADER_REG 4cd8 00000000
R350_SHADER_REG 4cdc 00000000
R350_SHADER_REG 4ce0 00000000
R350_SHADER_REG 4ce4 00000000
R350_SHADER_REG 4ce8 00000000
R350_SHADER_REG 4cec 00000000
R350_SHADER_REG 4cf0 00000000
R350_SHADER_REG 4cf4 00000000
R350_SHADER_REG 4cf8 00000000
R350_SHADER_REG 4cfc 00000000
R350_SHADER_REG 4d00 00000000
R350_SHADER_REG 4d04 00000000
R350_SHADER_REG 4d08 00000000
R350_SHADER_REG 4d0c 00000000
R350_SHADER_REG 4d10 00000000
R350_SHADER_REG 4d14 00000000
R350_SHADER_REG 4d18 00000000
R350_SHADER_REG 4d1c 00000000
R350_SHADER_REG 4d20 00000000
R350_SHADER_REG 4d24 00000000
R350_SHADER_REG 4d28 00000000
R350_SHADER_REG 4d2c 00000000
R350_SHADER_REG 4d30 00000000
R350_SHADER_REG 4d34 00000000
R350_SHADER_REG 4d38 00000000
R350_SHADER_REG 4d3c 00000000
R350_SHADER_REG 4d40 00000000
R350_SHADER_REG 4d44 00000000
R350_SHADER_REG 4d48 00000000
R350_SHADER_REG 4d4c 00000000
R350_SHADER_REG 4d50 00000000
R350_SHADER_REG 4d54 00000000
R350_SHADER_REG 4d58 00000000
R350_SHADER_REG 4d5c 00000000
R350_SHADER_REG 4d60 00000000
R350_SHADER_REG 4d64 00000000
R350_SHADER_REG 4d68 00000000
R350_SHADER_REG 4d6c 00000000
R350_SHADER_REG 4d70 00000000
R350_SHADER_REG 4d74 00000000
R350_SHADER_REG 4d78 00000000
R350_SHADER_REG 4d7c 00000000
R350_SHADER_REG 4d80 00000000
R350_SHADER_REG 4d84 00000000
R350_SHADER_REG 4d88 00000000
R350_SHADER_REG 4d8c 00000000
R350_SHADER_REG 4d90 00000000
R350_SHADER_REG 4d94 00000000
R350_SHADER_REG 4d98 00000000
R350_SHADER_REG 4d9c 00000000
R350_SHADER_REG 4da0 00000000
R350_SHADER_REG 4da4 00000000
R350_SHADER_REG 4da8 00000000
R350_SHADER_REG 4dac 00000000
R350_SHADER_REG 4db0 00000000
R350_SHADER_REG 4db4 00000000
R350_SHADER_REG 4db8 00000000
R350_SHADER_REG 4dbc 00000000
R350_SHADER_REG 4dc0 00000000
R350_SHADER_REG 4dc4 00000000
R350_SHADER_REG 4dc8 00000000
R350_SHADER_REG 4dcc 00000000
R350_SHADER_REG 4dd0 00000000
R350_SHADER_REG 4dd4 00000000
R350_SHADER_REG 4dd8 00000000
R350_SHADER_REG 4ddc 00000000
R350_SHADER_REG 4de0 00000000
R350_SHADER_REG 4de4 00000000
R350_SHADER_REG 4de8 00000000
R350_SHADER_REG 4dec 00000000
R350_SHADER_REG 4df0 00000000
R350_SHADER_REG 4df4 00000000
R350_SHADER_REG 4df8 00000000
R350_SHADER_REG 4dfc 00000000
R350_SHADER_REG 4e00 00000000
R350_SHADER_REG 4e04 20220000
R350_SHADER_REG 4e08 00000000
R350_SHADER_REG 4e0c 0000000f
R350_SHADER_REG 4e10 00000000
R350_SHADER_REG 4e14 00000000
R350_SHADER_REG 4e18 00000000
R350_SHADER_REG 4e1c 00000000
R350_SHADER_REG 4e20 00000000
R350_SHADER_REG 4e24 00000000
R350_SHADER_REG 4e28 00300000
R350_SHADER_REG 4e2c 00000000
R350_SHADER_REG 4e30 00000000
R350_SHADER_REG 4e34 00000000
R350_SHADER_REG 4e38 2ed14400
R350_SHADER_REG 4e3c 00000000
R350_SHADER_REG 4e40 00000000
R350_SHADER_REG 4e44 00000000
R350_SHADER_REG 4e48 00000000
R350_SHADER_REG 4e4c 0000000a
R350_SHADER_REG 4e50 00000005
R350_SHADER_REG 4e54 00000001
R350_SHADER_REG 4e58 00000000
R350_SHADER_REG 4e5c 00000000
R350_SHADER_REG 4e60 00000000
R350_SHADER_REG 4e64 00000400
R350_SHADER_REG 4e68 00000000
R350_SHADER_REG 4e6c 00000000
R350_SHADER_REG 4e70 00000000
R350_SHADER_REG 4e74 00000000
R350_SHADER_REG 4e78 00000000
R350_SHADER_REG 4e7c 00000000
R350_SHADER_REG 4e80 00000000
R350_SHADER_REG 4e84 00000000
R350_SHADER_REG 4e88 00000000
R350_SHADER_REG 4e8c 00000000
R350_SHADER_REG 4e90 00000000
R350_SHADER_REG 4e94 00000000
R350_SHADER_REG 4e98 00000000
R350_SHADER_REG 4e9c 00000000
R350_SHADER_REG 4ea0 00000000
R350_SHADER_REG 4ea4 00000000
R350_SHADER_REG 4ea8 00000000
R350_SHADER_REG 4eac 00000000
R350_SHADER_REG 4eb0 00000000
R350_SHADER_REG 4eb4 00000000
R350_SHADER_REG 4eb8 00000000
R350_SHADER_REG 4ebc 00000000
R350_SHADER_REG 4ec0 00000000
R350_SHADER_REG 4ec4 00000000
R350_SHADER_REG 4ec8 00000000
R350_SHADER_REG 4ecc 00000000
R350_SHADER_REG 4ed0 00000000
R350_SHADER_REG 4ed4 00000000
R350_SHADER_REG 4ed8 00000000
R350_SHADER_REG 4edc 00000000
R350_SHADER_REG 4ee0 00000000
R350_SHADER_REG 4ee4 00000000
R350_SHADER_REG 4ee8 00000000
R350_SHADER_REG 4eec 00000000
R350_SHADER_REG 4ef0 00000000
R350_SHADER_REG 4ef4 00000000
R350_SHADER_REG 4ef8 00000000
R350_SHADER_REG 4efc 00000000
R350_SHADER_REG 4f00 00000010
R350_SHADER_REG 4f04 00000000
R350_SHADER_REG 4f08 00ffff00
R350_SHADER_REG 4f0c 00000000
R350_SHADER_REG 4f10 00000000
R350_SHADER_REG 4f14 00000001
R350_SHADER_REG 4f18 00000003
R350_SHADER_REG 4f1c 00000000
R350_SHADER_REG 4f20 00000000
R350_SHADER_REG 4f24 00000000
R350_SHADER_REG 4f28 00000000
R350_SHADER_REG 4f2c 00000000
R350_SHADER_REG 4f30 00000000
R350_SHADER_REG 4f34 00000000
R350_SHADER_REG 4f38 00000000
R350_SHADER_REG 4f3c 00000000
R350_SHADER_REG 4f40 00000000
R350_SHADER_REG 4f44 00000000
R350_SHADER_REG 4f48 00000000
R350_SHADER_REG 4f4c 00000000
R350_SHADER_REG 4f50 00000000
R350_SHADER_REG 4f54 00000000
R350_SHADER_REG 4f58 00000000
R350_SHADER_REG 4f5c 00000000
R350_SHADER_REG 4f60 00000000
R350_SHADER_REG 4f64 00000000
R350_SHADER_REG 4f68 00000000
R350_SHADER_REG 4f6c 00000000
R350_SHADER_REG 4f70 00000000
R350_SHADER_REG 4f74 00000000
R350_SHADER_REG 4f78 00000000
R350_SHADER_REG 4f7c 00000000
R350_SHADER_REG 4f80 00000000
R350_SHADER_REG 4f84 00000000
R350_SHADER_REG 4f88 00000000
R350_SHADER_REG 4f8c 00000000
R350_SHADER_REG 4f90 00000000
R350_SHADER_REG 4f94 00000000
R350_SHADER_REG 4f98 00000000
R350_SHADER_REG 4f9c 00000000
R350_SHADER_REG 4fa0 00000000
R350_SHADER_REG 4fa4 00000000
R350_SHADER_REG 4fa8 00000000
R350_SHADER_REG 4fac 00000000
R350_SHADER_REG 4fb0 00000000
R350_SHADER_REG 4fb4 00000000
R350_SHADER_REG 4fb8 00000000
R350_SHADER_REG 4fbc 00000000
R350_SHADER_REG 4fc0 00000000
R350_SHADER_REG 4fc4 00000000
R350_SHADER_REG 4fc8 00000000
R350_SHADER_REG 4fcc 00000000
R350_SHADER_REG 4fd0 00000000
R350_SHADER_REG 4fd4 00000000
R350_SHADER_REG 4fd8 00000000
R350_SHADER_REG 4fdc 00000000
R350_SHADER_REG 4fe0 00000000
R350_SHADER_REG 4fe4 00000000
R350_SHADER_REG 4fe8 00000000
R350_SHADER_REG 4fec 00000000
R350_SHADER_REG 4ff0 00000000
R350_SHADER_REG 4ff4 00000000
R350_SHADER_REG 4ff8 00000000
R350_SHADER_REG 4ffc 00000000
R350_SHADER_PVS 080 0 00100201
R350_SHADER_PVS 080 1 00d10002
R350_SHADER_PVS 080 2 00d10001
R350_SHADER_PVS 080 3 00d10005
R350_SHADER_PVS 081 0 00200201
R350_SHADER_PVS 081 1 00d10022
R350_SHADER_PVS 081 2 00d10001
R350_SHADER_PVS 081 3 00d10005
R350_SHADER_PVS 082 0 00400201
R350_SHADER_PVS 082 1 00d10042
R350_SHADER_PVS 082 2 00d10001
R350_SHADER_PVS 082 3 00d10005
R350_SHADER_PVS 083 0 00800201
R350_SHADER_PVS 083 1 00d10062
R350_SHADER_PVS 083 2 00d10001
R350_SHADER_PVS 083 3 00d10005
R350_SHADER_PVS 084 0 00104201
R350_SHADER_PVS 084 1 00d10082
R350_SHADER_PVS 084 2 00d10041
R350_SHADER_PVS 084 3 00d10045
R350_SHADER_PVS 085 0 00204201
R350_SHADER_PVS 085 1 00d100a2
R350_SHADER_PVS 085 2 00d10041
R350_SHADER_PVS 085 3 00d10045
R350_SHADER_PVS 086 0 00404201
R350_SHADER_PVS 086 1 00d100c2
R350_SHADER_PVS 086 2 00d10041
R350_SHADER_PVS 086 3 00d10045
R350_SHADER_PVS 087 0 00804201
R350_SHADER_PVS 087 1 00d100e2
R350_SHADER_PVS 087 2 00d10041
R350_SHADER_PVS 087 3 00d10045
R350_SHADER_PVS 088 0 00f02202
R350_SHADER_PVS 088 1 00d10021
R350_SHADER_PVS 088 2 016da021
R350_SHADER_PVS 088 3 016da025
R350_SHADER_PVS 0fe 0 00f00202
R350_SHADER_PVS 0fe 1 00d10001
R350_SHADER_PVS 0fe 2 016da001
R350_SHADER_PVS 0fe 3 016da001
R350_SHADER_PVS 0ff 0 00f02202
R350_SHADER_PVS 0ff 1 00d10021
R350_SHADER_PVS 0ff 2 016da021
R350_SHADER_PVS 0ff 3 016da021
R350_SHADER_PVS 280 0 3b000000
R350_SHADER_PVS 280 1 00000000
R350_SHADER_PVS 280 2 00000000
R350_SHADER_PVS 280 3 bf800000
R350_SHADER_PVS 281 0 00000000
R350_SHADER_PVS 281 1 bb2aaaab
R350_SHADER_PVS 281 2 00000000
R350_SHADER_PVS 281 3 3f800000
R350_SHADER_PVS 282 0 00000000
R350_SHADER_PVS 282 1 00000000
R350_SHADER_PVS 282 2 bf800000
R350_SHADER_PVS 282 3 00000000
R350_SHADER_PVS 283 0 00000000
R350_SHADER_PVS 283 1 00000000
R350_SHADER_PVS 283 2 00000000
R350_SHADER_PVS 283 3 3f800000
R350_SHADER_PVS 284 0 3b800000
R350_SHADER_PVS 284 1 00000000
R350_SHADER_PVS 284 2 00000000
R350_SHADER_PVS 284 3 00000000
R350_SHADER_PVS 285 0 00000000
R350_SHADER_PVS 285 1 3b800000
R350_SHADER_PVS 285 2 00000000
R350_SHADER_PVS 285 3 00000000
R350_SHADER_PVS 286 0 00000000
R350_SHADER_PVS 286 1 00000000
R350_SHADER_PVS 286 2 3f800000
R350_SHADER_PVS 286 3 00000000
R350_SHADER_PVS 287 0 00000000
R350_SHADER_PVS 287 1 00000000
R350_SHADER_PVS 287 2 00000000
R350_SHADER_PVS 287 3 3f800000
R350_SHADER_PVS 406 0 00000000
R350_SHADER_PVS 406 1 00000000
R350_SHADER_PVS 406 2 00000000
R350_SHADER_PVS 406 3 00000000
R350_SHADER_END draw=1
R350_PROBE unsupported_3d_draw count=1; R200 renderer deliberately not used
R350_PROBE write reg=0x4100 value=0x00000000 count=5
R350_PROBE write reg=0x4400 value=0x00000a12 count=2
R350_PROBE write reg=0x4440 value=0x00001fe8 count=2
R350_PROBE write reg=0x4480 value=0x8007f8ff count=2
R350_PROBE write reg=0x44c0 value=0x0000aa0c count=2
R350_PROBE write reg=0x45c0 value=0x00000000 count=2
R350_PROBE write reg=0x4580 value=0x00000000 count=2
R350_PROBE write reg=0x4500 value=0x000000ff count=2
R350_PROBE write reg=0x4104 value=0x00000001 count=4
R350_PROBE write reg=0x4bd4 value=0x00000c00 count=6
R350_PROBE write reg=0x4020 value=0x00000000 count=7
R350_PROBE write reg=0x4010 value=0x66666666 count=7
R350_PROBE write reg=0x4014 value=0x06666666 count=7
R350_PROBE write reg=0x43e8 value=0x00ffffff count=6
R350_PROBE write reg=0x4c00 value=0x003f0000 count=4
R350_PROBE write reg=0x4c04 value=0x003f0000 count=4
R350_PROBE write reg=0x4c08 value=0x003f0000 count=4
R350_PROBE write reg=0x4c0c value=0x003f0000 count=4
R350_PROBE write reg=0x4600 value=0x00000008 count=4
R350_PROBE write reg=0x4604 value=0x00000001 count=4
R350_PROBE write reg=0x4608 value=0x00000002 count=7
R350_PROBE write reg=0x46b4 value=0x00000001 count=4
R350_PROBE write reg=0x4610 value=0x00000000 count=4
R350_PROBE write reg=0x4614 value=0x00000000 count=4
R350_PROBE write reg=0x4618 value=0x00000000 count=4
R350_PROBE write reg=0x461c value=0x00400000 count=4
R350_PROBE write reg=0x4c00 value=0x003f0000 count=5
R350_PROBE write reg=0x4c04 value=0x003f0000 count=5
R350_PROBE write reg=0x4c08 value=0x003f0000 count=5
R350_PROBE write reg=0x4c0c value=0x003f0000 count=5
R350_PROBE write reg=0x4300 value=0x00040084 count=3
R350_PROBE write reg=0x4304 value=0x00000000 count=3
R350_PROBE write reg=0x4330 value=0x00004048 count=3
R350_PROBE write reg=0x4310 value=0x00d10000 count=3
R350_PROBE write reg=0x4314 value=0x00d10044 count=3
R350_PROBE write reg=0x4318 value=0x00d10084 count=3
R350_PROBE write reg=0x431c value=0x00d100c4 count=3
R350_PROBE write reg=0x4320 value=0x00d10004 count=3
R350_PROBE write reg=0x4324 value=0x00d10004 count=3
R350_PROBE write reg=0x4328 value=0x00d10004 count=3
R350_PROBE write reg=0x432c value=0x00d10004 count=3
R350_PROBE write reg=0x2200 value=0x00000280 count=7
R350_PROBE write reg=0x2208 value=0x00000000 count=128
R350_PROBE write reg=0x1720 value=0x00020000 count=7
R350_PROBE write reg=0x15e0 value=0x00000006 count=8
R350_PROBE write reg=0x0714 value=0x000001f0 count=64
R350_PROBE write reg=0x1720 value=0x00020000 count=8
R350_PROBE write reg=0x15d4 value=0x00000002 count=3
R350_PROBE write reg=0x146c value=0x42cc36f3 count=2
R350_PROBE write reg=0x15ac value=0x10054400 count=2
R350_PROBE write reg=0x15b0 value=0x00001000 count=2
R350_PROBE write reg=0x1404 value=0x00640000 count=2
R350_PROBE write reg=0x1408 value=0x00000400 count=2
R350_PROBE write reg=0x1704 value=0x00000000 count=2
R350_PROBE write reg=0x1700 value=0x00000000 count=2
R350_PROBE write reg=0x1434 value=0x00000000 count=2
R350_PROBE write reg=0x1438 value=0x00000000 count=2
R350_PROBE write reg=0x143c value=0x01000100 count=2
R350_PROBE write reg=0x342c value=0x00000005 count=6
R350_PROBE write reg=0x4100 value=0x00000000 count=6
R350_PROBE write reg=0x142c value=0x50000c00 count=5
R350_PROBE write reg=0x4540 value=0x00640000 count=2
R350_SHADER_BEGIN draw=2 subset=requires one texture-free ALU node with one instruction
R350_SHADER_REG 2080 0030045a
R350_SHADER_REG 2084 00000000
R350_SHADER_REG 2088 00000000
R350_SHADER_REG 208c 00000000
R350_SHADER_REG 2090 00000003
R350_SHADER_REG 2094 00000004
R350_SHADER_REG 2098 00000000
R350_SHADER_REG 209c 00000000
R350_SHADER_REG 20a0 00000000
R350_SHADER_REG 20a4 00000000
R350_SHADER_REG 20a8 00000000
R350_SHADER_REG 20ac 00000000
R350_SHADER_REG 20b0 0000043f
R350_SHADER_REG 20b4 0000000c
R350_SHADER_REG 20b8 00000000
R350_SHADER_REG 20bc 00000000
R350_SHADER_REG 20c0 00000000
R350_SHADER_REG 20c4 00000000
R350_SHADER_REG 20c8 00000000
R350_SHADER_REG 20cc 00000000
R350_SHADER_REG 20d0 00000000
R350_SHADER_REG 20d4 00000000
R350_SHADER_REG 20d8 00000000
R350_SHADER_REG 20dc 00000000
R350_SHADER_REG 20e0 00000000
R350_SHADER_REG 20e4 00000000
R350_SHADER_REG 20e8 00000000
R350_SHADER_REG 20ec 00000000
R350_SHADER_REG 20f0 00000000
R350_SHADER_REG 20f4 00000000
R350_SHADER_REG 20f8 00000000
R350_SHADER_REG 20fc 00000000
R350_SHADER_REG 2100 00000000
R350_SHADER_REG 2104 00000000
R350_SHADER_REG 2108 00000000
R350_SHADER_REG 210c 00000000
R350_SHADER_REG 2110 00000000
R350_SHADER_REG 2114 00000000
R350_SHADER_REG 2118 00000000
R350_SHADER_REG 211c 00000000
R350_SHADER_REG 2120 00000000
R350_SHADER_REG 2124 00000000
R350_SHADER_REG 2128 00000000
R350_SHADER_REG 212c 00000000
R350_SHADER_REG 2130 00000000
R350_SHADER_REG 2134 00ffffff
R350_SHADER_REG 2138 00000000
R350_SHADER_REG 213c 00000000
R350_SHADER_REG 2140 00000000
R350_SHADER_REG 2144 00000000
R350_SHADER_REG 2148 00000000
R350_SHADER_REG 214c 00000000
R350_SHADER_REG 2150 00000000
R350_SHADER_REG 2154 00002203
R350_SHADER_REG 2158 00000000
R350_SHADER_REG 215c 00000000
R350_SHADER_REG 2160 00000000
R350_SHADER_REG 2164 00000000
R350_SHADER_REG 2168 00000000
R350_SHADER_REG 216c 00000000
R350_SHADER_REG 2170 00000000
R350_SHADER_REG 2174 00000000
R350_SHADER_REG 2178 00000000
R350_SHADER_REG 217c 00000000
R350_SHADER_REG 2180 00000000
R350_SHADER_REG 2184 00000405
R350_SHADER_REG 2188 00000000
R350_SHADER_REG 218c 00000000
R350_SHADER_REG 2190 00000000
R350_SHADER_REG 2194 00000000
R350_SHADER_REG 2198 00000000
R350_SHADER_REG 219c 00000000
R350_SHADER_REG 21a0 00000000
R350_SHADER_REG 21a4 00000000
R350_SHADER_REG 21a8 00000000
R350_SHADER_REG 21ac 00000000
R350_SHADER_REG 21b0 00000000
R350_SHADER_REG 21b4 00000000
R350_SHADER_REG 21b8 00000000
R350_SHADER_REG 21bc 00000000
R350_SHADER_REG 21c0 00000000
R350_SHADER_REG 21c4 00000000
R350_SHADER_REG 21c8 00000000
R350_SHADER_REG 21cc 00000000
R350_SHADER_REG 21d0 00000000
R350_SHADER_REG 21d4 00000000
R350_SHADER_REG 21d8 00000000
R350_SHADER_REG 21dc aaaaaaaa
R350_SHADER_REG 21e0 f688f688
R350_SHADER_REG 21e4 0000f688
R350_SHADER_REG 21e8 00000000
R350_SHADER_REG 21ec 00000000
R350_SHADER_REG 21f0 00000000
R350_SHADER_REG 21f4 00000000
R350_SHADER_REG 21f8 00000000
R350_SHADER_REG 21fc 00000000
R350_SHADER_REG 2200 00000280
R350_SHADER_REG 2204 00000000
R350_SHADER_REG 2208 3f800000
R350_SHADER_REG 220c 00000000
R350_SHADER_REG 2210 00000000
R350_SHADER_REG 2214 00000000
R350_SHADER_REG 2218 00000000
R350_SHADER_REG 221c 00000000
R350_SHADER_REG 2220 3f800000
R350_SHADER_REG 2224 3f800000
R350_SHADER_REG 2228 3f800000
R350_SHADER_REG 222c 3f800000
R350_SHADER_REG 2230 00000000
R350_SHADER_REG 2234 00000000
R350_SHADER_REG 2238 00000000
R350_SHADER_REG 223c 00000000
R350_SHADER_REG 2240 00000000
R350_SHADER_REG 2244 00000000
R350_SHADER_REG 2248 00000000
R350_SHADER_REG 224c 00000000
R350_SHADER_REG 2250 00000000
R350_SHADER_REG 2254 00000000
R350_SHADER_REG 2258 00000000
R350_SHADER_REG 225c 00000000
R350_SHADER_REG 2260 00000000
R350_SHADER_REG 2264 00000000
R350_SHADER_REG 2268 00000000
R350_SHADER_REG 226c 00000000
R350_SHADER_REG 2270 00000000
R350_SHADER_REG 2274 00000000
R350_SHADER_REG 2278 00000000
R350_SHADER_REG 227c 00000000
R350_SHADER_REG 2280 00000000
R350_SHADER_REG 2284 00000000
R350_SHADER_REG 2288 0000ffff
R350_SHADER_REG 228c 00000000
R350_SHADER_REG 2290 00000000
R350_SHADER_REG 2294 00000000
R350_SHADER_REG 2298 00000000
R350_SHADER_REG 229c 00000000
R350_SHADER_REG 22a0 00000000
R350_SHADER_REG 22a4 00000000
R350_SHADER_REG 22a8 00000000
R350_SHADER_REG 22ac 00000000
R350_SHADER_REG 22b0 00000000
R350_SHADER_REG 22b4 00000000
R350_SHADER_REG 22b8 00000000
R350_SHADER_REG 22bc 00000000
R350_SHADER_REG 22c0 00000000
R350_SHADER_REG 22c4 00000000
R350_SHADER_REG 22c8 00000000
R350_SHADER_REG 22cc 00000000
R350_SHADER_REG 22d0 08820c80
R350_SHADER_REG 22d4 00080080
R350_SHADER_REG 22d8 00000088
R350_SHADER_REG 4000 00000000
R350_SHADER_REG 4004 00000000
R350_SHADER_REG 4008 00000007
R350_SHADER_REG 400c 00000000
R350_SHADER_REG 4010 66666666
R350_SHADER_REG 4014 06666666
R350_SHADER_REG 4018 00000017
R350_SHADER_REG 401c 00000000
R350_SHADER_REG 4020 00000000
R350_SHADER_REG 4024 00000000
R350_SHADER_REG 4028 00000000
R350_SHADER_REG 402c 00000000
R350_SHADER_REG 4030 00000000
R350_SHADER_REG 4034 00000000
R350_SHADER_REG 4038 00000000
R350_SHADER_REG 403c 00000000
R350_SHADER_REG 4040 00000000
R350_SHADER_REG 4044 00000000
R350_SHADER_REG 4048 00000000
R350_SHADER_REG 404c 00000000
R350_SHADER_REG 4050 00000000
R350_SHADER_REG 4054 00000000
R350_SHADER_REG 4058 00000000
R350_SHADER_REG 405c 00000000
R350_SHADER_REG 4060 00000000
R350_SHADER_REG 4064 00000000
R350_SHADER_REG 4068 00000000
R350_SHADER_REG 406c 00000000
R350_SHADER_REG 4070 00000000
R350_SHADER_REG 4074 00000000
R350_SHADER_REG 4078 00000000
R350_SHADER_REG 407c 00000000
R350_SHADER_REG 4080 00000000
R350_SHADER_REG 4084 00000000
R350_SHADER_REG 4088 00000000
R350_SHADER_REG 408c 00000000
R350_SHADER_REG 4090 00000000
R350_SHADER_REG 4094 00000000
R350_SHADER_REG 4098 00000000
R350_SHADER_REG 409c 00000000
R350_SHADER_REG 40a0 00000000
R350_SHADER_REG 40a4 00000000
R350_SHADER_REG 40a8 00000000
R350_SHADER_REG 40ac 00000000
R350_SHADER_REG 40b0 00000000
R350_SHADER_REG 40b4 00000000
R350_SHADER_REG 40b8 00000000
R350_SHADER_REG 40bc 00000000
R350_SHADER_REG 40c0 00000000
R350_SHADER_REG 40c4 00000000
R350_SHADER_REG 40c8 00000000
R350_SHADER_REG 40cc 00000000
R350_SHADER_REG 40d0 00000000
R350_SHADER_REG 40d4 00000000
R350_SHADER_REG 40d8 00000000
R350_SHADER_REG 40dc 00000000
R350_SHADER_REG 40e0 00000000
R350_SHADER_REG 40e4 00000000
R350_SHADER_REG 40e8 00000000
R350_SHADER_REG 40ec 00000000
R350_SHADER_REG 40f0 00000000
R350_SHADER_REG 40f4 00000000
R350_SHADER_REG 40f8 00000000
R350_SHADER_REG 40fc 00000000
R350_SHADER_REG 4100 00000000
R350_SHADER_REG 4104 00000001
R350_SHADER_REG 4108 00000000
R350_SHADER_REG 410c 00000000
R350_SHADER_REG 4110 00000000
R350_SHADER_REG 4114 00000000
R350_SHADER_REG 4118 00000000
R350_SHADER_REG 411c 00000000
R350_SHADER_REG 4120 00000000
R350_SHADER_REG 4124 00000000
R350_SHADER_REG 4128 00000000
R350_SHADER_REG 412c 00000000
R350_SHADER_REG 4130 00000000
R350_SHADER_REG 4134 00000000
R350_SHADER_REG 4138 00000000
R350_SHADER_REG 413c 00000000
R350_SHADER_REG 4140 00000000
R350_SHADER_REG 4144 00000000
R350_SHADER_REG 4148 00000000
R350_SHADER_REG 414c 00000000
R350_SHADER_REG 4150 00000000
R350_SHADER_REG 4154 00000000
R350_SHADER_REG 4158 00000000
R350_SHADER_REG 415c 00000000
R350_SHADER_REG 4160 00000000
R350_SHADER_REG 4164 00000000
R350_SHADER_REG 4168 00000000
R350_SHADER_REG 416c 00000000
R350_SHADER_REG 4170 00000000
R350_SHADER_REG 4174 00000000
R350_SHADER_REG 4178 00000000
R350_SHADER_REG 417c 00000000
R350_SHADER_REG 4180 00000000
R350_SHADER_REG 4184 00000000
R350_SHADER_REG 4188 00000000
R350_SHADER_REG 418c 00000000
R350_SHADER_REG 4190 00000000
R350_SHADER_REG 4194 00000000
R350_SHADER_REG 4198 00000000
R350_SHADER_REG 419c 00000000
R350_SHADER_REG 41a0 00000000
R350_SHADER_REG 41a4 00000000
R350_SHADER_REG 41a8 00000000
R350_SHADER_REG 41ac 00000000
R350_SHADER_REG 41b0 00000000
R350_SHADER_REG 41b4 00000000
R350_SHADER_REG 41b8 00000000
R350_SHADER_REG 41bc 00000000
R350_SHADER_REG 41c0 00000000
R350_SHADER_REG 41c4 00000000
R350_SHADER_REG 41c8 00000000
R350_SHADER_REG 41cc 00000000
R350_SHADER_REG 41d0 00000000
R350_SHADER_REG 41d4 00000000
R350_SHADER_REG 41d8 00000000
R350_SHADER_REG 41dc 00000000
R350_SHADER_REG 41e0 00000000
R350_SHADER_REG 41e4 00000000
R350_SHADER_REG 41e8 00000000
R350_SHADER_REG 41ec 00000000
R350_SHADER_REG 41f0 00000000
R350_SHADER_REG 41f4 00000000
R350_SHADER_REG 41f8 00000000
R350_SHADER_REG 41fc 00000000
R350_SHADER_REG 4200 00000000
R350_SHADER_REG 4204 00000000
R350_SHADER_REG 4208 3f800000
R350_SHADER_REG 420c 3f800000
R350_SHADER_REG 4210 00000000
R350_SHADER_REG 4214 00050005
R350_SHADER_REG 4218 00000000
R350_SHADER_REG 421c 00060006
R350_SHADER_REG 4220 00000000
R350_SHADER_REG 4224 00000000
R350_SHADER_REG 4228 00000000
R350_SHADER_REG 422c 00000000
R350_SHADER_REG 4230 01800006
R350_SHADER_REG 4234 00020006
R350_SHADER_REG 4238 00000000
R350_SHADER_REG 423c 00000000
R350_SHADER_REG 4240 00000000
R350_SHADER_REG 4244 00000000
R350_SHADER_REG 4248 00000000
R350_SHADER_REG 424c 00000000
R350_SHADER_REG 4250 00000000
R350_SHADER_REG 4254 00000000
R350_SHADER_REG 4258 00000000
R350_SHADER_REG 425c 00000000
R350_SHADER_REG 4260 00000000
R350_SHADER_REG 4264 00000000
R350_SHADER_REG 4268 3f800000
R350_SHADER_REG 426c 00000000
R350_SHADER_REG 4270 00000000
R350_SHADER_REG 4274 00000002
R350_SHADER_REG 4278 0003aaaa
R350_SHADER_REG 427c 00000000
R350_SHADER_REG 4280 00000000
R350_SHADER_REG 4284 00000000
R350_SHADER_REG 4288 00000000
R350_SHADER_REG 428c 00000001
R350_SHADER_REG 4290 00000000
R350_SHADER_REG 4294 00000000
R350_SHADER_REG 4298 00000000
R350_SHADER_REG 429c 00000400
R350_SHADER_REG 42a0 00000000
R350_SHADER_REG 42a4 00000000
R350_SHADER_REG 42a8 00000000
R350_SHADER_REG 42ac 00000000
R350_SHADER_REG 42b0 00000000
R350_SHADER_REG 42b4 00000000
R350_SHADER_REG 42b8 00000000
R350_SHADER_REG 42bc 00000000
R350_SHADER_REG 42c0 4b7fffff
R350_SHADER_REG 42c4 00000000
R350_SHADER_REG 42c8 00000000
R350_SHADER_REG 42cc 00000000
R350_SHADER_REG 42d0 00000000
R350_SHADER_REG 42d4 00000000
R350_SHADER_REG 42d8 00000000
R350_SHADER_REG 42dc 00000000
R350_SHADER_REG 42e0 00000000
R350_SHADER_REG 42e4 00000000
R350_SHADER_REG 42e8 00000000
R350_SHADER_REG 42ec 00000000
R350_SHADER_REG 42f0 00000000
R350_SHADER_REG 42f4 00000000
R350_SHADER_REG 42f8 00000000
R350_SHADER_REG 42fc 00000000
R350_SHADER_REG 4300 00040084
R350_SHADER_REG 4304 00000000
R350_SHADER_REG 4308 00000000
R350_SHADER_REG 430c 00000000
R350_SHADER_REG 4310 00d10000
R350_SHADER_REG 4314 00d10044
R350_SHADER_REG 4318 00d10084
R350_SHADER_REG 431c 00d100c4
R350_SHADER_REG 4320 00d10004
R350_SHADER_REG 4324 00d10004
R350_SHADER_REG 4328 00d10004
R350_SHADER_REG 432c 00d10004
R350_SHADER_REG 4330 00004048
R350_SHADER_REG 4334 00000000
R350_SHADER_REG 4338 00000000
R350_SHADER_REG 433c 00000000
R350_SHADER_REG 4340 00000000
R350_SHADER_REG 4344 00000000
R350_SHADER_REG 4348 00000000
R350_SHADER_REG 434c 00000000
R350_SHADER_REG 4350 00000000
R350_SHADER_REG 4354 00000000
R350_SHADER_REG 4358 00000000
R350_SHADER_REG 435c 00000000
R350_SHADER_REG 4360 00000000
R350_SHADER_REG 4364 00000000
R350_SHADER_REG 4368 00000000
R350_SHADER_REG 436c 00000000
R350_SHADER_REG 4370 00000000
R350_SHADER_REG 4374 00000000
R350_SHADER_REG 4378 00000000
R350_SHADER_REG 437c 00000000
R350_SHADER_REG 4380 00000000
R350_SHADER_REG 4384 00000000
R350_SHADER_REG 4388 00000000
R350_SHADER_REG 438c 00000000
R350_SHADER_REG 4390 00000000
R350_SHADER_REG 4394 00000000
R350_SHADER_REG 4398 00000000
R350_SHADER_REG 439c 00000000
R350_SHADER_REG 43a0 00000000
R350_SHADER_REG 43a4 00000000
R350_SHADER_REG 43a8 2da49525
R350_SHADER_REG 43ac 00000000
R350_SHADER_REG 43b0 00b405a0
R350_SHADER_REG 43b4 011409a0
R350_SHADER_REG 43b8 00000000
R350_SHADER_REG 43bc 03ffffff
R350_SHADER_REG 43c0 00000000
R350_SHADER_REG 43c4 03ffffff
R350_SHADER_REG 43c8 00000000
R350_SHADER_REG 43cc 03ffffff
R350_SHADER_REG 43d0 0000aaaa
R350_SHADER_REG 43d4 00000000
R350_SHADER_REG 43d8 00000000
R350_SHADER_REG 43dc 00000000
R350_SHADER_REG 43e0 00b405a0
R350_SHADER_REG 43e4 0113e99f
R350_SHADER_REG 43e8 00ffffff
R350_SHADER_REG 43ec 00000000
R350_SHADER_REG 43f0 00000000
R350_SHADER_REG 43f4 00000000
R350_SHADER_REG 43f8 00000000
R350_SHADER_REG 43fc 00000000
R350_SHADER_REG 4400 00000a12
R350_SHADER_REG 4404 00000000
R350_SHADER_REG 4408 00000000
R350_SHADER_REG 440c 00000000
R350_SHADER_REG 4410 00000000
R350_SHADER_REG 4414 00000000
R350_SHADER_REG 4418 00000000
R350_SHADER_REG 441c 00000000
R350_SHADER_REG 4420 00000000
R350_SHADER_REG 4424 00000000
R350_SHADER_REG 4428 00000000
R350_SHADER_REG 442c 00000000
R350_SHADER_REG 4430 00000000
R350_SHADER_REG 4434 00000000
R350_SHADER_REG 4438 00000000
R350_SHADER_REG 443c 00000000
R350_SHADER_REG 4440 00001fe8
R350_SHADER_REG 4444 00000000
R350_SHADER_REG 4448 00000000
R350_SHADER_REG 444c 00000000
R350_SHADER_REG 4450 00000000
R350_SHADER_REG 4454 00000000
R350_SHADER_REG 4458 00000000
R350_SHADER_REG 445c 00000000
R350_SHADER_REG 4460 00000000
R350_SHADER_REG 4464 00000000
R350_SHADER_REG 4468 00000000
R350_SHADER_REG 446c 00000000
R350_SHADER_REG 4470 00000000
R350_SHADER_REG 4474 00000000
R350_SHADER_REG 4478 00000000
R350_SHADER_REG 447c 00000000
R350_SHADER_REG 4480 8007f8ff
R350_SHADER_REG 4484 00000000
R350_SHADER_REG 4488 00000000
R350_SHADER_REG 448c 00000000
R350_SHADER_REG 4490 00000000
R350_SHADER_REG 4494 00000000
R350_SHADER_REG 4498 00000000
R350_SHADER_REG 449c 00000000
R350_SHADER_REG 44a0 00000000
R350_SHADER_REG 44a4 00000000
R350_SHADER_REG 44a8 00000000
R350_SHADER_REG 44ac 00000000
R350_SHADER_REG 44b0 00000000
R350_SHADER_REG 44b4 00000000
R350_SHADER_REG 44b8 00000000
R350_SHADER_REG 44bc 00000000
R350_SHADER_REG 44c0 0000aa0c
R350_SHADER_REG 44c4 00000000
R350_SHADER_REG 44c8 00000000
R350_SHADER_REG 44cc 00000000
R350_SHADER_REG 44d0 00000000
R350_SHADER_REG 44d4 00000000
R350_SHADER_REG 44d8 00000000
R350_SHADER_REG 44dc 00000000
R350_SHADER_REG 44e0 00000000
R350_SHADER_REG 44e4 00000000
R350_SHADER_REG 44e8 00000000
R350_SHADER_REG 44ec 00000000
R350_SHADER_REG 44f0 00000000
R350_SHADER_REG 44f4 00000000
R350_SHADER_REG 44f8 00000000
R350_SHADER_REG 44fc 00000000
R350_SHADER_REG 4500 000000ff
R350_SHADER_REG 4504 00000000
R350_SHADER_REG 4508 00000000
R350_SHADER_REG 450c 00000000
R350_SHADER_REG 4510 00000000
R350_SHADER_REG 4514 00000000
R350_SHADER_REG 4518 00000000
R350_SHADER_REG 451c 00000000
R350_SHADER_REG 4520 00000000
R350_SHADER_REG 4524 00000000
R350_SHADER_REG 4528 00000000
R350_SHADER_REG 452c 00000000
R350_SHADER_REG 4530 00000000
R350_SHADER_REG 4534 00000000
R350_SHADER_REG 4538 00000000
R350_SHADER_REG 453c 00000000
R350_SHADER_REG 4540 00640000
R350_SHADER_REG 4544 00000000
R350_SHADER_REG 4548 00000000
R350_SHADER_REG 454c 00000000
R350_SHADER_REG 4550 00000000
R350_SHADER_REG 4554 00000000
R350_SHADER_REG 4558 00000000
R350_SHADER_REG 455c 00000000
R350_SHADER_REG 4560 00000000
R350_SHADER_REG 4564 00000000
R350_SHADER_REG 4568 00000000
R350_SHADER_REG 456c 00000000
R350_SHADER_REG 4570 00000000
R350_SHADER_REG 4574 00000000
R350_SHADER_REG 4578 00000000
R350_SHADER_REG 457c 00000000
R350_SHADER_REG 4580 00000000
R350_SHADER_REG 4584 00000000
R350_SHADER_REG 4588 00000000
R350_SHADER_REG 458c 00000000
R350_SHADER_REG 4590 00000000
R350_SHADER_REG 4594 00000000
R350_SHADER_REG 4598 00000000
R350_SHADER_REG 459c 00000000
R350_SHADER_REG 45a0 00000000
R350_SHADER_REG 45a4 00000000
R350_SHADER_REG 45a8 00000000
R350_SHADER_REG 45ac 00000000
R350_SHADER_REG 45b0 00000000
R350_SHADER_REG 45b4 00000000
R350_SHADER_REG 45b8 00000000
R350_SHADER_REG 45bc 00000000
R350_SHADER_REG 45c0 00000000
R350_SHADER_REG 45c4 00000000
R350_SHADER_REG 45c8 00000000
R350_SHADER_REG 45cc 00000000
R350_SHADER_REG 45d0 00000000
R350_SHADER_REG 45d4 00000000
R350_SHADER_REG 45d8 00000000
R350_SHADER_REG 45dc 00000000
R350_SHADER_REG 45e0 00000000
R350_SHADER_REG 45e4 00000000
R350_SHADER_REG 45e8 00000000
R350_SHADER_REG 45ec 00000000
R350_SHADER_REG 45f0 00000000
R350_SHADER_REG 45f4 00000000
R350_SHADER_REG 45f8 00000000
R350_SHADER_REG 45fc 00000000
R350_SHADER_REG 4600 00000008
R350_SHADER_REG 4604 00000001
R350_SHADER_REG 4608 00000002
R350_SHADER_REG 460c 00000000
R350_SHADER_REG 4610 00000000
R350_SHADER_REG 4614 00000000
R350_SHADER_REG 4618 00000000
R350_SHADER_REG 461c 00400000
R350_SHADER_REG 4620 00018041
R350_SHADER_REG 4624 00000000
R350_SHADER_REG 4628 00000000
R350_SHADER_REG 462c 00000000
R350_SHADER_REG 4630 00000000
R350_SHADER_REG 4634 00000000
R350_SHADER_REG 4638 00000000
R350_SHADER_REG 463c 00000000
R350_SHADER_REG 4640 00000000
R350_SHADER_REG 4644 00000000
R350_SHADER_REG 4648 00000000
R350_SHADER_REG 464c 00000000
R350_SHADER_REG 4650 00000000
R350_SHADER_REG 4654 00000000
R350_SHADER_REG 4658 00000000
R350_SHADER_REG 465c 00000000
R350_SHADER_REG 4660 00000000
R350_SHADER_REG 4664 00000000
R350_SHADER_REG 4668 00000000
R350_SHADER_REG 466c 00000000
R350_SHADER_REG 4670 00000000
R350_SHADER_REG 4674 00000000
R350_SHADER_REG 4678 00000000
R350_SHADER_REG 467c 00000000
R350_SHADER_REG 4680 00000000
R350_SHADER_REG 4684 00000000
R350_SHADER_REG 4688 00000000
R350_SHADER_REG 468c 00000000
R350_SHADER_REG 4690 00000000
R350_SHADER_REG 4694 00000000
R350_SHADER_REG 4698 00000000
R350_SHADER_REG 469c 00000000
R350_SHADER_REG 46a0 00000000
R350_SHADER_REG 46a4 00001b00
R350_SHADER_REG 46a8 0000000f
R350_SHADER_REG 46ac 0000000f
R350_SHADER_REG 46b0 0000000f
R350_SHADER_REG 46b4 00000001
R350_SHADER_REG 46b8 00000000
R350_SHADER_REG 46bc 00000000
R350_SHADER_REG 46c0 1c020800
R350_SHADER_REG 46c4 1c020800
R350_SHADER_REG 46c8 1c020040
R350_SHADER_REG 46cc 00000000
R350_SHADER_REG 46d0 00000000
R350_SHADER_REG 46d4 00000000
R350_SHADER_REG 46d8 00000000
R350_SHADER_REG 46dc 00000000
R350_SHADER_REG 46e0 00000000
R350_SHADER_REG 46e4 00000000
R350_SHADER_REG 46e8 00000000
R350_SHADER_REG 46ec 00000000
R350_SHADER_REG 46f0 00000000
R350_SHADER_REG 46f4 00000000
R350_SHADER_REG 46f8 00000000
R350_SHADER_REG 46fc 00000000
R350_SHADER_REG 4700 00000000
R350_SHADER_REG 4704 00000000
R350_SHADER_REG 4708 00000000
R350_SHADER_REG 470c 00000000
R350_SHADER_REG 4710 00000000
R350_SHADER_REG 4714 00000000
R350_SHADER_REG 4718 00000000
R350_SHADER_REG 471c 00000000
R350_SHADER_REG 4720 00000000
R350_SHADER_REG 4724 00000000
R350_SHADER_REG 4728 00000000
R350_SHADER_REG 472c 00000000
R350_SHADER_REG 4730 00000000
R350_SHADER_REG 4734 00000000
R350_SHADER_REG 4738 00000000
R350_SHADER_REG 473c 00000000
R350_SHADER_REG 4740 00000000
R350_SHADER_REG 4744 00000000
R350_SHADER_REG 4748 00000000
R350_SHADER_REG 474c 00000000
R350_SHADER_REG 4750 00000000
R350_SHADER_REG 4754 00000000
R350_SHADER_REG 4758 00000000
R350_SHADER_REG 475c 00000000
R350_SHADER_REG 4760 00000000
R350_SHADER_REG 4764 00000000
R350_SHADER_REG 4768 00000000
R350_SHADER_REG 476c 00000000
R350_SHADER_REG 4770 00000000
R350_SHADER_REG 4774 00000000
R350_SHADER_REG 4778 00000000
R350_SHADER_REG 477c 00000000
R350_SHADER_REG 4780 00000000
R350_SHADER_REG 4784 00000000
R350_SHADER_REG 4788 00000000
R350_SHADER_REG 478c 00000000
R350_SHADER_REG 4790 00000000
R350_SHADER_REG 4794 00000000
R350_SHADER_REG 4798 00000000
R350_SHADER_REG 479c 00000000
R350_SHADER_REG 47a0 00000000
R350_SHADER_REG 47a4 00000000
R350_SHADER_REG 47a8 00000000
R350_SHADER_REG 47ac 00000000
R350_SHADER_REG 47b0 00000000
R350_SHADER_REG 47b4 00000000
R350_SHADER_REG 47b8 00000000
R350_SHADER_REG 47bc 00000000
R350_SHADER_REG 47c0 01020800
R350_SHADER_REG 47c4 01020800
R350_SHADER_REG 47c8 01020800
R350_SHADER_REG 47cc 00000000
R350_SHADER_REG 47d0 00000000
R350_SHADER_REG 47d4 00000000
R350_SHADER_REG 47d8 00000000
R350_SHADER_REG 47dc 00000000
R350_SHADER_REG 47e0 00000000
R350_SHADER_REG 47e4 00000000
R350_SHADER_REG 47e8 00000000
R350_SHADER_REG 47ec 00000000
R350_SHADER_REG 47f0 00000000
R350_SHADER_REG 47f4 00000000
R350_SHADER_REG 47f8 00000000
R350_SHADER_REG 47fc 00000000
R350_SHADER_REG 4800 00000000
R350_SHADER_REG 4804 00000000
R350_SHADER_REG 4808 00000000
R350_SHADER_REG 480c 00000000
R350_SHADER_REG 4810 00000000
R350_SHADER_REG 4814 00000000
R350_SHADER_REG 4818 00000000
R350_SHADER_REG 481c 00000000
R350_SHADER_REG 4820 00000000
R350_SHADER_REG 4824 00000000
R350_SHADER_REG 4828 00000000
R350_SHADER_REG 482c 00000000
R350_SHADER_REG 4830 00000000
R350_SHADER_REG 4834 00000000
R350_SHADER_REG 4838 00000000
R350_SHADER_REG 483c 00000000
R350_SHADER_REG 4840 00000000
R350_SHADER_REG 4844 00000000
R350_SHADER_REG 4848 00000000
R350_SHADER_REG 484c 00000000
R350_SHADER_REG 4850 00000000
R350_SHADER_REG 4854 00000000
R350_SHADER_REG 4858 00000000
R350_SHADER_REG 485c 00000000
R350_SHADER_REG 4860 00000000
R350_SHADER_REG 4864 00000000
R350_SHADER_REG 4868 00000000
R350_SHADER_REG 486c 00000000
R350_SHADER_REG 4870 00000000
R350_SHADER_REG 4874 00000000
R350_SHADER_REG 4878 00000000
R350_SHADER_REG 487c 00000000
R350_SHADER_REG 4880 00000000
R350_SHADER_REG 4884 00000000
R350_SHADER_REG 4888 00000000
R350_SHADER_REG 488c 00000000
R350_SHADER_REG 4890 00000000
R350_SHADER_REG 4894 00000000
R350_SHADER_REG 4898 00000000
R350_SHADER_REG 489c 00000000
R350_SHADER_REG 48a0 00000000
R350_SHADER_REG 48a4 00000000
R350_SHADER_REG 48a8 00000000
R350_SHADER_REG 48ac 00000000
R350_SHADER_REG 48b0 00000000
R350_SHADER_REG 48b4 00000000
R350_SHADER_REG 48b8 00000000
R350_SHADER_REG 48bc 00000000
R350_SHADER_REG 48c0 00050a80
R350_SHADER_REG 48c4 00050a80
R350_SHADER_REG 48c8 40050200
R350_SHADER_REG 48cc 00000000
R350_SHADER_REG 48d0 00000000
R350_SHADER_REG 48d4 00000000
R350_SHADER_REG 48d8 00000000
R350_SHADER_REG 48dc 00000000
R350_SHADER_REG 48e0 00000000
R350_SHADER_REG 48e4 00000000
R350_SHADER_REG 48e8 00000000
R350_SHADER_REG 48ec 00000000
R350_SHADER_REG 48f0 00000000
R350_SHADER_REG 48f4 00000000
R350_SHADER_REG 48f8 00000000
R350_SHADER_REG 48fc 00000000
R350_SHADER_REG 4900 00000000
R350_SHADER_REG 4904 00000000
R350_SHADER_REG 4908 00000000
R350_SHADER_REG 490c 00000000
R350_SHADER_REG 4910 00000000
R350_SHADER_REG 4914 00000000
R350_SHADER_REG 4918 00000000
R350_SHADER_REG 491c 00000000
R350_SHADER_REG 4920 00000000
R350_SHADER_REG 4924 00000000
R350_SHADER_REG 4928 00000000
R350_SHADER_REG 492c 00000000
R350_SHADER_REG 4930 00000000
R350_SHADER_REG 4934 00000000
R350_SHADER_REG 4938 00000000
R350_SHADER_REG 493c 00000000
R350_SHADER_REG 4940 00000000
R350_SHADER_REG 4944 00000000
R350_SHADER_REG 4948 00000000
R350_SHADER_REG 494c 00000000
R350_SHADER_REG 4950 00000000
R350_SHADER_REG 4954 00000000
R350_SHADER_REG 4958 00000000
R350_SHADER_REG 495c 00000000
R350_SHADER_REG 4960 00000000
R350_SHADER_REG 4964 00000000
R350_SHADER_REG 4968 00000000
R350_SHADER_REG 496c 00000000
R350_SHADER_REG 4970 00000000
R350_SHADER_REG 4974 00000000
R350_SHADER_REG 4978 00000000
R350_SHADER_REG 497c 00000000
R350_SHADER_REG 4980 00000000
R350_SHADER_REG 4984 00000000
R350_SHADER_REG 4988 00000000
R350_SHADER_REG 498c 00000000
R350_SHADER_REG 4990 00000000
R350_SHADER_REG 4994 00000000
R350_SHADER_REG 4998 00000000
R350_SHADER_REG 499c 00000000
R350_SHADER_REG 49a0 00000000
R350_SHADER_REG 49a4 00000000
R350_SHADER_REG 49a8 00000000
R350_SHADER_REG 49ac 00000000
R350_SHADER_REG 49b0 00000000
R350_SHADER_REG 49b4 00000000
R350_SHADER_REG 49b8 00000000
R350_SHADER_REG 49bc 00000000
R350_SHADER_REG 49c0 00040889
R350_SHADER_REG 49c4 00040889
R350_SHADER_REG 49c8 40040509
R350_SHADER_REG 49cc 00000000
R350_SHADER_REG 49d0 00000000
R350_SHADER_REG 49d4 00000000
R350_SHADER_REG 49d8 00000000
R350_SHADER_REG 49dc 00000000
R350_SHADER_REG 49e0 00000000
R350_SHADER_REG 49e4 00000000
R350_SHADER_REG 49e8 00000000
R350_SHADER_REG 49ec 00000000
R350_SHADER_REG 49f0 00000000
R350_SHADER_REG 49f4 00000000
R350_SHADER_REG 49f8 00000000
R350_SHADER_REG 49fc 00000000
R350_SHADER_REG 4a00 00000000
R350_SHADER_REG 4a04 00000000
R350_SHADER_REG 4a08 00000000
R350_SHADER_REG 4a0c 00000000
R350_SHADER_REG 4a10 00000000
R350_SHADER_REG 4a14 00000000
R350_SHADER_REG 4a18 00000000
R350_SHADER_REG 4a1c 00000000
R350_SHADER_REG 4a20 00000000
R350_SHADER_REG 4a24 00000000
R350_SHADER_REG 4a28 00000000
R350_SHADER_REG 4a2c 00000000
R350_SHADER_REG 4a30 00000000
R350_SHADER_REG 4a34 00000000
R350_SHADER_REG 4a38 00000000
R350_SHADER_REG 4a3c 00000000
R350_SHADER_REG 4a40 00000000
R350_SHADER_REG 4a44 00000000
R350_SHADER_REG 4a48 00000000
R350_SHADER_REG 4a4c 00000000
R350_SHADER_REG 4a50 00000000
R350_SHADER_REG 4a54 00000000
R350_SHADER_REG 4a58 00000000
R350_SHADER_REG 4a5c 00000000
R350_SHADER_REG 4a60 00000000
R350_SHADER_REG 4a64 00000000
R350_SHADER_REG 4a68 00000000
R350_SHADER_REG 4a6c 00000000
R350_SHADER_REG 4a70 00000000
R350_SHADER_REG 4a74 00000000
R350_SHADER_REG 4a78 00000000
R350_SHADER_REG 4a7c 00000000
R350_SHADER_REG 4a80 00000000
R350_SHADER_REG 4a84 00000000
R350_SHADER_REG 4a88 00000000
R350_SHADER_REG 4a8c 00000000
R350_SHADER_REG 4a90 00000000
R350_SHADER_REG 4a94 00000000
R350_SHADER_REG 4a98 00000000
R350_SHADER_REG 4a9c 00000000
R350_SHADER_REG 4aa0 00000000
R350_SHADER_REG 4aa4 00000000
R350_SHADER_REG 4aa8 00000000
R350_SHADER_REG 4aac 00000000
R350_SHADER_REG 4ab0 00000000
R350_SHADER_REG 4ab4 00000000
R350_SHADER_REG 4ab8 00000000
R350_SHADER_REG 4abc 00000000
R350_SHADER_REG 4ac0 00000000
R350_SHADER_REG 4ac4 00000000
R350_SHADER_REG 4ac8 00000000
R350_SHADER_REG 4acc 00000000
R350_SHADER_REG 4ad0 00000000
R350_SHADER_REG 4ad4 00000000
R350_SHADER_REG 4ad8 00000000
R350_SHADER_REG 4adc 00000000
R350_SHADER_REG 4ae0 00000000
R350_SHADER_REG 4ae4 00000000
R350_SHADER_REG 4ae8 00000000
R350_SHADER_REG 4aec 00000000
R350_SHADER_REG 4af0 00000000
R350_SHADER_REG 4af4 00000000
R350_SHADER_REG 4af8 00000000
R350_SHADER_REG 4afc 00000000
R350_SHADER_REG 4b00 00000000
R350_SHADER_REG 4b04 00000000
R350_SHADER_REG 4b08 00000000
R350_SHADER_REG 4b0c 00000000
R350_SHADER_REG 4b10 00000000
R350_SHADER_REG 4b14 00000000
R350_SHADER_REG 4b18 00000000
R350_SHADER_REG 4b1c 00000000
R350_SHADER_REG 4b20 00000000
R350_SHADER_REG 4b24 00000000
R350_SHADER_REG 4b28 00000000
R350_SHADER_REG 4b2c 00000000
R350_SHADER_REG 4b30 00000000
R350_SHADER_REG 4b34 00000000
R350_SHADER_REG 4b38 00000000
R350_SHADER_REG 4b3c 00000000
R350_SHADER_REG 4b40 00000000
R350_SHADER_REG 4b44 00000000
R350_SHADER_REG 4b48 00000000
R350_SHADER_REG 4b4c 00000000
R350_SHADER_REG 4b50 00000000
R350_SHADER_REG 4b54 00000000
R350_SHADER_REG 4b58 00000000
R350_SHADER_REG 4b5c 00000000
R350_SHADER_REG 4b60 00000000
R350_SHADER_REG 4b64 00000000
R350_SHADER_REG 4b68 00000000
R350_SHADER_REG 4b6c 00000000
R350_SHADER_REG 4b70 00000000
R350_SHADER_REG 4b74 00000000
R350_SHADER_REG 4b78 00000000
R350_SHADER_REG 4b7c 00000000
R350_SHADER_REG 4b80 00000000
R350_SHADER_REG 4b84 00000000
R350_SHADER_REG 4b88 00000000
R350_SHADER_REG 4b8c 00000000
R350_SHADER_REG 4b90 00000000
R350_SHADER_REG 4b94 00000000
R350_SHADER_REG 4b98 00000000
R350_SHADER_REG 4b9c 00000000
R350_SHADER_REG 4ba0 00000000
R350_SHADER_REG 4ba4 00000000
R350_SHADER_REG 4ba8 00000000
R350_SHADER_REG 4bac 00000000
R350_SHADER_REG 4bb0 00000000
R350_SHADER_REG 4bb4 00000000
R350_SHADER_REG 4bb8 00000000
R350_SHADER_REG 4bbc 00000000
R350_SHADER_REG 4bc0 00000000
R350_SHADER_REG 4bc4 00000000
R350_SHADER_REG 4bc8 00000000
R350_SHADER_REG 4bcc 00000000
R350_SHADER_REG 4bd0 00000000
R350_SHADER_REG 4bd4 00000c00
R350_SHADER_REG 4bd8 00000000
R350_SHADER_REG 4bdc 00000000
R350_SHADER_REG 4be0 00000000
R350_SHADER_REG 4be4 00000000
R350_SHADER_REG 4be8 00000000
R350_SHADER_REG 4bec 00000000
R350_SHADER_REG 4bf0 00000000
R350_SHADER_REG 4bf4 00000000
R350_SHADER_REG 4bf8 00000000
R350_SHADER_REG 4bfc 00000000
R350_SHADER_REG 4c00 003f0000
R350_SHADER_REG 4c04 003f0000
R350_SHADER_REG 4c08 003f0000
R350_SHADER_REG 4c0c 003f0000
R350_SHADER_REG 4c10 00000000
R350_SHADER_REG 4c14 00000000
R350_SHADER_REG 4c18 00000000
R350_SHADER_REG 4c1c 00000000
R350_SHADER_REG 4c20 00000000
R350_SHADER_REG 4c24 00000000
R350_SHADER_REG 4c28 00000000
R350_SHADER_REG 4c2c 00000000
R350_SHADER_REG 4c30 00000000
R350_SHADER_REG 4c34 00000000
R350_SHADER_REG 4c38 00000000
R350_SHADER_REG 4c3c 00000000
R350_SHADER_REG 4c40 00000000
R350_SHADER_REG 4c44 00000000
R350_SHADER_REG 4c48 00000000
R350_SHADER_REG 4c4c 00000000
R350_SHADER_REG 4c50 00000000
R350_SHADER_REG 4c54 00000000
R350_SHADER_REG 4c58 00000000
R350_SHADER_REG 4c5c 00000000
R350_SHADER_REG 4c60 00000000
R350_SHADER_REG 4c64 00000000
R350_SHADER_REG 4c68 00000000
R350_SHADER_REG 4c6c 00000000
R350_SHADER_REG 4c70 00000000
R350_SHADER_REG 4c74 00000000
R350_SHADER_REG 4c78 00000000
R350_SHADER_REG 4c7c 00000000
R350_SHADER_REG 4c80 00000000
R350_SHADER_REG 4c84 00000000
R350_SHADER_REG 4c88 00000000
R350_SHADER_REG 4c8c 00000000
R350_SHADER_REG 4c90 00000000
R350_SHADER_REG 4c94 00000000
R350_SHADER_REG 4c98 00000000
R350_SHADER_REG 4c9c 00000000
R350_SHADER_REG 4ca0 00000000
R350_SHADER_REG 4ca4 00000000
R350_SHADER_REG 4ca8 00000000
R350_SHADER_REG 4cac 00000000
R350_SHADER_REG 4cb0 00000000
R350_SHADER_REG 4cb4 00000000
R350_SHADER_REG 4cb8 00000000
R350_SHADER_REG 4cbc 00000000
R350_SHADER_REG 4cc0 00000000
R350_SHADER_REG 4cc4 00000000
R350_SHADER_REG 4cc8 00000000
R350_SHADER_REG 4ccc 00000000
R350_SHADER_REG 4cd0 00000000
R350_SHADER_REG 4cd4 00000000
R350_SHADER_REG 4cd8 00000000
R350_SHADER_REG 4cdc 00000000
R350_SHADER_REG 4ce0 00000000
R350_SHADER_REG 4ce4 00000000
R350_SHADER_REG 4ce8 00000000
R350_SHADER_REG 4cec 00000000
R350_SHADER_REG 4cf0 00000000
R350_SHADER_REG 4cf4 00000000
R350_SHADER_REG 4cf8 00000000
R350_SHADER_REG 4cfc 00000000
R350_SHADER_REG 4d00 00000000
R350_SHADER_REG 4d04 00000000
R350_SHADER_REG 4d08 00000000
R350_SHADER_REG 4d0c 00000000
R350_SHADER_REG 4d10 00000000
R350_SHADER_REG 4d14 00000000
R350_SHADER_REG 4d18 00000000
R350_SHADER_REG 4d1c 00000000
R350_SHADER_REG 4d20 00000000
R350_SHADER_REG 4d24 00000000
R350_SHADER_REG 4d28 00000000
R350_SHADER_REG 4d2c 00000000
R350_SHADER_REG 4d30 00000000
R350_SHADER_REG 4d34 00000000
R350_SHADER_REG 4d38 00000000
R350_SHADER_REG 4d3c 00000000
R350_SHADER_REG 4d40 00000000
R350_SHADER_REG 4d44 00000000
R350_SHADER_REG 4d48 00000000
R350_SHADER_REG 4d4c 00000000
R350_SHADER_REG 4d50 00000000
R350_SHADER_REG 4d54 00000000
R350_SHADER_REG 4d58 00000000
R350_SHADER_REG 4d5c 00000000
R350_SHADER_REG 4d60 00000000
R350_SHADER_REG 4d64 00000000
R350_SHADER_REG 4d68 00000000
R350_SHADER_REG 4d6c 00000000
R350_SHADER_REG 4d70 00000000
R350_SHADER_REG 4d74 00000000
R350_SHADER_REG 4d78 00000000
R350_SHADER_REG 4d7c 00000000
R350_SHADER_REG 4d80 00000000
R350_SHADER_REG 4d84 00000000
R350_SHADER_REG 4d88 00000000
R350_SHADER_REG 4d8c 00000000
R350_SHADER_REG 4d90 00000000
R350_SHADER_REG 4d94 00000000
R350_SHADER_REG 4d98 00000000
R350_SHADER_REG 4d9c 00000000
R350_SHADER_REG 4da0 00000000
R350_SHADER_REG 4da4 00000000
R350_SHADER_REG 4da8 00000000
R350_SHADER_REG 4dac 00000000
R350_SHADER_REG 4db0 00000000
R350_SHADER_REG 4db4 00000000
R350_SHADER_REG 4db8 00000000
R350_SHADER_REG 4dbc 00000000
R350_SHADER_REG 4dc0 00000000
R350_SHADER_REG 4dc4 00000000
R350_SHADER_REG 4dc8 00000000
R350_SHADER_REG 4dcc 00000000
R350_SHADER_REG 4dd0 00000000
R350_SHADER_REG 4dd4 00000000
R350_SHADER_REG 4dd8 00000000
R350_SHADER_REG 4ddc 00000000
R350_SHADER_REG 4de0 00000000
R350_SHADER_REG 4de4 00000000
R350_SHADER_REG 4de8 00000000
R350_SHADER_REG 4dec 00000000
R350_SHADER_REG 4df0 00000000
R350_SHADER_REG 4df4 00000000
R350_SHADER_REG 4df8 00000000
R350_SHADER_REG 4dfc 00000000
R350_SHADER_REG 4e00 00000000
R350_SHADER_REG 4e04 20220000
R350_SHADER_REG 4e08 00000000
R350_SHADER_REG 4e0c 0000000f
R350_SHADER_REG 4e10 00000000
R350_SHADER_REG 4e14 00000000
R350_SHADER_REG 4e18 00000000
R350_SHADER_REG 4e1c 00000000
R350_SHADER_REG 4e20 00000000
R350_SHADER_REG 4e24 00000000
R350_SHADER_REG 4e28 00300000
R350_SHADER_REG 4e2c 00000000
R350_SHADER_REG 4e30 00000000
R350_SHADER_REG 4e34 00000000
R350_SHADER_REG 4e38 2ed14400
R350_SHADER_REG 4e3c 00000000
R350_SHADER_REG 4e40 00000000
R350_SHADER_REG 4e44 00000000
R350_SHADER_REG 4e48 00000000
R350_SHADER_REG 4e4c 0000000a
R350_SHADER_REG 4e50 00000005
R350_SHADER_REG 4e54 00000001
R350_SHADER_REG 4e58 00000000
R350_SHADER_REG 4e5c 00000000
R350_SHADER_REG 4e60 00000000
R350_SHADER_REG 4e64 00000400
R350_SHADER_REG 4e68 00000000
R350_SHADER_REG 4e6c 00000000
R350_SHADER_REG 4e70 00000000
R350_SHADER_REG 4e74 00000000
R350_SHADER_REG 4e78 00000000
R350_SHADER_REG 4e7c 00000000
R350_SHADER_REG 4e80 00000000
R350_SHADER_REG 4e84 00000000
R350_SHADER_REG 4e88 00000000
R350_SHADER_REG 4e8c 00000000
R350_SHADER_REG 4e90 00000000
R350_SHADER_REG 4e94 00000000
R350_SHADER_REG 4e98 00000000
R350_SHADER_REG 4e9c 00000000
R350_SHADER_REG 4ea0 00000000
R350_SHADER_REG 4ea4 00000000
R350_SHADER_REG 4ea8 00000000
R350_SHADER_REG 4eac 00000000
R350_SHADER_REG 4eb0 00000000
R350_SHADER_REG 4eb4 00000000
R350_SHADER_REG 4eb8 00000000
R350_SHADER_REG 4ebc 00000000
R350_SHADER_REG 4ec0 00000000
R350_SHADER_REG 4ec4 00000000
R350_SHADER_REG 4ec8 00000000
R350_SHADER_REG 4ecc 00000000
R350_SHADER_REG 4ed0 00000000
R350_SHADER_REG 4ed4 00000000
R350_SHADER_REG 4ed8 00000000
R350_SHADER_REG 4edc 00000000
R350_SHADER_REG 4ee0 00000000
R350_SHADER_REG 4ee4 00000000
R350_SHADER_REG 4ee8 00000000
R350_SHADER_REG 4eec 00000000
R350_SHADER_REG 4ef0 00000000
R350_SHADER_REG 4ef4 00000000
R350_SHADER_REG 4ef8 00000000
R350_SHADER_REG 4efc 00000000
R350_SHADER_REG 4f00 00000010
R350_SHADER_REG 4f04 00000000
R350_SHADER_REG 4f08 00ffff00
R350_SHADER_REG 4f0c 00000000
R350_SHADER_REG 4f10 00000000
R350_SHADER_REG 4f14 00000001
R350_SHADER_REG 4f18 00000003
R350_SHADER_REG 4f1c 00000000
R350_SHADER_REG 4f20 00000000
R350_SHADER_REG 4f24 00000000
R350_SHADER_REG 4f28 00000000
R350_SHADER_REG 4f2c 00000000
R350_SHADER_REG 4f30 00000000
R350_SHADER_REG 4f34 00000000
R350_SHADER_REG 4f38 00000000
R350_SHADER_REG 4f3c 00000000
R350_SHADER_REG 4f40 00000000
R350_SHADER_REG 4f44 00000000
R350_SHADER_REG 4f48 00000000
R350_SHADER_REG 4f4c 00000000
R350_SHADER_REG 4f50 00000000
R350_SHADER_REG 4f54 00000000
R350_SHADER_REG 4f58 00000000
R350_SHADER_REG 4f5c 00000000
R350_SHADER_REG 4f60 00000000
R350_SHADER_REG 4f64 00000000
R350_SHADER_REG 4f68 00000000
R350_SHADER_REG 4f6c 00000000
R350_SHADER_REG 4f70 00000000
R350_SHADER_REG 4f74 00000000
R350_SHADER_REG 4f78 00000000
R350_SHADER_REG 4f7c 00000000
R350_SHADER_REG 4f80 00000000
R350_SHADER_REG 4f84 00000000
R350_SHADER_REG 4f88 00000000
R350_SHADER_REG 4f8c 00000000
R350_SHADER_REG 4f90 00000000
R350_SHADER_REG 4f94 00000000
R350_SHADER_REG 4f98 00000000
R350_SHADER_REG 4f9c 00000000
R350_SHADER_REG 4fa0 00000000
R350_SHADER_REG 4fa4 00000000
R350_SHADER_REG 4fa8 00000000
R350_SHADER_REG 4fac 00000000
R350_SHADER_REG 4fb0 00000000
R350_SHADER_REG 4fb4 00000000
R350_SHADER_REG 4fb8 00000000
R350_SHADER_REG 4fbc 00000000
R350_SHADER_REG 4fc0 00000000
R350_SHADER_REG 4fc4 00000000
R350_SHADER_REG 4fc8 00000000
R350_SHADER_REG 4fcc 00000000
R350_SHADER_REG 4fd0 00000000
R350_SHADER_REG 4fd4 00000000
R350_SHADER_REG 4fd8 00000000
R350_SHADER_REG 4fdc 00000000
R350_SHADER_REG 4fe0 00000000
R350_SHADER_REG 4fe4 00000000
R350_SHADER_REG 4fe8 00000000
R350_SHADER_REG 4fec 00000000
R350_SHADER_REG 4ff0 00000000
R350_SHADER_REG 4ff4 00000000
R350_SHADER_REG 4ff8 00000000
R350_SHADER_REG 4ffc 00000000
R350_SHADER_PVS 080 0 00100201
R350_SHADER_PVS 080 1 00d10002
R350_SHADER_PVS 080 2 00d10001
R350_SHADER_PVS 080 3 00d10005
R350_SHADER_PVS 081 0 00200201
R350_SHADER_PVS 081 1 00d10022
R350_SHADER_PVS 081 2 00d10001
R350_SHADER_PVS 081 3 00d10005
R350_SHADER_PVS 082 0 00400201
R350_SHADER_PVS 082 1 00d10042
R350_SHADER_PVS 082 2 00d10001
R350_SHADER_PVS 082 3 00d10005
R350_SHADER_PVS 083 0 00800201
R350_SHADER_PVS 083 1 00d10062
R350_SHADER_PVS 083 2 00d10001
R350_SHADER_PVS 083 3 00d10005
R350_SHADER_PVS 084 0 00104201
R350_SHADER_PVS 084 1 00d10082
R350_SHADER_PVS 084 2 00d10041
R350_SHADER_PVS 084 3 00d10045
R350_SHADER_PVS 085 0 00204201
R350_SHADER_PVS 085 1 00d100a2
R350_SHADER_PVS 085 2 00d10041
R350_SHADER_PVS 085 3 00d10045
R350_SHADER_PVS 086 0 00404201
R350_SHADER_PVS 086 1 00d100c2
R350_SHADER_PVS 086 2 00d10041
R350_SHADER_PVS 086 3 00d10045
R350_SHADER_PVS 087 0 00804201
R350_SHADER_PVS 087 1 00d100e2
R350_SHADER_PVS 087 2 00d10041
R350_SHADER_PVS 087 3 00d10045
R350_SHADER_PVS 088 0 00f02202
R350_SHADER_PVS 088 1 00d10021
R350_SHADER_PVS 088 2 016da021
R350_SHADER_PVS 088 3 016da025
R350_SHADER_PVS 0fe 0 00f00202
R350_SHADER_PVS 0fe 1 00d10001
R350_SHADER_PVS 0fe 2 016da001
R350_SHADER_PVS 0fe 3 016da001
R350_SHADER_PVS 0ff 0 00f02202
R350_SHADER_PVS 0ff 1 00d10021
R350_SHADER_PVS 0ff 2 016da021
R350_SHADER_PVS 0ff 3 016da021
R350_SHADER_PVS 280 0 3b000000
R350_SHADER_PVS 280 1 00000000
R350_SHADER_PVS 280 2 00000000
R350_SHADER_PVS 280 3 bf800000
R350_SHADER_PVS 281 0 00000000
R350_SHADER_PVS 281 1 bb2aaaab
R350_SHADER_PVS 281 2 00000000
R350_SHADER_PVS 281 3 3f800000
R350_SHADER_PVS 282 0 00000000
R350_SHADER_PVS 282 1 00000000
R350_SHADER_PVS 282 2 bf800000
R350_SHADER_PVS 282 3 00000000
R350_SHADER_PVS 283 0 00000000
R350_SHADER_PVS 283 1 00000000
R350_SHADER_PVS 283 2 00000000
R350_SHADER_PVS 283 3 3f800000
R350_SHADER_PVS 284 0 3b800000
R350_SHADER_PVS 284 1 00000000
R350_SHADER_PVS 284 2 00000000
R350_SHADER_PVS 284 3 00000000
R350_SHADER_PVS 285 0 00000000
R350_SHADER_PVS 285 1 3b800000
R350_SHADER_PVS 285 2 00000000
R350_SHADER_PVS 285 3 00000000
R350_SHADER_PVS 286 0 00000000
R350_SHADER_PVS 286 1 00000000
R350_SHADER_PVS 286 2 3f800000
R350_SHADER_PVS 286 3 00000000
R350_SHADER_PVS 287 0 00000000
R350_SHADER_PVS 287 1 00000000
R350_SHADER_PVS 287 2 00000000
R350_SHADER_PVS 287 3 3f800000
R350_SHADER_PVS 406 0 00000000
R350_SHADER_PVS 406 1 00000000
R350_SHADER_PVS 406 2 00000000
R350_SHADER_PVS 406 3 00000000
R350_SHADER_END draw=2
R350_PROBE unsupported_3d_draw count=2; R200 renderer deliberately not used
R350_PROBE write reg=0x4100 value=0x00000000 count=7
R350_PROBE write reg=0x4400 value=0x00000a12 count=3
R350_PROBE write reg=0x4440 value=0x00001fe8 count=3
R350_PROBE write reg=0x4480 value=0x8007f8ff count=3
R350_PROBE write reg=0x44c0 value=0x0000aa0c count=3
R350_PROBE write reg=0x45c0 value=0x00000000 count=3
R350_PROBE write reg=0x4580 value=0x00000000 count=3
R350_PROBE write reg=0x4500 value=0x000000ff count=3
R350_PROBE write reg=0x4104 value=0x00000001 count=5
R350_PROBE write reg=0x4c00 value=0x003f0000 count=6
R350_PROBE write reg=0x4c04 value=0x003f0000 count=6
R350_PROBE write reg=0x4c08 value=0x003f0000 count=6
R350_PROBE write reg=0x4c0c value=0x003f0000 count=6
R350_PROBE write reg=0x2200 value=0x00000280 count=8
R350_PROBE write reg=0x0738 value=0x1000e020 count=128
R350_PROBE write reg=0x073c value=0x00000008 count=128
R350_PROBE write reg=0x15d4 value=0x00000002 count=4
R350_PROBE write reg=0x146c value=0x42cc36f3 count=3
R350_PROBE write reg=0x15ac value=0x10054800 count=3
R350_PROBE write reg=0x15b0 value=0x00001000 count=3
R350_PROBE write reg=0x1404 value=0x00680000 count=3
R350_PROBE write reg=0x1408 value=0x00000400 count=3
R350_PROBE write reg=0x1704 value=0x00000000 count=3
R350_PROBE write reg=0x1700 value=0x00000000 count=3
R350_PROBE write reg=0x1434 value=0x00000000 count=3
R350_PROBE write reg=0x1438 value=0x00000000 count=3
R350_PROBE write reg=0x143c value=0x01000100 count=3
R350_PROBE write reg=0x342c value=0x00000005 count=7
R350_PROBE write reg=0x4100 value=0x00000000 count=8
R350_PROBE write reg=0x142c value=0x50000c00 count=6
R350_PROBE write reg=0x4540 value=0x00680000 count=3
R350_SHADER_BEGIN draw=3 subset=requires one texture-free ALU node with one instruction
R350_SHADER_REG 2080 0030045a
R350_SHADER_REG 2084 00000000
R350_SHADER_REG 2088 00000000
R350_SHADER_REG 208c 00000000
R350_SHADER_REG 2090 00000003
R350_SHADER_REG 2094 00000004
R350_SHADER_REG 2098 00000000
R350_SHADER_REG 209c 00000000
R350_SHADER_REG 20a0 00000000
R350_SHADER_REG 20a4 00000000
R350_SHADER_REG 20a8 00000000
R350_SHADER_REG 20ac 00000000
R350_SHADER_REG 20b0 0000043f
R350_SHADER_REG 20b4 0000000c
R350_SHADER_REG 20b8 00000000
R350_SHADER_REG 20bc 00000000
R350_SHADER_REG 20c0 00000000
R350_SHADER_REG 20c4 00000000
R350_SHADER_REG 20c8 00000000
R350_SHADER_REG 20cc 00000000
R350_SHADER_REG 20d0 00000000
R350_SHADER_REG 20d4 00000000
R350_SHADER_REG 20d8 00000000
R350_SHADER_REG 20dc 00000000
R350_SHADER_REG 20e0 00000000
R350_SHADER_REG 20e4 00000000
R350_SHADER_REG 20e8 00000000
R350_SHADER_REG 20ec 00000000
R350_SHADER_REG 20f0 00000000
R350_SHADER_REG 20f4 00000000
R350_SHADER_REG 20f8 00000000
R350_SHADER_REG 20fc 00000000
R350_SHADER_REG 2100 00000000
R350_SHADER_REG 2104 00000000
R350_SHADER_REG 2108 00000000
R350_SHADER_REG 210c 00000000
R350_SHADER_REG 2110 00000000
R350_SHADER_REG 2114 00000000
R350_SHADER_REG 2118 00000000
R350_SHADER_REG 211c 00000000
R350_SHADER_REG 2120 00000000
R350_SHADER_REG 2124 00000000
R350_SHADER_REG 2128 00000000
R350_SHADER_REG 212c 00000000
R350_SHADER_REG 2130 00000000
R350_SHADER_REG 2134 00ffffff
R350_SHADER_REG 2138 00000000
R350_SHADER_REG 213c 00000000
R350_SHADER_REG 2140 00000000
R350_SHADER_REG 2144 00000000
R350_SHADER_REG 2148 00000000
R350_SHADER_REG 214c 00000000
R350_SHADER_REG 2150 00000000
R350_SHADER_REG 2154 00002203
R350_SHADER_REG 2158 00000000
R350_SHADER_REG 215c 00000000
R350_SHADER_REG 2160 00000000
R350_SHADER_REG 2164 00000000
R350_SHADER_REG 2168 00000000
R350_SHADER_REG 216c 00000000
R350_SHADER_REG 2170 00000000
R350_SHADER_REG 2174 00000000
R350_SHADER_REG 2178 00000000
R350_SHADER_REG 217c 00000000
R350_SHADER_REG 2180 00000000
R350_SHADER_REG 2184 00000405
R350_SHADER_REG 2188 00000000
R350_SHADER_REG 218c 00000000
R350_SHADER_REG 2190 00000000
R350_SHADER_REG 2194 00000000
R350_SHADER_REG 2198 00000000
R350_SHADER_REG 219c 00000000
R350_SHADER_REG 21a0 00000000
R350_SHADER_REG 21a4 00000000
R350_SHADER_REG 21a8 00000000
R350_SHADER_REG 21ac 00000000
R350_SHADER_REG 21b0 00000000
R350_SHADER_REG 21b4 00000000
R350_SHADER_REG 21b8 00000000
R350_SHADER_REG 21bc 00000000
R350_SHADER_REG 21c0 00000000
R350_SHADER_REG 21c4 00000000
R350_SHADER_REG 21c8 00000000
R350_SHADER_REG 21cc 00000000
R350_SHADER_REG 21d0 00000000
R350_SHADER_REG 21d4 00000000
R350_SHADER_REG 21d8 00000000
R350_SHADER_REG 21dc aaaaaaaa
R350_SHADER_REG 21e0 f688f688
R350_SHADER_REG 21e4 0000f688
R350_SHADER_REG 21e8 00000000
R350_SHADER_REG 21ec 00000000
R350_SHADER_REG 21f0 00000000
R350_SHADER_REG 21f4 00000000
R350_SHADER_REG 21f8 00000000
R350_SHADER_REG 21fc 00000000
R350_SHADER_REG 2200 00000280
R350_SHADER_REG 2204 00000000
R350_SHADER_REG 2208 3f800000
R350_SHADER_REG 220c 00000000
R350_SHADER_REG 2210 00000000
R350_SHADER_REG 2214 00000000
R350_SHADER_REG 2218 00000000
R350_SHADER_REG 221c 00000000
R350_SHADER_REG 2220 3f800000
R350_SHADER_REG 2224 3f800000
R350_SHADER_REG 2228 3f800000
R350_SHADER_REG 222c 3f800000
R350_SHADER_REG 2230 00000000
R350_SHADER_REG 2234 00000000
R350_SHADER_REG 2238 00000000
R350_SHADER_REG 223c 00000000
R350_SHADER_REG 2240 00000000
R350_SHADER_REG 2244 00000000
R350_SHADER_REG 2248 00000000
R350_SHADER_REG 224c 00000000
R350_SHADER_REG 2250 00000000
R350_SHADER_REG 2254 00000000
R350_SHADER_REG 2258 00000000
R350_SHADER_REG 225c 00000000
R350_SHADER_REG 2260 00000000
R350_SHADER_REG 2264 00000000
R350_SHADER_REG 2268 00000000
R350_SHADER_REG 226c 00000000
R350_SHADER_REG 2270 00000000
R350_SHADER_REG 2274 00000000
R350_SHADER_REG 2278 00000000
R350_SHADER_REG 227c 00000000
R350_SHADER_REG 2280 00000000
R350_SHADER_REG 2284 00000000
R350_SHADER_REG 2288 0000ffff
R350_SHADER_REG 228c 00000000
R350_SHADER_REG 2290 00000000
R350_SHADER_REG 2294 00000000
R350_SHADER_REG 2298 00000000
R350_SHADER_REG 229c 00000000
R350_SHADER_REG 22a0 00000000
R350_SHADER_REG 22a4 00000000
R350_SHADER_REG 22a8 00000000
R350_SHADER_REG 22ac 00000000
R350_SHADER_REG 22b0 00000000
R350_SHADER_REG 22b4 00000000
R350_SHADER_REG 22b8 00000000
R350_SHADER_REG 22bc 00000000
R350_SHADER_REG 22c0 00000000
R350_SHADER_REG 22c4 00000000
R350_SHADER_REG 22c8 00000000
R350_SHADER_REG 22cc 00000000
R350_SHADER_REG 22d0 08820c80
R350_SHADER_REG 22d4 00080080
R350_SHADER_REG 22d8 00000088
R350_SHADER_REG 4000 00000000
R350_SHADER_REG 4004 00000000
R350_SHADER_REG 4008 00000007
R350_SHADER_REG 400c 00000000
R350_SHADER_REG 4010 66666666
R350_SHADER_REG 4014 06666666
R350_SHADER_REG 4018 00000017
R350_SHADER_REG 401c 00000000
R350_SHADER_REG 4020 00000000
R350_SHADER_REG 4024 00000000
R350_SHADER_REG 4028 00000000
R350_SHADER_REG 402c 00000000
R350_SHADER_REG 4030 00000000
R350_SHADER_REG 4034 00000000
R350_SHADER_REG 4038 00000000
R350_SHADER_REG 403c 00000000
R350_SHADER_REG 4040 00000000
R350_SHADER_REG 4044 00000000
R350_SHADER_REG 4048 00000000
R350_SHADER_REG 404c 00000000
R350_SHADER_REG 4050 00000000
R350_SHADER_REG 4054 00000000
R350_SHADER_REG 4058 00000000
R350_SHADER_REG 405c 00000000
R350_SHADER_REG 4060 00000000
R350_SHADER_REG 4064 00000000
R350_SHADER_REG 4068 00000000
R350_SHADER_REG 406c 00000000
R350_SHADER_REG 4070 00000000
R350_SHADER_REG 4074 00000000
R350_SHADER_REG 4078 00000000
R350_SHADER_REG 407c 00000000
R350_SHADER_REG 4080 00000000
R350_SHADER_REG 4084 00000000
R350_SHADER_REG 4088 00000000
R350_SHADER_REG 408c 00000000
R350_SHADER_REG 4090 00000000
R350_SHADER_REG 4094 00000000
R350_SHADER_REG 4098 00000000
R350_SHADER_REG 409c 00000000
R350_SHADER_REG 40a0 00000000
R350_SHADER_REG 40a4 00000000
R350_SHADER_REG 40a8 00000000
R350_SHADER_REG 40ac 00000000
R350_SHADER_REG 40b0 00000000
R350_SHADER_REG 40b4 00000000
R350_SHADER_REG 40b8 00000000
R350_SHADER_REG 40bc 00000000
R350_SHADER_REG 40c0 00000000
R350_SHADER_REG 40c4 00000000
R350_SHADER_REG 40c8 00000000
R350_SHADER_REG 40cc 00000000
R350_SHADER_REG 40d0 00000000
R350_SHADER_REG 40d4 00000000
R350_SHADER_REG 40d8 00000000
R350_SHADER_REG 40dc 00000000
R350_SHADER_REG 40e0 00000000
R350_SHADER_REG 40e4 00000000
R350_SHADER_REG 40e8 00000000
R350_SHADER_REG 40ec 00000000
R350_SHADER_REG 40f0 00000000
R350_SHADER_REG 40f4 00000000
R350_SHADER_REG 40f8 00000000
R350_SHADER_REG 40fc 00000000
R350_SHADER_REG 4100 00000000
R350_SHADER_REG 4104 00000001
R350_SHADER_REG 4108 00000000
R350_SHADER_REG 410c 00000000
R350_SHADER_REG 4110 00000000
R350_SHADER_REG 4114 00000000
R350_SHADER_REG 4118 00000000
R350_SHADER_REG 411c 00000000
R350_SHADER_REG 4120 00000000
R350_SHADER_REG 4124 00000000
R350_SHADER_REG 4128 00000000
R350_SHADER_REG 412c 00000000
R350_SHADER_REG 4130 00000000
R350_SHADER_REG 4134 00000000
R350_SHADER_REG 4138 00000000
R350_SHADER_REG 413c 00000000
R350_SHADER_REG 4140 00000000
R350_SHADER_REG 4144 00000000
R350_SHADER_REG 4148 00000000
R350_SHADER_REG 414c 00000000
R350_SHADER_REG 4150 00000000
R350_SHADER_REG 4154 00000000
R350_SHADER_REG 4158 00000000
R350_SHADER_REG 415c 00000000
R350_SHADER_REG 4160 00000000
R350_SHADER_REG 4164 00000000
R350_SHADER_REG 4168 00000000
R350_SHADER_REG 416c 00000000
R350_SHADER_REG 4170 00000000
R350_SHADER_REG 4174 00000000
R350_SHADER_REG 4178 00000000
R350_SHADER_REG 417c 00000000
R350_SHADER_REG 4180 00000000
R350_SHADER_REG 4184 00000000
R350_SHADER_REG 4188 00000000
R350_SHADER_REG 418c 00000000
R350_SHADER_REG 4190 00000000
R350_SHADER_REG 4194 00000000
R350_SHADER_REG 4198 00000000
R350_SHADER_REG 419c 00000000
R350_SHADER_REG 41a0 00000000
R350_SHADER_REG 41a4 00000000
R350_SHADER_REG 41a8 00000000
R350_SHADER_REG 41ac 00000000
R350_SHADER_REG 41b0 00000000
R350_SHADER_REG 41b4 00000000
R350_SHADER_REG 41b8 00000000
R350_SHADER_REG 41bc 00000000
R350_SHADER_REG 41c0 00000000
R350_SHADER_REG 41c4 00000000
R350_SHADER_REG 41c8 00000000
R350_SHADER_REG 41cc 00000000
R350_SHADER_REG 41d0 00000000
R350_SHADER_REG 41d4 00000000
R350_SHADER_REG 41d8 00000000
R350_SHADER_REG 41dc 00000000
R350_SHADER_REG 41e0 00000000
R350_SHADER_REG 41e4 00000000
R350_SHADER_REG 41e8 00000000
R350_SHADER_REG 41ec 00000000
R350_SHADER_REG 41f0 00000000
R350_SHADER_REG 41f4 00000000
R350_SHADER_REG 41f8 00000000
R350_SHADER_REG 41fc 00000000
R350_SHADER_REG 4200 00000000
R350_SHADER_REG 4204 00000000
R350_SHADER_REG 4208 3f800000
R350_SHADER_REG 420c 3f800000
R350_SHADER_REG 4210 00000000
R350_SHADER_REG 4214 00050005
R350_SHADER_REG 4218 00000000
R350_SHADER_REG 421c 00060006
R350_SHADER_REG 4220 00000000
R350_SHADER_REG 4224 00000000
R350_SHADER_REG 4228 00000000
R350_SHADER_REG 422c 00000000
R350_SHADER_REG 4230 01800006
R350_SHADER_REG 4234 00020006
R350_SHADER_REG 4238 00000000
R350_SHADER_REG 423c 00000000
R350_SHADER_REG 4240 00000000
R350_SHADER_REG 4244 00000000
R350_SHADER_REG 4248 00000000
R350_SHADER_REG 424c 00000000
R350_SHADER_REG 4250 00000000
R350_SHADER_REG 4254 00000000
R350_SHADER_REG 4258 00000000
R350_SHADER_REG 425c 00000000
R350_SHADER_REG 4260 00000000
R350_SHADER_REG 4264 00000000
R350_SHADER_REG 4268 3f800000
R350_SHADER_REG 426c 00000000
R350_SHADER_REG 4270 00000000
R350_SHADER_REG 4274 00000002
R350_SHADER_REG 4278 0003aaaa
R350_SHADER_REG 427c 00000000
R350_SHADER_REG 4280 00000000
R350_SHADER_REG 4284 00000000
R350_SHADER_REG 4288 00000000
R350_SHADER_REG 428c 00000001
R350_SHADER_REG 4290 00000000
R350_SHADER_REG 4294 00000000
R350_SHADER_REG 4298 00000000
R350_SHADER_REG 429c 00000400
R350_SHADER_REG 42a0 00000000
R350_SHADER_REG 42a4 00000000
R350_SHADER_REG 42a8 00000000
R350_SHADER_REG 42ac 00000000
R350_SHADER_REG 42b0 00000000
R350_SHADER_REG 42b4 00000000
R350_SHADER_REG 42b8 00000000
R350_SHADER_REG 42bc 00000000
R350_SHADER_REG 42c0 4b7fffff
R350_SHADER_REG 42c4 00000000
R350_SHADER_REG 42c8 00000000
R350_SHADER_REG 42cc 00000000
R350_SHADER_REG 42d0 00000000
R350_SHADER_REG 42d4 00000000
R350_SHADER_REG 42d8 00000000
R350_SHADER_REG 42dc 00000000
R350_SHADER_REG 42e0 00000000
R350_SHADER_REG 42e4 00000000
R350_SHADER_REG 42e8 00000000
R350_SHADER_REG 42ec 00000000
R350_SHADER_REG 42f0 00000000
R350_SHADER_REG 42f4 00000000
R350_SHADER_REG 42f8 00000000
R350_SHADER_REG 42fc 00000000
R350_SHADER_REG 4300 00040084
R350_SHADER_REG 4304 00000000
R350_SHADER_REG 4308 00000000
R350_SHADER_REG 430c 00000000
R350_SHADER_REG 4310 00d10000
R350_SHADER_REG 4314 00d10044
R350_SHADER_REG 4318 00d10084
R350_SHADER_REG 431c 00d100c4
R350_SHADER_REG 4320 00d10004
R350_SHADER_REG 4324 00d10004
R350_SHADER_REG 4328 00d10004
R350_SHADER_REG 432c 00d10004
R350_SHADER_REG 4330 00004048
R350_SHADER_REG 4334 00000000
R350_SHADER_REG 4338 00000000
R350_SHADER_REG 433c 00000000
R350_SHADER_REG 4340 00000000
R350_SHADER_REG 4344 00000000
R350_SHADER_REG 4348 00000000
R350_SHADER_REG 434c 00000000
R350_SHADER_REG 4350 00000000
R350_SHADER_REG 4354 00000000
R350_SHADER_REG 4358 00000000
R350_SHADER_REG 435c 00000000
R350_SHADER_REG 4360 00000000
R350_SHADER_REG 4364 00000000
R350_SHADER_REG 4368 00000000
R350_SHADER_REG 436c 00000000
R350_SHADER_REG 4370 00000000
R350_SHADER_REG 4374 00000000
R350_SHADER_REG 4378 00000000
R350_SHADER_REG 437c 00000000
R350_SHADER_REG 4380 00000000
R350_SHADER_REG 4384 00000000
R350_SHADER_REG 4388 00000000
R350_SHADER_REG 438c 00000000
R350_SHADER_REG 4390 00000000
R350_SHADER_REG 4394 00000000
R350_SHADER_REG 4398 00000000
R350_SHADER_REG 439c 00000000
R350_SHADER_REG 43a0 00000000
R350_SHADER_REG 43a4 00000000
R350_SHADER_REG 43a8 2da49525
R350_SHADER_REG 43ac 00000000
R350_SHADER_REG 43b0 00b405a0
R350_SHADER_REG 43b4 011409a0
R350_SHADER_REG 43b8 00000000
R350_SHADER_REG 43bc 03ffffff
R350_SHADER_REG 43c0 00000000
R350_SHADER_REG 43c4 03ffffff
R350_SHADER_REG 43c8 00000000
R350_SHADER_REG 43cc 03ffffff
R350_SHADER_REG 43d0 0000aaaa
R350_SHADER_REG 43d4 00000000
R350_SHADER_REG 43d8 00000000
R350_SHADER_REG 43dc 00000000
R350_SHADER_REG 43e0 00b405a0
R350_SHADER_REG 43e4 0113e99f
R350_SHADER_REG 43e8 00ffffff
R350_SHADER_REG 43ec 00000000
R350_SHADER_REG 43f0 00000000
R350_SHADER_REG 43f4 00000000
R350_SHADER_REG 43f8 00000000
R350_SHADER_REG 43fc 00000000
R350_SHADER_REG 4400 00000a12
R350_SHADER_REG 4404 00000000
R350_SHADER_REG 4408 00000000
R350_SHADER_REG 440c 00000000
R350_SHADER_REG 4410 00000000
R350_SHADER_REG 4414 00000000
R350_SHADER_REG 4418 00000000
R350_SHADER_REG 441c 00000000
R350_SHADER_REG 4420 00000000
R350_SHADER_REG 4424 00000000
R350_SHADER_REG 4428 00000000
R350_SHADER_REG 442c 00000000
R350_SHADER_REG 4430 00000000
R350_SHADER_REG 4434 00000000
R350_SHADER_REG 4438 00000000
R350_SHADER_REG 443c 00000000
R350_SHADER_REG 4440 00001fe8
R350_SHADER_REG 4444 00000000
R350_SHADER_REG 4448 00000000
R350_SHADER_REG 444c 00000000
R350_SHADER_REG 4450 00000000
R350_SHADER_REG 4454 00000000
R350_SHADER_REG 4458 00000000
R350_SHADER_REG 445c 00000000
R350_SHADER_REG 4460 00000000
R350_SHADER_REG 4464 00000000
R350_SHADER_REG 4468 00000000
R350_SHADER_REG 446c 00000000
R350_SHADER_REG 4470 00000000
R350_SHADER_REG 4474 00000000
R350_SHADER_REG 4478 00000000
R350_SHADER_REG 447c 00000000
R350_SHADER_REG 4480 8007f8ff
R350_SHADER_REG 4484 00000000
R350_SHADER_REG 4488 00000000
R350_SHADER_REG 448c 00000000
R350_SHADER_REG 4490 00000000
R350_SHADER_REG 4494 00000000
R350_SHADER_REG 4498 00000000
R350_SHADER_REG 449c 00000000
R350_SHADER_REG 44a0 00000000
R350_SHADER_REG 44a4 00000000
R350_SHADER_REG 44a8 00000000
R350_SHADER_REG 44ac 00000000
R350_SHADER_REG 44b0 00000000
R350_SHADER_REG 44b4 00000000
R350_SHADER_REG 44b8 00000000
R350_SHADER_REG 44bc 00000000
R350_SHADER_REG 44c0 0000aa0c
R350_SHADER_REG 44c4 00000000
R350_SHADER_REG 44c8 00000000
R350_SHADER_REG 44cc 00000000
R350_SHADER_REG 44d0 00000000
R350_SHADER_REG 44d4 00000000
R350_SHADER_REG 44d8 00000000
R350_SHADER_REG 44dc 00000000
R350_SHADER_REG 44e0 00000000
R350_SHADER_REG 44e4 00000000
R350_SHADER_REG 44e8 00000000
R350_SHADER_REG 44ec 00000000
R350_SHADER_REG 44f0 00000000
R350_SHADER_REG 44f4 00000000
R350_SHADER_REG 44f8 00000000
R350_SHADER_REG 44fc 00000000
R350_SHADER_REG 4500 000000ff
R350_SHADER_REG 4504 00000000
R350_SHADER_REG 4508 00000000
R350_SHADER_REG 450c 00000000
R350_SHADER_REG 4510 00000000
R350_SHADER_REG 4514 00000000
R350_SHADER_REG 4518 00000000
R350_SHADER_REG 451c 00000000
R350_SHADER_REG 4520 00000000
R350_SHADER_REG 4524 00000000
R350_SHADER_REG 4528 00000000
R350_SHADER_REG 452c 00000000
R350_SHADER_REG 4530 00000000
R350_SHADER_REG 4534 00000000
R350_SHADER_REG 4538 00000000
R350_SHADER_REG 453c 00000000
R350_SHADER_REG 4540 00680000
R350_SHADER_REG 4544 00000000
R350_SHADER_REG 4548 00000000
R350_SHADER_REG 454c 00000000
R350_SHADER_REG 4550 00000000
R350_SHADER_REG 4554 00000000
R350_SHADER_REG 4558 00000000
R350_SHADER_REG 455c 00000000
R350_SHADER_REG 4560 00000000
R350_SHADER_REG 4564 00000000
R350_SHADER_REG 4568 00000000
R350_SHADER_REG 456c 00000000
R350_SHADER_REG 4570 00000000
R350_SHADER_REG 4574 00000000
R350_SHADER_REG 4578 00000000
R350_SHADER_REG 457c 00000000
R350_SHADER_REG 4580 00000000
R350_SHADER_REG 4584 00000000
R350_SHADER_REG 4588 00000000
R350_SHADER_REG 458c 00000000
R350_SHADER_REG 4590 00000000
R350_SHADER_REG 4594 00000000
R350_SHADER_REG 4598 00000000
R350_SHADER_REG 459c 00000000
R350_SHADER_REG 45a0 00000000
R350_SHADER_REG 45a4 00000000
R350_SHADER_REG 45a8 00000000
R350_SHADER_REG 45ac 00000000
R350_SHADER_REG 45b0 00000000
R350_SHADER_REG 45b4 00000000
R350_SHADER_REG 45b8 00000000
R350_SHADER_REG 45bc 00000000
R350_SHADER_REG 45c0 00000000
R350_SHADER_REG 45c4 00000000
R350_SHADER_REG 45c8 00000000
R350_SHADER_REG 45cc 00000000
R350_SHADER_REG 45d0 00000000
R350_SHADER_REG 45d4 00000000
R350_SHADER_REG 45d8 00000000
R350_SHADER_REG 45dc 00000000
R350_SHADER_REG 45e0 00000000
R350_SHADER_REG 45e4 00000000
R350_SHADER_REG 45e8 00000000
R350_SHADER_REG 45ec 00000000
R350_SHADER_REG 45f0 00000000
R350_SHADER_REG 45f4 00000000
R350_SHADER_REG 45f8 00000000
R350_SHADER_REG 45fc 00000000
R350_SHADER_REG 4600 00000008
R350_SHADER_REG 4604 00000001
R350_SHADER_REG 4608 00000002
R350_SHADER_REG 460c 00000000
R350_SHADER_REG 4610 00000000
R350_SHADER_REG 4614 00000000
R350_SHADER_REG 4618 00000000
R350_SHADER_REG 461c 00400000
R350_SHADER_REG 4620 00018041
R350_SHADER_REG 4624 00000000
R350_SHADER_REG 4628 00000000
R350_SHADER_REG 462c 00000000
R350_SHADER_REG 4630 00000000
R350_SHADER_REG 4634 00000000
R350_SHADER_REG 4638 00000000
R350_SHADER_REG 463c 00000000
R350_SHADER_REG 4640 00000000
R350_SHADER_REG 4644 00000000
R350_SHADER_REG 4648 00000000
R350_SHADER_REG 464c 00000000
R350_SHADER_REG 4650 00000000
R350_SHADER_REG 4654 00000000
R350_SHADER_REG 4658 00000000
R350_SHADER_REG 465c 00000000
R350_SHADER_REG 4660 00000000
R350_SHADER_REG 4664 00000000
R350_SHADER_REG 4668 00000000
R350_SHADER_REG 466c 00000000
R350_SHADER_REG 4670 00000000
R350_SHADER_REG 4674 00000000
R350_SHADER_REG 4678 00000000
R350_SHADER_REG 467c 00000000
R350_SHADER_REG 4680 00000000
R350_SHADER_REG 4684 00000000
R350_SHADER_REG 4688 00000000
R350_SHADER_REG 468c 00000000
R350_SHADER_REG 4690 00000000
R350_SHADER_REG 4694 00000000
R350_SHADER_REG 4698 00000000
R350_SHADER_REG 469c 00000000
R350_SHADER_REG 46a0 00000000
R350_SHADER_REG 46a4 00001b00
R350_SHADER_REG 46a8 0000000f
R350_SHADER_REG 46ac 0000000f
R350_SHADER_REG 46b0 0000000f
R350_SHADER_REG 46b4 00000001
R350_SHADER_REG 46b8 00000000
R350_SHADER_REG 46bc 00000000
R350_SHADER_REG 46c0 1c020800
R350_SHADER_REG 46c4 1c020800
R350_SHADER_REG 46c8 1c020040
R350_SHADER_REG 46cc 00000000
R350_SHADER_REG 46d0 00000000
R350_SHADER_REG 46d4 00000000
R350_SHADER_REG 46d8 00000000
R350_SHADER_REG 46dc 00000000
R350_SHADER_REG 46e0 00000000
R350_SHADER_REG 46e4 00000000
R350_SHADER_REG 46e8 00000000
R350_SHADER_REG 46ec 00000000
R350_SHADER_REG 46f0 00000000
R350_SHADER_REG 46f4 00000000
R350_SHADER_REG 46f8 00000000
R350_SHADER_REG 46fc 00000000
R350_SHADER_REG 4700 00000000
R350_SHADER_REG 4704 00000000
R350_SHADER_REG 4708 00000000
R350_SHADER_REG 470c 00000000
R350_SHADER_REG 4710 00000000
R350_SHADER_REG 4714 00000000
R350_SHADER_REG 4718 00000000
R350_SHADER_REG 471c 00000000
R350_SHADER_REG 4720 00000000
R350_SHADER_REG 4724 00000000
R350_SHADER_REG 4728 00000000
R350_SHADER_REG 472c 00000000
R350_SHADER_REG 4730 00000000
R350_SHADER_REG 4734 00000000
R350_SHADER_REG 4738 00000000
R350_SHADER_REG 473c 00000000
R350_SHADER_REG 4740 00000000
R350_SHADER_REG 4744 00000000
R350_SHADER_REG 4748 00000000
R350_SHADER_REG 474c 00000000
R350_SHADER_REG 4750 00000000
R350_SHADER_REG 4754 00000000
R350_SHADER_REG 4758 00000000
R350_SHADER_REG 475c 00000000
R350_SHADER_REG 4760 00000000
R350_SHADER_REG 4764 00000000
R350_SHADER_REG 4768 00000000
R350_SHADER_REG 476c 00000000
R350_SHADER_REG 4770 00000000
R350_SHADER_REG 4774 00000000
R350_SHADER_REG 4778 00000000
R350_SHADER_REG 477c 00000000
R350_SHADER_REG 4780 00000000
R350_SHADER_REG 4784 00000000
R350_SHADER_REG 4788 00000000
R350_SHADER_REG 478c 00000000
R350_SHADER_REG 4790 00000000
R350_SHADER_REG 4794 00000000
R350_SHADER_REG 4798 00000000
R350_SHADER_REG 479c 00000000
R350_SHADER_REG 47a0 00000000
R350_SHADER_REG 47a4 00000000
R350_SHADER_REG 47a8 00000000
R350_SHADER_REG 47ac 00000000
R350_SHADER_REG 47b0 00000000
R350_SHADER_REG 47b4 00000000
R350_SHADER_REG 47b8 00000000
R350_SHADER_REG 47bc 00000000
R350_SHADER_REG 47c0 01020800
R350_SHADER_REG 47c4 01020800
R350_SHADER_REG 47c8 01020800
R350_SHADER_REG 47cc 00000000
R350_SHADER_REG 47d0 00000000
R350_SHADER_REG 47d4 00000000
R350_SHADER_REG 47d8 00000000
R350_SHADER_REG 47dc 00000000
R350_SHADER_REG 47e0 00000000
R350_SHADER_REG 47e4 00000000
R350_SHADER_REG 47e8 00000000
R350_SHADER_REG 47ec 00000000
R350_SHADER_REG 47f0 00000000
R350_SHADER_REG 47f4 00000000
R350_SHADER_REG 47f8 00000000
R350_SHADER_REG 47fc 00000000
R350_SHADER_REG 4800 00000000
R350_SHADER_REG 4804 00000000
R350_SHADER_REG 4808 00000000
R350_SHADER_REG 480c 00000000
R350_SHADER_REG 4810 00000000
R350_SHADER_REG 4814 00000000
R350_SHADER_REG 4818 00000000
R350_SHADER_REG 481c 00000000
R350_SHADER_REG 4820 00000000
R350_SHADER_REG 4824 00000000
R350_SHADER_REG 4828 00000000
R350_SHADER_REG 482c 00000000
R350_SHADER_REG 4830 00000000
R350_SHADER_REG 4834 00000000
R350_SHADER_REG 4838 00000000
R350_SHADER_REG 483c 00000000
R350_SHADER_REG 4840 00000000
R350_SHADER_REG 4844 00000000
R350_SHADER_REG 4848 00000000
R350_SHADER_REG 484c 00000000
R350_SHADER_REG 4850 00000000
R350_SHADER_REG 4854 00000000
R350_SHADER_REG 4858 00000000
R350_SHADER_REG 485c 00000000
R350_SHADER_REG 4860 00000000
R350_SHADER_REG 4864 00000000
R350_SHADER_REG 4868 00000000
R350_SHADER_REG 486c 00000000
R350_SHADER_REG 4870 00000000
R350_SHADER_REG 4874 00000000
R350_SHADER_REG 4878 00000000
R350_SHADER_REG 487c 00000000
R350_SHADER_REG 4880 00000000
R350_SHADER_REG 4884 00000000
R350_SHADER_REG 4888 00000000
R350_SHADER_REG 488c 00000000
R350_SHADER_REG 4890 00000000
R350_SHADER_REG 4894 00000000
R350_SHADER_REG 4898 00000000
R350_SHADER_REG 489c 00000000
R350_SHADER_REG 48a0 00000000
R350_SHADER_REG 48a4 00000000
R350_SHADER_REG 48a8 00000000
R350_SHADER_REG 48ac 00000000
R350_SHADER_REG 48b0 00000000
R350_SHADER_REG 48b4 00000000
R350_SHADER_REG 48b8 00000000
R350_SHADER_REG 48bc 00000000
R350_SHADER_REG 48c0 00050a80
R350_SHADER_REG 48c4 00050a80
R350_SHADER_REG 48c8 40050200
R350_SHADER_REG 48cc 00000000
R350_SHADER_REG 48d0 00000000
R350_SHADER_REG 48d4 00000000
R350_SHADER_REG 48d8 00000000
R350_SHADER_REG 48dc 00000000
R350_SHADER_REG 48e0 00000000
R350_SHADER_REG 48e4 00000000
R350_SHADER_REG 48e8 00000000
R350_SHADER_REG 48ec 00000000
R350_SHADER_REG 48f0 00000000
R350_SHADER_REG 48f4 00000000
R350_SHADER_REG 48f8 00000000
R350_SHADER_REG 48fc 00000000
R350_SHADER_REG 4900 00000000
R350_SHADER_REG 4904 00000000
R350_SHADER_REG 4908 00000000
R350_SHADER_REG 490c 00000000
R350_SHADER_REG 4910 00000000
R350_SHADER_REG 4914 00000000
R350_SHADER_REG 4918 00000000
R350_SHADER_REG 491c 00000000
R350_SHADER_REG 4920 00000000
R350_SHADER_REG 4924 00000000
R350_SHADER_REG 4928 00000000
R350_SHADER_REG 492c 00000000
R350_SHADER_REG 4930 00000000
R350_SHADER_REG 4934 00000000
R350_SHADER_REG 4938 00000000
R350_SHADER_REG 493c 00000000
R350_SHADER_REG 4940 00000000
R350_SHADER_REG 4944 00000000
R350_SHADER_REG 4948 00000000
R350_SHADER_REG 494c 00000000
R350_SHADER_REG 4950 00000000
R350_SHADER_REG 4954 00000000
R350_SHADER_REG 4958 00000000
R350_SHADER_REG 495c 00000000
R350_SHADER_REG 4960 00000000
R350_SHADER_REG 4964 00000000
R350_SHADER_REG 4968 00000000
R350_SHADER_REG 496c 00000000
R350_SHADER_REG 4970 00000000
R350_SHADER_REG 4974 00000000
R350_SHADER_REG 4978 00000000
R350_SHADER_REG 497c 00000000
R350_SHADER_REG 4980 00000000
R350_SHADER_REG 4984 00000000
R350_SHADER_REG 4988 00000000
R350_SHADER_REG 498c 00000000
R350_SHADER_REG 4990 00000000
R350_SHADER_REG 4994 00000000
R350_SHADER_REG 4998 00000000
R350_SHADER_REG 499c 00000000
R350_SHADER_REG 49a0 00000000
R350_SHADER_REG 49a4 00000000
R350_SHADER_REG 49a8 00000000
R350_SHADER_REG 49ac 00000000
R350_SHADER_REG 49b0 00000000
R350_SHADER_REG 49b4 00000000
R350_SHADER_REG 49b8 00000000
R350_SHADER_REG 49bc 00000000
R350_SHADER_REG 49c0 00040889
R350_SHADER_REG 49c4 00040889
R350_SHADER_REG 49c8 40040509
R350_SHADER_REG 49cc 00000000
R350_SHADER_REG 49d0 00000000
R350_SHADER_REG 49d4 00000000
R350_SHADER_REG 49d8 00000000
R350_SHADER_REG 49dc 00000000
R350_SHADER_REG 49e0 00000000
R350_SHADER_REG 49e4 00000000
R350_SHADER_REG 49e8 00000000
R350_SHADER_REG 49ec 00000000
R350_SHADER_REG 49f0 00000000
R350_SHADER_REG 49f4 00000000
R350_SHADER_REG 49f8 00000000
R350_SHADER_REG 49fc 00000000
R350_SHADER_REG 4a00 00000000
R350_SHADER_REG 4a04 00000000
R350_SHADER_REG 4a08 00000000
R350_SHADER_REG 4a0c 00000000
R350_SHADER_REG 4a10 00000000
R350_SHADER_REG 4a14 00000000
R350_SHADER_REG 4a18 00000000
R350_SHADER_REG 4a1c 00000000
R350_SHADER_REG 4a20 00000000
R350_SHADER_REG 4a24 00000000
R350_SHADER_REG 4a28 00000000
R350_SHADER_REG 4a2c 00000000
R350_SHADER_REG 4a30 00000000
R350_SHADER_REG 4a34 00000000
R350_SHADER_REG 4a38 00000000
R350_SHADER_REG 4a3c 00000000
R350_SHADER_REG 4a40 00000000
R350_SHADER_REG 4a44 00000000
R350_SHADER_REG 4a48 00000000
R350_SHADER_REG 4a4c 00000000
R350_SHADER_REG 4a50 00000000
R350_SHADER_REG 4a54 00000000
R350_SHADER_REG 4a58 00000000
R350_SHADER_REG 4a5c 00000000
R350_SHADER_REG 4a60 00000000
R350_SHADER_REG 4a64 00000000
R350_SHADER_REG 4a68 00000000
R350_SHADER_REG 4a6c 00000000
R350_SHADER_REG 4a70 00000000
R350_SHADER_REG 4a74 00000000
R350_SHADER_REG 4a78 00000000
R350_SHADER_REG 4a7c 00000000
R350_SHADER_REG 4a80 00000000
R350_SHADER_REG 4a84 00000000
R350_SHADER_REG 4a88 00000000
R350_SHADER_REG 4a8c 00000000
R350_SHADER_REG 4a90 00000000
R350_SHADER_REG 4a94 00000000
R350_SHADER_REG 4a98 00000000
R350_SHADER_REG 4a9c 00000000
R350_SHADER_REG 4aa0 00000000
R350_SHADER_REG 4aa4 00000000
R350_SHADER_REG 4aa8 00000000
R350_SHADER_REG 4aac 00000000
R350_SHADER_REG 4ab0 00000000
R350_SHADER_REG 4ab4 00000000
R350_SHADER_REG 4ab8 00000000
R350_SHADER_REG 4abc 00000000
R350_SHADER_REG 4ac0 00000000
R350_SHADER_REG 4ac4 00000000
R350_SHADER_REG 4ac8 00000000
R350_SHADER_REG 4acc 00000000
R350_SHADER_REG 4ad0 00000000
R350_SHADER_REG 4ad4 00000000
R350_SHADER_REG 4ad8 00000000
R350_SHADER_REG 4adc 00000000
R350_SHADER_REG 4ae0 00000000
R350_SHADER_REG 4ae4 00000000
R350_SHADER_REG 4ae8 00000000
R350_SHADER_REG 4aec 00000000
R350_SHADER_REG 4af0 00000000
R350_SHADER_REG 4af4 00000000
R350_SHADER_REG 4af8 00000000
R350_SHADER_REG 4afc 00000000
R350_SHADER_REG 4b00 00000000
R350_SHADER_REG 4b04 00000000
R350_SHADER_REG 4b08 00000000
R350_SHADER_REG 4b0c 00000000
R350_SHADER_REG 4b10 00000000
R350_SHADER_REG 4b14 00000000
R350_SHADER_REG 4b18 00000000
R350_SHADER_REG 4b1c 00000000
R350_SHADER_REG 4b20 00000000
R350_SHADER_REG 4b24 00000000
R350_SHADER_REG 4b28 00000000
R350_SHADER_REG 4b2c 00000000
R350_SHADER_REG 4b30 00000000
R350_SHADER_REG 4b34 00000000
R350_SHADER_REG 4b38 00000000
R350_SHADER_REG 4b3c 00000000
R350_SHADER_REG 4b40 00000000
R350_SHADER_REG 4b44 00000000
R350_SHADER_REG 4b48 00000000
R350_SHADER_REG 4b4c 00000000
R350_SHADER_REG 4b50 00000000
R350_SHADER_REG 4b54 00000000
R350_SHADER_REG 4b58 00000000
R350_SHADER_REG 4b5c 00000000
R350_SHADER_REG 4b60 00000000
R350_SHADER_REG 4b64 00000000
R350_SHADER_REG 4b68 00000000
R350_SHADER_REG 4b6c 00000000
R350_SHADER_REG 4b70 00000000
R350_SHADER_REG 4b74 00000000
R350_SHADER_REG 4b78 00000000
R350_SHADER_REG 4b7c 00000000
R350_SHADER_REG 4b80 00000000
R350_SHADER_REG 4b84 00000000
R350_SHADER_REG 4b88 00000000
R350_SHADER_REG 4b8c 00000000
R350_SHADER_REG 4b90 00000000
R350_SHADER_REG 4b94 00000000
R350_SHADER_REG 4b98 00000000
R350_SHADER_REG 4b9c 00000000
R350_SHADER_REG 4ba0 00000000
R350_SHADER_REG 4ba4 00000000
R350_SHADER_REG 4ba8 00000000
R350_SHADER_REG 4bac 00000000
R350_SHADER_REG 4bb0 00000000
R350_SHADER_REG 4bb4 00000000
R350_SHADER_REG 4bb8 00000000
R350_SHADER_REG 4bbc 00000000
R350_SHADER_REG 4bc0 00000000
R350_SHADER_REG 4bc4 00000000
R350_SHADER_REG 4bc8 00000000
R350_SHADER_REG 4bcc 00000000
R350_SHADER_REG 4bd0 00000000
R350_SHADER_REG 4bd4 00000c00
R350_SHADER_REG 4bd8 00000000
R350_SHADER_REG 4bdc 00000000
R350_SHADER_REG 4be0 00000000
R350_SHADER_REG 4be4 00000000
R350_SHADER_REG 4be8 00000000
R350_SHADER_REG 4bec 00000000
R350_SHADER_REG 4bf0 00000000
R350_SHADER_REG 4bf4 00000000
R350_SHADER_REG 4bf8 00000000
R350_SHADER_REG 4bfc 00000000
R350_SHADER_REG 4c00 003f0000
R350_SHADER_REG 4c04 003f0000
R350_SHADER_REG 4c08 003f0000
R350_SHADER_REG 4c0c 003f0000
R350_SHADER_REG 4c10 00000000
R350_SHADER_REG 4c14 00000000
R350_SHADER_REG 4c18 00000000
R350_SHADER_REG 4c1c 00000000
R350_SHADER_REG 4c20 00000000
R350_SHADER_REG 4c24 00000000
R350_SHADER_REG 4c28 00000000
R350_SHADER_REG 4c2c 00000000
R350_SHADER_REG 4c30 00000000
R350_SHADER_REG 4c34 00000000
R350_SHADER_REG 4c38 00000000
R350_SHADER_REG 4c3c 00000000
R350_SHADER_REG 4c40 00000000
R350_SHADER_REG 4c44 00000000
R350_SHADER_REG 4c48 00000000
R350_SHADER_REG 4c4c 00000000
R350_SHADER_REG 4c50 00000000
R350_SHADER_REG 4c54 00000000
R350_SHADER_REG 4c58 00000000
R350_SHADER_REG 4c5c 00000000
R350_SHADER_REG 4c60 00000000
R350_SHADER_REG 4c64 00000000
R350_SHADER_REG 4c68 00000000
R350_SHADER_REG 4c6c 00000000
R350_SHADER_REG 4c70 00000000
R350_SHADER_REG 4c74 00000000
R350_SHADER_REG 4c78 00000000
R350_SHADER_REG 4c7c 00000000
R350_SHADER_REG 4c80 00000000
R350_SHADER_REG 4c84 00000000
R350_SHADER_REG 4c88 00000000
R350_SHADER_REG 4c8c 00000000
R350_SHADER_REG 4c90 00000000
R350_SHADER_REG 4c94 00000000
R350_SHADER_REG 4c98 00000000
R350_SHADER_REG 4c9c 00000000
R350_SHADER_REG 4ca0 00000000
R350_SHADER_REG 4ca4 00000000
R350_SHADER_REG 4ca8 00000000
R350_SHADER_REG 4cac 00000000
R350_SHADER_REG 4cb0 00000000
R350_SHADER_REG 4cb4 00000000
R350_SHADER_REG 4cb8 00000000
R350_SHADER_REG 4cbc 00000000
R350_SHADER_REG 4cc0 00000000
R350_SHADER_REG 4cc4 00000000
R350_SHADER_REG 4cc8 00000000
R350_SHADER_REG 4ccc 00000000
R350_SHADER_REG 4cd0 00000000
R350_SHADER_REG 4cd4 00000000
R350_SHADER_REG 4cd8 00000000
R350_SHADER_REG 4cdc 00000000
R350_SHADER_REG 4ce0 00000000
R350_SHADER_REG 4ce4 00000000
R350_SHADER_REG 4ce8 00000000
R350_SHADER_REG 4cec 00000000
R350_SHADER_REG 4cf0 00000000
R350_SHADER_REG 4cf4 00000000
R350_SHADER_REG 4cf8 00000000
R350_SHADER_REG 4cfc 00000000
R350_SHADER_REG 4d00 00000000
R350_SHADER_REG 4d04 00000000
R350_SHADER_REG 4d08 00000000
R350_SHADER_REG 4d0c 00000000
R350_SHADER_REG 4d10 00000000
R350_SHADER_REG 4d14 00000000
R350_SHADER_REG 4d18 00000000
R350_SHADER_REG 4d1c 00000000
R350_SHADER_REG 4d20 00000000
R350_SHADER_REG 4d24 00000000
R350_SHADER_REG 4d28 00000000
R350_SHADER_REG 4d2c 00000000
R350_SHADER_REG 4d30 00000000
R350_SHADER_REG 4d34 00000000
R350_SHADER_REG 4d38 00000000
R350_SHADER_REG 4d3c 00000000
R350_SHADER_REG 4d40 00000000
R350_SHADER_REG 4d44 00000000
R350_SHADER_REG 4d48 00000000
R350_SHADER_REG 4d4c 00000000
R350_SHADER_REG 4d50 00000000
R350_SHADER_REG 4d54 00000000
R350_SHADER_REG 4d58 00000000
R350_SHADER_REG 4d5c 00000000
R350_SHADER_REG 4d60 00000000
R350_SHADER_REG 4d64 00000000
R350_SHADER_REG 4d68 00000000
R350_SHADER_REG 4d6c 00000000
R350_SHADER_REG 4d70 00000000
R350_SHADER_REG 4d74 00000000
R350_SHADER_REG 4d78 00000000
R350_SHADER_REG 4d7c 00000000
R350_SHADER_REG 4d80 00000000
R350_SHADER_REG 4d84 00000000
R350_SHADER_REG 4d88 00000000
R350_SHADER_REG 4d8c 00000000
R350_SHADER_REG 4d90 00000000
R350_SHADER_REG 4d94 00000000
R350_SHADER_REG 4d98 00000000
R350_SHADER_REG 4d9c 00000000
R350_SHADER_REG 4da0 00000000
R350_SHADER_REG 4da4 00000000
R350_SHADER_REG 4da8 00000000
R350_SHADER_REG 4dac 00000000
R350_SHADER_REG 4db0 00000000
R350_SHADER_REG 4db4 00000000
R350_SHADER_REG 4db8 00000000
R350_SHADER_REG 4dbc 00000000
R350_SHADER_REG 4dc0 00000000
R350_SHADER_REG 4dc4 00000000
R350_SHADER_REG 4dc8 00000000
R350_SHADER_REG 4dcc 00000000
R350_SHADER_REG 4dd0 00000000
R350_SHADER_REG 4dd4 00000000
R350_SHADER_REG 4dd8 00000000
R350_SHADER_REG 4ddc 00000000
R350_SHADER_REG 4de0 00000000
R350_SHADER_REG 4de4 00000000
R350_SHADER_REG 4de8 00000000
R350_SHADER_REG 4dec 00000000
R350_SHADER_REG 4df0 00000000
R350_SHADER_REG 4df4 00000000
R350_SHADER_REG 4df8 00000000
R350_SHADER_REG 4dfc 00000000
R350_SHADER_REG 4e00 00000000
R350_SHADER_REG 4e04 20220000
R350_SHADER_REG 4e08 00000000
R350_SHADER_REG 4e0c 0000000f
R350_SHADER_REG 4e10 00000000
R350_SHADER_REG 4e14 00000000
R350_SHADER_REG 4e18 00000000
R350_SHADER_REG 4e1c 00000000
R350_SHADER_REG 4e20 00000000
R350_SHADER_REG 4e24 00000000
R350_SHADER_REG 4e28 00300000
R350_SHADER_REG 4e2c 00000000
R350_SHADER_REG 4e30 00000000
R350_SHADER_REG 4e34 00000000
R350_SHADER_REG 4e38 2ed14400
R350_SHADER_REG 4e3c 00000000
R350_SHADER_REG 4e40 00000000
R350_SHADER_REG 4e44 00000000
R350_SHADER_REG 4e48 00000000
R350_SHADER_REG 4e4c 0000000a
R350_SHADER_REG 4e50 00000005
R350_SHADER_REG 4e54 00000001
R350_SHADER_REG 4e58 00000000
R350_SHADER_REG 4e5c 00000000
R350_SHADER_REG 4e60 00000000
R350_SHADER_REG 4e64 00000400
R350_SHADER_REG 4e68 00000000
R350_SHADER_REG 4e6c 00000000
R350_SHADER_REG 4e70 00000000
R350_SHADER_REG 4e74 00000000
R350_SHADER_REG 4e78 00000000
R350_SHADER_REG 4e7c 00000000
R350_SHADER_REG 4e80 00000000
R350_SHADER_REG 4e84 00000000
R350_SHADER_REG 4e88 00000000
R350_SHADER_REG 4e8c 00000000
R350_SHADER_REG 4e90 00000000
R350_SHADER_REG 4e94 00000000
R350_SHADER_REG 4e98 00000000
R350_SHADER_REG 4e9c 00000000
R350_SHADER_REG 4ea0 00000000
R350_SHADER_REG 4ea4 00000000
R350_SHADER_REG 4ea8 00000000
R350_SHADER_REG 4eac 00000000
R350_SHADER_REG 4eb0 00000000
R350_SHADER_REG 4eb4 00000000
R350_SHADER_REG 4eb8 00000000
R350_SHADER_REG 4ebc 00000000
R350_SHADER_REG 4ec0 00000000
R350_SHADER_REG 4ec4 00000000
R350_SHADER_REG 4ec8 00000000
R350_SHADER_REG 4ecc 00000000
R350_SHADER_REG 4ed0 00000000
R350_SHADER_REG 4ed4 00000000
R350_SHADER_REG 4ed8 00000000
R350_SHADER_REG 4edc 00000000
R350_SHADER_REG 4ee0 00000000
R350_SHADER_REG 4ee4 00000000
R350_SHADER_REG 4ee8 00000000
R350_SHADER_REG 4eec 00000000
R350_SHADER_REG 4ef0 00000000
R350_SHADER_REG 4ef4 00000000
R350_SHADER_REG 4ef8 00000000
R350_SHADER_REG 4efc 00000000
R350_SHADER_REG 4f00 00000010
R350_SHADER_REG 4f04 00000000
R350_SHADER_REG 4f08 00ffff00
R350_SHADER_REG 4f0c 00000000
R350_SHADER_REG 4f10 00000000
R350_SHADER_REG 4f14 00000001
R350_SHADER_REG 4f18 00000003
R350_SHADER_REG 4f1c 00000000
R350_SHADER_REG 4f20 00000000
R350_SHADER_REG 4f24 00000000
R350_SHADER_REG 4f28 00000000
R350_SHADER_REG 4f2c 00000000
R350_SHADER_REG 4f30 00000000
R350_SHADER_REG 4f34 00000000
R350_SHADER_REG 4f38 00000000
R350_SHADER_REG 4f3c 00000000
R350_SHADER_REG 4f40 00000000
R350_SHADER_REG 4f44 00000000
R350_SHADER_REG 4f48 00000000
R350_SHADER_REG 4f4c 00000000
R350_SHADER_REG 4f50 00000000
R350_SHADER_REG 4f54 00000000
R350_SHADER_REG 4f58 00000000
R350_SHADER_REG 4f5c 00000000
R350_SHADER_REG 4f60 00000000
R350_SHADER_REG 4f64 00000000
R350_SHADER_REG 4f68 00000000
R350_SHADER_REG 4f6c 00000000
R350_SHADER_REG 4f70 00000000
R350_SHADER_REG 4f74 00000000
R350_SHADER_REG 4f78 00000000
R350_SHADER_REG 4f7c 00000000
R350_SHADER_REG 4f80 00000000
R350_SHADER_REG 4f84 00000000
R350_SHADER_REG 4f88 00000000
R350_SHADER_REG 4f8c 00000000
R350_SHADER_REG 4f90 00000000
R350_SHADER_REG 4f94 00000000
R350_SHADER_REG 4f98 00000000
R350_SHADER_REG 4f9c 00000000
R350_SHADER_REG 4fa0 00000000
R350_SHADER_REG 4fa4 00000000
R350_SHADER_REG 4fa8 00000000
R350_SHADER_REG 4fac 00000000
R350_SHADER_REG 4fb0 00000000
R350_SHADER_REG 4fb4 00000000
R350_SHADER_REG 4fb8 00000000
R350_SHADER_REG 4fbc 00000000
R350_SHADER_REG 4fc0 00000000
R350_SHADER_REG 4fc4 00000000
R350_SHADER_REG 4fc8 00000000
R350_SHADER_REG 4fcc 00000000
R350_SHADER_REG 4fd0 00000000
R350_SHADER_REG 4fd4 00000000
R350_SHADER_REG 4fd8 00000000
R350_SHADER_REG 4fdc 00000000
R350_SHADER_REG 4fe0 00000000
R350_SHADER_REG 4fe4 00000000
R350_SHADER_REG 4fe8 00000000
R350_SHADER_REG 4fec 00000000
R350_SHADER_REG 4ff0 00000000
R350_SHADER_REG 4ff4 00000000
R350_SHADER_REG 4ff8 00000000
R350_SHADER_REG 4ffc 00000000
R350_SHADER_PVS 080 0 00100201
R350_SHADER_PVS 080 1 00d10002
R350_SHADER_PVS 080 2 00d10001
R350_SHADER_PVS 080 3 00d10005
R350_SHADER_PVS 081 0 00200201
R350_SHADER_PVS 081 1 00d10022
R350_SHADER_PVS 081 2 00d10001
R350_SHADER_PVS 081 3 00d10005
R350_SHADER_PVS 082 0 00400201
R350_SHADER_PVS 082 1 00d10042
R350_SHADER_PVS 082 2 00d10001
R350_SHADER_PVS 082 3 00d10005
R350_SHADER_PVS 083 0 00800201
R350_SHADER_PVS 083 1 00d10062
R350_SHADER_PVS 083 2 00d10001
R350_SHADER_PVS 083 3 00d10005
R350_SHADER_PVS 084 0 00104201
R350_SHADER_PVS 084 1 00d10082
R350_SHADER_PVS 084 2 00d10041
R350_SHADER_PVS 084 3 00d10045
R350_SHADER_PVS 085 0 00204201
R350_SHADER_PVS 085 1 00d100a2
R350_SHADER_PVS 085 2 00d10041
R350_SHADER_PVS 085 3 00d10045
R350_SHADER_PVS 086 0 00404201
R350_SHADER_PVS 086 1 00d100c2
R350_SHADER_PVS 086 2 00d10041
R350_SHADER_PVS 086 3 00d10045
R350_SHADER_PVS 087 0 00804201
R350_SHADER_PVS 087 1 00d100e2
R350_SHADER_PVS 087 2 00d10041
R350_SHADER_PVS 087 3 00d10045
R350_SHADER_PVS 088 0 00f02202
R350_SHADER_PVS 088 1 00d10021
R350_SHADER_PVS 088 2 016da021
R350_SHADER_PVS 088 3 016da025
R350_SHADER_PVS 0fe 0 00f00202
R350_SHADER_PVS 0fe 1 00d10001
R350_SHADER_PVS 0fe 2 016da001
R350_SHADER_PVS 0fe 3 016da001
R350_SHADER_PVS 0ff 0 00f02202
R350_SHADER_PVS 0ff 1 00d10021
R350_SHADER_PVS 0ff 2 016da021
R350_SHADER_PVS 0ff 3 016da021
R350_SHADER_PVS 280 0 3b000000
R350_SHADER_PVS 280 1 00000000
R350_SHADER_PVS 280 2 00000000
R350_SHADER_PVS 280 3 bf800000
R350_SHADER_PVS 281 0 00000000
R350_SHADER_PVS 281 1 bb2aaaab
R350_SHADER_PVS 281 2 00000000
R350_SHADER_PVS 281 3 3f800000
R350_SHADER_PVS 282 0 00000000
R350_SHADER_PVS 282 1 00000000
R350_SHADER_PVS 282 2 bf800000
R350_SHADER_PVS 282 3 00000000
R350_SHADER_PVS 283 0 00000000
R350_SHADER_PVS 283 1 00000000
R350_SHADER_PVS 283 2 00000000
R350_SHADER_PVS 283 3 3f800000
R350_SHADER_PVS 284 0 3b800000
R350_SHADER_PVS 284 1 00000000
R350_SHADER_PVS 284 2 00000000
R350_SHADER_PVS 284 3 00000000
R350_SHADER_PVS 285 0 00000000
R350_SHADER_PVS 285 1 3b800000
R350_SHADER_PVS 285 2 00000000
R350_SHADER_PVS 285 3 00000000
R350_SHADER_PVS 286 0 00000000
R350_SHADER_PVS 286 1 00000000
R350_SHADER_PVS 286 2 3f800000
R350_SHADER_PVS 286 3 00000000
R350_SHADER_PVS 287 0 00000000
R350_SHADER_PVS 287 1 00000000
R350_SHADER_PVS 287 2 00000000
R350_SHADER_PVS 287 3 3f800000
R350_SHADER_PVS 406 0 00000000
R350_SHADER_PVS 406 1 00000000
R350_SHADER_PVS 406 2 00000000
R350_SHADER_PVS 406 3 00000000
R350_SHADER_END draw=3
R350_PROBE unsupported_3d_draw count=3; R200 renderer deliberately not used
R350_PROBE write reg=0x4400 value=0x00000a12 count=4
R350_PROBE write reg=0x4440 value=0x00001fe8 count=4
R350_PROBE write reg=0x4480 value=0x8007f8ff count=4
R350_PROBE write reg=0x44c0 value=0x0000aa0c count=4
R350_PROBE write reg=0x45c0 value=0x00000000 count=4
R350_PROBE write reg=0x4580 value=0x00000000 count=4
R350_PROBE write reg=0x4500 value=0x000000ff count=4
R350_PROBE write reg=0x4104 value=0x00000001 count=6
R350_PROBE write reg=0x4c00 value=0x003f0000 count=7
R350_PROBE write reg=0x4c04 value=0x003f0000 count=7
R350_PROBE write reg=0x4c08 value=0x003f0000 count=7
R350_PROBE write reg=0x4c0c value=0x003f0000 count=7
R350_PROBE write reg=0x4e4c value=0x00000000 count=16
R350_PROBE write reg=0x15d4 value=0x00000002 count=5
R350_PROBE write reg=0x146c value=0x42cc36f3 count=4
R350_PROBE write reg=0x15ac value=0x10054c00 count=4
R350_PROBE write reg=0x15b0 value=0x00001000 count=4
R350_PROBE write reg=0x1404 value=0x006c0000 count=4
R350_PROBE write reg=0x1408 value=0x00000400 count=4
R350_PROBE write reg=0x1704 value=0x00000000 count=4
R350_PROBE write reg=0x1700 value=0x00000000 count=4
R350_PROBE write reg=0x1434 value=0x00000000 count=4
R350_PROBE write reg=0x1438 value=0x00000000 count=4
R350_PROBE write reg=0x143c value=0x01000100 count=4
R350_PROBE write reg=0x342c value=0x00000005 count=8
R350_PROBE write reg=0x142c value=0x50000c00 count=7
R350_PROBE write reg=0x4540 value=0x006c0000 count=4
R350_SHADER_BEGIN draw=4 subset=requires one texture-free ALU node with one instruction
R350_SHADER_REG 2080 0030045a
R350_SHADER_REG 2084 00000000
R350_SHADER_REG 2088 00000000
R350_SHADER_REG 208c 00000000
R350_SHADER_REG 2090 00000003
R350_SHADER_REG 2094 00000004
R350_SHADER_REG 2098 00000000
R350_SHADER_REG 209c 00000000
R350_SHADER_REG 20a0 00000000
R350_SHADER_REG 20a4 00000000
R350_SHADER_REG 20a8 00000000
R350_SHADER_REG 20ac 00000000
R350_SHADER_REG 20b0 0000043f
R350_SHADER_REG 20b4 0000000c
R350_SHADER_REG 20b8 00000000
R350_SHADER_REG 20bc 00000000
R350_SHADER_REG 20c0 00000000
R350_SHADER_REG 20c4 00000000
R350_SHADER_REG 20c8 00000000
R350_SHADER_REG 20cc 00000000
R350_SHADER_REG 20d0 00000000
R350_SHADER_REG 20d4 00000000
R350_SHADER_REG 20d8 00000000
R350_SHADER_REG 20dc 00000000
R350_SHADER_REG 20e0 00000000
R350_SHADER_REG 20e4 00000000
R350_SHADER_REG 20e8 00000000
R350_SHADER_REG 20ec 00000000
R350_SHADER_REG 20f0 00000000
R350_SHADER_REG 20f4 00000000
R350_SHADER_REG 20f8 00000000
R350_SHADER_REG 20fc 00000000
R350_SHADER_REG 2100 00000000
R350_SHADER_REG 2104 00000000
R350_SHADER_REG 2108 00000000
R350_SHADER_REG 210c 00000000
R350_SHADER_REG 2110 00000000
R350_SHADER_REG 2114 00000000
R350_SHADER_REG 2118 00000000
R350_SHADER_REG 211c 00000000
R350_SHADER_REG 2120 00000000
R350_SHADER_REG 2124 00000000
R350_SHADER_REG 2128 00000000
R350_SHADER_REG 212c 00000000
R350_SHADER_REG 2130 00000000
R350_SHADER_REG 2134 00ffffff
R350_SHADER_REG 2138 00000000
R350_SHADER_REG 213c 00000000
R350_SHADER_REG 2140 00000000
R350_SHADER_REG 2144 00000000
R350_SHADER_REG 2148 00000000
R350_SHADER_REG 214c 00000000
R350_SHADER_REG 2150 00000000
R350_SHADER_REG 2154 00002203
R350_SHADER_REG 2158 00000000
R350_SHADER_REG 215c 00000000
R350_SHADER_REG 2160 00000000
R350_SHADER_REG 2164 00000000
R350_SHADER_REG 2168 00000000
R350_SHADER_REG 216c 00000000
R350_SHADER_REG 2170 00000000
R350_SHADER_REG 2174 00000000
R350_SHADER_REG 2178 00000000
R350_SHADER_REG 217c 00000000
R350_SHADER_REG 2180 00000000
R350_SHADER_REG 2184 00000405
R350_SHADER_REG 2188 00000000
R350_SHADER_REG 218c 00000000
R350_SHADER_REG 2190 00000000
R350_SHADER_REG 2194 00000000
R350_SHADER_REG 2198 00000000
R350_SHADER_REG 219c 00000000
R350_SHADER_REG 21a0 00000000
R350_SHADER_REG 21a4 00000000
R350_SHADER_REG 21a8 00000000
R350_SHADER_REG 21ac 00000000
R350_SHADER_REG 21b0 00000000
R350_SHADER_REG 21b4 00000000
R350_SHADER_REG 21b8 00000000
R350_SHADER_REG 21bc 00000000
R350_SHADER_REG 21c0 00000000
R350_SHADER_REG 21c4 00000000
R350_SHADER_REG 21c8 00000000
R350_SHADER_REG 21cc 00000000
R350_SHADER_REG 21d0 00000000
R350_SHADER_REG 21d4 00000000
R350_SHADER_REG 21d8 00000000
R350_SHADER_REG 21dc aaaaaaaa
R350_SHADER_REG 21e0 f688f688
R350_SHADER_REG 21e4 0000f688
R350_SHADER_REG 21e8 00000000
R350_SHADER_REG 21ec 00000000
R350_SHADER_REG 21f0 00000000
R350_SHADER_REG 21f4 00000000
R350_SHADER_REG 21f8 00000000
R350_SHADER_REG 21fc 00000000
R350_SHADER_REG 2200 00000280
R350_SHADER_REG 2204 00000000
R350_SHADER_REG 2208 3f800000
R350_SHADER_REG 220c 00000000
R350_SHADER_REG 2210 00000000
R350_SHADER_REG 2214 00000000
R350_SHADER_REG 2218 00000000
R350_SHADER_REG 221c 00000000
R350_SHADER_REG 2220 3f800000
R350_SHADER_REG 2224 3f800000
R350_SHADER_REG 2228 3f800000
R350_SHADER_REG 222c 3f800000
R350_SHADER_REG 2230 00000000
R350_SHADER_REG 2234 00000000
R350_SHADER_REG 2238 00000000
R350_SHADER_REG 223c 00000000
R350_SHADER_REG 2240 00000000
R350_SHADER_REG 2244 00000000
R350_SHADER_REG 2248 00000000
R350_SHADER_REG 224c 00000000
R350_SHADER_REG 2250 00000000
R350_SHADER_REG 2254 00000000
R350_SHADER_REG 2258 00000000
R350_SHADER_REG 225c 00000000
R350_SHADER_REG 2260 00000000
R350_SHADER_REG 2264 00000000
R350_SHADER_REG 2268 00000000
R350_SHADER_REG 226c 00000000
R350_SHADER_REG 2270 00000000
R350_SHADER_REG 2274 00000000
R350_SHADER_REG 2278 00000000
R350_SHADER_REG 227c 00000000
R350_SHADER_REG 2280 00000000
R350_SHADER_REG 2284 00000000
R350_SHADER_REG 2288 0000ffff
R350_SHADER_REG 228c 00000000
R350_SHADER_REG 2290 00000000
R350_SHADER_REG 2294 00000000
R350_SHADER_REG 2298 00000000
R350_SHADER_REG 229c 00000000
R350_SHADER_REG 22a0 00000000
R350_SHADER_REG 22a4 00000000
R350_SHADER_REG 22a8 00000000
R350_SHADER_REG 22ac 00000000
R350_SHADER_REG 22b0 00000000
R350_SHADER_REG 22b4 00000000
R350_SHADER_REG 22b8 00000000
R350_SHADER_REG 22bc 00000000
R350_SHADER_REG 22c0 00000000
R350_SHADER_REG 22c4 00000000
R350_SHADER_REG 22c8 00000000
R350_SHADER_REG 22cc 00000000
R350_SHADER_REG 22d0 08820c80
R350_SHADER_REG 22d4 00080080
R350_SHADER_REG 22d8 00000088
R350_SHADER_REG 4000 00000000
R350_SHADER_REG 4004 00000000
R350_SHADER_REG 4008 00000007
R350_SHADER_REG 400c 00000000
R350_SHADER_REG 4010 66666666
R350_SHADER_REG 4014 06666666
R350_SHADER_REG 4018 00000017
R350_SHADER_REG 401c 00000000
R350_SHADER_REG 4020 00000000
R350_SHADER_REG 4024 00000000
R350_SHADER_REG 4028 00000000
R350_SHADER_REG 402c 00000000
R350_SHADER_REG 4030 00000000
R350_SHADER_REG 4034 00000000
R350_SHADER_REG 4038 00000000
R350_SHADER_REG 403c 00000000
R350_SHADER_REG 4040 00000000
R350_SHADER_REG 4044 00000000
R350_SHADER_REG 4048 00000000
R350_SHADER_REG 404c 00000000
R350_SHADER_REG 4050 00000000
R350_SHADER_REG 4054 00000000
R350_SHADER_REG 4058 00000000
R350_SHADER_REG 405c 00000000
R350_SHADER_REG 4060 00000000
R350_SHADER_REG 4064 00000000
R350_SHADER_REG 4068 00000000
R350_SHADER_REG 406c 00000000
R350_SHADER_REG 4070 00000000
R350_SHADER_REG 4074 00000000
R350_SHADER_REG 4078 00000000
R350_SHADER_REG 407c 00000000
R350_SHADER_REG 4080 00000000
R350_SHADER_REG 4084 00000000
R350_SHADER_REG 4088 00000000
R350_SHADER_REG 408c 00000000
R350_SHADER_REG 4090 00000000
R350_SHADER_REG 4094 00000000
R350_SHADER_REG 4098 00000000
R350_SHADER_REG 409c 00000000
R350_SHADER_REG 40a0 00000000
R350_SHADER_REG 40a4 00000000
R350_SHADER_REG 40a8 00000000
R350_SHADER_REG 40ac 00000000
R350_SHADER_REG 40b0 00000000
R350_SHADER_REG 40b4 00000000
R350_SHADER_REG 40b8 00000000
R350_SHADER_REG 40bc 00000000
R350_SHADER_REG 40c0 00000000
R350_SHADER_REG 40c4 00000000
R350_SHADER_REG 40c8 00000000
R350_SHADER_REG 40cc 00000000
R350_SHADER_REG 40d0 00000000
R350_SHADER_REG 40d4 00000000
R350_SHADER_REG 40d8 00000000
R350_SHADER_REG 40dc 00000000
R350_SHADER_REG 40e0 00000000
R350_SHADER_REG 40e4 00000000
R350_SHADER_REG 40e8 00000000
R350_SHADER_REG 40ec 00000000
R350_SHADER_REG 40f0 00000000
R350_SHADER_REG 40f4 00000000
R350_SHADER_REG 40f8 00000000
R350_SHADER_REG 40fc 00000000
R350_SHADER_REG 4100 00000000
R350_SHADER_REG 4104 00000001
R350_SHADER_REG 4108 00000000
R350_SHADER_REG 410c 00000000
R350_SHADER_REG 4110 00000000
R350_SHADER_REG 4114 00000000
R350_SHADER_REG 4118 00000000
R350_SHADER_REG 411c 00000000
R350_SHADER_REG 4120 00000000
R350_SHADER_REG 4124 00000000
R350_SHADER_REG 4128 00000000
R350_SHADER_REG 412c 00000000
R350_SHADER_REG 4130 00000000
R350_SHADER_REG 4134 00000000
R350_SHADER_REG 4138 00000000
R350_SHADER_REG 413c 00000000
R350_SHADER_REG 4140 00000000
R350_SHADER_REG 4144 00000000
R350_SHADER_REG 4148 00000000
R350_SHADER_REG 414c 00000000
R350_SHADER_REG 4150 00000000
R350_SHADER_REG 4154 00000000
R350_SHADER_REG 4158 00000000
R350_SHADER_REG 415c 00000000
R350_SHADER_REG 4160 00000000
R350_SHADER_REG 4164 00000000
R350_SHADER_REG 4168 00000000
R350_SHADER_REG 416c 00000000
R350_SHADER_REG 4170 00000000
R350_SHADER_REG 4174 00000000
R350_SHADER_REG 4178 00000000
R350_SHADER_REG 417c 00000000
R350_SHADER_REG 4180 00000000
R350_SHADER_REG 4184 00000000
R350_SHADER_REG 4188 00000000
R350_SHADER_REG 418c 00000000
R350_SHADER_REG 4190 00000000
R350_SHADER_REG 4194 00000000
R350_SHADER_REG 4198 00000000
R350_SHADER_REG 419c 00000000
R350_SHADER_REG 41a0 00000000
R350_SHADER_REG 41a4 00000000
R350_SHADER_REG 41a8 00000000
R350_SHADER_REG 41ac 00000000
R350_SHADER_REG 41b0 00000000
R350_SHADER_REG 41b4 00000000
R350_SHADER_REG 41b8 00000000
R350_SHADER_REG 41bc 00000000
R350_SHADER_REG 41c0 00000000
R350_SHADER_REG 41c4 00000000
R350_SHADER_REG 41c8 00000000
R350_SHADER_REG 41cc 00000000
R350_SHADER_REG 41d0 00000000
R350_SHADER_REG 41d4 00000000
R350_SHADER_REG 41d8 00000000
R350_SHADER_REG 41dc 00000000
R350_SHADER_REG 41e0 00000000
R350_SHADER_REG 41e4 00000000
R350_SHADER_REG 41e8 00000000
R350_SHADER_REG 41ec 00000000
R350_SHADER_REG 41f0 00000000
R350_SHADER_REG 41f4 00000000
R350_SHADER_REG 41f8 00000000
R350_SHADER_REG 41fc 00000000
R350_SHADER_REG 4200 00000000
R350_SHADER_REG 4204 00000000
R350_SHADER_REG 4208 3f800000
R350_SHADER_REG 420c 3f800000
R350_SHADER_REG 4210 00000000
R350_SHADER_REG 4214 00050005
R350_SHADER_REG 4218 00000000
R350_SHADER_REG 421c 00060006
R350_SHADER_REG 4220 00000000
R350_SHADER_REG 4224 00000000
R350_SHADER_REG 4228 00000000
R350_SHADER_REG 422c 00000000
R350_SHADER_REG 4230 01800006
R350_SHADER_REG 4234 00020006
R350_SHADER_REG 4238 00000000
R350_SHADER_REG 423c 00000000
R350_SHADER_REG 4240 00000000
R350_SHADER_REG 4244 00000000
R350_SHADER_REG 4248 00000000
R350_SHADER_REG 424c 00000000
R350_SHADER_REG 4250 00000000
R350_SHADER_REG 4254 00000000
R350_SHADER_REG 4258 00000000
R350_SHADER_REG 425c 00000000
R350_SHADER_REG 4260 00000000
R350_SHADER_REG 4264 00000000
R350_SHADER_REG 4268 3f800000
R350_SHADER_REG 426c 00000000
R350_SHADER_REG 4270 00000000
R350_SHADER_REG 4274 00000002
R350_SHADER_REG 4278 0003aaaa
R350_SHADER_REG 427c 00000000
R350_SHADER_REG 4280 00000000
R350_SHADER_REG 4284 00000000
R350_SHADER_REG 4288 00000000
R350_SHADER_REG 428c 00000001
R350_SHADER_REG 4290 00000000
R350_SHADER_REG 4294 00000000
R350_SHADER_REG 4298 00000000
R350_SHADER_REG 429c 00000400
R350_SHADER_REG 42a0 00000000
R350_SHADER_REG 42a4 00000000
R350_SHADER_REG 42a8 00000000
R350_SHADER_REG 42ac 00000000
R350_SHADER_REG 42b0 00000000
R350_SHADER_REG 42b4 00000000
R350_SHADER_REG 42b8 00000000
R350_SHADER_REG 42bc 00000000
R350_SHADER_REG 42c0 4b7fffff
R350_SHADER_REG 42c4 00000000
R350_SHADER_REG 42c8 00000000
R350_SHADER_REG 42cc 00000000
R350_SHADER_REG 42d0 00000000
R350_SHADER_REG 42d4 00000000
R350_SHADER_REG 42d8 00000000
R350_SHADER_REG 42dc 00000000
R350_SHADER_REG 42e0 00000000
R350_SHADER_REG 42e4 00000000
R350_SHADER_REG 42e8 00000000
R350_SHADER_REG 42ec 00000000
R350_SHADER_REG 42f0 00000000
R350_SHADER_REG 42f4 00000000
R350_SHADER_REG 42f8 00000000
R350_SHADER_REG 42fc 00000000
R350_SHADER_REG 4300 00040084
R350_SHADER_REG 4304 00000000
R350_SHADER_REG 4308 00000000
R350_SHADER_REG 430c 00000000
R350_SHADER_REG 4310 00d10000
R350_SHADER_REG 4314 00d10044
R350_SHADER_REG 4318 00d10084
R350_SHADER_REG 431c 00d100c4
R350_SHADER_REG 4320 00d10004
R350_SHADER_REG 4324 00d10004
R350_SHADER_REG 4328 00d10004
R350_SHADER_REG 432c 00d10004
R350_SHADER_REG 4330 00004048
R350_SHADER_REG 4334 00000000
R350_SHADER_REG 4338 00000000
R350_SHADER_REG 433c 00000000
R350_SHADER_REG 4340 00000000
R350_SHADER_REG 4344 00000000
R350_SHADER_REG 4348 00000000
R350_SHADER_REG 434c 00000000
R350_SHADER_REG 4350 00000000
R350_SHADER_REG 4354 00000000
R350_SHADER_REG 4358 00000000
R350_SHADER_REG 435c 00000000
R350_SHADER_REG 4360 00000000
R350_SHADER_REG 4364 00000000
R350_SHADER_REG 4368 00000000
R350_SHADER_REG 436c 00000000
R350_SHADER_REG 4370 00000000
R350_SHADER_REG 4374 00000000
R350_SHADER_REG 4378 00000000
R350_SHADER_REG 437c 00000000
R350_SHADER_REG 4380 00000000
R350_SHADER_REG 4384 00000000
R350_SHADER_REG 4388 00000000
R350_SHADER_REG 438c 00000000
R350_SHADER_REG 4390 00000000
R350_SHADER_REG 4394 00000000
R350_SHADER_REG 4398 00000000
R350_SHADER_REG 439c 00000000
R350_SHADER_REG 43a0 00000000
R350_SHADER_REG 43a4 00000000
R350_SHADER_REG 43a8 2da49525
R350_SHADER_REG 43ac 00000000
R350_SHADER_REG 43b0 00b405a0
R350_SHADER_REG 43b4 011409a0
R350_SHADER_REG 43b8 00000000
R350_SHADER_REG 43bc 03ffffff
R350_SHADER_REG 43c0 00000000
R350_SHADER_REG 43c4 03ffffff
R350_SHADER_REG 43c8 00000000
R350_SHADER_REG 43cc 03ffffff
R350_SHADER_REG 43d0 0000aaaa
R350_SHADER_REG 43d4 00000000
R350_SHADER_REG 43d8 00000000
R350_SHADER_REG 43dc 00000000
R350_SHADER_REG 43e0 00b405a0
R350_SHADER_REG 43e4 0113e99f
R350_SHADER_REG 43e8 00ffffff
R350_SHADER_REG 43ec 00000000
R350_SHADER_REG 43f0 00000000
R350_SHADER_REG 43f4 00000000
R350_SHADER_REG 43f8 00000000
R350_SHADER_REG 43fc 00000000
R350_SHADER_REG 4400 00000a12
R350_SHADER_REG 4404 00000000
R350_SHADER_REG 4408 00000000
R350_SHADER_REG 440c 00000000
R350_SHADER_REG 4410 00000000
R350_SHADER_REG 4414 00000000
R350_SHADER_REG 4418 00000000
R350_SHADER_REG 441c 00000000
R350_SHADER_REG 4420 00000000
R350_SHADER_REG 4424 00000000
R350_SHADER_REG 4428 00000000
R350_SHADER_REG 442c 00000000
R350_SHADER_REG 4430 00000000
R350_SHADER_REG 4434 00000000
R350_SHADER_REG 4438 00000000
R350_SHADER_REG 443c 00000000
R350_SHADER_REG 4440 00001fe8
R350_SHADER_REG 4444 00000000
R350_SHADER_REG 4448 00000000
R350_SHADER_REG 444c 00000000
R350_SHADER_REG 4450 00000000
R350_SHADER_REG 4454 00000000
R350_SHADER_REG 4458 00000000
R350_SHADER_REG 445c 00000000
R350_SHADER_REG 4460 00000000
R350_SHADER_REG 4464 00000000
R350_SHADER_REG 4468 00000000
R350_SHADER_REG 446c 00000000
R350_SHADER_REG 4470 00000000
R350_SHADER_REG 4474 00000000
R350_SHADER_REG 4478 00000000
R350_SHADER_REG 447c 00000000
R350_SHADER_REG 4480 8007f8ff
R350_SHADER_REG 4484 00000000
R350_SHADER_REG 4488 00000000
R350_SHADER_REG 448c 00000000
R350_SHADER_REG 4490 00000000
R350_SHADER_REG 4494 00000000
R350_SHADER_REG 4498 00000000
R350_SHADER_REG 449c 00000000
R350_SHADER_REG 44a0 00000000
R350_SHADER_REG 44a4 00000000
R350_SHADER_REG 44a8 00000000
R350_SHADER_REG 44ac 00000000
R350_SHADER_REG 44b0 00000000
R350_SHADER_REG 44b4 00000000
R350_SHADER_REG 44b8 00000000
R350_SHADER_REG 44bc 00000000
R350_SHADER_REG 44c0 0000aa0c
R350_SHADER_REG 44c4 00000000
R350_SHADER_REG 44c8 00000000
R350_SHADER_REG 44cc 00000000
R350_SHADER_REG 44d0 00000000
R350_SHADER_REG 44d4 00000000
R350_SHADER_REG 44d8 00000000
R350_SHADER_REG 44dc 00000000
R350_SHADER_REG 44e0 00000000
R350_SHADER_REG 44e4 00000000
R350_SHADER_REG 44e8 00000000
R350_SHADER_REG 44ec 00000000
R350_SHADER_REG 44f0 00000000
R350_SHADER_REG 44f4 00000000
R350_SHADER_REG 44f8 00000000
R350_SHADER_REG 44fc 00000000
R350_SHADER_REG 4500 000000ff
R350_SHADER_REG 4504 00000000
R350_SHADER_REG 4508 00000000
R350_SHADER_REG 450c 00000000
R350_SHADER_REG 4510 00000000
R350_SHADER_REG 4514 00000000
R350_SHADER_REG 4518 00000000
R350_SHADER_REG 451c 00000000
R350_SHADER_REG 4520 00000000
R350_SHADER_REG 4524 00000000
R350_SHADER_REG 4528 00000000
R350_SHADER_REG 452c 00000000
R350_SHADER_REG 4530 00000000
R350_SHADER_REG 4534 00000000
R350_SHADER_REG 4538 00000000
R350_SHADER_REG 453c 00000000
R350_SHADER_REG 4540 006c0000
R350_SHADER_REG 4544 00000000
R350_SHADER_REG 4548 00000000
R350_SHADER_REG 454c 00000000
R350_SHADER_REG 4550 00000000
R350_SHADER_REG 4554 00000000
R350_SHADER_REG 4558 00000000
R350_SHADER_REG 455c 00000000
R350_SHADER_REG 4560 00000000
R350_SHADER_REG 4564 00000000
R350_SHADER_REG 4568 00000000
R350_SHADER_REG 456c 00000000
R350_SHADER_REG 4570 00000000
R350_SHADER_REG 4574 00000000
R350_SHADER_REG 4578 00000000
R350_SHADER_REG 457c 00000000
R350_SHADER_REG 4580 00000000
R350_SHADER_REG 4584 00000000
R350_SHADER_REG 4588 00000000
R350_SHADER_REG 458c 00000000
R350_SHADER_REG 4590 00000000
R350_SHADER_REG 4594 00000000
R350_SHADER_REG 4598 00000000
R350_SHADER_REG 459c 00000000
R350_SHADER_REG 45a0 00000000
R350_SHADER_REG 45a4 00000000
R350_SHADER_REG 45a8 00000000
R350_SHADER_REG 45ac 00000000
R350_SHADER_REG 45b0 00000000
R350_SHADER_REG 45b4 00000000
R350_SHADER_REG 45b8 00000000
R350_SHADER_REG 45bc 00000000
R350_SHADER_REG 45c0 00000000
R350_SHADER_REG 45c4 00000000
R350_SHADER_REG 45c8 00000000
R350_SHADER_REG 45cc 00000000
R350_SHADER_REG 45d0 00000000
R350_SHADER_REG 45d4 00000000
R350_SHADER_REG 45d8 00000000
R350_SHADER_REG 45dc 00000000
R350_SHADER_REG 45e0 00000000
R350_SHADER_REG 45e4 00000000
R350_SHADER_REG 45e8 00000000
R350_SHADER_REG 45ec 00000000
R350_SHADER_REG 45f0 00000000
R350_SHADER_REG 45f4 00000000
R350_SHADER_REG 45f8 00000000
R350_SHADER_REG 45fc 00000000
R350_SHADER_REG 4600 00000008
R350_SHADER_REG 4604 00000001
R350_SHADER_REG 4608 00000002
R350_SHADER_REG 460c 00000000
R350_SHADER_REG 4610 00000000
R350_SHADER_REG 4614 00000000
R350_SHADER_REG 4618 00000000
R350_SHADER_REG 461c 00400000
R350_SHADER_REG 4620 00018041
R350_SHADER_REG 4624 00000000
R350_SHADER_REG 4628 00000000
R350_SHADER_REG 462c 00000000
R350_SHADER_REG 4630 00000000
R350_SHADER_REG 4634 00000000
R350_SHADER_REG 4638 00000000
R350_SHADER_REG 463c 00000000
R350_SHADER_REG 4640 00000000
R350_SHADER_REG 4644 00000000
R350_SHADER_REG 4648 00000000
R350_SHADER_REG 464c 00000000
R350_SHADER_REG 4650 00000000
R350_SHADER_REG 4654 00000000
R350_SHADER_REG 4658 00000000
R350_SHADER_REG 465c 00000000
R350_SHADER_REG 4660 00000000
R350_SHADER_REG 4664 00000000
R350_SHADER_REG 4668 00000000
R350_SHADER_REG 466c 00000000
R350_SHADER_REG 4670 00000000
R350_SHADER_REG 4674 00000000
R350_SHADER_REG 4678 00000000
R350_SHADER_REG 467c 00000000
R350_SHADER_REG 4680 00000000
R350_SHADER_REG 4684 00000000
R350_SHADER_REG 4688 00000000
R350_SHADER_REG 468c 00000000
R350_SHADER_REG 4690 00000000
R350_SHADER_REG 4694 00000000
R350_SHADER_REG 4698 00000000
R350_SHADER_REG 469c 00000000
R350_SHADER_REG 46a0 00000000
R350_SHADER_REG 46a4 00001b00
R350_SHADER_REG 46a8 0000000f
R350_SHADER_REG 46ac 0000000f
R350_SHADER_REG 46b0 0000000f
R350_SHADER_REG 46b4 00000001
R350_SHADER_REG 46b8 00000000
R350_SHADER_REG 46bc 00000000
R350_SHADER_REG 46c0 1c020800
R350_SHADER_REG 46c4 1c020800
R350_SHADER_REG 46c8 1c020040
R350_SHADER_REG 46cc 00000000
R350_SHADER_REG 46d0 00000000
R350_SHADER_REG 46d4 00000000
R350_SHADER_REG 46d8 00000000
R350_SHADER_REG 46dc 00000000
R350_SHADER_REG 46e0 00000000
R350_SHADER_REG 46e4 00000000
R350_SHADER_REG 46e8 00000000
R350_SHADER_REG 46ec 00000000
R350_SHADER_REG 46f0 00000000
R350_SHADER_REG 46f4 00000000
R350_SHADER_REG 46f8 00000000
R350_SHADER_REG 46fc 00000000
R350_SHADER_REG 4700 00000000
R350_SHADER_REG 4704 00000000
R350_SHADER_REG 4708 00000000
R350_SHADER_REG 470c 00000000
R350_SHADER_REG 4710 00000000
R350_SHADER_REG 4714 00000000
R350_SHADER_REG 4718 00000000
R350_SHADER_REG 471c 00000000
R350_SHADER_REG 4720 00000000
R350_SHADER_REG 4724 00000000
R350_SHADER_REG 4728 00000000
R350_SHADER_REG 472c 00000000
R350_SHADER_REG 4730 00000000
R350_SHADER_REG 4734 00000000
R350_SHADER_REG 4738 00000000
R350_SHADER_REG 473c 00000000
R350_SHADER_REG 4740 00000000
R350_SHADER_REG 4744 00000000
R350_SHADER_REG 4748 00000000
R350_SHADER_REG 474c 00000000
R350_SHADER_REG 4750 00000000
R350_SHADER_REG 4754 00000000
R350_SHADER_REG 4758 00000000
R350_SHADER_REG 475c 00000000
R350_SHADER_REG 4760 00000000
R350_SHADER_REG 4764 00000000
R350_SHADER_REG 4768 00000000
R350_SHADER_REG 476c 00000000
R350_SHADER_REG 4770 00000000
R350_SHADER_REG 4774 00000000
R350_SHADER_REG 4778 00000000
R350_SHADER_REG 477c 00000000
R350_SHADER_REG 4780 00000000
R350_SHADER_REG 4784 00000000
R350_SHADER_REG 4788 00000000
R350_SHADER_REG 478c 00000000
R350_SHADER_REG 4790 00000000
R350_SHADER_REG 4794 00000000
R350_SHADER_REG 4798 00000000
R350_SHADER_REG 479c 00000000
R350_SHADER_REG 47a0 00000000
R350_SHADER_REG 47a4 00000000
R350_SHADER_REG 47a8 00000000
R350_SHADER_REG 47ac 00000000
R350_SHADER_REG 47b0 00000000
R350_SHADER_REG 47b4 00000000
R350_SHADER_REG 47b8 00000000
R350_SHADER_REG 47bc 00000000
R350_SHADER_REG 47c0 01020800
R350_SHADER_REG 47c4 01020800
R350_SHADER_REG 47c8 01020800
R350_SHADER_REG 47cc 00000000
R350_SHADER_REG 47d0 00000000
R350_SHADER_REG 47d4 00000000
R350_SHADER_REG 47d8 00000000
R350_SHADER_REG 47dc 00000000
R350_SHADER_REG 47e0 00000000
R350_SHADER_REG 47e4 00000000
R350_SHADER_REG 47e8 00000000
R350_SHADER_REG 47ec 00000000
R350_SHADER_REG 47f0 00000000
R350_SHADER_REG 47f4 00000000
R350_SHADER_REG 47f8 00000000
R350_SHADER_REG 47fc 00000000
R350_SHADER_REG 4800 00000000
R350_SHADER_REG 4804 00000000
R350_SHADER_REG 4808 00000000
R350_SHADER_REG 480c 00000000
R350_SHADER_REG 4810 00000000
R350_SHADER_REG 4814 00000000
R350_SHADER_REG 4818 00000000
R350_SHADER_REG 481c 00000000
R350_SHADER_REG 4820 00000000
R350_SHADER_REG 4824 00000000
R350_SHADER_REG 4828 00000000
R350_SHADER_REG 482c 00000000
R350_SHADER_REG 4830 00000000
R350_SHADER_REG 4834 00000000
R350_SHADER_REG 4838 00000000
R350_SHADER_REG 483c 00000000
R350_SHADER_REG 4840 00000000
R350_SHADER_REG 4844 00000000
R350_SHADER_REG 4848 00000000
R350_SHADER_REG 484c 00000000
R350_SHADER_REG 4850 00000000
R350_SHADER_REG 4854 00000000
R350_SHADER_REG 4858 00000000
R350_SHADER_REG 485c 00000000
R350_SHADER_REG 4860 00000000
R350_SHADER_REG 4864 00000000
R350_SHADER_REG 4868 00000000
R350_SHADER_REG 486c 00000000
R350_SHADER_REG 4870 00000000
R350_SHADER_REG 4874 00000000
R350_SHADER_REG 4878 00000000
R350_SHADER_REG 487c 00000000
R350_SHADER_REG 4880 00000000
R350_SHADER_REG 4884 00000000
R350_SHADER_REG 4888 00000000
R350_SHADER_REG 488c 00000000
R350_SHADER_REG 4890 00000000
R350_SHADER_REG 4894 00000000
R350_SHADER_REG 4898 00000000
R350_SHADER_REG 489c 00000000
R350_SHADER_REG 48a0 00000000
R350_SHADER_REG 48a4 00000000
R350_SHADER_REG 48a8 00000000
R350_SHADER_REG 48ac 00000000
R350_SHADER_REG 48b0 00000000
R350_SHADER_REG 48b4 00000000
R350_SHADER_REG 48b8 00000000
R350_SHADER_REG 48bc 00000000
R350_SHADER_REG 48c0 00050a80
R350_SHADER_REG 48c4 00050a80
R350_SHADER_REG 48c8 40050200
R350_SHADER_REG 48cc 00000000
R350_SHADER_REG 48d0 00000000
R350_SHADER_REG 48d4 00000000
R350_SHADER_REG 48d8 00000000
R350_SHADER_REG 48dc 00000000
R350_SHADER_REG 48e0 00000000
R350_SHADER_REG 48e4 00000000
R350_SHADER_REG 48e8 00000000
R350_SHADER_REG 48ec 00000000
R350_SHADER_REG 48f0 00000000
R350_SHADER_REG 48f4 00000000
R350_SHADER_REG 48f8 00000000
R350_SHADER_REG 48fc 00000000
R350_SHADER_REG 4900 00000000
R350_SHADER_REG 4904 00000000
R350_SHADER_REG 4908 00000000
R350_SHADER_REG 490c 00000000
R350_SHADER_REG 4910 00000000
R350_SHADER_REG 4914 00000000
R350_SHADER_REG 4918 00000000
R350_SHADER_REG 491c 00000000
R350_SHADER_REG 4920 00000000
R350_SHADER_REG 4924 00000000
R350_SHADER_REG 4928 00000000
R350_SHADER_REG 492c 00000000
R350_SHADER_REG 4930 00000000
R350_SHADER_REG 4934 00000000
R350_SHADER_REG 4938 00000000
R350_SHADER_REG 493c 00000000
R350_SHADER_REG 4940 00000000
R350_SHADER_REG 4944 00000000
R350_SHADER_REG 4948 00000000
R350_SHADER_REG 494c 00000000
R350_SHADER_REG 4950 00000000
R350_SHADER_REG 4954 00000000
R350_SHADER_REG 4958 00000000
R350_SHADER_REG 495c 00000000
R350_SHADER_REG 4960 00000000
R350_SHADER_REG 4964 00000000
R350_SHADER_REG 4968 00000000
R350_SHADER_REG 496c 00000000
R350_SHADER_REG 4970 00000000
R350_SHADER_REG 4974 00000000
R350_SHADER_REG 4978 00000000
R350_SHADER_REG 497c 00000000
R350_SHADER_REG 4980 00000000
R350_SHADER_REG 4984 00000000
R350_SHADER_REG 4988 00000000
R350_SHADER_REG 498c 00000000
R350_SHADER_REG 4990 00000000
R350_SHADER_REG 4994 00000000
R350_SHADER_REG 4998 00000000
R350_SHADER_REG 499c 00000000
R350_SHADER_REG 49a0 00000000
R350_SHADER_REG 49a4 00000000
R350_SHADER_REG 49a8 00000000
R350_SHADER_REG 49ac 00000000
R350_SHADER_REG 49b0 00000000
R350_SHADER_REG 49b4 00000000
R350_SHADER_REG 49b8 00000000
R350_SHADER_REG 49bc 00000000
R350_SHADER_REG 49c0 00040889
R350_SHADER_REG 49c4 00040889
R350_SHADER_REG 49c8 40040509
R350_SHADER_REG 49cc 00000000
R350_SHADER_REG 49d0 00000000
R350_SHADER_REG 49d4 00000000
R350_SHADER_REG 49d8 00000000
R350_SHADER_REG 49dc 00000000
R350_SHADER_REG 49e0 00000000
R350_SHADER_REG 49e4 00000000
R350_SHADER_REG 49e8 00000000
R350_SHADER_REG 49ec 00000000
R350_SHADER_REG 49f0 00000000
R350_SHADER_REG 49f4 00000000
R350_SHADER_REG 49f8 00000000
R350_SHADER_REG 49fc 00000000
R350_SHADER_REG 4a00 00000000
R350_SHADER_REG 4a04 00000000
R350_SHADER_REG 4a08 00000000
R350_SHADER_REG 4a0c 00000000
R350_SHADER_REG 4a10 00000000
R350_SHADER_REG 4a14 00000000
R350_SHADER_REG 4a18 00000000
R350_SHADER_REG 4a1c 00000000
R350_SHADER_REG 4a20 00000000
R350_SHADER_REG 4a24 00000000
R350_SHADER_REG 4a28 00000000
R350_SHADER_REG 4a2c 00000000
R350_SHADER_REG 4a30 00000000
R350_SHADER_REG 4a34 00000000
R350_SHADER_REG 4a38 00000000
R350_SHADER_REG 4a3c 00000000
R350_SHADER_REG 4a40 00000000
R350_SHADER_REG 4a44 00000000
R350_SHADER_REG 4a48 00000000
R350_SHADER_REG 4a4c 00000000
R350_SHADER_REG 4a50 00000000
R350_SHADER_REG 4a54 00000000
R350_SHADER_REG 4a58 00000000
R350_SHADER_REG 4a5c 00000000
R350_SHADER_REG 4a60 00000000
R350_SHADER_REG 4a64 00000000
R350_SHADER_REG 4a68 00000000
R350_SHADER_REG 4a6c 00000000
R350_SHADER_REG 4a70 00000000
R350_SHADER_REG 4a74 00000000
R350_SHADER_REG 4a78 00000000
R350_SHADER_REG 4a7c 00000000
R350_SHADER_REG 4a80 00000000
R350_SHADER_REG 4a84 00000000
R350_SHADER_REG 4a88 00000000
R350_SHADER_REG 4a8c 00000000
R350_SHADER_REG 4a90 00000000
R350_SHADER_REG 4a94 00000000
R350_SHADER_REG 4a98 00000000
R350_SHADER_REG 4a9c 00000000
R350_SHADER_REG 4aa0 00000000
R350_SHADER_REG 4aa4 00000000
R350_SHADER_REG 4aa8 00000000
R350_SHADER_REG 4aac 00000000
R350_SHADER_REG 4ab0 00000000
R350_SHADER_REG 4ab4 00000000
R350_SHADER_REG 4ab8 00000000
R350_SHADER_REG 4abc 00000000
R350_SHADER_REG 4ac0 00000000
R350_SHADER_REG 4ac4 00000000
R350_SHADER_REG 4ac8 00000000
R350_SHADER_REG 4acc 00000000
R350_SHADER_REG 4ad0 00000000
R350_SHADER_REG 4ad4 00000000
R350_SHADER_REG 4ad8 00000000
R350_SHADER_REG 4adc 00000000
R350_SHADER_REG 4ae0 00000000
R350_SHADER_REG 4ae4 00000000
R350_SHADER_REG 4ae8 00000000
R350_SHADER_REG 4aec 00000000
R350_SHADER_REG 4af0 00000000
R350_SHADER_REG 4af4 00000000
R350_SHADER_REG 4af8 00000000
R350_SHADER_REG 4afc 00000000
R350_SHADER_REG 4b00 00000000
R350_SHADER_REG 4b04 00000000
R350_SHADER_REG 4b08 00000000
R350_SHADER_REG 4b0c 00000000
R350_SHADER_REG 4b10 00000000
R350_SHADER_REG 4b14 00000000
R350_SHADER_REG 4b18 00000000
R350_SHADER_REG 4b1c 00000000
R350_SHADER_REG 4b20 00000000
R350_SHADER_REG 4b24 00000000
R350_SHADER_REG 4b28 00000000
R350_SHADER_REG 4b2c 00000000
R350_SHADER_REG 4b30 00000000
R350_SHADER_REG 4b34 00000000
R350_SHADER_REG 4b38 00000000
R350_SHADER_REG 4b3c 00000000
R350_SHADER_REG 4b40 00000000
R350_SHADER_REG 4b44 00000000
R350_SHADER_REG 4b48 00000000
R350_SHADER_REG 4b4c 00000000
R350_SHADER_REG 4b50 00000000
R350_SHADER_REG 4b54 00000000
R350_SHADER_REG 4b58 00000000
R350_SHADER_REG 4b5c 00000000
R350_SHADER_REG 4b60 00000000
R350_SHADER_REG 4b64 00000000
R350_SHADER_REG 4b68 00000000
R350_SHADER_REG 4b6c 00000000
R350_SHADER_REG 4b70 00000000
R350_SHADER_REG 4b74 00000000
R350_SHADER_REG 4b78 00000000
R350_SHADER_REG 4b7c 00000000
R350_SHADER_REG 4b80 00000000
R350_SHADER_REG 4b84 00000000
R350_SHADER_REG 4b88 00000000
R350_SHADER_REG 4b8c 00000000
R350_SHADER_REG 4b90 00000000
R350_SHADER_REG 4b94 00000000
R350_SHADER_REG 4b98 00000000
R350_SHADER_REG 4b9c 00000000
R350_SHADER_REG 4ba0 00000000
R350_SHADER_REG 4ba4 00000000
R350_SHADER_REG 4ba8 00000000
R350_SHADER_REG 4bac 00000000
R350_SHADER_REG 4bb0 00000000
R350_SHADER_REG 4bb4 00000000
R350_SHADER_REG 4bb8 00000000
R350_SHADER_REG 4bbc 00000000
R350_SHADER_REG 4bc0 00000000
R350_SHADER_REG 4bc4 00000000
R350_SHADER_REG 4bc8 00000000
R350_SHADER_REG 4bcc 00000000
R350_SHADER_REG 4bd0 00000000
R350_SHADER_REG 4bd4 00000c00
R350_SHADER_REG 4bd8 00000000
R350_SHADER_REG 4bdc 00000000
R350_SHADER_REG 4be0 00000000
R350_SHADER_REG 4be4 00000000
R350_SHADER_REG 4be8 00000000
R350_SHADER_REG 4bec 00000000
R350_SHADER_REG 4bf0 00000000
R350_SHADER_REG 4bf4 00000000
R350_SHADER_REG 4bf8 00000000
R350_SHADER_REG 4bfc 00000000
R350_SHADER_REG 4c00 003f0000
R350_SHADER_REG 4c04 003f0000
R350_SHADER_REG 4c08 003f0000
R350_SHADER_REG 4c0c 003f0000
R350_SHADER_REG 4c10 00000000
R350_SHADER_REG 4c14 00000000
R350_SHADER_REG 4c18 00000000
R350_SHADER_REG 4c1c 00000000
R350_SHADER_REG 4c20 00000000
R350_SHADER_REG 4c24 00000000
R350_SHADER_REG 4c28 00000000
R350_SHADER_REG 4c2c 00000000
R350_SHADER_REG 4c30 00000000
R350_SHADER_REG 4c34 00000000
R350_SHADER_REG 4c38 00000000
R350_SHADER_REG 4c3c 00000000
R350_SHADER_REG 4c40 00000000
R350_SHADER_REG 4c44 00000000
R350_SHADER_REG 4c48 00000000
R350_SHADER_REG 4c4c 00000000
R350_SHADER_REG 4c50 00000000
R350_SHADER_REG 4c54 00000000
R350_SHADER_REG 4c58 00000000
R350_SHADER_REG 4c5c 00000000
R350_SHADER_REG 4c60 00000000
R350_SHADER_REG 4c64 00000000
R350_SHADER_REG 4c68 00000000
R350_SHADER_REG 4c6c 00000000
R350_SHADER_REG 4c70 00000000
R350_SHADER_REG 4c74 00000000
R350_SHADER_REG 4c78 00000000
R350_SHADER_REG 4c7c 00000000
R350_SHADER_REG 4c80 00000000
R350_SHADER_REG 4c84 00000000
R350_SHADER_REG 4c88 00000000
R350_SHADER_REG 4c8c 00000000
R350_SHADER_REG 4c90 00000000
R350_SHADER_REG 4c94 00000000
R350_SHADER_REG 4c98 00000000
R350_SHADER_REG 4c9c 00000000
R350_SHADER_REG 4ca0 00000000
R350_SHADER_REG 4ca4 00000000
R350_SHADER_REG 4ca8 00000000
R350_SHADER_REG 4cac 00000000
R350_SHADER_REG 4cb0 00000000
R350_SHADER_REG 4cb4 00000000
R350_SHADER_REG 4cb8 00000000
R350_SHADER_REG 4cbc 00000000
R350_SHADER_REG 4cc0 00000000
R350_SHADER_REG 4cc4 00000000
R350_SHADER_REG 4cc8 00000000
R350_SHADER_REG 4ccc 00000000
R350_SHADER_REG 4cd0 00000000
R350_SHADER_REG 4cd4 00000000
R350_SHADER_REG 4cd8 00000000
R350_SHADER_REG 4cdc 00000000
R350_SHADER_REG 4ce0 00000000
R350_SHADER_REG 4ce4 00000000
R350_SHADER_REG 4ce8 00000000
R350_SHADER_REG 4cec 00000000
R350_SHADER_REG 4cf0 00000000
R350_SHADER_REG 4cf4 00000000
R350_SHADER_REG 4cf8 00000000
R350_SHADER_REG 4cfc 00000000
R350_SHADER_REG 4d00 00000000
R350_SHADER_REG 4d04 00000000
R350_SHADER_REG 4d08 00000000
R350_SHADER_REG 4d0c 00000000
R350_SHADER_REG 4d10 00000000
R350_SHADER_REG 4d14 00000000
R350_SHADER_REG 4d18 00000000
R350_SHADER_REG 4d1c 00000000
R350_SHADER_REG 4d20 00000000
R350_SHADER_REG 4d24 00000000
R350_SHADER_REG 4d28 00000000
R350_SHADER_REG 4d2c 00000000
R350_SHADER_REG 4d30 00000000
R350_SHADER_REG 4d34 00000000
R350_SHADER_REG 4d38 00000000
R350_SHADER_REG 4d3c 00000000
R350_SHADER_REG 4d40 00000000
R350_SHADER_REG 4d44 00000000
R350_SHADER_REG 4d48 00000000
R350_SHADER_REG 4d4c 00000000
R350_SHADER_REG 4d50 00000000
R350_SHADER_REG 4d54 00000000
R350_SHADER_REG 4d58 00000000
R350_SHADER_REG 4d5c 00000000
R350_SHADER_REG 4d60 00000000
R350_SHADER_REG 4d64 00000000
R350_SHADER_REG 4d68 00000000
R350_SHADER_REG 4d6c 00000000
R350_SHADER_REG 4d70 00000000
R350_SHADER_REG 4d74 00000000
R350_SHADER_REG 4d78 00000000
R350_SHADER_REG 4d7c 00000000
R350_SHADER_REG 4d80 00000000
R350_SHADER_REG 4d84 00000000
R350_SHADER_REG 4d88 00000000
R350_SHADER_REG 4d8c 00000000
R350_SHADER_REG 4d90 00000000
R350_SHADER_REG 4d94 00000000
R350_SHADER_REG 4d98 00000000
R350_SHADER_REG 4d9c 00000000
R350_SHADER_REG 4da0 00000000
R350_SHADER_REG 4da4 00000000
R350_SHADER_REG 4da8 00000000
R350_SHADER_REG 4dac 00000000
R350_SHADER_REG 4db0 00000000
R350_SHADER_REG 4db4 00000000
R350_SHADER_REG 4db8 00000000
R350_SHADER_REG 4dbc 00000000
R350_SHADER_REG 4dc0 00000000
R350_SHADER_REG 4dc4 00000000
R350_SHADER_REG 4dc8 00000000
R350_SHADER_REG 4dcc 00000000
R350_SHADER_REG 4dd0 00000000
R350_SHADER_REG 4dd4 00000000
R350_SHADER_REG 4dd8 00000000
R350_SHADER_REG 4ddc 00000000
R350_SHADER_REG 4de0 00000000
R350_SHADER_REG 4de4 00000000
R350_SHADER_REG 4de8 00000000
R350_SHADER_REG 4dec 00000000
R350_SHADER_REG 4df0 00000000
R350_SHADER_REG 4df4 00000000
R350_SHADER_REG 4df8 00000000
R350_SHADER_REG 4dfc 00000000
R350_SHADER_REG 4e00 00000000
R350_SHADER_REG 4e04 20220000
R350_SHADER_REG 4e08 00000000
R350_SHADER_REG 4e0c 0000000f
R350_SHADER_REG 4e10 00000000
R350_SHADER_REG 4e14 00000000
R350_SHADER_REG 4e18 00000000
R350_SHADER_REG 4e1c 00000000
R350_SHADER_REG 4e20 00000000
R350_SHADER_REG 4e24 00000000
R350_SHADER_REG 4e28 00300000
R350_SHADER_REG 4e2c 00000000
R350_SHADER_REG 4e30 00000000
R350_SHADER_REG 4e34 00000000
R350_SHADER_REG 4e38 2ed14400
R350_SHADER_REG 4e3c 00000000
R350_SHADER_REG 4e40 00000000
R350_SHADER_REG 4e44 00000000
R350_SHADER_REG 4e48 00000000
R350_SHADER_REG 4e4c 0000000a
R350_SHADER_REG 4e50 00000005
R350_SHADER_REG 4e54 00000001
R350_SHADER_REG 4e58 00000000
R350_SHADER_REG 4e5c 00000000
R350_SHADER_REG 4e60 00000000
R350_SHADER_REG 4e64 00000400
R350_SHADER_REG 4e68 00000000
R350_SHADER_REG 4e6c 00000000
R350_SHADER_REG 4e70 00000000
R350_SHADER_REG 4e74 00000000
R350_SHADER_REG 4e78 00000000
R350_SHADER_REG 4e7c 00000000
R350_SHADER_REG 4e80 00000000
R350_SHADER_REG 4e84 00000000
R350_SHADER_REG 4e88 00000000
R350_SHADER_REG 4e8c 00000000
R350_SHADER_REG 4e90 00000000
R350_SHADER_REG 4e94 00000000
R350_SHADER_REG 4e98 00000000
R350_SHADER_REG 4e9c 00000000
R350_SHADER_REG 4ea0 00000000
R350_SHADER_REG 4ea4 00000000
R350_SHADER_REG 4ea8 00000000
R350_SHADER_REG 4eac 00000000
R350_SHADER_REG 4eb0 00000000
R350_SHADER_REG 4eb4 00000000
R350_SHADER_REG 4eb8 00000000
R350_SHADER_REG 4ebc 00000000
R350_SHADER_REG 4ec0 00000000
R350_SHADER_REG 4ec4 00000000
R350_SHADER_REG 4ec8 00000000
R350_SHADER_REG 4ecc 00000000
R350_SHADER_REG 4ed0 00000000
R350_SHADER_REG 4ed4 00000000
R350_SHADER_REG 4ed8 00000000
R350_SHADER_REG 4edc 00000000
R350_SHADER_REG 4ee0 00000000
R350_SHADER_REG 4ee4 00000000
R350_SHADER_REG 4ee8 00000000
R350_SHADER_REG 4eec 00000000
R350_SHADER_REG 4ef0 00000000
R350_SHADER_REG 4ef4 00000000
R350_SHADER_REG 4ef8 00000000
R350_SHADER_REG 4efc 00000000
R350_SHADER_REG 4f00 00000010
R350_SHADER_REG 4f04 00000000
R350_SHADER_REG 4f08 00ffff00
R350_SHADER_REG 4f0c 00000000
R350_SHADER_REG 4f10 00000000
R350_SHADER_REG 4f14 00000001
R350_SHADER_REG 4f18 00000003
R350_SHADER_REG 4f1c 00000000
R350_SHADER_REG 4f20 00000000
R350_SHADER_REG 4f24 00000000
R350_SHADER_REG 4f28 00000000
R350_SHADER_REG 4f2c 00000000
R350_SHADER_REG 4f30 00000000
R350_SHADER_REG 4f34 00000000
R350_SHADER_REG 4f38 00000000
R350_SHADER_REG 4f3c 00000000
R350_SHADER_REG 4f40 00000000
R350_SHADER_REG 4f44 00000000
R350_SHADER_REG 4f48 00000000
R350_SHADER_REG 4f4c 00000000
R350_SHADER_REG 4f50 00000000
R350_SHADER_REG 4f54 00000000
R350_SHADER_REG 4f58 00000000
R350_SHADER_REG 4f5c 00000000
R350_SHADER_REG 4f60 00000000
R350_SHADER_REG 4f64 00000000
R350_SHADER_REG 4f68 00000000
R350_SHADER_REG 4f6c 00000000
R350_SHADER_REG 4f70 00000000
R350_SHADER_REG 4f74 00000000
R350_SHADER_REG 4f78 00000000
R350_SHADER_REG 4f7c 00000000
R350_SHADER_REG 4f80 00000000
R350_SHADER_REG 4f84 00000000
R350_SHADER_REG 4f88 00000000
R350_SHADER_REG 4f8c 00000000
R350_SHADER_REG 4f90 00000000
R350_SHADER_REG 4f94 00000000
R350_SHADER_REG 4f98 00000000
R350_SHADER_REG 4f9c 00000000
R350_SHADER_REG 4fa0 00000000
R350_SHADER_REG 4fa4 00000000
R350_SHADER_REG 4fa8 00000000
R350_SHADER_REG 4fac 00000000
R350_SHADER_REG 4fb0 00000000
R350_SHADER_REG 4fb4 00000000
R350_SHADER_REG 4fb8 00000000
R350_SHADER_REG 4fbc 00000000
R350_SHADER_REG 4fc0 00000000
R350_SHADER_REG 4fc4 00000000
R350_SHADER_REG 4fc8 00000000
R350_SHADER_REG 4fcc 00000000
R350_SHADER_REG 4fd0 00000000
R350_SHADER_REG 4fd4 00000000
R350_SHADER_REG 4fd8 00000000
R350_SHADER_REG 4fdc 00000000
R350_SHADER_REG 4fe0 00000000
R350_SHADER_REG 4fe4 00000000
R350_SHADER_REG 4fe8 00000000
R350_SHADER_REG 4fec 00000000
R350_SHADER_REG 4ff0 00000000
R350_SHADER_REG 4ff4 00000000
R350_SHADER_REG 4ff8 00000000
R350_SHADER_REG 4ffc 00000000
R350_SHADER_PVS 080 0 00100201
R350_SHADER_PVS 080 1 00d10002
R350_SHADER_PVS 080 2 00d10001
R350_SHADER_PVS 080 3 00d10005
R350_SHADER_PVS 081 0 00200201
R350_SHADER_PVS 081 1 00d10022
R350_SHADER_PVS 081 2 00d10001
R350_SHADER_PVS 081 3 00d10005
R350_SHADER_PVS 082 0 00400201
R350_SHADER_PVS 082 1 00d10042
R350_SHADER_PVS 082 2 00d10001
R350_SHADER_PVS 082 3 00d10005
R350_SHADER_PVS 083 0 00800201
R350_SHADER_PVS 083 1 00d10062
R350_SHADER_PVS 083 2 00d10001
R350_SHADER_PVS 083 3 00d10005
R350_SHADER_PVS 084 0 00104201
R350_SHADER_PVS 084 1 00d10082
R350_SHADER_PVS 084 2 00d10041
R350_SHADER_PVS 084 3 00d10045
R350_SHADER_PVS 085 0 00204201
R350_SHADER_PVS 085 1 00d100a2
R350_SHADER_PVS 085 2 00d10041
R350_SHADER_PVS 085 3 00d10045
R350_SHADER_PVS 086 0 00404201
R350_SHADER_PVS 086 1 00d100c2
R350_SHADER_PVS 086 2 00d10041
R350_SHADER_PVS 086 3 00d10045
R350_SHADER_PVS 087 0 00804201
R350_SHADER_PVS 087 1 00d100e2
R350_SHADER_PVS 087 2 00d10041
R350_SHADER_PVS 087 3 00d10045
R350_SHADER_PVS 088 0 00f02202
R350_SHADER_PVS 088 1 00d10021
R350_SHADER_PVS 088 2 016da021
R350_SHADER_PVS 088 3 016da025
R350_SHADER_PVS 0fe 0 00f00202
R350_SHADER_PVS 0fe 1 00d10001
R350_SHADER_PVS 0fe 2 016da001
R350_SHADER_PVS 0fe 3 016da001
R350_SHADER_PVS 0ff 0 00f02202
R350_SHADER_PVS 0ff 1 00d10021
R350_SHADER_PVS 0ff 2 016da021
R350_SHADER_PVS 0ff 3 016da021
R350_SHADER_PVS 280 0 3b000000
R350_SHADER_PVS 280 1 00000000
R350_SHADER_PVS 280 2 00000000
R350_SHADER_PVS 280 3 bf800000
R350_SHADER_PVS 281 0 00000000
R350_SHADER_PVS 281 1 bb2aaaab
R350_SHADER_PVS 281 2 00000000
R350_SHADER_PVS 281 3 3f800000
R350_SHADER_PVS 282 0 00000000
R350_SHADER_PVS 282 1 00000000
R350_SHADER_PVS 282 2 bf800000
R350_SHADER_PVS 282 3 00000000
R350_SHADER_PVS 283 0 00000000
R350_SHADER_PVS 283 1 00000000
R350_SHADER_PVS 283 2 00000000
R350_SHADER_PVS 283 3 3f800000
R350_SHADER_PVS 284 0 3b800000
R350_SHADER_PVS 284 1 00000000
R350_SHADER_PVS 284 2 00000000
R350_SHADER_PVS 284 3 00000000
R350_SHADER_PVS 285 0 00000000
R350_SHADER_PVS 285 1 3b800000
R350_SHADER_PVS 285 2 00000000
R350_SHADER_PVS 285 3 00000000
R350_SHADER_PVS 286 0 00000000
R350_SHADER_PVS 286 1 00000000
R350_SHADER_PVS 286 2 3f800000
R350_SHADER_PVS 286 3 00000000
R350_SHADER_PVS 287 0 00000000
R350_SHADER_PVS 287 1 00000000
R350_SHADER_PVS 287 2 00000000
R350_SHADER_PVS 287 3 3f800000
R350_SHADER_PVS 406 0 00000000
R350_SHADER_PVS 406 1 00000000
R350_SHADER_PVS 406 2 00000000
R350_SHADER_PVS 406 3 00000000
R350_SHADER_END draw=4
R350_PROBE unsupported_3d_draw count=4; R200 renderer deliberately not used
R350_PROBE write reg=0x4400 value=0x00000a12 count=5
R350_PROBE write reg=0x4440 value=0x00001fe8 count=5
R350_PROBE write reg=0x4480 value=0x8007f8ff count=5
R350_PROBE write reg=0x44c0 value=0x0000aa0c count=5
R350_PROBE write reg=0x45c0 value=0x00000000 count=5
R350_PROBE write reg=0x4580 value=0x00000000 count=5
R350_PROBE write reg=0x4500 value=0x000000ff count=5
R350_PROBE write reg=0x4104 value=0x00000001 count=7
R350_PROBE write reg=0x4c00 value=0x003f0000 count=8
R350_PROBE write reg=0x4c04 value=0x003f0000 count=8
R350_PROBE write reg=0x4c08 value=0x003f0000 count=8
R350_PROBE write reg=0x4c0c value=0x003f0000 count=8
R350_PROBE write reg=0x1720 value=0x00020000 count=16
R350_PROBE write reg=0x15d4 value=0x00000002 count=6
R350_PROBE write reg=0x146c value=0x42cc36f3 count=5
R350_PROBE write reg=0x15ac value=0x1015c000 count=5
R350_PROBE write reg=0x15b0 value=0x00001000 count=5
R350_PROBE write reg=0x1404 value=0x00700000 count=5
R350_PROBE write reg=0x1408 value=0x00000400 count=5
R350_PROBE write reg=0x1704 value=0x00000000 count=5
R350_PROBE write reg=0x1700 value=0x00000000 count=5
R350_PROBE write reg=0x1434 value=0x00000000 count=5
R350_PROBE write reg=0x1438 value=0x00000000 count=5
R350_PROBE write reg=0x143c value=0x01000100 count=5
R350_PROBE write reg=0x142c value=0x50000c00 count=8
R350_PROBE write reg=0x4540 value=0x00700000 count=5
R350_SHADER_BEGIN draw=5 subset=requires one texture-free ALU node with one instruction
R350_SHADER_REG 2080 0030045a
R350_SHADER_REG 2084 00000000
R350_SHADER_REG 2088 00000000
R350_SHADER_REG 208c 00000000
R350_SHADER_REG 2090 00000003
R350_SHADER_REG 2094 00000004
R350_SHADER_REG 2098 00000000
R350_SHADER_REG 209c 00000000
R350_SHADER_REG 20a0 00000000
R350_SHADER_REG 20a4 00000000
R350_SHADER_REG 20a8 00000000
R350_SHADER_REG 20ac 00000000
R350_SHADER_REG 20b0 0000043f
R350_SHADER_REG 20b4 0000000c
R350_SHADER_REG 20b8 00000000
R350_SHADER_REG 20bc 00000000
R350_SHADER_REG 20c0 00000000
R350_SHADER_REG 20c4 00000000
R350_SHADER_REG 20c8 00000000
R350_SHADER_REG 20cc 00000000
R350_SHADER_REG 20d0 00000000
R350_SHADER_REG 20d4 00000000
R350_SHADER_REG 20d8 00000000
R350_SHADER_REG 20dc 00000000
R350_SHADER_REG 20e0 00000000
R350_SHADER_REG 20e4 00000000
R350_SHADER_REG 20e8 00000000
R350_SHADER_REG 20ec 00000000
R350_SHADER_REG 20f0 00000000
R350_SHADER_REG 20f4 00000000
R350_SHADER_REG 20f8 00000000
R350_SHADER_REG 20fc 00000000
R350_SHADER_REG 2100 00000000
R350_SHADER_REG 2104 00000000
R350_SHADER_REG 2108 00000000
R350_SHADER_REG 210c 00000000
R350_SHADER_REG 2110 00000000
R350_SHADER_REG 2114 00000000
R350_SHADER_REG 2118 00000000
R350_SHADER_REG 211c 00000000
R350_SHADER_REG 2120 00000000
R350_SHADER_REG 2124 00000000
R350_SHADER_REG 2128 00000000
R350_SHADER_REG 212c 00000000
R350_SHADER_REG 2130 00000000
R350_SHADER_REG 2134 00ffffff
R350_SHADER_REG 2138 00000000
R350_SHADER_REG 213c 00000000
R350_SHADER_REG 2140 00000000
R350_SHADER_REG 2144 00000000
R350_SHADER_REG 2148 00000000
R350_SHADER_REG 214c 00000000
R350_SHADER_REG 2150 00000000
R350_SHADER_REG 2154 00002203
R350_SHADER_REG 2158 00000000
R350_SHADER_REG 215c 00000000
R350_SHADER_REG 2160 00000000
R350_SHADER_REG 2164 00000000
R350_SHADER_REG 2168 00000000
R350_SHADER_REG 216c 00000000
R350_SHADER_REG 2170 00000000
R350_SHADER_REG 2174 00000000
R350_SHADER_REG 2178 00000000
R350_SHADER_REG 217c 00000000
R350_SHADER_REG 2180 00000000
R350_SHADER_REG 2184 00000405
R350_SHADER_REG 2188 00000000
R350_SHADER_REG 218c 00000000
R350_SHADER_REG 2190 00000000
R350_SHADER_REG 2194 00000000
R350_SHADER_REG 2198 00000000
R350_SHADER_REG 219c 00000000
R350_SHADER_REG 21a0 00000000
R350_SHADER_REG 21a4 00000000
R350_SHADER_REG 21a8 00000000
R350_SHADER_REG 21ac 00000000
R350_SHADER_REG 21b0 00000000
R350_SHADER_REG 21b4 00000000
R350_SHADER_REG 21b8 00000000
R350_SHADER_REG 21bc 00000000
R350_SHADER_REG 21c0 00000000
R350_SHADER_REG 21c4 00000000
R350_SHADER_REG 21c8 00000000
R350_SHADER_REG 21cc 00000000
R350_SHADER_REG 21d0 00000000
R350_SHADER_REG 21d4 00000000
R350_SHADER_REG 21d8 00000000
R350_SHADER_REG 21dc aaaaaaaa
R350_SHADER_REG 21e0 f688f688
R350_SHADER_REG 21e4 0000f688
R350_SHADER_REG 21e8 00000000
R350_SHADER_REG 21ec 00000000
R350_SHADER_REG 21f0 00000000
R350_SHADER_REG 21f4 00000000
R350_SHADER_REG 21f8 00000000
R350_SHADER_REG 21fc 00000000
R350_SHADER_REG 2200 00000280
R350_SHADER_REG 2204 00000000
R350_SHADER_REG 2208 3f800000
R350_SHADER_REG 220c 00000000
R350_SHADER_REG 2210 00000000
R350_SHADER_REG 2214 00000000
R350_SHADER_REG 2218 00000000
R350_SHADER_REG 221c 00000000
R350_SHADER_REG 2220 3f800000
R350_SHADER_REG 2224 3f800000
R350_SHADER_REG 2228 3f800000
R350_SHADER_REG 222c 3f800000
R350_SHADER_REG 2230 00000000
R350_SHADER_REG 2234 00000000
R350_SHADER_REG 2238 00000000
R350_SHADER_REG 223c 00000000
R350_SHADER_REG 2240 00000000
R350_SHADER_REG 2244 00000000
R350_SHADER_REG 2248 00000000
R350_SHADER_REG 224c 00000000
R350_SHADER_REG 2250 00000000
R350_SHADER_REG 2254 00000000
R350_SHADER_REG 2258 00000000
R350_SHADER_REG 225c 00000000
R350_SHADER_REG 2260 00000000
R350_SHADER_REG 2264 00000000
R350_SHADER_REG 2268 00000000
R350_SHADER_REG 226c 00000000
R350_SHADER_REG 2270 00000000
R350_SHADER_REG 2274 00000000
R350_SHADER_REG 2278 00000000
R350_SHADER_REG 227c 00000000
R350_SHADER_REG 2280 00000000
R350_SHADER_REG 2284 00000000
R350_SHADER_REG 2288 0000ffff
R350_SHADER_REG 228c 00000000
R350_SHADER_REG 2290 00000000
R350_SHADER_REG 2294 00000000
R350_SHADER_REG 2298 00000000
R350_SHADER_REG 229c 00000000
R350_SHADER_REG 22a0 00000000
R350_SHADER_REG 22a4 00000000
R350_SHADER_REG 22a8 00000000
R350_SHADER_REG 22ac 00000000
R350_SHADER_REG 22b0 00000000
R350_SHADER_REG 22b4 00000000
R350_SHADER_REG 22b8 00000000
R350_SHADER_REG 22bc 00000000
R350_SHADER_REG 22c0 00000000
R350_SHADER_REG 22c4 00000000
R350_SHADER_REG 22c8 00000000
R350_SHADER_REG 22cc 00000000
R350_SHADER_REG 22d0 08820c80
R350_SHADER_REG 22d4 00080080
R350_SHADER_REG 22d8 00000088
R350_SHADER_REG 4000 00000000
R350_SHADER_REG 4004 00000000
R350_SHADER_REG 4008 00000007
R350_SHADER_REG 400c 00000000
R350_SHADER_REG 4010 66666666
R350_SHADER_REG 4014 06666666
R350_SHADER_REG 4018 00000017
R350_SHADER_REG 401c 00000000
R350_SHADER_REG 4020 00000000
R350_SHADER_REG 4024 00000000
R350_SHADER_REG 4028 00000000
R350_SHADER_REG 402c 00000000
R350_SHADER_REG 4030 00000000
R350_SHADER_REG 4034 00000000
R350_SHADER_REG 4038 00000000
R350_SHADER_REG 403c 00000000
R350_SHADER_REG 4040 00000000
R350_SHADER_REG 4044 00000000
R350_SHADER_REG 4048 00000000
R350_SHADER_REG 404c 00000000
R350_SHADER_REG 4050 00000000
R350_SHADER_REG 4054 00000000
R350_SHADER_REG 4058 00000000
R350_SHADER_REG 405c 00000000
R350_SHADER_REG 4060 00000000
R350_SHADER_REG 4064 00000000
R350_SHADER_REG 4068 00000000
R350_SHADER_REG 406c 00000000
R350_SHADER_REG 4070 00000000
R350_SHADER_REG 4074 00000000
R350_SHADER_REG 4078 00000000
R350_SHADER_REG 407c 00000000
R350_SHADER_REG 4080 00000000
R350_SHADER_REG 4084 00000000
R350_SHADER_REG 4088 00000000
R350_SHADER_REG 408c 00000000
R350_SHADER_REG 4090 00000000
R350_SHADER_REG 4094 00000000
R350_SHADER_REG 4098 00000000
R350_SHADER_REG 409c 00000000
R350_SHADER_REG 40a0 00000000
R350_SHADER_REG 40a4 00000000
R350_SHADER_REG 40a8 00000000
R350_SHADER_REG 40ac 00000000
R350_SHADER_REG 40b0 00000000
R350_SHADER_REG 40b4 00000000
R350_SHADER_REG 40b8 00000000
R350_SHADER_REG 40bc 00000000
R350_SHADER_REG 40c0 00000000
R350_SHADER_REG 40c4 00000000
R350_SHADER_REG 40c8 00000000
R350_SHADER_REG 40cc 00000000
R350_SHADER_REG 40d0 00000000
R350_SHADER_REG 40d4 00000000
R350_SHADER_REG 40d8 00000000
R350_SHADER_REG 40dc 00000000
R350_SHADER_REG 40e0 00000000
R350_SHADER_REG 40e4 00000000
R350_SHADER_REG 40e8 00000000
R350_SHADER_REG 40ec 00000000
R350_SHADER_REG 40f0 00000000
R350_SHADER_REG 40f4 00000000
R350_SHADER_REG 40f8 00000000
R350_SHADER_REG 40fc 00000000
R350_SHADER_REG 4100 00000000
R350_SHADER_REG 4104 00000001
R350_SHADER_REG 4108 00000000
R350_SHADER_REG 410c 00000000
R350_SHADER_REG 4110 00000000
R350_SHADER_REG 4114 00000000
R350_SHADER_REG 4118 00000000
R350_SHADER_REG 411c 00000000
R350_SHADER_REG 4120 00000000
R350_SHADER_REG 4124 00000000
R350_SHADER_REG 4128 00000000
R350_SHADER_REG 412c 00000000
R350_SHADER_REG 4130 00000000
R350_SHADER_REG 4134 00000000
R350_SHADER_REG 4138 00000000
R350_SHADER_REG 413c 00000000
R350_SHADER_REG 4140 00000000
R350_SHADER_REG 4144 00000000
R350_SHADER_REG 4148 00000000
R350_SHADER_REG 414c 00000000
R350_SHADER_REG 4150 00000000
R350_SHADER_REG 4154 00000000
R350_SHADER_REG 4158 00000000
R350_SHADER_REG 415c 00000000
R350_SHADER_REG 4160 00000000
R350_SHADER_REG 4164 00000000
R350_SHADER_REG 4168 00000000
R350_SHADER_REG 416c 00000000
R350_SHADER_REG 4170 00000000
R350_SHADER_REG 4174 00000000
R350_SHADER_REG 4178 00000000
R350_SHADER_REG 417c 00000000
R350_SHADER_REG 4180 00000000
R350_SHADER_REG 4184 00000000
R350_SHADER_REG 4188 00000000
R350_SHADER_REG 418c 00000000
R350_SHADER_REG 4190 00000000
R350_SHADER_REG 4194 00000000
R350_SHADER_REG 4198 00000000
R350_SHADER_REG 419c 00000000
R350_SHADER_REG 41a0 00000000
R350_SHADER_REG 41a4 00000000
R350_SHADER_REG 41a8 00000000
R350_SHADER_REG 41ac 00000000
R350_SHADER_REG 41b0 00000000
R350_SHADER_REG 41b4 00000000
R350_SHADER_REG 41b8 00000000
R350_SHADER_REG 41bc 00000000
R350_SHADER_REG 41c0 00000000
R350_SHADER_REG 41c4 00000000
R350_SHADER_REG 41c8 00000000
R350_SHADER_REG 41cc 00000000
R350_SHADER_REG 41d0 00000000
R350_SHADER_REG 41d4 00000000
R350_SHADER_REG 41d8 00000000
R350_SHADER_REG 41dc 00000000
R350_SHADER_REG 41e0 00000000
R350_SHADER_REG 41e4 00000000
R350_SHADER_REG 41e8 00000000
R350_SHADER_REG 41ec 00000000
R350_SHADER_REG 41f0 00000000
R350_SHADER_REG 41f4 00000000
R350_SHADER_REG 41f8 00000000
R350_SHADER_REG 41fc 00000000
R350_SHADER_REG 4200 00000000
R350_SHADER_REG 4204 00000000
R350_SHADER_REG 4208 3f800000
R350_SHADER_REG 420c 3f800000
R350_SHADER_REG 4210 00000000
R350_SHADER_REG 4214 00050005
R350_SHADER_REG 4218 00000000
R350_SHADER_REG 421c 00060006
R350_SHADER_REG 4220 00000000
R350_SHADER_REG 4224 00000000
R350_SHADER_REG 4228 00000000
R350_SHADER_REG 422c 00000000
R350_SHADER_REG 4230 01800006
R350_SHADER_REG 4234 00020006
R350_SHADER_REG 4238 00000000
R350_SHADER_REG 423c 00000000
R350_SHADER_REG 4240 00000000
R350_SHADER_REG 4244 00000000
R350_SHADER_REG 4248 00000000
R350_SHADER_REG 424c 00000000
R350_SHADER_REG 4250 00000000
R350_SHADER_REG 4254 00000000
R350_SHADER_REG 4258 00000000
R350_SHADER_REG 425c 00000000
R350_SHADER_REG 4260 00000000
R350_SHADER_REG 4264 00000000
R350_SHADER_REG 4268 3f800000
R350_SHADER_REG 426c 00000000
R350_SHADER_REG 4270 00000000
R350_SHADER_REG 4274 00000002
R350_SHADER_REG 4278 0003aaaa
R350_SHADER_REG 427c 00000000
R350_SHADER_REG 4280 00000000
R350_SHADER_REG 4284 00000000
R350_SHADER_REG 4288 00000000
R350_SHADER_REG 428c 00000001
R350_SHADER_REG 4290 00000000
R350_SHADER_REG 4294 00000000
R350_SHADER_REG 4298 00000000
R350_SHADER_REG 429c 00000400
R350_SHADER_REG 42a0 00000000
R350_SHADER_REG 42a4 00000000
R350_SHADER_REG 42a8 00000000
R350_SHADER_REG 42ac 00000000
R350_SHADER_REG 42b0 00000000
R350_SHADER_REG 42b4 00000000
R350_SHADER_REG 42b8 00000000
R350_SHADER_REG 42bc 00000000
R350_SHADER_REG 42c0 4b7fffff
R350_SHADER_REG 42c4 00000000
R350_SHADER_REG 42c8 00000000
R350_SHADER_REG 42cc 00000000
R350_SHADER_REG 42d0 00000000
R350_SHADER_REG 42d4 00000000
R350_SHADER_REG 42d8 00000000
R350_SHADER_REG 42dc 00000000
R350_SHADER_REG 42e0 00000000
R350_SHADER_REG 42e4 00000000
R350_SHADER_REG 42e8 00000000
R350_SHADER_REG 42ec 00000000
R350_SHADER_REG 42f0 00000000
R350_SHADER_REG 42f4 00000000
R350_SHADER_REG 42f8 00000000
R350_SHADER_REG 42fc 00000000
R350_SHADER_REG 4300 00040084
R350_SHADER_REG 4304 00000000
R350_SHADER_REG 4308 00000000
R350_SHADER_REG 430c 00000000
R350_SHADER_REG 4310 00d10000
R350_SHADER_REG 4314 00d10044
R350_SHADER_REG 4318 00d10084
R350_SHADER_REG 431c 00d100c4
R350_SHADER_REG 4320 00d10004
R350_SHADER_REG 4324 00d10004
R350_SHADER_REG 4328 00d10004
R350_SHADER_REG 432c 00d10004
R350_SHADER_REG 4330 00004048
R350_SHADER_REG 4334 00000000
R350_SHADER_REG 4338 00000000
R350_SHADER_REG 433c 00000000
R350_SHADER_REG 4340 00000000
R350_SHADER_REG 4344 00000000
R350_SHADER_REG 4348 00000000
R350_SHADER_REG 434c 00000000
R350_SHADER_REG 4350 00000000
R350_SHADER_REG 4354 00000000
R350_SHADER_REG 4358 00000000
R350_SHADER_REG 435c 00000000
R350_SHADER_REG 4360 00000000
R350_SHADER_REG 4364 00000000
R350_SHADER_REG 4368 00000000
R350_SHADER_REG 436c 00000000
R350_SHADER_REG 4370 00000000
R350_SHADER_REG 4374 00000000
R350_SHADER_REG 4378 00000000
R350_SHADER_REG 437c 00000000
R350_SHADER_REG 4380 00000000
R350_SHADER_REG 4384 00000000
R350_SHADER_REG 4388 00000000
R350_SHADER_REG 438c 00000000
R350_SHADER_REG 4390 00000000
R350_SHADER_REG 4394 00000000
R350_SHADER_REG 4398 00000000
R350_SHADER_REG 439c 00000000
R350_SHADER_REG 43a0 00000000
R350_SHADER_REG 43a4 00000000
R350_SHADER_REG 43a8 2da49525
R350_SHADER_REG 43ac 00000000
R350_SHADER_REG 43b0 00b405a0
R350_SHADER_REG 43b4 011409a0
R350_SHADER_REG 43b8 00000000
R350_SHADER_REG 43bc 03ffffff
R350_SHADER_REG 43c0 00000000
R350_SHADER_REG 43c4 03ffffff
R350_SHADER_REG 43c8 00000000
R350_SHADER_REG 43cc 03ffffff
R350_SHADER_REG 43d0 0000aaaa
R350_SHADER_REG 43d4 00000000
R350_SHADER_REG 43d8 00000000
R350_SHADER_REG 43dc 00000000
R350_SHADER_REG 43e0 00b405a0
R350_SHADER_REG 43e4 0113e99f
R350_SHADER_REG 43e8 00ffffff
R350_SHADER_REG 43ec 00000000
R350_SHADER_REG 43f0 00000000
R350_SHADER_REG 43f4 00000000
R350_SHADER_REG 43f8 00000000
R350_SHADER_REG 43fc 00000000
R350_SHADER_REG 4400 00000a12
R350_SHADER_REG 4404 00000000
R350_SHADER_REG 4408 00000000
R350_SHADER_REG 440c 00000000
R350_SHADER_REG 4410 00000000
R350_SHADER_REG 4414 00000000
R350_SHADER_REG 4418 00000000
R350_SHADER_REG 441c 00000000
R350_SHADER_REG 4420 00000000
R350_SHADER_REG 4424 00000000
R350_SHADER_REG 4428 00000000
R350_SHADER_REG 442c 00000000
R350_SHADER_REG 4430 00000000
R350_SHADER_REG 4434 00000000
R350_SHADER_REG 4438 00000000
R350_SHADER_REG 443c 00000000
R350_SHADER_REG 4440 00001fe8
R350_SHADER_REG 4444 00000000
R350_SHADER_REG 4448 00000000
R350_SHADER_REG 444c 00000000
R350_SHADER_REG 4450 00000000
R350_SHADER_REG 4454 00000000
R350_SHADER_REG 4458 00000000
R350_SHADER_REG 445c 00000000
R350_SHADER_REG 4460 00000000
R350_SHADER_REG 4464 00000000
R350_SHADER_REG 4468 00000000
R350_SHADER_REG 446c 00000000
R350_SHADER_REG 4470 00000000
R350_SHADER_REG 4474 00000000
R350_SHADER_REG 4478 00000000
R350_SHADER_REG 447c 00000000
R350_SHADER_REG 4480 8007f8ff
R350_SHADER_REG 4484 00000000
R350_SHADER_REG 4488 00000000
R350_SHADER_REG 448c 00000000
R350_SHADER_REG 4490 00000000
R350_SHADER_REG 4494 00000000
R350_SHADER_REG 4498 00000000
R350_SHADER_REG 449c 00000000
R350_SHADER_REG 44a0 00000000
R350_SHADER_REG 44a4 00000000
R350_SHADER_REG 44a8 00000000
R350_SHADER_REG 44ac 00000000
R350_SHADER_REG 44b0 00000000
R350_SHADER_REG 44b4 00000000
R350_SHADER_REG 44b8 00000000
R350_SHADER_REG 44bc 00000000
R350_SHADER_REG 44c0 0000aa0c
R350_SHADER_REG 44c4 00000000
R350_SHADER_REG 44c8 00000000
R350_SHADER_REG 44cc 00000000
R350_SHADER_REG 44d0 00000000
R350_SHADER_REG 44d4 00000000
R350_SHADER_REG 44d8 00000000
R350_SHADER_REG 44dc 00000000
R350_SHADER_REG 44e0 00000000
R350_SHADER_REG 44e4 00000000
R350_SHADER_REG 44e8 00000000
R350_SHADER_REG 44ec 00000000
R350_SHADER_REG 44f0 00000000
R350_SHADER_REG 44f4 00000000
R350_SHADER_REG 44f8 00000000
R350_SHADER_REG 44fc 00000000
R350_SHADER_REG 4500 000000ff
R350_SHADER_REG 4504 00000000
R350_SHADER_REG 4508 00000000
R350_SHADER_REG 450c 00000000
R350_SHADER_REG 4510 00000000
R350_SHADER_REG 4514 00000000
R350_SHADER_REG 4518 00000000
R350_SHADER_REG 451c 00000000
R350_SHADER_REG 4520 00000000
R350_SHADER_REG 4524 00000000
R350_SHADER_REG 4528 00000000
R350_SHADER_REG 452c 00000000
R350_SHADER_REG 4530 00000000
R350_SHADER_REG 4534 00000000
R350_SHADER_REG 4538 00000000
R350_SHADER_REG 453c 00000000
R350_SHADER_REG 4540 00700000
R350_SHADER_REG 4544 00000000
R350_SHADER_REG 4548 00000000
R350_SHADER_REG 454c 00000000
R350_SHADER_REG 4550 00000000
R350_SHADER_REG 4554 00000000
R350_SHADER_REG 4558 00000000
R350_SHADER_REG 455c 00000000
R350_SHADER_REG 4560 00000000
R350_SHADER_REG 4564 00000000
R350_SHADER_REG 4568 00000000
R350_SHADER_REG 456c 00000000
R350_SHADER_REG 4570 00000000
R350_SHADER_REG 4574 00000000
R350_SHADER_REG 4578 00000000
R350_SHADER_REG 457c 00000000
R350_SHADER_REG 4580 00000000
R350_SHADER_REG 4584 00000000
R350_SHADER_REG 4588 00000000
R350_SHADER_REG 458c 00000000
R350_SHADER_REG 4590 00000000
R350_SHADER_REG 4594 00000000
R350_SHADER_REG 4598 00000000
R350_SHADER_REG 459c 00000000
R350_SHADER_REG 45a0 00000000
R350_SHADER_REG 45a4 00000000
R350_SHADER_REG 45a8 00000000
R350_SHADER_REG 45ac 00000000
R350_SHADER_REG 45b0 00000000
R350_SHADER_REG 45b4 00000000
R350_SHADER_REG 45b8 00000000
R350_SHADER_REG 45bc 00000000
R350_SHADER_REG 45c0 00000000
R350_SHADER_REG 45c4 00000000
R350_SHADER_REG 45c8 00000000
R350_SHADER_REG 45cc 00000000
R350_SHADER_REG 45d0 00000000
R350_SHADER_REG 45d4 00000000
R350_SHADER_REG 45d8 00000000
R350_SHADER_REG 45dc 00000000
R350_SHADER_REG 45e0 00000000
R350_SHADER_REG 45e4 00000000
R350_SHADER_REG 45e8 00000000
R350_SHADER_REG 45ec 00000000
R350_SHADER_REG 45f0 00000000
R350_SHADER_REG 45f4 00000000
R350_SHADER_REG 45f8 00000000
R350_SHADER_REG 45fc 00000000
R350_SHADER_REG 4600 00000008
R350_SHADER_REG 4604 00000001
R350_SHADER_REG 4608 00000002
R350_SHADER_REG 460c 00000000
R350_SHADER_REG 4610 00000000
R350_SHADER_REG 4614 00000000
R350_SHADER_REG 4618 00000000
R350_SHADER_REG 461c 00400000
R350_SHADER_REG 4620 00018041
R350_SHADER_REG 4624 00000000
R350_SHADER_REG 4628 00000000
R350_SHADER_REG 462c 00000000
R350_SHADER_REG 4630 00000000
R350_SHADER_REG 4634 00000000
R350_SHADER_REG 4638 00000000
R350_SHADER_REG 463c 00000000
R350_SHADER_REG 4640 00000000
R350_SHADER_REG 4644 00000000
R350_SHADER_REG 4648 00000000
R350_SHADER_REG 464c 00000000
R350_SHADER_REG 4650 00000000
R350_SHADER_REG 4654 00000000
R350_SHADER_REG 4658 00000000
R350_SHADER_REG 465c 00000000
R350_SHADER_REG 4660 00000000
R350_SHADER_REG 4664 00000000
R350_SHADER_REG 4668 00000000
R350_SHADER_REG 466c 00000000
R350_SHADER_REG 4670 00000000
R350_SHADER_REG 4674 00000000
R350_SHADER_REG 4678 00000000
R350_SHADER_REG 467c 00000000
R350_SHADER_REG 4680 00000000
R350_SHADER_REG 4684 00000000
R350_SHADER_REG 4688 00000000
R350_SHADER_REG 468c 00000000
R350_SHADER_REG 4690 00000000
R350_SHADER_REG 4694 00000000
R350_SHADER_REG 4698 00000000
R350_SHADER_REG 469c 00000000
R350_SHADER_REG 46a0 00000000
R350_SHADER_REG 46a4 00001b00
R350_SHADER_REG 46a8 0000000f
R350_SHADER_REG 46ac 0000000f
R350_SHADER_REG 46b0 0000000f
R350_SHADER_REG 46b4 00000001
R350_SHADER_REG 46b8 00000000
R350_SHADER_REG 46bc 00000000
R350_SHADER_REG 46c0 1c020800
R350_SHADER_REG 46c4 1c020800
R350_SHADER_REG 46c8 1c020040
R350_SHADER_REG 46cc 00000000
R350_SHADER_REG 46d0 00000000
R350_SHADER_REG 46d4 00000000
R350_SHADER_REG 46d8 00000000
R350_SHADER_REG 46dc 00000000
R350_SHADER_REG 46e0 00000000
R350_SHADER_REG 46e4 00000000
R350_SHADER_REG 46e8 00000000
R350_SHADER_REG 46ec 00000000
R350_SHADER_REG 46f0 00000000
R350_SHADER_REG 46f4 00000000
R350_SHADER_REG 46f8 00000000
R350_SHADER_REG 46fc 00000000
R350_SHADER_REG 4700 00000000
R350_SHADER_REG 4704 00000000
R350_SHADER_REG 4708 00000000
R350_SHADER_REG 470c 00000000
R350_SHADER_REG 4710 00000000
R350_SHADER_REG 4714 00000000
R350_SHADER_REG 4718 00000000
R350_SHADER_REG 471c 00000000
R350_SHADER_REG 4720 00000000
R350_SHADER_REG 4724 00000000
R350_SHADER_REG 4728 00000000
R350_SHADER_REG 472c 00000000
R350_SHADER_REG 4730 00000000
R350_SHADER_REG 4734 00000000
R350_SHADER_REG 4738 00000000
R350_SHADER_REG 473c 00000000
R350_SHADER_REG 4740 00000000
R350_SHADER_REG 4744 00000000
R350_SHADER_REG 4748 00000000
R350_SHADER_REG 474c 00000000
R350_SHADER_REG 4750 00000000
R350_SHADER_REG 4754 00000000
R350_SHADER_REG 4758 00000000
R350_SHADER_REG 475c 00000000
R350_SHADER_REG 4760 00000000
R350_SHADER_REG 4764 00000000
R350_SHADER_REG 4768 00000000
R350_SHADER_REG 476c 00000000
R350_SHADER_REG 4770 00000000
R350_SHADER_REG 4774 00000000
R350_SHADER_REG 4778 00000000
R350_SHADER_REG 477c 00000000
R350_SHADER_REG 4780 00000000
R350_SHADER_REG 4784 00000000
R350_SHADER_REG 4788 00000000
R350_SHADER_REG 478c 00000000
R350_SHADER_REG 4790 00000000
R350_SHADER_REG 4794 00000000
R350_SHADER_REG 4798 00000000
R350_SHADER_REG 479c 00000000
R350_SHADER_REG 47a0 00000000
R350_SHADER_REG 47a4 00000000
R350_SHADER_REG 47a8 00000000
R350_SHADER_REG 47ac 00000000
R350_SHADER_REG 47b0 00000000
R350_SHADER_REG 47b4 00000000
R350_SHADER_REG 47b8 00000000
R350_SHADER_REG 47bc 00000000
R350_SHADER_REG 47c0 01020800
R350_SHADER_REG 47c4 01020800
R350_SHADER_REG 47c8 01020800
R350_SHADER_REG 47cc 00000000
R350_SHADER_REG 47d0 00000000
R350_SHADER_REG 47d4 00000000
R350_SHADER_REG 47d8 00000000
R350_SHADER_REG 47dc 00000000
R350_SHADER_REG 47e0 00000000
R350_SHADER_REG 47e4 00000000
R350_SHADER_REG 47e8 00000000
R350_SHADER_REG 47ec 00000000
R350_SHADER_REG 47f0 00000000
R350_SHADER_REG 47f4 00000000
R350_SHADER_REG 47f8 00000000
R350_SHADER_REG 47fc 00000000
R350_SHADER_REG 4800 00000000
R350_SHADER_REG 4804 00000000
R350_SHADER_REG 4808 00000000
R350_SHADER_REG 480c 00000000
R350_SHADER_REG 4810 00000000
R350_SHADER_REG 4814 00000000
R350_SHADER_REG 4818 00000000
R350_SHADER_REG 481c 00000000
R350_SHADER_REG 4820 00000000
R350_SHADER_REG 4824 00000000
R350_SHADER_REG 4828 00000000
R350_SHADER_REG 482c 00000000
R350_SHADER_REG 4830 00000000
R350_SHADER_REG 4834 00000000
R350_SHADER_REG 4838 00000000
R350_SHADER_REG 483c 00000000
R350_SHADER_REG 4840 00000000
R350_SHADER_REG 4844 00000000
R350_SHADER_REG 4848 00000000
R350_SHADER_REG 484c 00000000
R350_SHADER_REG 4850 00000000
R350_SHADER_REG 4854 00000000
R350_SHADER_REG 4858 00000000
R350_SHADER_REG 485c 00000000
R350_SHADER_REG 4860 00000000
R350_SHADER_REG 4864 00000000
R350_SHADER_REG 4868 00000000
R350_SHADER_REG 486c 00000000
R350_SHADER_REG 4870 00000000
R350_SHADER_REG 4874 00000000
R350_SHADER_REG 4878 00000000
R350_SHADER_REG 487c 00000000
R350_SHADER_REG 4880 00000000
R350_SHADER_REG 4884 00000000
R350_SHADER_REG 4888 00000000
R350_SHADER_REG 488c 00000000
R350_SHADER_REG 4890 00000000
R350_SHADER_REG 4894 00000000
R350_SHADER_REG 4898 00000000
R350_SHADER_REG 489c 00000000
R350_SHADER_REG 48a0 00000000
R350_SHADER_REG 48a4 00000000
R350_SHADER_REG 48a8 00000000
R350_SHADER_REG 48ac 00000000
R350_SHADER_REG 48b0 00000000
R350_SHADER_REG 48b4 00000000
R350_SHADER_REG 48b8 00000000
R350_SHADER_REG 48bc 00000000
R350_SHADER_REG 48c0 00050a80
R350_SHADER_REG 48c4 00050a80
R350_SHADER_REG 48c8 40050200
R350_SHADER_REG 48cc 00000000
R350_SHADER_REG 48d0 00000000
R350_SHADER_REG 48d4 00000000
R350_SHADER_REG 48d8 00000000
R350_SHADER_REG 48dc 00000000
R350_SHADER_REG 48e0 00000000
R350_SHADER_REG 48e4 00000000
R350_SHADER_REG 48e8 00000000
R350_SHADER_REG 48ec 00000000
R350_SHADER_REG 48f0 00000000
R350_SHADER_REG 48f4 00000000
R350_SHADER_REG 48f8 00000000
R350_SHADER_REG 48fc 00000000
R350_SHADER_REG 4900 00000000
R350_SHADER_REG 4904 00000000
R350_SHADER_REG 4908 00000000
R350_SHADER_REG 490c 00000000
R350_SHADER_REG 4910 00000000
R350_SHADER_REG 4914 00000000
R350_SHADER_REG 4918 00000000
R350_SHADER_REG 491c 00000000
R350_SHADER_REG 4920 00000000
R350_SHADER_REG 4924 00000000
R350_SHADER_REG 4928 00000000
R350_SHADER_REG 492c 00000000
R350_SHADER_REG 4930 00000000
R350_SHADER_REG 4934 00000000
R350_SHADER_REG 4938 00000000
R350_SHADER_REG 493c 00000000
R350_SHADER_REG 4940 00000000
R350_SHADER_REG 4944 00000000
R350_SHADER_REG 4948 00000000
R350_SHADER_REG 494c 00000000
R350_SHADER_REG 4950 00000000
R350_SHADER_REG 4954 00000000
R350_SHADER_REG 4958 00000000
R350_SHADER_REG 495c 00000000
R350_SHADER_REG 4960 00000000
R350_SHADER_REG 4964 00000000
R350_SHADER_REG 4968 00000000
R350_SHADER_REG 496c 00000000
R350_SHADER_REG 4970 00000000
R350_SHADER_REG 4974 00000000
R350_SHADER_REG 4978 00000000
R350_SHADER_REG 497c 00000000
R350_SHADER_REG 4980 00000000
R350_SHADER_REG 4984 00000000
R350_SHADER_REG 4988 00000000
R350_SHADER_REG 498c 00000000
R350_SHADER_REG 4990 00000000
R350_SHADER_REG 4994 00000000
R350_SHADER_REG 4998 00000000
R350_SHADER_REG 499c 00000000
R350_SHADER_REG 49a0 00000000
R350_SHADER_REG 49a4 00000000
R350_SHADER_REG 49a8 00000000
R350_SHADER_REG 49ac 00000000
R350_SHADER_REG 49b0 00000000
R350_SHADER_REG 49b4 00000000
R350_SHADER_REG 49b8 00000000
R350_SHADER_REG 49bc 00000000
R350_SHADER_REG 49c0 00040889
R350_SHADER_REG 49c4 00040889
R350_SHADER_REG 49c8 40040509
R350_SHADER_REG 49cc 00000000
R350_SHADER_REG 49d0 00000000
R350_SHADER_REG 49d4 00000000
R350_SHADER_REG 49d8 00000000
R350_SHADER_REG 49dc 00000000
R350_SHADER_REG 49e0 00000000
R350_SHADER_REG 49e4 00000000
R350_SHADER_REG 49e8 00000000
R350_SHADER_REG 49ec 00000000
R350_SHADER_REG 49f0 00000000
R350_SHADER_REG 49f4 00000000
R350_SHADER_REG 49f8 00000000
R350_SHADER_REG 49fc 00000000
R350_SHADER_REG 4a00 00000000
R350_SHADER_REG 4a04 00000000
R350_SHADER_REG 4a08 00000000
R350_SHADER_REG 4a0c 00000000
R350_SHADER_REG 4a10 00000000
R350_SHADER_REG 4a14 00000000
R350_SHADER_REG 4a18 00000000
R350_SHADER_REG 4a1c 00000000
R350_SHADER_REG 4a20 00000000
R350_SHADER_REG 4a24 00000000
R350_SHADER_REG 4a28 00000000
R350_SHADER_REG 4a2c 00000000
R350_SHADER_REG 4a30 00000000
R350_SHADER_REG 4a34 00000000
R350_SHADER_REG 4a38 00000000
R350_SHADER_REG 4a3c 00000000
R350_SHADER_REG 4a40 00000000
R350_SHADER_REG 4a44 00000000
R350_SHADER_REG 4a48 00000000
R350_SHADER_REG 4a4c 00000000
R350_SHADER_REG 4a50 00000000
R350_SHADER_REG 4a54 00000000
R350_SHADER_REG 4a58 00000000
R350_SHADER_REG 4a5c 00000000
R350_SHADER_REG 4a60 00000000
R350_SHADER_REG 4a64 00000000
R350_SHADER_REG 4a68 00000000
R350_SHADER_REG 4a6c 00000000
R350_SHADER_REG 4a70 00000000
R350_SHADER_REG 4a74 00000000
R350_SHADER_REG 4a78 00000000
R350_SHADER_REG 4a7c 00000000
R350_SHADER_REG 4a80 00000000
R350_SHADER_REG 4a84 00000000
R350_SHADER_REG 4a88 00000000
R350_SHADER_REG 4a8c 00000000
R350_SHADER_REG 4a90 00000000
R350_SHADER_REG 4a94 00000000
R350_SHADER_REG 4a98 00000000
R350_SHADER_REG 4a9c 00000000
R350_SHADER_REG 4aa0 00000000
R350_SHADER_REG 4aa4 00000000
R350_SHADER_REG 4aa8 00000000
R350_SHADER_REG 4aac 00000000
R350_SHADER_REG 4ab0 00000000
R350_SHADER_REG 4ab4 00000000
R350_SHADER_REG 4ab8 00000000
R350_SHADER_REG 4abc 00000000
R350_SHADER_REG 4ac0 00000000
R350_SHADER_REG 4ac4 00000000
R350_SHADER_REG 4ac8 00000000
R350_SHADER_REG 4acc 00000000
R350_SHADER_REG 4ad0 00000000
R350_SHADER_REG 4ad4 00000000
R350_SHADER_REG 4ad8 00000000
R350_SHADER_REG 4adc 00000000
R350_SHADER_REG 4ae0 00000000
R350_SHADER_REG 4ae4 00000000
R350_SHADER_REG 4ae8 00000000
R350_SHADER_REG 4aec 00000000
R350_SHADER_REG 4af0 00000000
R350_SHADER_REG 4af4 00000000
R350_SHADER_REG 4af8 00000000
R350_SHADER_REG 4afc 00000000
R350_SHADER_REG 4b00 00000000
R350_SHADER_REG 4b04 00000000
R350_SHADER_REG 4b08 00000000
R350_SHADER_REG 4b0c 00000000
R350_SHADER_REG 4b10 00000000
R350_SHADER_REG 4b14 00000000
R350_SHADER_REG 4b18 00000000
R350_SHADER_REG 4b1c 00000000
R350_SHADER_REG 4b20 00000000
R350_SHADER_REG 4b24 00000000
R350_SHADER_REG 4b28 00000000
R350_SHADER_REG 4b2c 00000000
R350_SHADER_REG 4b30 00000000
R350_SHADER_REG 4b34 00000000
R350_SHADER_REG 4b38 00000000
R350_SHADER_REG 4b3c 00000000
R350_SHADER_REG 4b40 00000000
R350_SHADER_REG 4b44 00000000
R350_SHADER_REG 4b48 00000000
R350_SHADER_REG 4b4c 00000000
R350_SHADER_REG 4b50 00000000
R350_SHADER_REG 4b54 00000000
R350_SHADER_REG 4b58 00000000
R350_SHADER_REG 4b5c 00000000
R350_SHADER_REG 4b60 00000000
R350_SHADER_REG 4b64 00000000
R350_SHADER_REG 4b68 00000000
R350_SHADER_REG 4b6c 00000000
R350_SHADER_REG 4b70 00000000
R350_SHADER_REG 4b74 00000000
R350_SHADER_REG 4b78 00000000
R350_SHADER_REG 4b7c 00000000
R350_SHADER_REG 4b80 00000000
R350_SHADER_REG 4b84 00000000
R350_SHADER_REG 4b88 00000000
R350_SHADER_REG 4b8c 00000000
R350_SHADER_REG 4b90 00000000
R350_SHADER_REG 4b94 00000000
R350_SHADER_REG 4b98 00000000
R350_SHADER_REG 4b9c 00000000
R350_SHADER_REG 4ba0 00000000
R350_SHADER_REG 4ba4 00000000
R350_SHADER_REG 4ba8 00000000
R350_SHADER_REG 4bac 00000000
R350_SHADER_REG 4bb0 00000000
R350_SHADER_REG 4bb4 00000000
R350_SHADER_REG 4bb8 00000000
R350_SHADER_REG 4bbc 00000000
R350_SHADER_REG 4bc0 00000000
R350_SHADER_REG 4bc4 00000000
R350_SHADER_REG 4bc8 00000000
R350_SHADER_REG 4bcc 00000000
R350_SHADER_REG 4bd0 00000000
R350_SHADER_REG 4bd4 00000c00
R350_SHADER_REG 4bd8 00000000
R350_SHADER_REG 4bdc 00000000
R350_SHADER_REG 4be0 00000000
R350_SHADER_REG 4be4 00000000
R350_SHADER_REG 4be8 00000000
R350_SHADER_REG 4bec 00000000
R350_SHADER_REG 4bf0 00000000
R350_SHADER_REG 4bf4 00000000
R350_SHADER_REG 4bf8 00000000
R350_SHADER_REG 4bfc 00000000
R350_SHADER_REG 4c00 003f0000
R350_SHADER_REG 4c04 003f0000
R350_SHADER_REG 4c08 003f0000
R350_SHADER_REG 4c0c 003f0000
R350_SHADER_REG 4c10 00000000
R350_SHADER_REG 4c14 00000000
R350_SHADER_REG 4c18 00000000
R350_SHADER_REG 4c1c 00000000
R350_SHADER_REG 4c20 00000000
R350_SHADER_REG 4c24 00000000
R350_SHADER_REG 4c28 00000000
R350_SHADER_REG 4c2c 00000000
R350_SHADER_REG 4c30 00000000
R350_SHADER_REG 4c34 00000000
R350_SHADER_REG 4c38 00000000
R350_SHADER_REG 4c3c 00000000
R350_SHADER_REG 4c40 00000000
R350_SHADER_REG 4c44 00000000
R350_SHADER_REG 4c48 00000000
R350_SHADER_REG 4c4c 00000000
R350_SHADER_REG 4c50 00000000
R350_SHADER_REG 4c54 00000000
R350_SHADER_REG 4c58 00000000
R350_SHADER_REG 4c5c 00000000
R350_SHADER_REG 4c60 00000000
R350_SHADER_REG 4c64 00000000
R350_SHADER_REG 4c68 00000000
R350_SHADER_REG 4c6c 00000000
R350_SHADER_REG 4c70 00000000
R350_SHADER_REG 4c74 00000000
R350_SHADER_REG 4c78 00000000
R350_SHADER_REG 4c7c 00000000
R350_SHADER_REG 4c80 00000000
R350_SHADER_REG 4c84 00000000
R350_SHADER_REG 4c88 00000000
R350_SHADER_REG 4c8c 00000000
R350_SHADER_REG 4c90 00000000
R350_SHADER_REG 4c94 00000000
R350_SHADER_REG 4c98 00000000
R350_SHADER_REG 4c9c 00000000
R350_SHADER_REG 4ca0 00000000
R350_SHADER_REG 4ca4 00000000
R350_SHADER_REG 4ca8 00000000
R350_SHADER_REG 4cac 00000000
R350_SHADER_REG 4cb0 00000000
R350_SHADER_REG 4cb4 00000000
R350_SHADER_REG 4cb8 00000000
R350_SHADER_REG 4cbc 00000000
R350_SHADER_REG 4cc0 00000000
R350_SHADER_REG 4cc4 00000000
R350_SHADER_REG 4cc8 00000000
R350_SHADER_REG 4ccc 00000000
R350_SHADER_REG 4cd0 00000000
R350_SHADER_REG 4cd4 00000000
R350_SHADER_REG 4cd8 00000000
R350_SHADER_REG 4cdc 00000000
R350_SHADER_REG 4ce0 00000000
R350_SHADER_REG 4ce4 00000000
R350_SHADER_REG 4ce8 00000000
R350_SHADER_REG 4cec 00000000
R350_SHADER_REG 4cf0 00000000
R350_SHADER_REG 4cf4 00000000
R350_SHADER_REG 4cf8 00000000
R350_SHADER_REG 4cfc 00000000
R350_SHADER_REG 4d00 00000000
R350_SHADER_REG 4d04 00000000
R350_SHADER_REG 4d08 00000000
R350_SHADER_REG 4d0c 00000000
R350_SHADER_REG 4d10 00000000
R350_SHADER_REG 4d14 00000000
R350_SHADER_REG 4d18 00000000
R350_SHADER_REG 4d1c 00000000
R350_SHADER_REG 4d20 00000000
R350_SHADER_REG 4d24 00000000
R350_SHADER_REG 4d28 00000000
R350_SHADER_REG 4d2c 00000000
R350_SHADER_REG 4d30 00000000
R350_SHADER_REG 4d34 00000000
R350_SHADER_REG 4d38 00000000
R350_SHADER_REG 4d3c 00000000
R350_SHADER_REG 4d40 00000000
R350_SHADER_REG 4d44 00000000
R350_SHADER_REG 4d48 00000000
R350_SHADER_REG 4d4c 00000000
R350_SHADER_REG 4d50 00000000
R350_SHADER_REG 4d54 00000000
R350_SHADER_REG 4d58 00000000
R350_SHADER_REG 4d5c 00000000
R350_SHADER_REG 4d60 00000000
R350_SHADER_REG 4d64 00000000
R350_SHADER_REG 4d68 00000000
R350_SHADER_REG 4d6c 00000000
R350_SHADER_REG 4d70 00000000
R350_SHADER_REG 4d74 00000000
R350_SHADER_REG 4d78 00000000
R350_SHADER_REG 4d7c 00000000
R350_SHADER_REG 4d80 00000000
R350_SHADER_REG 4d84 00000000
R350_SHADER_REG 4d88 00000000
R350_SHADER_REG 4d8c 00000000
R350_SHADER_REG 4d90 00000000
R350_SHADER_REG 4d94 00000000
R350_SHADER_REG 4d98 00000000
R350_SHADER_REG 4d9c 00000000
R350_SHADER_REG 4da0 00000000
R350_SHADER_REG 4da4 00000000
R350_SHADER_REG 4da8 00000000
R350_SHADER_REG 4dac 00000000
R350_SHADER_REG 4db0 00000000
R350_SHADER_REG 4db4 00000000
R350_SHADER_REG 4db8 00000000
R350_SHADER_REG 4dbc 00000000
R350_SHADER_REG 4dc0 00000000
R350_SHADER_REG 4dc4 00000000
R350_SHADER_REG 4dc8 00000000
R350_SHADER_REG 4dcc 00000000
R350_SHADER_REG 4dd0 00000000
R350_SHADER_REG 4dd4 00000000
R350_SHADER_REG 4dd8 00000000
R350_SHADER_REG 4ddc 00000000
R350_SHADER_REG 4de0 00000000
R350_SHADER_REG 4de4 00000000
R350_SHADER_REG 4de8 00000000
R350_SHADER_REG 4dec 00000000
R350_SHADER_REG 4df0 00000000
R350_SHADER_REG 4df4 00000000
R350_SHADER_REG 4df8 00000000
R350_SHADER_REG 4dfc 00000000
R350_SHADER_REG 4e00 00000000
R350_SHADER_REG 4e04 20220000
R350_SHADER_REG 4e08 00000000
R350_SHADER_REG 4e0c 0000000f
R350_SHADER_REG 4e10 00000000
R350_SHADER_REG 4e14 00000000
R350_SHADER_REG 4e18 00000000
R350_SHADER_REG 4e1c 00000000
R350_SHADER_REG 4e20 00000000
R350_SHADER_REG 4e24 00000000
R350_SHADER_REG 4e28 00300000
R350_SHADER_REG 4e2c 00000000
R350_SHADER_REG 4e30 00000000
R350_SHADER_REG 4e34 00000000
R350_SHADER_REG 4e38 2ed14400
R350_SHADER_REG 4e3c 00000000
R350_SHADER_REG 4e40 00000000
R350_SHADER_REG 4e44 00000000
R350_SHADER_REG 4e48 00000000
R350_SHADER_REG 4e4c 0000000a
R350_SHADER_REG 4e50 00000005
R350_SHADER_REG 4e54 00000001
R350_SHADER_REG 4e58 00000000
R350_SHADER_REG 4e5c 00000000
R350_SHADER_REG 4e60 00000000
R350_SHADER_REG 4e64 00000400
R350_SHADER_REG 4e68 00000000
R350_SHADER_REG 4e6c 00000000
R350_SHADER_REG 4e70 00000000
R350_SHADER_REG 4e74 00000000
R350_SHADER_REG 4e78 00000000
R350_SHADER_REG 4e7c 00000000
R350_SHADER_REG 4e80 00000000
R350_SHADER_REG 4e84 00000000
R350_SHADER_REG 4e88 00000000
R350_SHADER_REG 4e8c 00000000
R350_SHADER_REG 4e90 00000000
R350_SHADER_REG 4e94 00000000
R350_SHADER_REG 4e98 00000000
R350_SHADER_REG 4e9c 00000000
R350_SHADER_REG 4ea0 00000000
R350_SHADER_REG 4ea4 00000000
R350_SHADER_REG 4ea8 00000000
R350_SHADER_REG 4eac 00000000
R350_SHADER_REG 4eb0 00000000
R350_SHADER_REG 4eb4 00000000
R350_SHADER_REG 4eb8 00000000
R350_SHADER_REG 4ebc 00000000
R350_SHADER_REG 4ec0 00000000
R350_SHADER_REG 4ec4 00000000
R350_SHADER_REG 4ec8 00000000
R350_SHADER_REG 4ecc 00000000
R350_SHADER_REG 4ed0 00000000
R350_SHADER_REG 4ed4 00000000
R350_SHADER_REG 4ed8 00000000
R350_SHADER_REG 4edc 00000000
R350_SHADER_REG 4ee0 00000000
R350_SHADER_REG 4ee4 00000000
R350_SHADER_REG 4ee8 00000000
R350_SHADER_REG 4eec 00000000
R350_SHADER_REG 4ef0 00000000
R350_SHADER_REG 4ef4 00000000
R350_SHADER_REG 4ef8 00000000
R350_SHADER_REG 4efc 00000000
R350_SHADER_REG 4f00 00000010
R350_SHADER_REG 4f04 00000000
R350_SHADER_REG 4f08 00ffff00
R350_SHADER_REG 4f0c 00000000
R350_SHADER_REG 4f10 00000000
R350_SHADER_REG 4f14 00000001
R350_SHADER_REG 4f18 00000003
R350_SHADER_REG 4f1c 00000000
R350_SHADER_REG 4f20 00000000
R350_SHADER_REG 4f24 00000000
R350_SHADER_REG 4f28 00000000
R350_SHADER_REG 4f2c 00000000
R350_SHADER_REG 4f30 00000000
R350_SHADER_REG 4f34 00000000
R350_SHADER_REG 4f38 00000000
R350_SHADER_REG 4f3c 00000000
R350_SHADER_REG 4f40 00000000
R350_SHADER_REG 4f44 00000000
R350_SHADER_REG 4f48 00000000
R350_SHADER_REG 4f4c 00000000
R350_SHADER_REG 4f50 00000000
R350_SHADER_REG 4f54 00000000
R350_SHADER_REG 4f58 00000000
R350_SHADER_REG 4f5c 00000000
R350_SHADER_REG 4f60 00000000
R350_SHADER_REG 4f64 00000000
R350_SHADER_REG 4f68 00000000
R350_SHADER_REG 4f6c 00000000
R350_SHADER_REG 4f70 00000000
R350_SHADER_REG 4f74 00000000
R350_SHADER_REG 4f78 00000000
R350_SHADER_REG 4f7c 00000000
R350_SHADER_REG 4f80 00000000
R350_SHADER_REG 4f84 00000000
R350_SHADER_REG 4f88 00000000
R350_SHADER_REG 4f8c 00000000
R350_SHADER_REG 4f90 00000000
R350_SHADER_REG 4f94 00000000
R350_SHADER_REG 4f98 00000000
R350_SHADER_REG 4f9c 00000000
R350_SHADER_REG 4fa0 00000000
R350_SHADER_REG 4fa4 00000000
R350_SHADER_REG 4fa8 00000000
R350_SHADER_REG 4fac 00000000
R350_SHADER_REG 4fb0 00000000
R350_SHADER_REG 4fb4 00000000
R350_SHADER_REG 4fb8 00000000
R350_SHADER_REG 4fbc 00000000
R350_SHADER_REG 4fc0 00000000
R350_SHADER_REG 4fc4 00000000
R350_SHADER_REG 4fc8 00000000
R350_SHADER_REG 4fcc 00000000
R350_SHADER_REG 4fd0 00000000
R350_SHADER_REG 4fd4 00000000
R350_SHADER_REG 4fd8 00000000
R350_SHADER_REG 4fdc 00000000
R350_SHADER_REG 4fe0 00000000
R350_SHADER_REG 4fe4 00000000
R350_SHADER_REG 4fe8 00000000
R350_SHADER_REG 4fec 00000000
R350_SHADER_REG 4ff0 00000000
R350_SHADER_REG 4ff4 00000000
R350_SHADER_REG 4ff8 00000000
R350_SHADER_REG 4ffc 00000000
R350_SHADER_PVS 080 0 00100201
R350_SHADER_PVS 080 1 00d10002
R350_SHADER_PVS 080 2 00d10001
R350_SHADER_PVS 080 3 00d10005
R350_SHADER_PVS 081 0 00200201
R350_SHADER_PVS 081 1 00d10022
R350_SHADER_PVS 081 2 00d10001
R350_SHADER_PVS 081 3 00d10005
R350_SHADER_PVS 082 0 00400201
R350_SHADER_PVS 082 1 00d10042
R350_SHADER_PVS 082 2 00d10001
R350_SHADER_PVS 082 3 00d10005
R350_SHADER_PVS 083 0 00800201
R350_SHADER_PVS 083 1 00d10062
R350_SHADER_PVS 083 2 00d10001
R350_SHADER_PVS 083 3 00d10005
R350_SHADER_PVS 084 0 00104201
R350_SHADER_PVS 084 1 00d10082
R350_SHADER_PVS 084 2 00d10041
R350_SHADER_PVS 084 3 00d10045
R350_SHADER_PVS 085 0 00204201
R350_SHADER_PVS 085 1 00d100a2
R350_SHADER_PVS 085 2 00d10041
R350_SHADER_PVS 085 3 00d10045
R350_SHADER_PVS 086 0 00404201
R350_SHADER_PVS 086 1 00d100c2
R350_SHADER_PVS 086 2 00d10041
R350_SHADER_PVS 086 3 00d10045
R350_SHADER_PVS 087 0 00804201
R350_SHADER_PVS 087 1 00d100e2
R350_SHADER_PVS 087 2 00d10041
R350_SHADER_PVS 087 3 00d10045
R350_SHADER_PVS 088 0 00f02202
R350_SHADER_PVS 088 1 00d10021
R350_SHADER_PVS 088 2 016da021
R350_SHADER_PVS 088 3 016da025
R350_SHADER_PVS 0fe 0 00f00202
R350_SHADER_PVS 0fe 1 00d10001
R350_SHADER_PVS 0fe 2 016da001
R350_SHADER_PVS 0fe 3 016da001
R350_SHADER_PVS 0ff 0 00f02202
R350_SHADER_PVS 0ff 1 00d10021
R350_SHADER_PVS 0ff 2 016da021
R350_SHADER_PVS 0ff 3 016da021
R350_SHADER_PVS 280 0 3b000000
R350_SHADER_PVS 280 1 00000000
R350_SHADER_PVS 280 2 00000000
R350_SHADER_PVS 280 3 bf800000
R350_SHADER_PVS 281 0 00000000
R350_SHADER_PVS 281 1 bb2aaaab
R350_SHADER_PVS 281 2 00000000
R350_SHADER_PVS 281 3 3f800000
R350_SHADER_PVS 282 0 00000000
R350_SHADER_PVS 282 1 00000000
R350_SHADER_PVS 282 2 bf800000
R350_SHADER_PVS 282 3 00000000
R350_SHADER_PVS 283 0 00000000
R350_SHADER_PVS 283 1 00000000
R350_SHADER_PVS 283 2 00000000
R350_SHADER_PVS 283 3 3f800000
R350_SHADER_PVS 284 0 3b800000
R350_SHADER_PVS 284 1 00000000
R350_SHADER_PVS 284 2 00000000
R350_SHADER_PVS 284 3 00000000
R350_SHADER_PVS 285 0 00000000
R350_SHADER_PVS 285 1 3b800000
R350_SHADER_PVS 285 2 00000000
R350_SHADER_PVS 285 3 00000000
R350_SHADER_PVS 286 0 00000000
R350_SHADER_PVS 286 1 00000000
R350_SHADER_PVS 286 2 3f800000
R350_SHADER_PVS 286 3 00000000
R350_SHADER_PVS 287 0 00000000
R350_SHADER_PVS 287 1 00000000
R350_SHADER_PVS 287 2 00000000
R350_SHADER_PVS 287 3 3f800000
R350_SHADER_PVS 406 0 00000000
R350_SHADER_PVS 406 1 00000000
R350_SHADER_PVS 406 2 00000000
R350_SHADER_PVS 406 3 00000000
R350_SHADER_END draw=5
R350_PROBE unsupported_3d_draw count=5; R200 renderer deliberately not used
R350_PROBE write reg=0x4400 value=0x00000a12 count=6
R350_PROBE write reg=0x4440 value=0x00001fe8 count=6
R350_PROBE write reg=0x4480 value=0x8007f8ff count=6
R350_PROBE write reg=0x44c0 value=0x0000aa0c count=6
R350_PROBE write reg=0x45c0 value=0x00000000 count=6
R350_PROBE write reg=0x4580 value=0x00000000 count=6
R350_PROBE write reg=0x4500 value=0x000000ff count=6
R350_PROBE write reg=0x4104 value=0x00000001 count=8
R350_PROBE write reg=0x2208 value=0x00000000 count=256
R350_PROBE write reg=0x15e0 value=0x0000000e count=16
R350_PROBE write reg=0x15d4 value=0x00000002 count=7
R350_PROBE write reg=0x146c value=0x42cc36f3 count=6
R350_PROBE write reg=0x15ac value=0x1015c400 count=6
R350_PROBE write reg=0x15b0 value=0x00001000 count=6
R350_PROBE write reg=0x1404 value=0x00740000 count=6
R350_PROBE write reg=0x1408 value=0x00000400 count=6
R350_PROBE write reg=0x1704 value=0x00000000 count=6
R350_PROBE write reg=0x1700 value=0x00000000 count=6
R350_PROBE write reg=0x1434 value=0x00000000 count=6
R350_PROBE write reg=0x1438 value=0x00000000 count=6
R350_PROBE write reg=0x143c value=0x01000100 count=6
R350_PROBE write reg=0x4540 value=0x00740000 count=6
R350_SHADER_BEGIN draw=6 subset=requires one texture-free ALU node with one instruction
R350_SHADER_REG 2080 0030045a
R350_SHADER_REG 2084 00000000
R350_SHADER_REG 2088 00000000
R350_SHADER_REG 208c 00000000
R350_SHADER_REG 2090 00000003
R350_SHADER_REG 2094 00000004
R350_SHADER_REG 2098 00000000
R350_SHADER_REG 209c 00000000
R350_SHADER_REG 20a0 00000000
R350_SHADER_REG 20a4 00000000
R350_SHADER_REG 20a8 00000000
R350_SHADER_REG 20ac 00000000
R350_SHADER_REG 20b0 0000043f
R350_SHADER_REG 20b4 0000000c
R350_SHADER_REG 20b8 00000000
R350_SHADER_REG 20bc 00000000
R350_SHADER_REG 20c0 00000000
R350_SHADER_REG 20c4 00000000
R350_SHADER_REG 20c8 00000000
R350_SHADER_REG 20cc 00000000
R350_SHADER_REG 20d0 00000000
R350_SHADER_REG 20d4 00000000
R350_SHADER_REG 20d8 00000000
R350_SHADER_REG 20dc 00000000
R350_SHADER_REG 20e0 00000000
R350_SHADER_REG 20e4 00000000
R350_SHADER_REG 20e8 00000000
R350_SHADER_REG 20ec 00000000
R350_SHADER_REG 20f0 00000000
R350_SHADER_REG 20f4 00000000
R350_SHADER_REG 20f8 00000000
R350_SHADER_REG 20fc 00000000
R350_SHADER_REG 2100 00000000
R350_SHADER_REG 2104 00000000
R350_SHADER_REG 2108 00000000
R350_SHADER_REG 210c 00000000
R350_SHADER_REG 2110 00000000
R350_SHADER_REG 2114 00000000
R350_SHADER_REG 2118 00000000
R350_SHADER_REG 211c 00000000
R350_SHADER_REG 2120 00000000
R350_SHADER_REG 2124 00000000
R350_SHADER_REG 2128 00000000
R350_SHADER_REG 212c 00000000
R350_SHADER_REG 2130 00000000
R350_SHADER_REG 2134 00ffffff
R350_SHADER_REG 2138 00000000
R350_SHADER_REG 213c 00000000
R350_SHADER_REG 2140 00000000
R350_SHADER_REG 2144 00000000
R350_SHADER_REG 2148 00000000
R350_SHADER_REG 214c 00000000
R350_SHADER_REG 2150 00000000
R350_SHADER_REG 2154 00002203
R350_SHADER_REG 2158 00000000
R350_SHADER_REG 215c 00000000
R350_SHADER_REG 2160 00000000
R350_SHADER_REG 2164 00000000
R350_SHADER_REG 2168 00000000
R350_SHADER_REG 216c 00000000
R350_SHADER_REG 2170 00000000
R350_SHADER_REG 2174 00000000
R350_SHADER_REG 2178 00000000
R350_SHADER_REG 217c 00000000
R350_SHADER_REG 2180 00000000
R350_SHADER_REG 2184 00000405
R350_SHADER_REG 2188 00000000
R350_SHADER_REG 218c 00000000
R350_SHADER_REG 2190 00000000
R350_SHADER_REG 2194 00000000
R350_SHADER_REG 2198 00000000
R350_SHADER_REG 219c 00000000
R350_SHADER_REG 21a0 00000000
R350_SHADER_REG 21a4 00000000
R350_SHADER_REG 21a8 00000000
R350_SHADER_REG 21ac 00000000
R350_SHADER_REG 21b0 00000000
R350_SHADER_REG 21b4 00000000
R350_SHADER_REG 21b8 00000000
R350_SHADER_REG 21bc 00000000
R350_SHADER_REG 21c0 00000000
R350_SHADER_REG 21c4 00000000
R350_SHADER_REG 21c8 00000000
R350_SHADER_REG 21cc 00000000
R350_SHADER_REG 21d0 00000000
R350_SHADER_REG 21d4 00000000
R350_SHADER_REG 21d8 00000000
R350_SHADER_REG 21dc aaaaaaaa
R350_SHADER_REG 21e0 f688f688
R350_SHADER_REG 21e4 0000f688
R350_SHADER_REG 21e8 00000000
R350_SHADER_REG 21ec 00000000
R350_SHADER_REG 21f0 00000000
R350_SHADER_REG 21f4 00000000
R350_SHADER_REG 21f8 00000000
R350_SHADER_REG 21fc 00000000
R350_SHADER_REG 2200 00000280
R350_SHADER_REG 2204 00000000
R350_SHADER_REG 2208 3f800000
R350_SHADER_REG 220c 00000000
R350_SHADER_REG 2210 00000000
R350_SHADER_REG 2214 00000000
R350_SHADER_REG 2218 00000000
R350_SHADER_REG 221c 00000000
R350_SHADER_REG 2220 3f800000
R350_SHADER_REG 2224 3f800000
R350_SHADER_REG 2228 3f800000
R350_SHADER_REG 222c 3f800000
R350_SHADER_REG 2230 00000000
R350_SHADER_REG 2234 00000000
R350_SHADER_REG 2238 00000000
R350_SHADER_REG 223c 00000000
R350_SHADER_REG 2240 00000000
R350_SHADER_REG 2244 00000000
R350_SHADER_REG 2248 00000000
R350_SHADER_REG 224c 00000000
R350_SHADER_REG 2250 00000000
R350_SHADER_REG 2254 00000000
R350_SHADER_REG 2258 00000000
R350_SHADER_REG 225c 00000000
R350_SHADER_REG 2260 00000000
R350_SHADER_REG 2264 00000000
R350_SHADER_REG 2268 00000000
R350_SHADER_REG 226c 00000000
R350_SHADER_REG 2270 00000000
R350_SHADER_REG 2274 00000000
R350_SHADER_REG 2278 00000000
R350_SHADER_REG 227c 00000000
R350_SHADER_REG 2280 00000000
R350_SHADER_REG 2284 00000000
R350_SHADER_REG 2288 0000ffff
R350_SHADER_REG 228c 00000000
R350_SHADER_REG 2290 00000000
R350_SHADER_REG 2294 00000000
R350_SHADER_REG 2298 00000000
R350_SHADER_REG 229c 00000000
R350_SHADER_REG 22a0 00000000
R350_SHADER_REG 22a4 00000000
R350_SHADER_REG 22a8 00000000
R350_SHADER_REG 22ac 00000000
R350_SHADER_REG 22b0 00000000
R350_SHADER_REG 22b4 00000000
R350_SHADER_REG 22b8 00000000
R350_SHADER_REG 22bc 00000000
R350_SHADER_REG 22c0 00000000
R350_SHADER_REG 22c4 00000000
R350_SHADER_REG 22c8 00000000
R350_SHADER_REG 22cc 00000000
R350_SHADER_REG 22d0 08820c80
R350_SHADER_REG 22d4 00080080
R350_SHADER_REG 22d8 00000088
R350_SHADER_REG 4000 00000000
R350_SHADER_REG 4004 00000000
R350_SHADER_REG 4008 00000007
R350_SHADER_REG 400c 00000000
R350_SHADER_REG 4010 66666666
R350_SHADER_REG 4014 06666666
R350_SHADER_REG 4018 00000017
R350_SHADER_REG 401c 00000000
R350_SHADER_REG 4020 00000000
R350_SHADER_REG 4024 00000000
R350_SHADER_REG 4028 00000000
R350_SHADER_REG 402c 00000000
R350_SHADER_REG 4030 00000000
R350_SHADER_REG 4034 00000000
R350_SHADER_REG 4038 00000000
R350_SHADER_REG 403c 00000000
R350_SHADER_REG 4040 00000000
R350_SHADER_REG 4044 00000000
R350_SHADER_REG 4048 00000000
R350_SHADER_REG 404c 00000000
R350_SHADER_REG 4050 00000000
R350_SHADER_REG 4054 00000000
R350_SHADER_REG 4058 00000000
R350_SHADER_REG 405c 00000000
R350_SHADER_REG 4060 00000000
R350_SHADER_REG 4064 00000000
R350_SHADER_REG 4068 00000000
R350_SHADER_REG 406c 00000000
R350_SHADER_REG 4070 00000000
R350_SHADER_REG 4074 00000000
R350_SHADER_REG 4078 00000000
R350_SHADER_REG 407c 00000000
R350_SHADER_REG 4080 00000000
R350_SHADER_REG 4084 00000000
R350_SHADER_REG 4088 00000000
R350_SHADER_REG 408c 00000000
R350_SHADER_REG 4090 00000000
R350_SHADER_REG 4094 00000000
R350_SHADER_REG 4098 00000000
R350_SHADER_REG 409c 00000000
R350_SHADER_REG 40a0 00000000
R350_SHADER_REG 40a4 00000000
R350_SHADER_REG 40a8 00000000
R350_SHADER_REG 40ac 00000000
R350_SHADER_REG 40b0 00000000
R350_SHADER_REG 40b4 00000000
R350_SHADER_REG 40b8 00000000
R350_SHADER_REG 40bc 00000000
R350_SHADER_REG 40c0 00000000
R350_SHADER_REG 40c4 00000000
R350_SHADER_REG 40c8 00000000
R350_SHADER_REG 40cc 00000000
R350_SHADER_REG 40d0 00000000
R350_SHADER_REG 40d4 00000000
R350_SHADER_REG 40d8 00000000
R350_SHADER_REG 40dc 00000000
R350_SHADER_REG 40e0 00000000
R350_SHADER_REG 40e4 00000000
R350_SHADER_REG 40e8 00000000
R350_SHADER_REG 40ec 00000000
R350_SHADER_REG 40f0 00000000
R350_SHADER_REG 40f4 00000000
R350_SHADER_REG 40f8 00000000
R350_SHADER_REG 40fc 00000000
R350_SHADER_REG 4100 00000000
R350_SHADER_REG 4104 00000001
R350_SHADER_REG 4108 00000000
R350_SHADER_REG 410c 00000000
R350_SHADER_REG 4110 00000000
R350_SHADER_REG 4114 00000000
R350_SHADER_REG 4118 00000000
R350_SHADER_REG 411c 00000000
R350_SHADER_REG 4120 00000000
R350_SHADER_REG 4124 00000000
R350_SHADER_REG 4128 00000000
R350_SHADER_REG 412c 00000000
R350_SHADER_REG 4130 00000000
R350_SHADER_REG 4134 00000000
R350_SHADER_REG 4138 00000000
R350_SHADER_REG 413c 00000000
R350_SHADER_REG 4140 00000000
R350_SHADER_REG 4144 00000000
R350_SHADER_REG 4148 00000000
R350_SHADER_REG 414c 00000000
R350_SHADER_REG 4150 00000000
R350_SHADER_REG 4154 00000000
R350_SHADER_REG 4158 00000000
R350_SHADER_REG 415c 00000000
R350_SHADER_REG 4160 00000000
R350_SHADER_REG 4164 00000000
R350_SHADER_REG 4168 00000000
R350_SHADER_REG 416c 00000000
R350_SHADER_REG 4170 00000000
R350_SHADER_REG 4174 00000000
R350_SHADER_REG 4178 00000000
R350_SHADER_REG 417c 00000000
R350_SHADER_REG 4180 00000000
R350_SHADER_REG 4184 00000000
R350_SHADER_REG 4188 00000000
R350_SHADER_REG 418c 00000000
R350_SHADER_REG 4190 00000000
R350_SHADER_REG 4194 00000000
R350_SHADER_REG 4198 00000000
R350_SHADER_REG 419c 00000000
R350_SHADER_REG 41a0 00000000
R350_SHADER_REG 41a4 00000000
R350_SHADER_REG 41a8 00000000
R350_SHADER_REG 41ac 00000000
R350_SHADER_REG 41b0 00000000
R350_SHADER_REG 41b4 00000000
R350_SHADER_REG 41b8 00000000
R350_SHADER_REG 41bc 00000000
R350_SHADER_REG 41c0 00000000
R350_SHADER_REG 41c4 00000000
R350_SHADER_REG 41c8 00000000
R350_SHADER_REG 41cc 00000000
R350_SHADER_REG 41d0 00000000
R350_SHADER_REG 41d4 00000000
R350_SHADER_REG 41d8 00000000
R350_SHADER_REG 41dc 00000000
R350_SHADER_REG 41e0 00000000
R350_SHADER_REG 41e4 00000000
R350_SHADER_REG 41e8 00000000
R350_SHADER_REG 41ec 00000000
R350_SHADER_REG 41f0 00000000
R350_SHADER_REG 41f4 00000000
R350_SHADER_REG 41f8 00000000
R350_SHADER_REG 41fc 00000000
R350_SHADER_REG 4200 00000000
R350_SHADER_REG 4204 00000000
R350_SHADER_REG 4208 3f800000
R350_SHADER_REG 420c 3f800000
R350_SHADER_REG 4210 00000000
R350_SHADER_REG 4214 00050005
R350_SHADER_REG 4218 00000000
R350_SHADER_REG 421c 00060006
R350_SHADER_REG 4220 00000000
R350_SHADER_REG 4224 00000000
R350_SHADER_REG 4228 00000000
R350_SHADER_REG 422c 00000000
R350_SHADER_REG 4230 01800006
R350_SHADER_REG 4234 00020006
R350_SHADER_REG 4238 00000000
R350_SHADER_REG 423c 00000000
R350_SHADER_REG 4240 00000000
R350_SHADER_REG 4244 00000000
R350_SHADER_REG 4248 00000000
R350_SHADER_REG 424c 00000000
R350_SHADER_REG 4250 00000000
R350_SHADER_REG 4254 00000000
R350_SHADER_REG 4258 00000000
R350_SHADER_REG 425c 00000000
R350_SHADER_REG 4260 00000000
R350_SHADER_REG 4264 00000000
R350_SHADER_REG 4268 3f800000
R350_SHADER_REG 426c 00000000
R350_SHADER_REG 4270 00000000
R350_SHADER_REG 4274 00000002
R350_SHADER_REG 4278 0003aaaa
R350_SHADER_REG 427c 00000000
R350_SHADER_REG 4280 00000000
R350_SHADER_REG 4284 00000000
R350_SHADER_REG 4288 00000000
R350_SHADER_REG 428c 00000001
R350_SHADER_REG 4290 00000000
R350_SHADER_REG 4294 00000000
R350_SHADER_REG 4298 00000000
R350_SHADER_REG 429c 00000400
R350_SHADER_REG 42a0 00000000
R350_SHADER_REG 42a4 00000000
R350_SHADER_REG 42a8 00000000
R350_SHADER_REG 42ac 00000000
R350_SHADER_REG 42b0 00000000
R350_SHADER_REG 42b4 00000000
R350_SHADER_REG 42b8 00000000
R350_SHADER_REG 42bc 00000000
R350_SHADER_REG 42c0 4b7fffff
R350_SHADER_REG 42c4 00000000
R350_SHADER_REG 42c8 00000000
R350_SHADER_REG 42cc 00000000
R350_SHADER_REG 42d0 00000000
R350_SHADER_REG 42d4 00000000
R350_SHADER_REG 42d8 00000000
R350_SHADER_REG 42dc 00000000
R350_SHADER_REG 42e0 00000000
R350_SHADER_REG 42e4 00000000
R350_SHADER_REG 42e8 00000000
R350_SHADER_REG 42ec 00000000
R350_SHADER_REG 42f0 00000000
R350_SHADER_REG 42f4 00000000
R350_SHADER_REG 42f8 00000000
R350_SHADER_REG 42fc 00000000
R350_SHADER_REG 4300 00040084
R350_SHADER_REG 4304 00000000
R350_SHADER_REG 4308 00000000
R350_SHADER_REG 430c 00000000
R350_SHADER_REG 4310 00d10000
R350_SHADER_REG 4314 00d10044
R350_SHADER_REG 4318 00d10084
R350_SHADER_REG 431c 00d100c4
R350_SHADER_REG 4320 00d10004
R350_SHADER_REG 4324 00d10004
R350_SHADER_REG 4328 00d10004
R350_SHADER_REG 432c 00d10004
R350_SHADER_REG 4330 00004048
R350_SHADER_REG 4334 00000000
R350_SHADER_REG 4338 00000000
R350_SHADER_REG 433c 00000000
R350_SHADER_REG 4340 00000000
R350_SHADER_REG 4344 00000000
R350_SHADER_REG 4348 00000000
R350_SHADER_REG 434c 00000000
R350_SHADER_REG 4350 00000000
R350_SHADER_REG 4354 00000000
R350_SHADER_REG 4358 00000000
R350_SHADER_REG 435c 00000000
R350_SHADER_REG 4360 00000000
R350_SHADER_REG 4364 00000000
R350_SHADER_REG 4368 00000000
R350_SHADER_REG 436c 00000000
R350_SHADER_REG 4370 00000000
R350_SHADER_REG 4374 00000000
R350_SHADER_REG 4378 00000000
R350_SHADER_REG 437c 00000000
R350_SHADER_REG 4380 00000000
R350_SHADER_REG 4384 00000000
R350_SHADER_REG 4388 00000000
R350_SHADER_REG 438c 00000000
R350_SHADER_REG 4390 00000000
R350_SHADER_REG 4394 00000000
R350_SHADER_REG 4398 00000000
R350_SHADER_REG 439c 00000000
R350_SHADER_REG 43a0 00000000
R350_SHADER_REG 43a4 00000000
R350_SHADER_REG 43a8 2da49525
R350_SHADER_REG 43ac 00000000
R350_SHADER_REG 43b0 00b405a0
R350_SHADER_REG 43b4 011409a0
R350_SHADER_REG 43b8 00000000
R350_SHADER_REG 43bc 03ffffff
R350_SHADER_REG 43c0 00000000
R350_SHADER_REG 43c4 03ffffff
R350_SHADER_REG 43c8 00000000
R350_SHADER_REG 43cc 03ffffff
R350_SHADER_REG 43d0 0000aaaa
R350_SHADER_REG 43d4 00000000
R350_SHADER_REG 43d8 00000000
R350_SHADER_REG 43dc 00000000
R350_SHADER_REG 43e0 00b405a0
R350_SHADER_REG 43e4 0113e99f
R350_SHADER_REG 43e8 00ffffff
R350_SHADER_REG 43ec 00000000
R350_SHADER_REG 43f0 00000000
R350_SHADER_REG 43f4 00000000
R350_SHADER_REG 43f8 00000000
R350_SHADER_REG 43fc 00000000
R350_SHADER_REG 4400 00000a12
R350_SHADER_REG 4404 00000000
R350_SHADER_REG 4408 00000000
R350_SHADER_REG 440c 00000000
R350_SHADER_REG 4410 00000000
R350_SHADER_REG 4414 00000000
R350_SHADER_REG 4418 00000000
R350_SHADER_REG 441c 00000000
R350_SHADER_REG 4420 00000000
R350_SHADER_REG 4424 00000000
R350_SHADER_REG 4428 00000000
R350_SHADER_REG 442c 00000000
R350_SHADER_REG 4430 00000000
R350_SHADER_REG 4434 00000000
R350_SHADER_REG 4438 00000000
R350_SHADER_REG 443c 00000000
R350_SHADER_REG 4440 00001fe8
R350_SHADER_REG 4444 00000000
R350_SHADER_REG 4448 00000000
R350_SHADER_REG 444c 00000000
R350_SHADER_REG 4450 00000000
R350_SHADER_REG 4454 00000000
R350_SHADER_REG 4458 00000000
R350_SHADER_REG 445c 00000000
R350_SHADER_REG 4460 00000000
R350_SHADER_REG 4464 00000000
R350_SHADER_REG 4468 00000000
R350_SHADER_REG 446c 00000000
R350_SHADER_REG 4470 00000000
R350_SHADER_REG 4474 00000000
R350_SHADER_REG 4478 00000000
R350_SHADER_REG 447c 00000000
R350_SHADER_REG 4480 8007f8ff
R350_SHADER_REG 4484 00000000
R350_SHADER_REG 4488 00000000
R350_SHADER_REG 448c 00000000
R350_SHADER_REG 4490 00000000
R350_SHADER_REG 4494 00000000
R350_SHADER_REG 4498 00000000
R350_SHADER_REG 449c 00000000
R350_SHADER_REG 44a0 00000000
R350_SHADER_REG 44a4 00000000
R350_SHADER_REG 44a8 00000000
R350_SHADER_REG 44ac 00000000
R350_SHADER_REG 44b0 00000000
R350_SHADER_REG 44b4 00000000
R350_SHADER_REG 44b8 00000000
R350_SHADER_REG 44bc 00000000
R350_SHADER_REG 44c0 0000aa0c
R350_SHADER_REG 44c4 00000000
R350_SHADER_REG 44c8 00000000
R350_SHADER_REG 44cc 00000000
R350_SHADER_REG 44d0 00000000
R350_SHADER_REG 44d4 00000000
R350_SHADER_REG 44d8 00000000
R350_SHADER_REG 44dc 00000000
R350_SHADER_REG 44e0 00000000
R350_SHADER_REG 44e4 00000000
R350_SHADER_REG 44e8 00000000
R350_SHADER_REG 44ec 00000000
R350_SHADER_REG 44f0 00000000
R350_SHADER_REG 44f4 00000000
R350_SHADER_REG 44f8 00000000
R350_SHADER_REG 44fc 00000000
R350_SHADER_REG 4500 000000ff
R350_SHADER_REG 4504 00000000
R350_SHADER_REG 4508 00000000
R350_SHADER_REG 450c 00000000
R350_SHADER_REG 4510 00000000
R350_SHADER_REG 4514 00000000
R350_SHADER_REG 4518 00000000
R350_SHADER_REG 451c 00000000
R350_SHADER_REG 4520 00000000
R350_SHADER_REG 4524 00000000
R350_SHADER_REG 4528 00000000
R350_SHADER_REG 452c 00000000
R350_SHADER_REG 4530 00000000
R350_SHADER_REG 4534 00000000
R350_SHADER_REG 4538 00000000
R350_SHADER_REG 453c 00000000
R350_SHADER_REG 4540 00740000
R350_SHADER_REG 4544 00000000
R350_SHADER_REG 4548 00000000
R350_SHADER_REG 454c 00000000
R350_SHADER_REG 4550 00000000
R350_SHADER_REG 4554 00000000
R350_SHADER_REG 4558 00000000
R350_SHADER_REG 455c 00000000
R350_SHADER_REG 4560 00000000
R350_SHADER_REG 4564 00000000
R350_SHADER_REG 4568 00000000
R350_SHADER_REG 456c 00000000
R350_SHADER_REG 4570 00000000
R350_SHADER_REG 4574 00000000
R350_SHADER_REG 4578 00000000
R350_SHADER_REG 457c 00000000
R350_SHADER_REG 4580 00000000
R350_SHADER_REG 4584 00000000
R350_SHADER_REG 4588 00000000
R350_SHADER_REG 458c 00000000
R350_SHADER_REG 4590 00000000
R350_SHADER_REG 4594 00000000
R350_SHADER_REG 4598 00000000
R350_SHADER_REG 459c 00000000
R350_SHADER_REG 45a0 00000000
R350_SHADER_REG 45a4 00000000
R350_SHADER_REG 45a8 00000000
R350_SHADER_REG 45ac 00000000
R350_SHADER_REG 45b0 00000000
R350_SHADER_REG 45b4 00000000
R350_SHADER_REG 45b8 00000000
R350_SHADER_REG 45bc 00000000
R350_SHADER_REG 45c0 00000000
R350_SHADER_REG 45c4 00000000
R350_SHADER_REG 45c8 00000000
R350_SHADER_REG 45cc 00000000
R350_SHADER_REG 45d0 00000000
R350_SHADER_REG 45d4 00000000
R350_SHADER_REG 45d8 00000000
R350_SHADER_REG 45dc 00000000
R350_SHADER_REG 45e0 00000000
R350_SHADER_REG 45e4 00000000
R350_SHADER_REG 45e8 00000000
R350_SHADER_REG 45ec 00000000
R350_SHADER_REG 45f0 00000000
R350_SHADER_REG 45f4 00000000
R350_SHADER_REG 45f8 00000000
R350_SHADER_REG 45fc 00000000
R350_SHADER_REG 4600 00000008
R350_SHADER_REG 4604 00000001
R350_SHADER_REG 4608 00000002
R350_SHADER_REG 460c 00000000
R350_SHADER_REG 4610 00000000
R350_SHADER_REG 4614 00000000
R350_SHADER_REG 4618 00000000
R350_SHADER_REG 461c 00400000
R350_SHADER_REG 4620 00018041
R350_SHADER_REG 4624 00000000
R350_SHADER_REG 4628 00000000
R350_SHADER_REG 462c 00000000
R350_SHADER_REG 4630 00000000
R350_SHADER_REG 4634 00000000
R350_SHADER_REG 4638 00000000
R350_SHADER_REG 463c 00000000
R350_SHADER_REG 4640 00000000
R350_SHADER_REG 4644 00000000
R350_SHADER_REG 4648 00000000
R350_SHADER_REG 464c 00000000
R350_SHADER_REG 4650 00000000
R350_SHADER_REG 4654 00000000
R350_SHADER_REG 4658 00000000
R350_SHADER_REG 465c 00000000
R350_SHADER_REG 4660 00000000
R350_SHADER_REG 4664 00000000
R350_SHADER_REG 4668 00000000
R350_SHADER_REG 466c 00000000
R350_SHADER_REG 4670 00000000
R350_SHADER_REG 4674 00000000
R350_SHADER_REG 4678 00000000
R350_SHADER_REG 467c 00000000
R350_SHADER_REG 4680 00000000
R350_SHADER_REG 4684 00000000
R350_SHADER_REG 4688 00000000
R350_SHADER_REG 468c 00000000
R350_SHADER_REG 4690 00000000
R350_SHADER_REG 4694 00000000
R350_SHADER_REG 4698 00000000
R350_SHADER_REG 469c 00000000
R350_SHADER_REG 46a0 00000000
R350_SHADER_REG 46a4 00001b00
R350_SHADER_REG 46a8 0000000f
R350_SHADER_REG 46ac 0000000f
R350_SHADER_REG 46b0 0000000f
R350_SHADER_REG 46b4 00000001
R350_SHADER_REG 46b8 00000000
R350_SHADER_REG 46bc 00000000
R350_SHADER_REG 46c0 1c020800
R350_SHADER_REG 46c4 1c020800
R350_SHADER_REG 46c8 1c020040
R350_SHADER_REG 46cc 00000000
R350_SHADER_REG 46d0 00000000
R350_SHADER_REG 46d4 00000000
R350_SHADER_REG 46d8 00000000
R350_SHADER_REG 46dc 00000000
R350_SHADER_REG 46e0 00000000
R350_SHADER_REG 46e4 00000000
R350_SHADER_REG 46e8 00000000
R350_SHADER_REG 46ec 00000000
R350_SHADER_REG 46f0 00000000
R350_SHADER_REG 46f4 00000000
R350_SHADER_REG 46f8 00000000
R350_SHADER_REG 46fc 00000000
R350_SHADER_REG 4700 00000000
R350_SHADER_REG 4704 00000000
R350_SHADER_REG 4708 00000000
R350_SHADER_REG 470c 00000000
R350_SHADER_REG 4710 00000000
R350_SHADER_REG 4714 00000000
R350_SHADER_REG 4718 00000000
R350_SHADER_REG 471c 00000000
R350_SHADER_REG 4720 00000000
R350_SHADER_REG 4724 00000000
R350_SHADER_REG 4728 00000000
R350_SHADER_REG 472c 00000000
R350_SHADER_REG 4730 00000000
R350_SHADER_REG 4734 00000000
R350_SHADER_REG 4738 00000000
R350_SHADER_REG 473c 00000000
R350_SHADER_REG 4740 00000000
R350_SHADER_REG 4744 00000000
R350_SHADER_REG 4748 00000000
R350_SHADER_REG 474c 00000000
R350_SHADER_REG 4750 00000000
R350_SHADER_REG 4754 00000000
R350_SHADER_REG 4758 00000000
R350_SHADER_REG 475c 00000000
R350_SHADER_REG 4760 00000000
R350_SHADER_REG 4764 00000000
R350_SHADER_REG 4768 00000000
R350_SHADER_REG 476c 00000000
R350_SHADER_REG 4770 00000000
R350_SHADER_REG 4774 00000000
R350_SHADER_REG 4778 00000000
R350_SHADER_REG 477c 00000000
R350_SHADER_REG 4780 00000000
R350_SHADER_REG 4784 00000000
R350_SHADER_REG 4788 00000000
R350_SHADER_REG 478c 00000000
R350_SHADER_REG 4790 00000000
R350_SHADER_REG 4794 00000000
R350_SHADER_REG 4798 00000000
R350_SHADER_REG 479c 00000000
R350_SHADER_REG 47a0 00000000
R350_SHADER_REG 47a4 00000000
R350_SHADER_REG 47a8 00000000
R350_SHADER_REG 47ac 00000000
R350_SHADER_REG 47b0 00000000
R350_SHADER_REG 47b4 00000000
R350_SHADER_REG 47b8 00000000
R350_SHADER_REG 47bc 00000000
R350_SHADER_REG 47c0 01020800
R350_SHADER_REG 47c4 01020800
R350_SHADER_REG 47c8 01020800
R350_SHADER_REG 47cc 00000000
R350_SHADER_REG 47d0 00000000
R350_SHADER_REG 47d4 00000000
R350_SHADER_REG 47d8 00000000
R350_SHADER_REG 47dc 00000000
R350_SHADER_REG 47e0 00000000
R350_SHADER_REG 47e4 00000000
R350_SHADER_REG 47e8 00000000
R350_SHADER_REG 47ec 00000000
R350_SHADER_REG 47f0 00000000
R350_SHADER_REG 47f4 00000000
R350_SHADER_REG 47f8 00000000
R350_SHADER_REG 47fc 00000000
R350_SHADER_REG 4800 00000000
R350_SHADER_REG 4804 00000000
R350_SHADER_REG 4808 00000000
R350_SHADER_REG 480c 00000000
R350_SHADER_REG 4810 00000000
R350_SHADER_REG 4814 00000000
R350_SHADER_REG 4818 00000000
R350_SHADER_REG 481c 00000000
R350_SHADER_REG 4820 00000000
R350_SHADER_REG 4824 00000000
R350_SHADER_REG 4828 00000000
R350_SHADER_REG 482c 00000000
R350_SHADER_REG 4830 00000000
R350_SHADER_REG 4834 00000000
R350_SHADER_REG 4838 00000000
R350_SHADER_REG 483c 00000000
R350_SHADER_REG 4840 00000000
R350_SHADER_REG 4844 00000000
R350_SHADER_REG 4848 00000000
R350_SHADER_REG 484c 00000000
R350_SHADER_REG 4850 00000000
R350_SHADER_REG 4854 00000000
R350_SHADER_REG 4858 00000000
R350_SHADER_REG 485c 00000000
R350_SHADER_REG 4860 00000000
R350_SHADER_REG 4864 00000000
R350_SHADER_REG 4868 00000000
R350_SHADER_REG 486c 00000000
R350_SHADER_REG 4870 00000000
R350_SHADER_REG 4874 00000000
R350_SHADER_REG 4878 00000000
R350_SHADER_REG 487c 00000000
R350_SHADER_REG 4880 00000000
R350_SHADER_REG 4884 00000000
R350_SHADER_REG 4888 00000000
R350_SHADER_REG 488c 00000000
R350_SHADER_REG 4890 00000000
R350_SHADER_REG 4894 00000000
R350_SHADER_REG 4898 00000000
R350_SHADER_REG 489c 00000000
R350_SHADER_REG 48a0 00000000
R350_SHADER_REG 48a4 00000000
R350_SHADER_REG 48a8 00000000
R350_SHADER_REG 48ac 00000000
R350_SHADER_REG 48b0 00000000
R350_SHADER_REG 48b4 00000000
R350_SHADER_REG 48b8 00000000
R350_SHADER_REG 48bc 00000000
R350_SHADER_REG 48c0 00050a80
R350_SHADER_REG 48c4 00050a80
R350_SHADER_REG 48c8 40050200
R350_SHADER_REG 48cc 00000000
R350_SHADER_REG 48d0 00000000
R350_SHADER_REG 48d4 00000000
R350_SHADER_REG 48d8 00000000
R350_SHADER_REG 48dc 00000000
R350_SHADER_REG 48e0 00000000
R350_SHADER_REG 48e4 00000000
R350_SHADER_REG 48e8 00000000
R350_SHADER_REG 48ec 00000000
R350_SHADER_REG 48f0 00000000
R350_SHADER_REG 48f4 00000000
R350_SHADER_REG 48f8 00000000
R350_SHADER_REG 48fc 00000000
R350_SHADER_REG 4900 00000000
R350_SHADER_REG 4904 00000000
R350_SHADER_REG 4908 00000000
R350_SHADER_REG 490c 00000000
R350_SHADER_REG 4910 00000000
R350_SHADER_REG 4914 00000000
R350_SHADER_REG 4918 00000000
R350_SHADER_REG 491c 00000000
R350_SHADER_REG 4920 00000000
R350_SHADER_REG 4924 00000000
R350_SHADER_REG 4928 00000000
R350_SHADER_REG 492c 00000000
R350_SHADER_REG 4930 00000000
R350_SHADER_REG 4934 00000000
R350_SHADER_REG 4938 00000000
R350_SHADER_REG 493c 00000000
R350_SHADER_REG 4940 00000000
R350_SHADER_REG 4944 00000000
R350_SHADER_REG 4948 00000000
R350_SHADER_REG 494c 00000000
R350_SHADER_REG 4950 00000000
R350_SHADER_REG 4954 00000000
R350_SHADER_REG 4958 00000000
R350_SHADER_REG 495c 00000000
R350_SHADER_REG 4960 00000000
R350_SHADER_REG 4964 00000000
R350_SHADER_REG 4968 00000000
R350_SHADER_REG 496c 00000000
R350_SHADER_REG 4970 00000000
R350_SHADER_REG 4974 00000000
R350_SHADER_REG 4978 00000000
R350_SHADER_REG 497c 00000000
R350_SHADER_REG 4980 00000000
R350_SHADER_REG 4984 00000000
R350_SHADER_REG 4988 00000000
R350_SHADER_REG 498c 00000000
R350_SHADER_REG 4990 00000000
R350_SHADER_REG 4994 00000000
R350_SHADER_REG 4998 00000000
R350_SHADER_REG 499c 00000000
R350_SHADER_REG 49a0 00000000
R350_SHADER_REG 49a4 00000000
R350_SHADER_REG 49a8 00000000
R350_SHADER_REG 49ac 00000000
R350_SHADER_REG 49b0 00000000
R350_SHADER_REG 49b4 00000000
R350_SHADER_REG 49b8 00000000
R350_SHADER_REG 49bc 00000000
R350_SHADER_REG 49c0 00040889
R350_SHADER_REG 49c4 00040889
R350_SHADER_REG 49c8 40040509
R350_SHADER_REG 49cc 00000000
R350_SHADER_REG 49d0 00000000
R350_SHADER_REG 49d4 00000000
R350_SHADER_REG 49d8 00000000
R350_SHADER_REG 49dc 00000000
R350_SHADER_REG 49e0 00000000
R350_SHADER_REG 49e4 00000000
R350_SHADER_REG 49e8 00000000
R350_SHADER_REG 49ec 00000000
R350_SHADER_REG 49f0 00000000
R350_SHADER_REG 49f4 00000000
R350_SHADER_REG 49f8 00000000
R350_SHADER_REG 49fc 00000000
R350_SHADER_REG 4a00 00000000
R350_SHADER_REG 4a04 00000000
R350_SHADER_REG 4a08 00000000
R350_SHADER_REG 4a0c 00000000
R350_SHADER_REG 4a10 00000000
R350_SHADER_REG 4a14 00000000
R350_SHADER_REG 4a18 00000000
R350_SHADER_REG 4a1c 00000000
R350_SHADER_REG 4a20 00000000
R350_SHADER_REG 4a24 00000000
R350_SHADER_REG 4a28 00000000
R350_SHADER_REG 4a2c 00000000
R350_SHADER_REG 4a30 00000000
R350_SHADER_REG 4a34 00000000
R350_SHADER_REG 4a38 00000000
R350_SHADER_REG 4a3c 00000000
R350_SHADER_REG 4a40 00000000
R350_SHADER_REG 4a44 00000000
R350_SHADER_REG 4a48 00000000
R350_SHADER_REG 4a4c 00000000
R350_SHADER_REG 4a50 00000000
R350_SHADER_REG 4a54 00000000
R350_SHADER_REG 4a58 00000000
R350_SHADER_REG 4a5c 00000000
R350_SHADER_REG 4a60 00000000
R350_SHADER_REG 4a64 00000000
R350_SHADER_REG 4a68 00000000
R350_SHADER_REG 4a6c 00000000
R350_SHADER_REG 4a70 00000000
R350_SHADER_REG 4a74 00000000
R350_SHADER_REG 4a78 00000000
R350_SHADER_REG 4a7c 00000000
R350_SHADER_REG 4a80 00000000
R350_SHADER_REG 4a84 00000000
R350_SHADER_REG 4a88 00000000
R350_SHADER_REG 4a8c 00000000
R350_SHADER_REG 4a90 00000000
R350_SHADER_REG 4a94 00000000
R350_SHADER_REG 4a98 00000000
R350_SHADER_REG 4a9c 00000000
R350_SHADER_REG 4aa0 00000000
R350_SHADER_REG 4aa4 00000000
R350_SHADER_REG 4aa8 00000000
R350_SHADER_REG 4aac 00000000
R350_SHADER_REG 4ab0 00000000
R350_SHADER_REG 4ab4 00000000
R350_SHADER_REG 4ab8 00000000
R350_SHADER_REG 4abc 00000000
R350_SHADER_REG 4ac0 00000000
R350_SHADER_REG 4ac4 00000000
R350_SHADER_REG 4ac8 00000000
R350_SHADER_REG 4acc 00000000
R350_SHADER_REG 4ad0 00000000
R350_SHADER_REG 4ad4 00000000
R350_SHADER_REG 4ad8 00000000
R350_SHADER_REG 4adc 00000000
R350_SHADER_REG 4ae0 00000000
R350_SHADER_REG 4ae4 00000000
R350_SHADER_REG 4ae8 00000000
R350_SHADER_REG 4aec 00000000
R350_SHADER_REG 4af0 00000000
R350_SHADER_REG 4af4 00000000
R350_SHADER_REG 4af8 00000000
R350_SHADER_REG 4afc 00000000
R350_SHADER_REG 4b00 00000000
R350_SHADER_REG 4b04 00000000
R350_SHADER_REG 4b08 00000000
R350_SHADER_REG 4b0c 00000000
R350_SHADER_REG 4b10 00000000
R350_SHADER_REG 4b14 00000000
R350_SHADER_REG 4b18 00000000
R350_SHADER_REG 4b1c 00000000
R350_SHADER_REG 4b20 00000000
R350_SHADER_REG 4b24 00000000
R350_SHADER_REG 4b28 00000000
R350_SHADER_REG 4b2c 00000000
R350_SHADER_REG 4b30 00000000
R350_SHADER_REG 4b34 00000000
R350_SHADER_REG 4b38 00000000
R350_SHADER_REG 4b3c 00000000
R350_SHADER_REG 4b40 00000000
R350_SHADER_REG 4b44 00000000
R350_SHADER_REG 4b48 00000000
R350_SHADER_REG 4b4c 00000000
R350_SHADER_REG 4b50 00000000
R350_SHADER_REG 4b54 00000000
R350_SHADER_REG 4b58 00000000
R350_SHADER_REG 4b5c 00000000
R350_SHADER_REG 4b60 00000000
R350_SHADER_REG 4b64 00000000
R350_SHADER_REG 4b68 00000000
R350_SHADER_REG 4b6c 00000000
R350_SHADER_REG 4b70 00000000
R350_SHADER_REG 4b74 00000000
R350_SHADER_REG 4b78 00000000
R350_SHADER_REG 4b7c 00000000
R350_SHADER_REG 4b80 00000000
R350_SHADER_REG 4b84 00000000
R350_SHADER_REG 4b88 00000000
R350_SHADER_REG 4b8c 00000000
R350_SHADER_REG 4b90 00000000
R350_SHADER_REG 4b94 00000000
R350_SHADER_REG 4b98 00000000
R350_SHADER_REG 4b9c 00000000
R350_SHADER_REG 4ba0 00000000
R350_SHADER_REG 4ba4 00000000
R350_SHADER_REG 4ba8 00000000
R350_SHADER_REG 4bac 00000000
R350_SHADER_REG 4bb0 00000000
R350_SHADER_REG 4bb4 00000000
R350_SHADER_REG 4bb8 00000000
R350_SHADER_REG 4bbc 00000000
R350_SHADER_REG 4bc0 00000000
R350_SHADER_REG 4bc4 00000000
R350_SHADER_REG 4bc8 00000000
R350_SHADER_REG 4bcc 00000000
R350_SHADER_REG 4bd0 00000000
R350_SHADER_REG 4bd4 00000c00
R350_SHADER_REG 4bd8 00000000
R350_SHADER_REG 4bdc 00000000
R350_SHADER_REG 4be0 00000000
R350_SHADER_REG 4be4 00000000
R350_SHADER_REG 4be8 00000000
R350_SHADER_REG 4bec 00000000
R350_SHADER_REG 4bf0 00000000
R350_SHADER_REG 4bf4 00000000
R350_SHADER_REG 4bf8 00000000
R350_SHADER_REG 4bfc 00000000
R350_SHADER_REG 4c00 003f0000
R350_SHADER_REG 4c04 003f0000
R350_SHADER_REG 4c08 003f0000
R350_SHADER_REG 4c0c 003f0000
R350_SHADER_REG 4c10 00000000
R350_SHADER_REG 4c14 00000000
R350_SHADER_REG 4c18 00000000
R350_SHADER_REG 4c1c 00000000
R350_SHADER_REG 4c20 00000000
R350_SHADER_REG 4c24 00000000
R350_SHADER_REG 4c28 00000000
R350_SHADER_REG 4c2c 00000000
R350_SHADER_REG 4c30 00000000
R350_SHADER_REG 4c34 00000000
R350_SHADER_REG 4c38 00000000
R350_SHADER_REG 4c3c 00000000
R350_SHADER_REG 4c40 00000000
R350_SHADER_REG 4c44 00000000
R350_SHADER_REG 4c48 00000000
R350_SHADER_REG 4c4c 00000000
R350_SHADER_REG 4c50 00000000
R350_SHADER_REG 4c54 00000000
R350_SHADER_REG 4c58 00000000
R350_SHADER_REG 4c5c 00000000
R350_SHADER_REG 4c60 00000000
R350_SHADER_REG 4c64 00000000
R350_SHADER_REG 4c68 00000000
R350_SHADER_REG 4c6c 00000000
R350_SHADER_REG 4c70 00000000
R350_SHADER_REG 4c74 00000000
R350_SHADER_REG 4c78 00000000
R350_SHADER_REG 4c7c 00000000
R350_SHADER_REG 4c80 00000000
R350_SHADER_REG 4c84 00000000
R350_SHADER_REG 4c88 00000000
R350_SHADER_REG 4c8c 00000000
R350_SHADER_REG 4c90 00000000
R350_SHADER_REG 4c94 00000000
R350_SHADER_REG 4c98 00000000
R350_SHADER_REG 4c9c 00000000
R350_SHADER_REG 4ca0 00000000
R350_SHADER_REG 4ca4 00000000
R350_SHADER_REG 4ca8 00000000
R350_SHADER_REG 4cac 00000000
R350_SHADER_REG 4cb0 00000000
R350_SHADER_REG 4cb4 00000000
R350_SHADER_REG 4cb8 00000000
R350_SHADER_REG 4cbc 00000000
R350_SHADER_REG 4cc0 00000000
R350_SHADER_REG 4cc4 00000000
R350_SHADER_REG 4cc8 00000000
R350_SHADER_REG 4ccc 00000000
R350_SHADER_REG 4cd0 00000000
R350_SHADER_REG 4cd4 00000000
R350_SHADER_REG 4cd8 00000000
R350_SHADER_REG 4cdc 00000000
R350_SHADER_REG 4ce0 00000000
R350_SHADER_REG 4ce4 00000000
R350_SHADER_REG 4ce8 00000000
R350_SHADER_REG 4cec 00000000
R350_SHADER_REG 4cf0 00000000
R350_SHADER_REG 4cf4 00000000
R350_SHADER_REG 4cf8 00000000
R350_SHADER_REG 4cfc 00000000
R350_SHADER_REG 4d00 00000000
R350_SHADER_REG 4d04 00000000
R350_SHADER_REG 4d08 00000000
R350_SHADER_REG 4d0c 00000000
R350_SHADER_REG 4d10 00000000
R350_SHADER_REG 4d14 00000000
R350_SHADER_REG 4d18 00000000
R350_SHADER_REG 4d1c 00000000
R350_SHADER_REG 4d20 00000000
R350_SHADER_REG 4d24 00000000
R350_SHADER_REG 4d28 00000000
R350_SHADER_REG 4d2c 00000000
R350_SHADER_REG 4d30 00000000
R350_SHADER_REG 4d34 00000000
R350_SHADER_REG 4d38 00000000
R350_SHADER_REG 4d3c 00000000
R350_SHADER_REG 4d40 00000000
R350_SHADER_REG 4d44 00000000
R350_SHADER_REG 4d48 00000000
R350_SHADER_REG 4d4c 00000000
R350_SHADER_REG 4d50 00000000
R350_SHADER_REG 4d54 00000000
R350_SHADER_REG 4d58 00000000
R350_SHADER_REG 4d5c 00000000
R350_SHADER_REG 4d60 00000000
R350_SHADER_REG 4d64 00000000
R350_SHADER_REG 4d68 00000000
R350_SHADER_REG 4d6c 00000000
R350_SHADER_REG 4d70 00000000
R350_SHADER_REG 4d74 00000000
R350_SHADER_REG 4d78 00000000
R350_SHADER_REG 4d7c 00000000
R350_SHADER_REG 4d80 00000000
R350_SHADER_REG 4d84 00000000
R350_SHADER_REG 4d88 00000000
R350_SHADER_REG 4d8c 00000000
R350_SHADER_REG 4d90 00000000
R350_SHADER_REG 4d94 00000000
R350_SHADER_REG 4d98 00000000
R350_SHADER_REG 4d9c 00000000
R350_SHADER_REG 4da0 00000000
R350_SHADER_REG 4da4 00000000
R350_SHADER_REG 4da8 00000000
R350_SHADER_REG 4dac 00000000
R350_SHADER_REG 4db0 00000000
R350_SHADER_REG 4db4 00000000
R350_SHADER_REG 4db8 00000000
R350_SHADER_REG 4dbc 00000000
R350_SHADER_REG 4dc0 00000000
R350_SHADER_REG 4dc4 00000000
R350_SHADER_REG 4dc8 00000000
R350_SHADER_REG 4dcc 00000000
R350_SHADER_REG 4dd0 00000000
R350_SHADER_REG 4dd4 00000000
R350_SHADER_REG 4dd8 00000000
R350_SHADER_REG 4ddc 00000000
R350_SHADER_REG 4de0 00000000
R350_SHADER_REG 4de4 00000000
R350_SHADER_REG 4de8 00000000
R350_SHADER_REG 4dec 00000000
R350_SHADER_REG 4df0 00000000
R350_SHADER_REG 4df4 00000000
R350_SHADER_REG 4df8 00000000
R350_SHADER_REG 4dfc 00000000
R350_SHADER_REG 4e00 00000000
R350_SHADER_REG 4e04 20220000
R350_SHADER_REG 4e08 00000000
R350_SHADER_REG 4e0c 0000000f
R350_SHADER_REG 4e10 00000000
R350_SHADER_REG 4e14 00000000
R350_SHADER_REG 4e18 00000000
R350_SHADER_REG 4e1c 00000000
R350_SHADER_REG 4e20 00000000
R350_SHADER_REG 4e24 00000000
R350_SHADER_REG 4e28 00300000
R350_SHADER_REG 4e2c 00000000
R350_SHADER_REG 4e30 00000000
R350_SHADER_REG 4e34 00000000
R350_SHADER_REG 4e38 2ed14400
R350_SHADER_REG 4e3c 00000000
R350_SHADER_REG 4e40 00000000
R350_SHADER_REG 4e44 00000000
R350_SHADER_REG 4e48 00000000
R350_SHADER_REG 4e4c 0000000a
R350_SHADER_REG 4e50 00000005
R350_SHADER_REG 4e54 00000001
R350_SHADER_REG 4e58 00000000
R350_SHADER_REG 4e5c 00000000
R350_SHADER_REG 4e60 00000000
R350_SHADER_REG 4e64 00000400
R350_SHADER_REG 4e68 00000000
R350_SHADER_REG 4e6c 00000000
R350_SHADER_REG 4e70 00000000
R350_SHADER_REG 4e74 00000000
R350_SHADER_REG 4e78 00000000
R350_SHADER_REG 4e7c 00000000
R350_SHADER_REG 4e80 00000000
R350_SHADER_REG 4e84 00000000
R350_SHADER_REG 4e88 00000000
R350_SHADER_REG 4e8c 00000000
R350_SHADER_REG 4e90 00000000
R350_SHADER_REG 4e94 00000000
R350_SHADER_REG 4e98 00000000
R350_SHADER_REG 4e9c 00000000
R350_SHADER_REG 4ea0 00000000
R350_SHADER_REG 4ea4 00000000
R350_SHADER_REG 4ea8 00000000
R350_SHADER_REG 4eac 00000000
R350_SHADER_REG 4eb0 00000000
R350_SHADER_REG 4eb4 00000000
R350_SHADER_REG 4eb8 00000000
R350_SHADER_REG 4ebc 00000000
R350_SHADER_REG 4ec0 00000000
R350_SHADER_REG 4ec4 00000000
R350_SHADER_REG 4ec8 00000000
R350_SHADER_REG 4ecc 00000000
R350_SHADER_REG 4ed0 00000000
R350_SHADER_REG 4ed4 00000000
R350_SHADER_REG 4ed8 00000000
R350_SHADER_REG 4edc 00000000
R350_SHADER_REG 4ee0 00000000
R350_SHADER_REG 4ee4 00000000
R350_SHADER_REG 4ee8 00000000
R350_SHADER_REG 4eec 00000000
R350_SHADER_REG 4ef0 00000000
R350_SHADER_REG 4ef4 00000000
R350_SHADER_REG 4ef8 00000000
R350_SHADER_REG 4efc 00000000
R350_SHADER_REG 4f00 00000010
R350_SHADER_REG 4f04 00000000
R350_SHADER_REG 4f08 00ffff00
R350_SHADER_REG 4f0c 00000000
R350_SHADER_REG 4f10 00000000
R350_SHADER_REG 4f14 00000001
R350_SHADER_REG 4f18 00000003
R350_SHADER_REG 4f1c 00000000
R350_SHADER_REG 4f20 00000000
R350_SHADER_REG 4f24 00000000
R350_SHADER_REG 4f28 00000000
R350_SHADER_REG 4f2c 00000000
R350_SHADER_REG 4f30 00000000
R350_SHADER_REG 4f34 00000000
R350_SHADER_REG 4f38 00000000
R350_SHADER_REG 4f3c 00000000
R350_SHADER_REG 4f40 00000000
R350_SHADER_REG 4f44 00000000
R350_SHADER_REG 4f48 00000000
R350_SHADER_REG 4f4c 00000000
R350_SHADER_REG 4f50 00000000
R350_SHADER_REG 4f54 00000000
R350_SHADER_REG 4f58 00000000
R350_SHADER_REG 4f5c 00000000
R350_SHADER_REG 4f60 00000000
R350_SHADER_REG 4f64 00000000
R350_SHADER_REG 4f68 00000000
R350_SHADER_REG 4f6c 00000000
R350_SHADER_REG 4f70 00000000
R350_SHADER_REG 4f74 00000000
R350_SHADER_REG 4f78 00000000
R350_SHADER_REG 4f7c 00000000
R350_SHADER_REG 4f80 00000000
R350_SHADER_REG 4f84 00000000
R350_SHADER_REG 4f88 00000000
R350_SHADER_REG 4f8c 00000000
R350_SHADER_REG 4f90 00000000
R350_SHADER_REG 4f94 00000000
R350_SHADER_REG 4f98 00000000
R350_SHADER_REG 4f9c 00000000
R350_SHADER_REG 4fa0 00000000
R350_SHADER_REG 4fa4 00000000
R350_SHADER_REG 4fa8 00000000
R350_SHADER_REG 4fac 00000000
R350_SHADER_REG 4fb0 00000000
R350_SHADER_REG 4fb4 00000000
R350_SHADER_REG 4fb8 00000000
R350_SHADER_REG 4fbc 00000000
R350_SHADER_REG 4fc0 00000000
R350_SHADER_REG 4fc4 00000000
R350_SHADER_REG 4fc8 00000000
R350_SHADER_REG 4fcc 00000000
R350_SHADER_REG 4fd0 00000000
R350_SHADER_REG 4fd4 00000000
R350_SHADER_REG 4fd8 00000000
R350_SHADER_REG 4fdc 00000000
R350_SHADER_REG 4fe0 00000000
R350_SHADER_REG 4fe4 00000000
R350_SHADER_REG 4fe8 00000000
R350_SHADER_REG 4fec 00000000
R350_SHADER_REG 4ff0 00000000
R350_SHADER_REG 4ff4 00000000
R350_SHADER_REG 4ff8 00000000
R350_SHADER_REG 4ffc 00000000
R350_SHADER_PVS 080 0 00100201
R350_SHADER_PVS 080 1 00d10002
R350_SHADER_PVS 080 2 00d10001
R350_SHADER_PVS 080 3 00d10005
R350_SHADER_PVS 081 0 00200201
R350_SHADER_PVS 081 1 00d10022
R350_SHADER_PVS 081 2 00d10001
R350_SHADER_PVS 081 3 00d10005
R350_SHADER_PVS 082 0 00400201
R350_SHADER_PVS 082 1 00d10042
R350_SHADER_PVS 082 2 00d10001
R350_SHADER_PVS 082 3 00d10005
R350_SHADER_PVS 083 0 00800201
R350_SHADER_PVS 083 1 00d10062
R350_SHADER_PVS 083 2 00d10001
R350_SHADER_PVS 083 3 00d10005
R350_SHADER_PVS 084 0 00104201
R350_SHADER_PVS 084 1 00d10082
R350_SHADER_PVS 084 2 00d10041
R350_SHADER_PVS 084 3 00d10045
R350_SHADER_PVS 085 0 00204201
R350_SHADER_PVS 085 1 00d100a2
R350_SHADER_PVS 085 2 00d10041
R350_SHADER_PVS 085 3 00d10045
R350_SHADER_PVS 086 0 00404201
R350_SHADER_PVS 086 1 00d100c2
R350_SHADER_PVS 086 2 00d10041
R350_SHADER_PVS 086 3 00d10045
R350_SHADER_PVS 087 0 00804201
R350_SHADER_PVS 087 1 00d100e2
R350_SHADER_PVS 087 2 00d10041
R350_SHADER_PVS 087 3 00d10045
R350_SHADER_PVS 088 0 00f02202
R350_SHADER_PVS 088 1 00d10021
R350_SHADER_PVS 088 2 016da021
R350_SHADER_PVS 088 3 016da025
R350_SHADER_PVS 0fe 0 00f00202
R350_SHADER_PVS 0fe 1 00d10001
R350_SHADER_PVS 0fe 2 016da001
R350_SHADER_PVS 0fe 3 016da001
R350_SHADER_PVS 0ff 0 00f02202
R350_SHADER_PVS 0ff 1 00d10021
R350_SHADER_PVS 0ff 2 016da021
R350_SHADER_PVS 0ff 3 016da021
R350_SHADER_PVS 280 0 3b000000
R350_SHADER_PVS 280 1 00000000
R350_SHADER_PVS 280 2 00000000
R350_SHADER_PVS 280 3 bf800000
R350_SHADER_PVS 281 0 00000000
R350_SHADER_PVS 281 1 bb2aaaab
R350_SHADER_PVS 281 2 00000000
R350_SHADER_PVS 281 3 3f800000
R350_SHADER_PVS 282 0 00000000
R350_SHADER_PVS 282 1 00000000
R350_SHADER_PVS 282 2 bf800000
R350_SHADER_PVS 282 3 00000000
R350_SHADER_PVS 283 0 00000000
R350_SHADER_PVS 283 1 00000000
R350_SHADER_PVS 283 2 00000000
R350_SHADER_PVS 283 3 3f800000
R350_SHADER_PVS 284 0 3b800000
R350_SHADER_PVS 284 1 00000000
R350_SHADER_PVS 284 2 00000000
R350_SHADER_PVS 284 3 00000000
R350_SHADER_PVS 285 0 00000000
R350_SHADER_PVS 285 1 3b800000
R350_SHADER_PVS 285 2 00000000
R350_SHADER_PVS 285 3 00000000
R350_SHADER_PVS 286 0 00000000
R350_SHADER_PVS 286 1 00000000
R350_SHADER_PVS 286 2 3f800000
R350_SHADER_PVS 286 3 00000000
R350_SHADER_PVS 287 0 00000000
R350_SHADER_PVS 287 1 00000000
R350_SHADER_PVS 287 2 00000000
R350_SHADER_PVS 287 3 3f800000
R350_SHADER_PVS 406 0 00000000
R350_SHADER_PVS 406 1 00000000
R350_SHADER_PVS 406 2 00000000
R350_SHADER_PVS 406 3 00000000
R350_SHADER_END draw=6
R350_PROBE unsupported_3d_draw count=6; R200 renderer deliberately not used
R350_PROBE write reg=0x4400 value=0x00000a12 count=7
R350_PROBE write reg=0x4440 value=0x00001fe8 count=7
R350_PROBE write reg=0x4480 value=0x8007f8ff count=7
R350_PROBE write reg=0x44c0 value=0x0000aa0c count=7
R350_PROBE write reg=0x45c0 value=0x00000000 count=7
R350_PROBE write reg=0x4580 value=0x00000000 count=7
R350_PROBE write reg=0x4500 value=0x000000ff count=7
R350_PROBE write reg=0x15d4 value=0x00000002 count=8
R350_PROBE write reg=0x146c value=0x42cc36f3 count=7
R350_PROBE write reg=0x15ac value=0x1015c800 count=7
R350_PROBE write reg=0x15b0 value=0x00001000 count=7
R350_PROBE write reg=0x1404 value=0x00780000 count=7
R350_PROBE write reg=0x1408 value=0x00000400 count=7
R350_PROBE write reg=0x1704 value=0x00000000 count=7
R350_PROBE write reg=0x1700 value=0x00000000 count=7
R350_PROBE write reg=0x1434 value=0x00000000 count=7
R350_PROBE write reg=0x1438 value=0x00000000 count=7
R350_PROBE write reg=0x143c value=0x01000100 count=7
R350_PROBE write reg=0x4100 value=0x00000000 count=16
R350_PROBE write reg=0x4540 value=0x00780000 count=7
R350_SHADER_BEGIN draw=7 subset=requires one texture-free ALU node with one instruction
R350_SHADER_REG 2080 0030045a
R350_SHADER_REG 2084 00000000
R350_SHADER_REG 2088 00000000
R350_SHADER_REG 208c 00000000
R350_SHADER_REG 2090 00000003
R350_SHADER_REG 2094 00000004
R350_SHADER_REG 2098 00000000
R350_SHADER_REG 209c 00000000
R350_SHADER_REG 20a0 00000000
R350_SHADER_REG 20a4 00000000
R350_SHADER_REG 20a8 00000000
R350_SHADER_REG 20ac 00000000
R350_SHADER_REG 20b0 0000043f
R350_SHADER_REG 20b4 0000000c
R350_SHADER_REG 20b8 00000000
R350_SHADER_REG 20bc 00000000
R350_SHADER_REG 20c0 00000000
R350_SHADER_REG 20c4 00000000
R350_SHADER_REG 20c8 00000000
R350_SHADER_REG 20cc 00000000
R350_SHADER_REG 20d0 00000000
R350_SHADER_REG 20d4 00000000
R350_SHADER_REG 20d8 00000000
R350_SHADER_REG 20dc 00000000
R350_SHADER_REG 20e0 00000000
R350_SHADER_REG 20e4 00000000
R350_SHADER_REG 20e8 00000000
R350_SHADER_REG 20ec 00000000
R350_SHADER_REG 20f0 00000000
R350_SHADER_REG 20f4 00000000
R350_SHADER_REG 20f8 00000000
R350_SHADER_REG 20fc 00000000
R350_SHADER_REG 2100 00000000
R350_SHADER_REG 2104 00000000
R350_SHADER_REG 2108 00000000
R350_SHADER_REG 210c 00000000
R350_SHADER_REG 2110 00000000
R350_SHADER_REG 2114 00000000
R350_SHADER_REG 2118 00000000
R350_SHADER_REG 211c 00000000
R350_SHADER_REG 2120 00000000
R350_SHADER_REG 2124 00000000
R350_SHADER_REG 2128 00000000
R350_SHADER_REG 212c 00000000
R350_SHADER_REG 2130 00000000
R350_SHADER_REG 2134 00ffffff
R350_SHADER_REG 2138 00000000
R350_SHADER_REG 213c 00000000
R350_SHADER_REG 2140 00000000
R350_SHADER_REG 2144 00000000
R350_SHADER_REG 2148 00000000
R350_SHADER_REG 214c 00000000
R350_SHADER_REG 2150 00000000
R350_SHADER_REG 2154 00002203
R350_SHADER_REG 2158 00000000
R350_SHADER_REG 215c 00000000
R350_SHADER_REG 2160 00000000
R350_SHADER_REG 2164 00000000
R350_SHADER_REG 2168 00000000
R350_SHADER_REG 216c 00000000
R350_SHADER_REG 2170 00000000
R350_SHADER_REG 2174 00000000
R350_SHADER_REG 2178 00000000
R350_SHADER_REG 217c 00000000
R350_SHADER_REG 2180 00000000
R350_SHADER_REG 2184 00000405
R350_SHADER_REG 2188 00000000
R350_SHADER_REG 218c 00000000
R350_SHADER_REG 2190 00000000
R350_SHADER_REG 2194 00000000
R350_SHADER_REG 2198 00000000
R350_SHADER_REG 219c 00000000
R350_SHADER_REG 21a0 00000000
R350_SHADER_REG 21a4 00000000
R350_SHADER_REG 21a8 00000000
R350_SHADER_REG 21ac 00000000
R350_SHADER_REG 21b0 00000000
R350_SHADER_REG 21b4 00000000
R350_SHADER_REG 21b8 00000000
R350_SHADER_REG 21bc 00000000
R350_SHADER_REG 21c0 00000000
R350_SHADER_REG 21c4 00000000
R350_SHADER_REG 21c8 00000000
R350_SHADER_REG 21cc 00000000
R350_SHADER_REG 21d0 00000000
R350_SHADER_REG 21d4 00000000
R350_SHADER_REG 21d8 00000000
R350_SHADER_REG 21dc aaaaaaaa
R350_SHADER_REG 21e0 f688f688
R350_SHADER_REG 21e4 0000f688
R350_SHADER_REG 21e8 00000000
R350_SHADER_REG 21ec 00000000
R350_SHADER_REG 21f0 00000000
R350_SHADER_REG 21f4 00000000
R350_SHADER_REG 21f8 00000000
R350_SHADER_REG 21fc 00000000
R350_SHADER_REG 2200 00000280
R350_SHADER_REG 2204 00000000
R350_SHADER_REG 2208 3f800000
R350_SHADER_REG 220c 00000000
R350_SHADER_REG 2210 00000000
R350_SHADER_REG 2214 00000000
R350_SHADER_REG 2218 00000000
R350_SHADER_REG 221c 00000000
R350_SHADER_REG 2220 3f800000
R350_SHADER_REG 2224 3f800000
R350_SHADER_REG 2228 3f800000
R350_SHADER_REG 222c 3f800000
R350_SHADER_REG 2230 00000000
R350_SHADER_REG 2234 00000000
R350_SHADER_REG 2238 00000000
R350_SHADER_REG 223c 00000000
R350_SHADER_REG 2240 00000000
R350_SHADER_REG 2244 00000000
R350_SHADER_REG 2248 00000000
R350_SHADER_REG 224c 00000000
R350_SHADER_REG 2250 00000000
R350_SHADER_REG 2254 00000000
R350_SHADER_REG 2258 00000000
R350_SHADER_REG 225c 00000000
R350_SHADER_REG 2260 00000000
R350_SHADER_REG 2264 00000000
R350_SHADER_REG 2268 00000000
R350_SHADER_REG 226c 00000000
R350_SHADER_REG 2270 00000000
R350_SHADER_REG 2274 00000000
R350_SHADER_REG 2278 00000000
R350_SHADER_REG 227c 00000000
R350_SHADER_REG 2280 00000000
R350_SHADER_REG 2284 00000000
R350_SHADER_REG 2288 0000ffff
R350_SHADER_REG 228c 00000000
R350_SHADER_REG 2290 00000000
R350_SHADER_REG 2294 00000000
R350_SHADER_REG 2298 00000000
R350_SHADER_REG 229c 00000000
R350_SHADER_REG 22a0 00000000
R350_SHADER_REG 22a4 00000000
R350_SHADER_REG 22a8 00000000
R350_SHADER_REG 22ac 00000000
R350_SHADER_REG 22b0 00000000
R350_SHADER_REG 22b4 00000000
R350_SHADER_REG 22b8 00000000
R350_SHADER_REG 22bc 00000000
R350_SHADER_REG 22c0 00000000
R350_SHADER_REG 22c4 00000000
R350_SHADER_REG 22c8 00000000
R350_SHADER_REG 22cc 00000000
R350_SHADER_REG 22d0 08820c80
R350_SHADER_REG 22d4 00080080
R350_SHADER_REG 22d8 00000088
R350_SHADER_REG 4000 00000000
R350_SHADER_REG 4004 00000000
R350_SHADER_REG 4008 00000007
R350_SHADER_REG 400c 00000000
R350_SHADER_REG 4010 66666666
R350_SHADER_REG 4014 06666666
R350_SHADER_REG 4018 00000017
R350_SHADER_REG 401c 00000000
R350_SHADER_REG 4020 00000000
R350_SHADER_REG 4024 00000000
R350_SHADER_REG 4028 00000000
R350_SHADER_REG 402c 00000000
R350_SHADER_REG 4030 00000000
R350_SHADER_REG 4034 00000000
R350_SHADER_REG 4038 00000000
R350_SHADER_REG 403c 00000000
R350_SHADER_REG 4040 00000000
R350_SHADER_REG 4044 00000000
R350_SHADER_REG 4048 00000000
R350_SHADER_REG 404c 00000000
R350_SHADER_REG 4050 00000000
R350_SHADER_REG 4054 00000000
R350_SHADER_REG 4058 00000000
R350_SHADER_REG 405c 00000000
R350_SHADER_REG 4060 00000000
R350_SHADER_REG 4064 00000000
R350_SHADER_REG 4068 00000000
R350_SHADER_REG 406c 00000000
R350_SHADER_REG 4070 00000000
R350_SHADER_REG 4074 00000000
R350_SHADER_REG 4078 00000000
R350_SHADER_REG 407c 00000000
R350_SHADER_REG 4080 00000000
R350_SHADER_REG 4084 00000000
R350_SHADER_REG 4088 00000000
R350_SHADER_REG 408c 00000000
R350_SHADER_REG 4090 00000000
R350_SHADER_REG 4094 00000000
R350_SHADER_REG 4098 00000000
R350_SHADER_REG 409c 00000000
R350_SHADER_REG 40a0 00000000
R350_SHADER_REG 40a4 00000000
R350_SHADER_REG 40a8 00000000
R350_SHADER_REG 40ac 00000000
R350_SHADER_REG 40b0 00000000
R350_SHADER_REG 40b4 00000000
R350_SHADER_REG 40b8 00000000
R350_SHADER_REG 40bc 00000000
R350_SHADER_REG 40c0 00000000
R350_SHADER_REG 40c4 00000000
R350_SHADER_REG 40c8 00000000
R350_SHADER_REG 40cc 00000000
R350_SHADER_REG 40d0 00000000
R350_SHADER_REG 40d4 00000000
R350_SHADER_REG 40d8 00000000
R350_SHADER_REG 40dc 00000000
R350_SHADER_REG 40e0 00000000
R350_SHADER_REG 40e4 00000000
R350_SHADER_REG 40e8 00000000
R350_SHADER_REG 40ec 00000000
R350_SHADER_REG 40f0 00000000
R350_SHADER_REG 40f4 00000000
R350_SHADER_REG 40f8 00000000
R350_SHADER_REG 40fc 00000000
R350_SHADER_REG 4100 00000000
R350_SHADER_REG 4104 00000001
R350_SHADER_REG 4108 00000000
R350_SHADER_REG 410c 00000000
R350_SHADER_REG 4110 00000000
R350_SHADER_REG 4114 00000000
R350_SHADER_REG 4118 00000000
R350_SHADER_REG 411c 00000000
R350_SHADER_REG 4120 00000000
R350_SHADER_REG 4124 00000000
R350_SHADER_REG 4128 00000000
R350_SHADER_REG 412c 00000000
R350_SHADER_REG 4130 00000000
R350_SHADER_REG 4134 00000000
R350_SHADER_REG 4138 00000000
R350_SHADER_REG 413c 00000000
R350_SHADER_REG 4140 00000000
R350_SHADER_REG 4144 00000000
R350_SHADER_REG 4148 00000000
R350_SHADER_REG 414c 00000000
R350_SHADER_REG 4150 00000000
R350_SHADER_REG 4154 00000000
R350_SHADER_REG 4158 00000000
R350_SHADER_REG 415c 00000000
R350_SHADER_REG 4160 00000000
R350_SHADER_REG 4164 00000000
R350_SHADER_REG 4168 00000000
R350_SHADER_REG 416c 00000000
R350_SHADER_REG 4170 00000000
R350_SHADER_REG 4174 00000000
R350_SHADER_REG 4178 00000000
R350_SHADER_REG 417c 00000000
R350_SHADER_REG 4180 00000000
R350_SHADER_REG 4184 00000000
R350_SHADER_REG 4188 00000000
R350_SHADER_REG 418c 00000000
R350_SHADER_REG 4190 00000000
R350_SHADER_REG 4194 00000000
R350_SHADER_REG 4198 00000000
R350_SHADER_REG 419c 00000000
R350_SHADER_REG 41a0 00000000
R350_SHADER_REG 41a4 00000000
R350_SHADER_REG 41a8 00000000
R350_SHADER_REG 41ac 00000000
R350_SHADER_REG 41b0 00000000
R350_SHADER_REG 41b4 00000000
R350_SHADER_REG 41b8 00000000
R350_SHADER_REG 41bc 00000000
R350_SHADER_REG 41c0 00000000
R350_SHADER_REG 41c4 00000000
R350_SHADER_REG 41c8 00000000
R350_SHADER_REG 41cc 00000000
R350_SHADER_REG 41d0 00000000
R350_SHADER_REG 41d4 00000000
R350_SHADER_REG 41d8 00000000
R350_SHADER_REG 41dc 00000000
R350_SHADER_REG 41e0 00000000
R350_SHADER_REG 41e4 00000000
R350_SHADER_REG 41e8 00000000
R350_SHADER_REG 41ec 00000000
R350_SHADER_REG 41f0 00000000
R350_SHADER_REG 41f4 00000000
R350_SHADER_REG 41f8 00000000
R350_SHADER_REG 41fc 00000000
R350_SHADER_REG 4200 00000000
R350_SHADER_REG 4204 00000000
R350_SHADER_REG 4208 3f800000
R350_SHADER_REG 420c 3f800000
R350_SHADER_REG 4210 00000000
R350_SHADER_REG 4214 00050005
R350_SHADER_REG 4218 00000000
R350_SHADER_REG 421c 00060006
R350_SHADER_REG 4220 00000000
R350_SHADER_REG 4224 00000000
R350_SHADER_REG 4228 00000000
R350_SHADER_REG 422c 00000000
R350_SHADER_REG 4230 01800006
R350_SHADER_REG 4234 00020006
R350_SHADER_REG 4238 00000000
R350_SHADER_REG 423c 00000000
R350_SHADER_REG 4240 00000000
R350_SHADER_REG 4244 00000000
R350_SHADER_REG 4248 00000000
R350_SHADER_REG 424c 00000000
R350_SHADER_REG 4250 00000000
R350_SHADER_REG 4254 00000000
R350_SHADER_REG 4258 00000000
R350_SHADER_REG 425c 00000000
R350_SHADER_REG 4260 00000000
R350_SHADER_REG 4264 00000000
R350_SHADER_REG 4268 3f800000
R350_SHADER_REG 426c 00000000
R350_SHADER_REG 4270 00000000
R350_SHADER_REG 4274 00000002
R350_SHADER_REG 4278 0003aaaa
R350_SHADER_REG 427c 00000000
R350_SHADER_REG 4280 00000000
R350_SHADER_REG 4284 00000000
R350_SHADER_REG 4288 00000000
R350_SHADER_REG 428c 00000001
R350_SHADER_REG 4290 00000000
R350_SHADER_REG 4294 00000000
R350_SHADER_REG 4298 00000000
R350_SHADER_REG 429c 00000400
R350_SHADER_REG 42a0 00000000
R350_SHADER_REG 42a4 00000000
R350_SHADER_REG 42a8 00000000
R350_SHADER_REG 42ac 00000000
R350_SHADER_REG 42b0 00000000
R350_SHADER_REG 42b4 00000000
R350_SHADER_REG 42b8 00000000
R350_SHADER_REG 42bc 00000000
R350_SHADER_REG 42c0 4b7fffff
R350_SHADER_REG 42c4 00000000
R350_SHADER_REG 42c8 00000000
R350_SHADER_REG 42cc 00000000
R350_SHADER_REG 42d0 00000000
R350_SHADER_REG 42d4 00000000
R350_SHADER_REG 42d8 00000000
R350_SHADER_REG 42dc 00000000
R350_SHADER_REG 42e0 00000000
R350_SHADER_REG 42e4 00000000
R350_SHADER_REG 42e8 00000000
R350_SHADER_REG 42ec 00000000
R350_SHADER_REG 42f0 00000000
R350_SHADER_REG 42f4 00000000
R350_SHADER_REG 42f8 00000000
R350_SHADER_REG 42fc 00000000
R350_SHADER_REG 4300 00040084
R350_SHADER_REG 4304 00000000
R350_SHADER_REG 4308 00000000
R350_SHADER_REG 430c 00000000
R350_SHADER_REG 4310 00d10000
R350_SHADER_REG 4314 00d10044
R350_SHADER_REG 4318 00d10084
R350_SHADER_REG 431c 00d100c4
R350_SHADER_REG 4320 00d10004
R350_SHADER_REG 4324 00d10004
R350_SHADER_REG 4328 00d10004
R350_SHADER_REG 432c 00d10004
R350_SHADER_REG 4330 00004048
R350_SHADER_REG 4334 00000000
R350_SHADER_REG 4338 00000000
R350_SHADER_REG 433c 00000000
R350_SHADER_REG 4340 00000000
R350_SHADER_REG 4344 00000000
R350_SHADER_REG 4348 00000000
R350_SHADER_REG 434c 00000000
R350_SHADER_REG 4350 00000000
R350_SHADER_REG 4354 00000000
R350_SHADER_REG 4358 00000000
R350_SHADER_REG 435c 00000000
R350_SHADER_REG 4360 00000000
R350_SHADER_REG 4364 00000000
R350_SHADER_REG 4368 00000000
R350_SHADER_REG 436c 00000000
R350_SHADER_REG 4370 00000000
R350_SHADER_REG 4374 00000000
R350_SHADER_REG 4378 00000000
R350_SHADER_REG 437c 00000000
R350_SHADER_REG 4380 00000000
R350_SHADER_REG 4384 00000000
R350_SHADER_REG 4388 00000000
R350_SHADER_REG 438c 00000000
R350_SHADER_REG 4390 00000000
R350_SHADER_REG 4394 00000000
R350_SHADER_REG 4398 00000000
R350_SHADER_REG 439c 00000000
R350_SHADER_REG 43a0 00000000
R350_SHADER_REG 43a4 00000000
R350_SHADER_REG 43a8 2da49525
R350_SHADER_REG 43ac 00000000
R350_SHADER_REG 43b0 00b405a0
R350_SHADER_REG 43b4 011409a0
R350_SHADER_REG 43b8 00000000
R350_SHADER_REG 43bc 03ffffff
R350_SHADER_REG 43c0 00000000
R350_SHADER_REG 43c4 03ffffff
R350_SHADER_REG 43c8 00000000
R350_SHADER_REG 43cc 03ffffff
R350_SHADER_REG 43d0 0000aaaa
R350_SHADER_REG 43d4 00000000
R350_SHADER_REG 43d8 00000000
R350_SHADER_REG 43dc 00000000
R350_SHADER_REG 43e0 00b405a0
R350_SHADER_REG 43e4 0113e99f
R350_SHADER_REG 43e8 00ffffff
R350_SHADER_REG 43ec 00000000
R350_SHADER_REG 43f0 00000000
R350_SHADER_REG 43f4 00000000
R350_SHADER_REG 43f8 00000000
R350_SHADER_REG 43fc 00000000
R350_SHADER_REG 4400 00000a12
R350_SHADER_REG 4404 00000000
R350_SHADER_REG 4408 00000000
R350_SHADER_REG 440c 00000000
R350_SHADER_REG 4410 00000000
R350_SHADER_REG 4414 00000000
R350_SHADER_REG 4418 00000000
R350_SHADER_REG 441c 00000000
R350_SHADER_REG 4420 00000000
R350_SHADER_REG 4424 00000000
R350_SHADER_REG 4428 00000000
R350_SHADER_REG 442c 00000000
R350_SHADER_REG 4430 00000000
R350_SHADER_REG 4434 00000000
R350_SHADER_REG 4438 00000000
R350_SHADER_REG 443c 00000000
R350_SHADER_REG 4440 00001fe8
R350_SHADER_REG 4444 00000000
R350_SHADER_REG 4448 00000000
R350_SHADER_REG 444c 00000000
R350_SHADER_REG 4450 00000000
R350_SHADER_REG 4454 00000000
R350_SHADER_REG 4458 00000000
R350_SHADER_REG 445c 00000000
R350_SHADER_REG 4460 00000000
R350_SHADER_REG 4464 00000000
R350_SHADER_REG 4468 00000000
R350_SHADER_REG 446c 00000000
R350_SHADER_REG 4470 00000000
R350_SHADER_REG 4474 00000000
R350_SHADER_REG 4478 00000000
R350_SHADER_REG 447c 00000000
R350_SHADER_REG 4480 8007f8ff
R350_SHADER_REG 4484 00000000
R350_SHADER_REG 4488 00000000
R350_SHADER_REG 448c 00000000
R350_SHADER_REG 4490 00000000
R350_SHADER_REG 4494 00000000
R350_SHADER_REG 4498 00000000
R350_SHADER_REG 449c 00000000
R350_SHADER_REG 44a0 00000000
R350_SHADER_REG 44a4 00000000
R350_SHADER_REG 44a8 00000000
R350_SHADER_REG 44ac 00000000
R350_SHADER_REG 44b0 00000000
R350_SHADER_REG 44b4 00000000
R350_SHADER_REG 44b8 00000000
R350_SHADER_REG 44bc 00000000
R350_SHADER_REG 44c0 0000aa0c
R350_SHADER_REG 44c4 00000000
R350_SHADER_REG 44c8 00000000
R350_SHADER_REG 44cc 00000000
R350_SHADER_REG 44d0 00000000
R350_SHADER_REG 44d4 00000000
R350_SHADER_REG 44d8 00000000
R350_SHADER_REG 44dc 00000000
R350_SHADER_REG 44e0 00000000
R350_SHADER_REG 44e4 00000000
R350_SHADER_REG 44e8 00000000
R350_SHADER_REG 44ec 00000000
R350_SHADER_REG 44f0 00000000
R350_SHADER_REG 44f4 00000000
R350_SHADER_REG 44f8 00000000
R350_SHADER_REG 44fc 00000000
R350_SHADER_REG 4500 000000ff
R350_SHADER_REG 4504 00000000
R350_SHADER_REG 4508 00000000
R350_SHADER_REG 450c 00000000
R350_SHADER_REG 4510 00000000
R350_SHADER_REG 4514 00000000
R350_SHADER_REG 4518 00000000
R350_SHADER_REG 451c 00000000
R350_SHADER_REG 4520 00000000
R350_SHADER_REG 4524 00000000
R350_SHADER_REG 4528 00000000
R350_SHADER_REG 452c 00000000
R350_SHADER_REG 4530 00000000
R350_SHADER_REG 4534 00000000
R350_SHADER_REG 4538 00000000
R350_SHADER_REG 453c 00000000
R350_SHADER_REG 4540 00780000
R350_SHADER_REG 4544 00000000
R350_SHADER_REG 4548 00000000
R350_SHADER_REG 454c 00000000
R350_SHADER_REG 4550 00000000
R350_SHADER_REG 4554 00000000
R350_SHADER_REG 4558 00000000
R350_SHADER_REG 455c 00000000
R350_SHADER_REG 4560 00000000
R350_SHADER_REG 4564 00000000
R350_SHADER_REG 4568 00000000
R350_SHADER_REG 456c 00000000
R350_SHADER_REG 4570 00000000
R350_SHADER_REG 4574 00000000
R350_SHADER_REG 4578 00000000
R350_SHADER_REG 457c 00000000
R350_SHADER_REG 4580 00000000
R350_SHADER_REG 4584 00000000
R350_SHADER_REG 4588 00000000
R350_SHADER_REG 458c 00000000
R350_SHADER_REG 4590 00000000
R350_SHADER_REG 4594 00000000
R350_SHADER_REG 4598 00000000
R350_SHADER_REG 459c 00000000
R350_SHADER_REG 45a0 00000000
R350_SHADER_REG 45a4 00000000
R350_SHADER_REG 45a8 00000000
R350_SHADER_REG 45ac 00000000
R350_SHADER_REG 45b0 00000000
R350_SHADER_REG 45b4 00000000
R350_SHADER_REG 45b8 00000000
R350_SHADER_REG 45bc 00000000
R350_SHADER_REG 45c0 00000000
R350_SHADER_REG 45c4 00000000
R350_SHADER_REG 45c8 00000000
R350_SHADER_REG 45cc 00000000
R350_SHADER_REG 45d0 00000000
R350_SHADER_REG 45d4 00000000
R350_SHADER_REG 45d8 00000000
R350_SHADER_REG 45dc 00000000
R350_SHADER_REG 45e0 00000000
R350_SHADER_REG 45e4 00000000
R350_SHADER_REG 45e8 00000000
R350_SHADER_REG 45ec 00000000
R350_SHADER_REG 45f0 00000000
R350_SHADER_REG 45f4 00000000
R350_SHADER_REG 45f8 00000000
R350_SHADER_REG 45fc 00000000
R350_SHADER_REG 4600 00000008
R350_SHADER_REG 4604 00000001
R350_SHADER_REG 4608 00000002
R350_SHADER_REG 460c 00000000
R350_SHADER_REG 4610 00000000
R350_SHADER_REG 4614 00000000
R350_SHADER_REG 4618 00000000
R350_SHADER_REG 461c 00400000
R350_SHADER_REG 4620 00018041
R350_SHADER_REG 4624 00000000
R350_SHADER_REG 4628 00000000
R350_SHADER_REG 462c 00000000
R350_SHADER_REG 4630 00000000
R350_SHADER_REG 4634 00000000
R350_SHADER_REG 4638 00000000
R350_SHADER_REG 463c 00000000
R350_SHADER_REG 4640 00000000
R350_SHADER_REG 4644 00000000
R350_SHADER_REG 4648 00000000
R350_SHADER_REG 464c 00000000
R350_SHADER_REG 4650 00000000
R350_SHADER_REG 4654 00000000
R350_SHADER_REG 4658 00000000
R350_SHADER_REG 465c 00000000
R350_SHADER_REG 4660 00000000
R350_SHADER_REG 4664 00000000
R350_SHADER_REG 4668 00000000
R350_SHADER_REG 466c 00000000
R350_SHADER_REG 4670 00000000
R350_SHADER_REG 4674 00000000
R350_SHADER_REG 4678 00000000
R350_SHADER_REG 467c 00000000
R350_SHADER_REG 4680 00000000
R350_SHADER_REG 4684 00000000
R350_SHADER_REG 4688 00000000
R350_SHADER_REG 468c 00000000
R350_SHADER_REG 4690 00000000
R350_SHADER_REG 4694 00000000
R350_SHADER_REG 4698 00000000
R350_SHADER_REG 469c 00000000
R350_SHADER_REG 46a0 00000000
R350_SHADER_REG 46a4 00001b00
R350_SHADER_REG 46a8 0000000f
R350_SHADER_REG 46ac 0000000f
R350_SHADER_REG 46b0 0000000f
R350_SHADER_REG 46b4 00000001
R350_SHADER_REG 46b8 00000000
R350_SHADER_REG 46bc 00000000
R350_SHADER_REG 46c0 1c020800
R350_SHADER_REG 46c4 1c020800
R350_SHADER_REG 46c8 1c020040
R350_SHADER_REG 46cc 00000000
R350_SHADER_REG 46d0 00000000
R350_SHADER_REG 46d4 00000000
R350_SHADER_REG 46d8 00000000
R350_SHADER_REG 46dc 00000000
R350_SHADER_REG 46e0 00000000
R350_SHADER_REG 46e4 00000000
R350_SHADER_REG 46e8 00000000
R350_SHADER_REG 46ec 00000000
R350_SHADER_REG 46f0 00000000
R350_SHADER_REG 46f4 00000000
R350_SHADER_REG 46f8 00000000
R350_SHADER_REG 46fc 00000000
R350_SHADER_REG 4700 00000000
R350_SHADER_REG 4704 00000000
R350_SHADER_REG 4708 00000000
R350_SHADER_REG 470c 00000000
R350_SHADER_REG 4710 00000000
R350_SHADER_REG 4714 00000000
R350_SHADER_REG 4718 00000000
R350_SHADER_REG 471c 00000000
R350_SHADER_REG 4720 00000000
R350_SHADER_REG 4724 00000000
R350_SHADER_REG 4728 00000000
R350_SHADER_REG 472c 00000000
R350_SHADER_REG 4730 00000000
R350_SHADER_REG 4734 00000000
R350_SHADER_REG 4738 00000000
R350_SHADER_REG 473c 00000000
R350_SHADER_REG 4740 00000000
R350_SHADER_REG 4744 00000000
R350_SHADER_REG 4748 00000000
R350_SHADER_REG 474c 00000000
R350_SHADER_REG 4750 00000000
R350_SHADER_REG 4754 00000000
R350_SHADER_REG 4758 00000000
R350_SHADER_REG 475c 00000000
R350_SHADER_REG 4760 00000000
R350_SHADER_REG 4764 00000000
R350_SHADER_REG 4768 00000000
R350_SHADER_REG 476c 00000000
R350_SHADER_REG 4770 00000000
R350_SHADER_REG 4774 00000000
R350_SHADER_REG 4778 00000000
R350_SHADER_REG 477c 00000000
R350_SHADER_REG 4780 00000000
R350_SHADER_REG 4784 00000000
R350_SHADER_REG 4788 00000000
R350_SHADER_REG 478c 00000000
R350_SHADER_REG 4790 00000000
R350_SHADER_REG 4794 00000000
R350_SHADER_REG 4798 00000000
R350_SHADER_REG 479c 00000000
R350_SHADER_REG 47a0 00000000
R350_SHADER_REG 47a4 00000000
R350_SHADER_REG 47a8 00000000
R350_SHADER_REG 47ac 00000000
R350_SHADER_REG 47b0 00000000
R350_SHADER_REG 47b4 00000000
R350_SHADER_REG 47b8 00000000
R350_SHADER_REG 47bc 00000000
R350_SHADER_REG 47c0 01020800
R350_SHADER_REG 47c4 01020800
R350_SHADER_REG 47c8 01020800
R350_SHADER_REG 47cc 00000000
R350_SHADER_REG 47d0 00000000
R350_SHADER_REG 47d4 00000000
R350_SHADER_REG 47d8 00000000
R350_SHADER_REG 47dc 00000000
R350_SHADER_REG 47e0 00000000
R350_SHADER_REG 47e4 00000000
R350_SHADER_REG 47e8 00000000
R350_SHADER_REG 47ec 00000000
R350_SHADER_REG 47f0 00000000
R350_SHADER_REG 47f4 00000000
R350_SHADER_REG 47f8 00000000
R350_SHADER_REG 47fc 00000000
R350_SHADER_REG 4800 00000000
R350_SHADER_REG 4804 00000000
R350_SHADER_REG 4808 00000000
R350_SHADER_REG 480c 00000000
R350_SHADER_REG 4810 00000000
R350_SHADER_REG 4814 00000000
R350_SHADER_REG 4818 00000000
R350_SHADER_REG 481c 00000000
R350_SHADER_REG 4820 00000000
R350_SHADER_REG 4824 00000000
R350_SHADER_REG 4828 00000000
R350_SHADER_REG 482c 00000000
R350_SHADER_REG 4830 00000000
R350_SHADER_REG 4834 00000000
R350_SHADER_REG 4838 00000000
R350_SHADER_REG 483c 00000000
R350_SHADER_REG 4840 00000000
R350_SHADER_REG 4844 00000000
R350_SHADER_REG 4848 00000000
R350_SHADER_REG 484c 00000000
R350_SHADER_REG 4850 00000000
R350_SHADER_REG 4854 00000000
R350_SHADER_REG 4858 00000000
R350_SHADER_REG 485c 00000000
R350_SHADER_REG 4860 00000000
R350_SHADER_REG 4864 00000000
R350_SHADER_REG 4868 00000000
R350_SHADER_REG 486c 00000000
R350_SHADER_REG 4870 00000000
R350_SHADER_REG 4874 00000000
R350_SHADER_REG 4878 00000000
R350_SHADER_REG 487c 00000000
R350_SHADER_REG 4880 00000000
R350_SHADER_REG 4884 00000000
R350_SHADER_REG 4888 00000000
R350_SHADER_REG 488c 00000000
R350_SHADER_REG 4890 00000000
R350_SHADER_REG 4894 00000000
R350_SHADER_REG 4898 00000000
R350_SHADER_REG 489c 00000000
R350_SHADER_REG 48a0 00000000
R350_SHADER_REG 48a4 00000000
R350_SHADER_REG 48a8 00000000
R350_SHADER_REG 48ac 00000000
R350_SHADER_REG 48b0 00000000
R350_SHADER_REG 48b4 00000000
R350_SHADER_REG 48b8 00000000
R350_SHADER_REG 48bc 00000000
R350_SHADER_REG 48c0 00050a80
R350_SHADER_REG 48c4 00050a80
R350_SHADER_REG 48c8 40050200
R350_SHADER_REG 48cc 00000000
R350_SHADER_REG 48d0 00000000
R350_SHADER_REG 48d4 00000000
R350_SHADER_REG 48d8 00000000
R350_SHADER_REG 48dc 00000000
R350_SHADER_REG 48e0 00000000
R350_SHADER_REG 48e4 00000000
R350_SHADER_REG 48e8 00000000
R350_SHADER_REG 48ec 00000000
R350_SHADER_REG 48f0 00000000
R350_SHADER_REG 48f4 00000000
R350_SHADER_REG 48f8 00000000
R350_SHADER_REG 48fc 00000000
R350_SHADER_REG 4900 00000000
R350_SHADER_REG 4904 00000000
R350_SHADER_REG 4908 00000000
R350_SHADER_REG 490c 00000000
R350_SHADER_REG 4910 00000000
R350_SHADER_REG 4914 00000000
R350_SHADER_REG 4918 00000000
R350_SHADER_REG 491c 00000000
R350_SHADER_REG 4920 00000000
R350_SHADER_REG 4924 00000000
R350_SHADER_REG 4928 00000000
R350_SHADER_REG 492c 00000000
R350_SHADER_REG 4930 00000000
R350_SHADER_REG 4934 00000000
R350_SHADER_REG 4938 00000000
R350_SHADER_REG 493c 00000000
R350_SHADER_REG 4940 00000000
R350_SHADER_REG 4944 00000000
R350_SHADER_REG 4948 00000000
R350_SHADER_REG 494c 00000000
R350_SHADER_REG 4950 00000000
R350_SHADER_REG 4954 00000000
R350_SHADER_REG 4958 00000000
R350_SHADER_REG 495c 00000000
R350_SHADER_REG 4960 00000000
R350_SHADER_REG 4964 00000000
R350_SHADER_REG 4968 00000000
R350_SHADER_REG 496c 00000000
R350_SHADER_REG 4970 00000000
R350_SHADER_REG 4974 00000000
R350_SHADER_REG 4978 00000000
R350_SHADER_REG 497c 00000000
R350_SHADER_REG 4980 00000000
R350_SHADER_REG 4984 00000000
R350_SHADER_REG 4988 00000000
R350_SHADER_REG 498c 00000000
R350_SHADER_REG 4990 00000000
R350_SHADER_REG 4994 00000000
R350_SHADER_REG 4998 00000000
R350_SHADER_REG 499c 00000000
R350_SHADER_REG 49a0 00000000
R350_SHADER_REG 49a4 00000000
R350_SHADER_REG 49a8 00000000
R350_SHADER_REG 49ac 00000000
R350_SHADER_REG 49b0 00000000
R350_SHADER_REG 49b4 00000000
R350_SHADER_REG 49b8 00000000
R350_SHADER_REG 49bc 00000000
R350_SHADER_REG 49c0 00040889
R350_SHADER_REG 49c4 00040889
R350_SHADER_REG 49c8 40040509
R350_SHADER_REG 49cc 00000000
R350_SHADER_REG 49d0 00000000
R350_SHADER_REG 49d4 00000000
R350_SHADER_REG 49d8 00000000
R350_SHADER_REG 49dc 00000000
R350_SHADER_REG 49e0 00000000
R350_SHADER_REG 49e4 00000000
R350_SHADER_REG 49e8 00000000
R350_SHADER_REG 49ec 00000000
R350_SHADER_REG 49f0 00000000
R350_SHADER_REG 49f4 00000000
R350_SHADER_REG 49f8 00000000
R350_SHADER_REG 49fc 00000000
R350_SHADER_REG 4a00 00000000
R350_SHADER_REG 4a04 00000000
R350_SHADER_REG 4a08 00000000
R350_SHADER_REG 4a0c 00000000
R350_SHADER_REG 4a10 00000000
R350_SHADER_REG 4a14 00000000
R350_SHADER_REG 4a18 00000000
R350_SHADER_REG 4a1c 00000000
R350_SHADER_REG 4a20 00000000
R350_SHADER_REG 4a24 00000000
R350_SHADER_REG 4a28 00000000
R350_SHADER_REG 4a2c 00000000
R350_SHADER_REG 4a30 00000000
R350_SHADER_REG 4a34 00000000
R350_SHADER_REG 4a38 00000000
R350_SHADER_REG 4a3c 00000000
R350_SHADER_REG 4a40 00000000
R350_SHADER_REG 4a44 00000000
R350_SHADER_REG 4a48 00000000
R350_SHADER_REG 4a4c 00000000
R350_SHADER_REG 4a50 00000000
R350_SHADER_REG 4a54 00000000
R350_SHADER_REG 4a58 00000000
R350_SHADER_REG 4a5c 00000000
R350_SHADER_REG 4a60 00000000
R350_SHADER_REG 4a64 00000000
R350_SHADER_REG 4a68 00000000
R350_SHADER_REG 4a6c 00000000
R350_SHADER_REG 4a70 00000000
R350_SHADER_REG 4a74 00000000
R350_SHADER_REG 4a78 00000000
R350_SHADER_REG 4a7c 00000000
R350_SHADER_REG 4a80 00000000
R350_SHADER_REG 4a84 00000000
R350_SHADER_REG 4a88 00000000
R350_SHADER_REG 4a8c 00000000
R350_SHADER_REG 4a90 00000000
R350_SHADER_REG 4a94 00000000
R350_SHADER_REG 4a98 00000000
R350_SHADER_REG 4a9c 00000000
R350_SHADER_REG 4aa0 00000000
R350_SHADER_REG 4aa4 00000000
R350_SHADER_REG 4aa8 00000000
R350_SHADER_REG 4aac 00000000
R350_SHADER_REG 4ab0 00000000
R350_SHADER_REG 4ab4 00000000
R350_SHADER_REG 4ab8 00000000
R350_SHADER_REG 4abc 00000000
R350_SHADER_REG 4ac0 00000000
R350_SHADER_REG 4ac4 00000000
R350_SHADER_REG 4ac8 00000000
R350_SHADER_REG 4acc 00000000
R350_SHADER_REG 4ad0 00000000
R350_SHADER_REG 4ad4 00000000
R350_SHADER_REG 4ad8 00000000
R350_SHADER_REG 4adc 00000000
R350_SHADER_REG 4ae0 00000000
R350_SHADER_REG 4ae4 00000000
R350_SHADER_REG 4ae8 00000000
R350_SHADER_REG 4aec 00000000
R350_SHADER_REG 4af0 00000000
R350_SHADER_REG 4af4 00000000
R350_SHADER_REG 4af8 00000000
R350_SHADER_REG 4afc 00000000
R350_SHADER_REG 4b00 00000000
R350_SHADER_REG 4b04 00000000
R350_SHADER_REG 4b08 00000000
R350_SHADER_REG 4b0c 00000000
R350_SHADER_REG 4b10 00000000
R350_SHADER_REG 4b14 00000000
R350_SHADER_REG 4b18 00000000
R350_SHADER_REG 4b1c 00000000
R350_SHADER_REG 4b20 00000000
R350_SHADER_REG 4b24 00000000
R350_SHADER_REG 4b28 00000000
R350_SHADER_REG 4b2c 00000000
R350_SHADER_REG 4b30 00000000
R350_SHADER_REG 4b34 00000000
R350_SHADER_REG 4b38 00000000
R350_SHADER_REG 4b3c 00000000
R350_SHADER_REG 4b40 00000000
R350_SHADER_REG 4b44 00000000
R350_SHADER_REG 4b48 00000000
R350_SHADER_REG 4b4c 00000000
R350_SHADER_REG 4b50 00000000
R350_SHADER_REG 4b54 00000000
R350_SHADER_REG 4b58 00000000
R350_SHADER_REG 4b5c 00000000
R350_SHADER_REG 4b60 00000000
R350_SHADER_REG 4b64 00000000
R350_SHADER_REG 4b68 00000000
R350_SHADER_REG 4b6c 00000000
R350_SHADER_REG 4b70 00000000
R350_SHADER_REG 4b74 00000000
R350_SHADER_REG 4b78 00000000
R350_SHADER_REG 4b7c 00000000
R350_SHADER_REG 4b80 00000000
R350_SHADER_REG 4b84 00000000
R350_SHADER_REG 4b88 00000000
R350_SHADER_REG 4b8c 00000000
R350_SHADER_REG 4b90 00000000
R350_SHADER_REG 4b94 00000000
R350_SHADER_REG 4b98 00000000
R350_SHADER_REG 4b9c 00000000
R350_SHADER_REG 4ba0 00000000
R350_SHADER_REG 4ba4 00000000
R350_SHADER_REG 4ba8 00000000
R350_SHADER_REG 4bac 00000000
R350_SHADER_REG 4bb0 00000000
R350_SHADER_REG 4bb4 00000000
R350_SHADER_REG 4bb8 00000000
R350_SHADER_REG 4bbc 00000000
R350_SHADER_REG 4bc0 00000000
R350_SHADER_REG 4bc4 00000000
R350_SHADER_REG 4bc8 00000000
R350_SHADER_REG 4bcc 00000000
R350_SHADER_REG 4bd0 00000000
R350_SHADER_REG 4bd4 00000c00
R350_SHADER_REG 4bd8 00000000
R350_SHADER_REG 4bdc 00000000
R350_SHADER_REG 4be0 00000000
R350_SHADER_REG 4be4 00000000
R350_SHADER_REG 4be8 00000000
R350_SHADER_REG 4bec 00000000
R350_SHADER_REG 4bf0 00000000
R350_SHADER_REG 4bf4 00000000
R350_SHADER_REG 4bf8 00000000
R350_SHADER_REG 4bfc 00000000
R350_SHADER_REG 4c00 003f0000
R350_SHADER_REG 4c04 003f0000
R350_SHADER_REG 4c08 003f0000
R350_SHADER_REG 4c0c 003f0000
R350_SHADER_REG 4c10 00000000
R350_SHADER_REG 4c14 00000000
R350_SHADER_REG 4c18 00000000
R350_SHADER_REG 4c1c 00000000
R350_SHADER_REG 4c20 00000000
R350_SHADER_REG 4c24 00000000
R350_SHADER_REG 4c28 00000000
R350_SHADER_REG 4c2c 00000000
R350_SHADER_REG 4c30 00000000
R350_SHADER_REG 4c34 00000000
R350_SHADER_REG 4c38 00000000
R350_SHADER_REG 4c3c 00000000
R350_SHADER_REG 4c40 00000000
R350_SHADER_REG 4c44 00000000
R350_SHADER_REG 4c48 00000000
R350_SHADER_REG 4c4c 00000000
R350_SHADER_REG 4c50 00000000
R350_SHADER_REG 4c54 00000000
R350_SHADER_REG 4c58 00000000
R350_SHADER_REG 4c5c 00000000
R350_SHADER_REG 4c60 00000000
R350_SHADER_REG 4c64 00000000
R350_SHADER_REG 4c68 00000000
R350_SHADER_REG 4c6c 00000000
R350_SHADER_REG 4c70 00000000
R350_SHADER_REG 4c74 00000000
R350_SHADER_REG 4c78 00000000
R350_SHADER_REG 4c7c 00000000
R350_SHADER_REG 4c80 00000000
R350_SHADER_REG 4c84 00000000
R350_SHADER_REG 4c88 00000000
R350_SHADER_REG 4c8c 00000000
R350_SHADER_REG 4c90 00000000
R350_SHADER_REG 4c94 00000000
R350_SHADER_REG 4c98 00000000
R350_SHADER_REG 4c9c 00000000
R350_SHADER_REG 4ca0 00000000
R350_SHADER_REG 4ca4 00000000
R350_SHADER_REG 4ca8 00000000
R350_SHADER_REG 4cac 00000000
R350_SHADER_REG 4cb0 00000000
R350_SHADER_REG 4cb4 00000000
R350_SHADER_REG 4cb8 00000000
R350_SHADER_REG 4cbc 00000000
R350_SHADER_REG 4cc0 00000000
R350_SHADER_REG 4cc4 00000000
R350_SHADER_REG 4cc8 00000000
R350_SHADER_REG 4ccc 00000000
R350_SHADER_REG 4cd0 00000000
R350_SHADER_REG 4cd4 00000000
R350_SHADER_REG 4cd8 00000000
R350_SHADER_REG 4cdc 00000000
R350_SHADER_REG 4ce0 00000000
R350_SHADER_REG 4ce4 00000000
R350_SHADER_REG 4ce8 00000000
R350_SHADER_REG 4cec 00000000
R350_SHADER_REG 4cf0 00000000
R350_SHADER_REG 4cf4 00000000
R350_SHADER_REG 4cf8 00000000
R350_SHADER_REG 4cfc 00000000
R350_SHADER_REG 4d00 00000000
R350_SHADER_REG 4d04 00000000
R350_SHADER_REG 4d08 00000000
R350_SHADER_REG 4d0c 00000000
R350_SHADER_REG 4d10 00000000
R350_SHADER_REG 4d14 00000000
R350_SHADER_REG 4d18 00000000
R350_SHADER_REG 4d1c 00000000
R350_SHADER_REG 4d20 00000000
R350_SHADER_REG 4d24 00000000
R350_SHADER_REG 4d28 00000000
R350_SHADER_REG 4d2c 00000000
R350_SHADER_REG 4d30 00000000
R350_SHADER_REG 4d34 00000000
R350_SHADER_REG 4d38 00000000
R350_SHADER_REG 4d3c 00000000
R350_SHADER_REG 4d40 00000000
R350_SHADER_REG 4d44 00000000
R350_SHADER_REG 4d48 00000000
R350_SHADER_REG 4d4c 00000000
R350_SHADER_REG 4d50 00000000
R350_SHADER_REG 4d54 00000000
R350_SHADER_REG 4d58 00000000
R350_SHADER_REG 4d5c 00000000
R350_SHADER_REG 4d60 00000000
R350_SHADER_REG 4d64 00000000
R350_SHADER_REG 4d68 00000000
R350_SHADER_REG 4d6c 00000000
R350_SHADER_REG 4d70 00000000
R350_SHADER_REG 4d74 00000000
R350_SHADER_REG 4d78 00000000
R350_SHADER_REG 4d7c 00000000
R350_SHADER_REG 4d80 00000000
R350_SHADER_REG 4d84 00000000
R350_SHADER_REG 4d88 00000000
R350_SHADER_REG 4d8c 00000000
R350_SHADER_REG 4d90 00000000
R350_SHADER_REG 4d94 00000000
R350_SHADER_REG 4d98 00000000
R350_SHADER_REG 4d9c 00000000
R350_SHADER_REG 4da0 00000000
R350_SHADER_REG 4da4 00000000
R350_SHADER_REG 4da8 00000000
R350_SHADER_REG 4dac 00000000
R350_SHADER_REG 4db0 00000000
R350_SHADER_REG 4db4 00000000
R350_SHADER_REG 4db8 00000000
R350_SHADER_REG 4dbc 00000000
R350_SHADER_REG 4dc0 00000000
R350_SHADER_REG 4dc4 00000000
R350_SHADER_REG 4dc8 00000000
R350_SHADER_REG 4dcc 00000000
R350_SHADER_REG 4dd0 00000000
R350_SHADER_REG 4dd4 00000000
R350_SHADER_REG 4dd8 00000000
R350_SHADER_REG 4ddc 00000000
R350_SHADER_REG 4de0 00000000
R350_SHADER_REG 4de4 00000000
R350_SHADER_REG 4de8 00000000
R350_SHADER_REG 4dec 00000000
R350_SHADER_REG 4df0 00000000
R350_SHADER_REG 4df4 00000000
R350_SHADER_REG 4df8 00000000
R350_SHADER_REG 4dfc 00000000
R350_SHADER_REG 4e00 00000000
R350_SHADER_REG 4e04 20220000
R350_SHADER_REG 4e08 00000000
R350_SHADER_REG 4e0c 0000000f
R350_SHADER_REG 4e10 00000000
R350_SHADER_REG 4e14 00000000
R350_SHADER_REG 4e18 00000000
R350_SHADER_REG 4e1c 00000000
R350_SHADER_REG 4e20 00000000
R350_SHADER_REG 4e24 00000000
R350_SHADER_REG 4e28 00300000
R350_SHADER_REG 4e2c 00000000
R350_SHADER_REG 4e30 00000000
R350_SHADER_REG 4e34 00000000
R350_SHADER_REG 4e38 2ed14400
R350_SHADER_REG 4e3c 00000000
R350_SHADER_REG 4e40 00000000
R350_SHADER_REG 4e44 00000000
R350_SHADER_REG 4e48 00000000
R350_SHADER_REG 4e4c 0000000a
R350_SHADER_REG 4e50 00000005
R350_SHADER_REG 4e54 00000001
R350_SHADER_REG 4e58 00000000
R350_SHADER_REG 4e5c 00000000
R350_SHADER_REG 4e60 00000000
R350_SHADER_REG 4e64 00000400
R350_SHADER_REG 4e68 00000000
R350_SHADER_REG 4e6c 00000000
R350_SHADER_REG 4e70 00000000
R350_SHADER_REG 4e74 00000000
R350_SHADER_REG 4e78 00000000
R350_SHADER_REG 4e7c 00000000
R350_SHADER_REG 4e80 00000000
R350_SHADER_REG 4e84 00000000
R350_SHADER_REG 4e88 00000000
R350_SHADER_REG 4e8c 00000000
R350_SHADER_REG 4e90 00000000
R350_SHADER_REG 4e94 00000000
R350_SHADER_REG 4e98 00000000
R350_SHADER_REG 4e9c 00000000
R350_SHADER_REG 4ea0 00000000
R350_SHADER_REG 4ea4 00000000
R350_SHADER_REG 4ea8 00000000
R350_SHADER_REG 4eac 00000000
R350_SHADER_REG 4eb0 00000000
R350_SHADER_REG 4eb4 00000000
R350_SHADER_REG 4eb8 00000000
R350_SHADER_REG 4ebc 00000000
R350_SHADER_REG 4ec0 00000000
R350_SHADER_REG 4ec4 00000000
R350_SHADER_REG 4ec8 00000000
R350_SHADER_REG 4ecc 00000000
R350_SHADER_REG 4ed0 00000000
R350_SHADER_REG 4ed4 00000000
R350_SHADER_REG 4ed8 00000000
R350_SHADER_REG 4edc 00000000
R350_SHADER_REG 4ee0 00000000
R350_SHADER_REG 4ee4 00000000
R350_SHADER_REG 4ee8 00000000
R350_SHADER_REG 4eec 00000000
R350_SHADER_REG 4ef0 00000000
R350_SHADER_REG 4ef4 00000000
R350_SHADER_REG 4ef8 00000000
R350_SHADER_REG 4efc 00000000
R350_SHADER_REG 4f00 00000010
R350_SHADER_REG 4f04 00000000
R350_SHADER_REG 4f08 00ffff00
R350_SHADER_REG 4f0c 00000000
R350_SHADER_REG 4f10 00000000
R350_SHADER_REG 4f14 00000001
R350_SHADER_REG 4f18 00000003
R350_SHADER_REG 4f1c 00000000
R350_SHADER_REG 4f20 00000000
R350_SHADER_REG 4f24 00000000
R350_SHADER_REG 4f28 00000000
R350_SHADER_REG 4f2c 00000000
R350_SHADER_REG 4f30 00000000
R350_SHADER_REG 4f34 00000000
R350_SHADER_REG 4f38 00000000
R350_SHADER_REG 4f3c 00000000
R350_SHADER_REG 4f40 00000000
R350_SHADER_REG 4f44 00000000
R350_SHADER_REG 4f48 00000000
R350_SHADER_REG 4f4c 00000000
R350_SHADER_REG 4f50 00000000
R350_SHADER_REG 4f54 00000000
R350_SHADER_REG 4f58 00000000
R350_SHADER_REG 4f5c 00000000
R350_SHADER_REG 4f60 00000000
R350_SHADER_REG 4f64 00000000
R350_SHADER_REG 4f68 00000000
R350_SHADER_REG 4f6c 00000000
R350_SHADER_REG 4f70 00000000
R350_SHADER_REG 4f74 00000000
R350_SHADER_REG 4f78 00000000
R350_SHADER_REG 4f7c 00000000
R350_SHADER_REG 4f80 00000000
R350_SHADER_REG 4f84 00000000
R350_SHADER_REG 4f88 00000000
R350_SHADER_REG 4f8c 00000000
R350_SHADER_REG 4f90 00000000
R350_SHADER_REG 4f94 00000000
R350_SHADER_REG 4f98 00000000
R350_SHADER_REG 4f9c 00000000
R350_SHADER_REG 4fa0 00000000
R350_SHADER_REG 4fa4 00000000
R350_SHADER_REG 4fa8 00000000
R350_SHADER_REG 4fac 00000000
R350_SHADER_REG 4fb0 00000000
R350_SHADER_REG 4fb4 00000000
R350_SHADER_REG 4fb8 00000000
R350_SHADER_REG 4fbc 00000000
R350_SHADER_REG 4fc0 00000000
R350_SHADER_REG 4fc4 00000000
R350_SHADER_REG 4fc8 00000000
R350_SHADER_REG 4fcc 00000000
R350_SHADER_REG 4fd0 00000000
R350_SHADER_REG 4fd4 00000000
R350_SHADER_REG 4fd8 00000000
R350_SHADER_REG 4fdc 00000000
R350_SHADER_REG 4fe0 00000000
R350_SHADER_REG 4fe4 00000000
R350_SHADER_REG 4fe8 00000000
R350_SHADER_REG 4fec 00000000
R350_SHADER_REG 4ff0 00000000
R350_SHADER_REG 4ff4 00000000
R350_SHADER_REG 4ff8 00000000
R350_SHADER_REG 4ffc 00000000
R350_SHADER_PVS 080 0 00100201
R350_SHADER_PVS 080 1 00d10002
R350_SHADER_PVS 080 2 00d10001
R350_SHADER_PVS 080 3 00d10005
R350_SHADER_PVS 081 0 00200201
R350_SHADER_PVS 081 1 00d10022
R350_SHADER_PVS 081 2 00d10001
R350_SHADER_PVS 081 3 00d10005
R350_SHADER_PVS 082 0 00400201
R350_SHADER_PVS 082 1 00d10042
R350_SHADER_PVS 082 2 00d10001
R350_SHADER_PVS 082 3 00d10005
R350_SHADER_PVS 083 0 00800201
R350_SHADER_PVS 083 1 00d10062
R350_SHADER_PVS 083 2 00d10001
R350_SHADER_PVS 083 3 00d10005
R350_SHADER_PVS 084 0 00104201
R350_SHADER_PVS 084 1 00d10082
R350_SHADER_PVS 084 2 00d10041
R350_SHADER_PVS 084 3 00d10045
R350_SHADER_PVS 085 0 00204201
R350_SHADER_PVS 085 1 00d100a2
R350_SHADER_PVS 085 2 00d10041
R350_SHADER_PVS 085 3 00d10045
R350_SHADER_PVS 086 0 00404201
R350_SHADER_PVS 086 1 00d100c2
R350_SHADER_PVS 086 2 00d10041
R350_SHADER_PVS 086 3 00d10045
R350_SHADER_PVS 087 0 00804201
R350_SHADER_PVS 087 1 00d100e2
R350_SHADER_PVS 087 2 00d10041
R350_SHADER_PVS 087 3 00d10045
R350_SHADER_PVS 088 0 00f02202
R350_SHADER_PVS 088 1 00d10021
R350_SHADER_PVS 088 2 016da021
R350_SHADER_PVS 088 3 016da025
R350_SHADER_PVS 0fe 0 00f00202
R350_SHADER_PVS 0fe 1 00d10001
R350_SHADER_PVS 0fe 2 016da001
R350_SHADER_PVS 0fe 3 016da001
R350_SHADER_PVS 0ff 0 00f02202
R350_SHADER_PVS 0ff 1 00d10021
R350_SHADER_PVS 0ff 2 016da021
R350_SHADER_PVS 0ff 3 016da021
R350_SHADER_PVS 280 0 3b000000
R350_SHADER_PVS 280 1 00000000
R350_SHADER_PVS 280 2 00000000
R350_SHADER_PVS 280 3 bf800000
R350_SHADER_PVS 281 0 00000000
R350_SHADER_PVS 281 1 bb2aaaab
R350_SHADER_PVS 281 2 00000000
R350_SHADER_PVS 281 3 3f800000
R350_SHADER_PVS 282 0 00000000
R350_SHADER_PVS 282 1 00000000
R350_SHADER_PVS 282 2 bf800000
R350_SHADER_PVS 282 3 00000000
R350_SHADER_PVS 283 0 00000000
R350_SHADER_PVS 283 1 00000000
R350_SHADER_PVS 283 2 00000000
R350_SHADER_PVS 283 3 3f800000
R350_SHADER_PVS 284 0 3b800000
R350_SHADER_PVS 284 1 00000000
R350_SHADER_PVS 284 2 00000000
R350_SHADER_PVS 284 3 00000000
R350_SHADER_PVS 285 0 00000000
R350_SHADER_PVS 285 1 3b800000
R350_SHADER_PVS 285 2 00000000
R350_SHADER_PVS 285 3 00000000
R350_SHADER_PVS 286 0 00000000
R350_SHADER_PVS 286 1 00000000
R350_SHADER_PVS 286 2 3f800000
R350_SHADER_PVS 286 3 00000000
R350_SHADER_PVS 287 0 00000000
R350_SHADER_PVS 287 1 00000000
R350_SHADER_PVS 287 2 00000000
R350_SHADER_PVS 287 3 3f800000
R350_SHADER_PVS 406 0 00000000
R350_SHADER_PVS 406 1 00000000
R350_SHADER_PVS 406 2 00000000
R350_SHADER_PVS 406 3 00000000
R350_SHADER_END draw=7
R350_PROBE unsupported_3d_draw count=7; R200 renderer deliberately not used
R350_PROBE write reg=0x4400 value=0x00000a12 count=8
R350_PROBE write reg=0x4440 value=0x00001fe8 count=8
R350_PROBE write reg=0x4480 value=0x8007f8ff count=8
R350_PROBE write reg=0x44c0 value=0x0000aa0c count=8
R350_PROBE write reg=0x45c0 value=0x00000000 count=8
R350_PROBE write reg=0x4580 value=0x00000000 count=8
R350_PROBE write reg=0x4500 value=0x000000ff count=8
R350_PROBE write reg=0x146c value=0x42cc36f3 count=8
R350_PROBE write reg=0x15ac value=0x1015cc00 count=8
R350_PROBE write reg=0x15b0 value=0x00001000 count=8
R350_PROBE write reg=0x1404 value=0x007c0000 count=8
R350_PROBE write reg=0x1408 value=0x00000400 count=8
R350_PROBE write reg=0x1704 value=0x00000000 count=8
R350_PROBE write reg=0x1700 value=0x00000000 count=8
R350_PROBE write reg=0x1434 value=0x00000000 count=8
R350_PROBE write reg=0x1438 value=0x00000000 count=8
R350_PROBE write reg=0x143c value=0x01000100 count=8
R350_PROBE write reg=0x4540 value=0x007c0000 count=8
R350_SHADER_BEGIN draw=8 subset=requires one texture-free ALU node with one instruction
R350_SHADER_REG 2080 0030045a
R350_SHADER_REG 2084 00000000
R350_SHADER_REG 2088 00000000
R350_SHADER_REG 208c 00000000
R350_SHADER_REG 2090 00000003
R350_SHADER_REG 2094 00000004
R350_SHADER_REG 2098 00000000
R350_SHADER_REG 209c 00000000
R350_SHADER_REG 20a0 00000000
R350_SHADER_REG 20a4 00000000
R350_SHADER_REG 20a8 00000000
R350_SHADER_REG 20ac 00000000
R350_SHADER_REG 20b0 0000043f
R350_SHADER_REG 20b4 0000000c
R350_SHADER_REG 20b8 00000000
R350_SHADER_REG 20bc 00000000
R350_SHADER_REG 20c0 00000000
R350_SHADER_REG 20c4 00000000
R350_SHADER_REG 20c8 00000000
R350_SHADER_REG 20cc 00000000
R350_SHADER_REG 20d0 00000000
R350_SHADER_REG 20d4 00000000
R350_SHADER_REG 20d8 00000000
R350_SHADER_REG 20dc 00000000
R350_SHADER_REG 20e0 00000000
R350_SHADER_REG 20e4 00000000
R350_SHADER_REG 20e8 00000000
R350_SHADER_REG 20ec 00000000
R350_SHADER_REG 20f0 00000000
R350_SHADER_REG 20f4 00000000
R350_SHADER_REG 20f8 00000000
R350_SHADER_REG 20fc 00000000
R350_SHADER_REG 2100 00000000
R350_SHADER_REG 2104 00000000
R350_SHADER_REG 2108 00000000
R350_SHADER_REG 210c 00000000
R350_SHADER_REG 2110 00000000
R350_SHADER_REG 2114 00000000
R350_SHADER_REG 2118 00000000
R350_SHADER_REG 211c 00000000
R350_SHADER_REG 2120 00000000
R350_SHADER_REG 2124 00000000
R350_SHADER_REG 2128 00000000
R350_SHADER_REG 212c 00000000
R350_SHADER_REG 2130 00000000
R350_SHADER_REG 2134 00ffffff
R350_SHADER_REG 2138 00000000
R350_SHADER_REG 213c 00000000
R350_SHADER_REG 2140 00000000
R350_SHADER_REG 2144 00000000
R350_SHADER_REG 2148 00000000
R350_SHADER_REG 214c 00000000
R350_SHADER_REG 2150 00000000
R350_SHADER_REG 2154 00002203
R350_SHADER_REG 2158 00000000
R350_SHADER_REG 215c 00000000
R350_SHADER_REG 2160 00000000
R350_SHADER_REG 2164 00000000
R350_SHADER_REG 2168 00000000
R350_SHADER_REG 216c 00000000
R350_SHADER_REG 2170 00000000
R350_SHADER_REG 2174 00000000
R350_SHADER_REG 2178 00000000
R350_SHADER_REG 217c 00000000
R350_SHADER_REG 2180 00000000
R350_SHADER_REG 2184 00000405
R350_SHADER_REG 2188 00000000
R350_SHADER_REG 218c 00000000
R350_SHADER_REG 2190 00000000
R350_SHADER_REG 2194 00000000
R350_SHADER_REG 2198 00000000
R350_SHADER_REG 219c 00000000
R350_SHADER_REG 21a0 00000000
R350_SHADER_REG 21a4 00000000
R350_SHADER_REG 21a8 00000000
R350_SHADER_REG 21ac 00000000
R350_SHADER_REG 21b0 00000000
R350_SHADER_REG 21b4 00000000
R350_SHADER_REG 21b8 00000000
R350_SHADER_REG 21bc 00000000
R350_SHADER_REG 21c0 00000000
R350_SHADER_REG 21c4 00000000
R350_SHADER_REG 21c8 00000000
R350_SHADER_REG 21cc 00000000
R350_SHADER_REG 21d0 00000000
R350_SHADER_REG 21d4 00000000
R350_SHADER_REG 21d8 00000000
R350_SHADER_REG 21dc aaaaaaaa
R350_SHADER_REG 21e0 f688f688
R350_SHADER_REG 21e4 0000f688
R350_SHADER_REG 21e8 00000000
R350_SHADER_REG 21ec 00000000
R350_SHADER_REG 21f0 00000000
R350_SHADER_REG 21f4 00000000
R350_SHADER_REG 21f8 00000000
R350_SHADER_REG 21fc 00000000
R350_SHADER_REG 2200 00000280
R350_SHADER_REG 2204 00000000
R350_SHADER_REG 2208 3f800000
R350_SHADER_REG 220c 00000000
R350_SHADER_REG 2210 00000000
R350_SHADER_REG 2214 00000000
R350_SHADER_REG 2218 00000000
R350_SHADER_REG 221c 00000000
R350_SHADER_REG 2220 3f800000
R350_SHADER_REG 2224 3f800000
R350_SHADER_REG 2228 3f800000
R350_SHADER_REG 222c 3f800000
R350_SHADER_REG 2230 00000000
R350_SHADER_REG 2234 00000000
R350_SHADER_REG 2238 00000000
R350_SHADER_REG 223c 00000000
R350_SHADER_REG 2240 00000000
R350_SHADER_REG 2244 00000000
R350_SHADER_REG 2248 00000000
R350_SHADER_REG 224c 00000000
R350_SHADER_REG 2250 00000000
R350_SHADER_REG 2254 00000000
R350_SHADER_REG 2258 00000000
R350_SHADER_REG 225c 00000000
R350_SHADER_REG 2260 00000000
R350_SHADER_REG 2264 00000000
R350_SHADER_REG 2268 00000000
R350_SHADER_REG 226c 00000000
R350_SHADER_REG 2270 00000000
R350_SHADER_REG 2274 00000000
R350_SHADER_REG 2278 00000000
R350_SHADER_REG 227c 00000000
R350_SHADER_REG 2280 00000000
R350_SHADER_REG 2284 00000000
R350_SHADER_REG 2288 0000ffff
R350_SHADER_REG 228c 00000000
R350_SHADER_REG 2290 00000000
R350_SHADER_REG 2294 00000000
R350_SHADER_REG 2298 00000000
R350_SHADER_REG 229c 00000000
R350_SHADER_REG 22a0 00000000
R350_SHADER_REG 22a4 00000000
R350_SHADER_REG 22a8 00000000
R350_SHADER_REG 22ac 00000000
R350_SHADER_REG 22b0 00000000
R350_SHADER_REG 22b4 00000000
R350_SHADER_REG 22b8 00000000
R350_SHADER_REG 22bc 00000000
R350_SHADER_REG 22c0 00000000
R350_SHADER_REG 22c4 00000000
R350_SHADER_REG 22c8 00000000
R350_SHADER_REG 22cc 00000000
R350_SHADER_REG 22d0 08820c80
R350_SHADER_REG 22d4 00080080
R350_SHADER_REG 22d8 00000088
R350_SHADER_REG 4000 00000000
R350_SHADER_REG 4004 00000000
R350_SHADER_REG 4008 00000007
R350_SHADER_REG 400c 00000000
R350_SHADER_REG 4010 66666666
R350_SHADER_REG 4014 06666666
R350_SHADER_REG 4018 00000017
R350_SHADER_REG 401c 00000000
R350_SHADER_REG 4020 00000000
R350_SHADER_REG 4024 00000000
R350_SHADER_REG 4028 00000000
R350_SHADER_REG 402c 00000000
R350_SHADER_REG 4030 00000000
R350_SHADER_REG 4034 00000000
R350_SHADER_REG 4038 00000000
R350_SHADER_REG 403c 00000000
R350_SHADER_REG 4040 00000000
R350_SHADER_REG 4044 00000000
R350_SHADER_REG 4048 00000000
R350_SHADER_REG 404c 00000000
R350_SHADER_REG 4050 00000000
R350_SHADER_REG 4054 00000000
R350_SHADER_REG 4058 00000000
R350_SHADER_REG 405c 00000000
R350_SHADER_REG 4060 00000000
R350_SHADER_REG 4064 00000000
R350_SHADER_REG 4068 00000000
R350_SHADER_REG 406c 00000000
R350_SHADER_REG 4070 00000000
R350_SHADER_REG 4074 00000000
R350_SHADER_REG 4078 00000000
R350_SHADER_REG 407c 00000000
R350_SHADER_REG 4080 00000000
R350_SHADER_REG 4084 00000000
R350_SHADER_REG 4088 00000000
R350_SHADER_REG 408c 00000000
R350_SHADER_REG 4090 00000000
R350_SHADER_REG 4094 00000000
R350_SHADER_REG 4098 00000000
R350_SHADER_REG 409c 00000000
R350_SHADER_REG 40a0 00000000
R350_SHADER_REG 40a4 00000000
R350_SHADER_REG 40a8 00000000
R350_SHADER_REG 40ac 00000000
R350_SHADER_REG 40b0 00000000
R350_SHADER_REG 40b4 00000000
R350_SHADER_REG 40b8 00000000
R350_SHADER_REG 40bc 00000000
R350_SHADER_REG 40c0 00000000
R350_SHADER_REG 40c4 00000000
R350_SHADER_REG 40c8 00000000
R350_SHADER_REG 40cc 00000000
R350_SHADER_REG 40d0 00000000
R350_SHADER_REG 40d4 00000000
R350_SHADER_REG 40d8 00000000
R350_SHADER_REG 40dc 00000000
R350_SHADER_REG 40e0 00000000
R350_SHADER_REG 40e4 00000000
R350_SHADER_REG 40e8 00000000
R350_SHADER_REG 40ec 00000000
R350_SHADER_REG 40f0 00000000
R350_SHADER_REG 40f4 00000000
R350_SHADER_REG 40f8 00000000
R350_SHADER_REG 40fc 00000000
R350_SHADER_REG 4100 00000000
R350_SHADER_REG 4104 00000001
R350_SHADER_REG 4108 00000000
R350_SHADER_REG 410c 00000000
R350_SHADER_REG 4110 00000000
R350_SHADER_REG 4114 00000000
R350_SHADER_REG 4118 00000000
R350_SHADER_REG 411c 00000000
R350_SHADER_REG 4120 00000000
R350_SHADER_REG 4124 00000000
R350_SHADER_REG 4128 00000000
R350_SHADER_REG 412c 00000000
R350_SHADER_REG 4130 00000000
R350_SHADER_REG 4134 00000000
R350_SHADER_REG 4138 00000000
R350_SHADER_REG 413c 00000000
R350_SHADER_REG 4140 00000000
R350_SHADER_REG 4144 00000000
R350_SHADER_REG 4148 00000000
R350_SHADER_REG 414c 00000000
R350_SHADER_REG 4150 00000000
R350_SHADER_REG 4154 00000000
R350_SHADER_REG 4158 00000000
R350_SHADER_REG 415c 00000000
R350_SHADER_REG 4160 00000000
R350_SHADER_REG 4164 00000000
R350_SHADER_REG 4168 00000000
R350_SHADER_REG 416c 00000000
R350_SHADER_REG 4170 00000000
R350_SHADER_REG 4174 00000000
R350_SHADER_REG 4178 00000000
R350_SHADER_REG 417c 00000000
R350_SHADER_REG 4180 00000000
R350_SHADER_REG 4184 00000000
R350_SHADER_REG 4188 00000000
R350_SHADER_REG 418c 00000000
R350_SHADER_REG 4190 00000000
R350_SHADER_REG 4194 00000000
R350_SHADER_REG 4198 00000000
R350_SHADER_REG 419c 00000000
R350_SHADER_REG 41a0 00000000
R350_SHADER_REG 41a4 00000000
R350_SHADER_REG 41a8 00000000
R350_SHADER_REG 41ac 00000000
R350_SHADER_REG 41b0 00000000
R350_SHADER_REG 41b4 00000000
R350_SHADER_REG 41b8 00000000
R350_SHADER_REG 41bc 00000000
R350_SHADER_REG 41c0 00000000
R350_SHADER_REG 41c4 00000000
R350_SHADER_REG 41c8 00000000
R350_SHADER_REG 41cc 00000000
R350_SHADER_REG 41d0 00000000
R350_SHADER_REG 41d4 00000000
R350_SHADER_REG 41d8 00000000
R350_SHADER_REG 41dc 00000000
R350_SHADER_REG 41e0 00000000
R350_SHADER_REG 41e4 00000000
R350_SHADER_REG 41e8 00000000
R350_SHADER_REG 41ec 00000000
R350_SHADER_REG 41f0 00000000
R350_SHADER_REG 41f4 00000000
R350_SHADER_REG 41f8 00000000
R350_SHADER_REG 41fc 00000000
R350_SHADER_REG 4200 00000000
R350_SHADER_REG 4204 00000000
R350_SHADER_REG 4208 3f800000
R350_SHADER_REG 420c 3f800000
R350_SHADER_REG 4210 00000000
R350_SHADER_REG 4214 00050005
R350_SHADER_REG 4218 00000000
R350_SHADER_REG 421c 00060006
R350_SHADER_REG 4220 00000000
R350_SHADER_REG 4224 00000000
R350_SHADER_REG 4228 00000000
R350_SHADER_REG 422c 00000000
R350_SHADER_REG 4230 01800006
R350_SHADER_REG 4234 00020006
R350_SHADER_REG 4238 00000000
R350_SHADER_REG 423c 00000000
R350_SHADER_REG 4240 00000000
R350_SHADER_REG 4244 00000000
R350_SHADER_REG 4248 00000000
R350_SHADER_REG 424c 00000000
R350_SHADER_REG 4250 00000000
R350_SHADER_REG 4254 00000000
R350_SHADER_REG 4258 00000000
R350_SHADER_REG 425c 00000000
R350_SHADER_REG 4260 00000000
R350_SHADER_REG 4264 00000000
R350_SHADER_REG 4268 3f800000
R350_SHADER_REG 426c 00000000
R350_SHADER_REG 4270 00000000
R350_SHADER_REG 4274 00000002
R350_SHADER_REG 4278 0003aaaa
R350_SHADER_REG 427c 00000000
R350_SHADER_REG 4280 00000000
R350_SHADER_REG 4284 00000000
R350_SHADER_REG 4288 00000000
R350_SHADER_REG 428c 00000001
R350_SHADER_REG 4290 00000000
R350_SHADER_REG 4294 00000000
R350_SHADER_REG 4298 00000000
R350_SHADER_REG 429c 00000400
R350_SHADER_REG 42a0 00000000
R350_SHADER_REG 42a4 00000000
R350_SHADER_REG 42a8 00000000
R350_SHADER_REG 42ac 00000000
R350_SHADER_REG 42b0 00000000
R350_SHADER_REG 42b4 00000000
R350_SHADER_REG 42b8 00000000
R350_SHADER_REG 42bc 00000000
R350_SHADER_REG 42c0 4b7fffff
R350_SHADER_REG 42c4 00000000
R350_SHADER_REG 42c8 00000000
R350_SHADER_REG 42cc 00000000
R350_SHADER_REG 42d0 00000000
R350_SHADER_REG 42d4 00000000
R350_SHADER_REG 42d8 00000000
R350_SHADER_REG 42dc 00000000
R350_SHADER_REG 42e0 00000000
R350_SHADER_REG 42e4 00000000
R350_SHADER_REG 42e8 00000000
R350_SHADER_REG 42ec 00000000
R350_SHADER_REG 42f0 00000000
R350_SHADER_REG 42f4 00000000
R350_SHADER_REG 42f8 00000000
R350_SHADER_REG 42fc 00000000
R350_SHADER_REG 4300 00040084
R350_SHADER_REG 4304 00000000
R350_SHADER_REG 4308 00000000
R350_SHADER_REG 430c 00000000
R350_SHADER_REG 4310 00d10000
R350_SHADER_REG 4314 00d10044
R350_SHADER_REG 4318 00d10084
R350_SHADER_REG 431c 00d100c4
R350_SHADER_REG 4320 00d10004
R350_SHADER_REG 4324 00d10004
R350_SHADER_REG 4328 00d10004
R350_SHADER_REG 432c 00d10004
R350_SHADER_REG 4330 00004048
R350_SHADER_REG 4334 00000000
R350_SHADER_REG 4338 00000000
R350_SHADER_REG 433c 00000000
R350_SHADER_REG 4340 00000000
R350_SHADER_REG 4344 00000000
R350_SHADER_REG 4348 00000000
R350_SHADER_REG 434c 00000000
R350_SHADER_REG 4350 00000000
R350_SHADER_REG 4354 00000000
R350_SHADER_REG 4358 00000000
R350_SHADER_REG 435c 00000000
R350_SHADER_REG 4360 00000000
R350_SHADER_REG 4364 00000000
R350_SHADER_REG 4368 00000000
R350_SHADER_REG 436c 00000000
R350_SHADER_REG 4370 00000000
R350_SHADER_REG 4374 00000000
R350_SHADER_REG 4378 00000000
R350_SHADER_REG 437c 00000000
R350_SHADER_REG 4380 00000000
R350_SHADER_REG 4384 00000000
R350_SHADER_REG 4388 00000000
R350_SHADER_REG 438c 00000000
R350_SHADER_REG 4390 00000000
R350_SHADER_REG 4394 00000000
R350_SHADER_REG 4398 00000000
R350_SHADER_REG 439c 00000000
R350_SHADER_REG 43a0 00000000
R350_SHADER_REG 43a4 00000000
R350_SHADER_REG 43a8 2da49525
R350_SHADER_REG 43ac 00000000
R350_SHADER_REG 43b0 00b405a0
R350_SHADER_REG 43b4 011409a0
R350_SHADER_REG 43b8 00000000
R350_SHADER_REG 43bc 03ffffff
R350_SHADER_REG 43c0 00000000
R350_SHADER_REG 43c4 03ffffff
R350_SHADER_REG 43c8 00000000
R350_SHADER_REG 43cc 03ffffff
R350_SHADER_REG 43d0 0000aaaa
R350_SHADER_REG 43d4 00000000
R350_SHADER_REG 43d8 00000000
R350_SHADER_REG 43dc 00000000
R350_SHADER_REG 43e0 00b405a0
R350_SHADER_REG 43e4 0113e99f
R350_SHADER_REG 43e8 00ffffff
R350_SHADER_REG 43ec 00000000
R350_SHADER_REG 43f0 00000000
R350_SHADER_REG 43f4 00000000
R350_SHADER_REG 43f8 00000000
R350_SHADER_REG 43fc 00000000
R350_SHADER_REG 4400 00000a12
R350_SHADER_REG 4404 00000000
R350_SHADER_REG 4408 00000000
R350_SHADER_REG 440c 00000000
R350_SHADER_REG 4410 00000000
R350_SHADER_REG 4414 00000000
R350_SHADER_REG 4418 00000000
R350_SHADER_REG 441c 00000000
R350_SHADER_REG 4420 00000000
R350_SHADER_REG 4424 00000000
R350_SHADER_REG 4428 00000000
R350_SHADER_REG 442c 00000000
R350_SHADER_REG 4430 00000000
R350_SHADER_REG 4434 00000000
R350_SHADER_REG 4438 00000000
R350_SHADER_REG 443c 00000000
R350_SHADER_REG 4440 00001fe8
R350_SHADER_REG 4444 00000000
R350_SHADER_REG 4448 00000000
R350_SHADER_REG 444c 00000000
R350_SHADER_REG 4450 00000000
R350_SHADER_REG 4454 00000000
R350_SHADER_REG 4458 00000000
R350_SHADER_REG 445c 00000000
R350_SHADER_REG 4460 00000000
R350_SHADER_REG 4464 00000000
R350_SHADER_REG 4468 00000000
R350_SHADER_REG 446c 00000000
R350_SHADER_REG 4470 00000000
R350_SHADER_REG 4474 00000000
R350_SHADER_REG 4478 00000000
R350_SHADER_REG 447c 00000000
R350_SHADER_REG 4480 8007f8ff
R350_SHADER_REG 4484 00000000
R350_SHADER_REG 4488 00000000
R350_SHADER_REG 448c 00000000
R350_SHADER_REG 4490 00000000
R350_SHADER_REG 4494 00000000
R350_SHADER_REG 4498 00000000
R350_SHADER_REG 449c 00000000
R350_SHADER_REG 44a0 00000000
R350_SHADER_REG 44a4 00000000
R350_SHADER_REG 44a8 00000000
R350_SHADER_REG 44ac 00000000
R350_SHADER_REG 44b0 00000000
R350_SHADER_REG 44b4 00000000
R350_SHADER_REG 44b8 00000000
R350_SHADER_REG 44bc 00000000
R350_SHADER_REG 44c0 0000aa0c
R350_SHADER_REG 44c4 00000000
R350_SHADER_REG 44c8 00000000
R350_SHADER_REG 44cc 00000000
R350_SHADER_REG 44d0 00000000
R350_SHADER_REG 44d4 00000000
R350_SHADER_REG 44d8 00000000
R350_SHADER_REG 44dc 00000000
R350_SHADER_REG 44e0 00000000
R350_SHADER_REG 44e4 00000000
R350_SHADER_REG 44e8 00000000
R350_SHADER_REG 44ec 00000000
R350_SHADER_REG 44f0 00000000
R350_SHADER_REG 44f4 00000000
R350_SHADER_REG 44f8 00000000
R350_SHADER_REG 44fc 00000000
R350_SHADER_REG 4500 000000ff
R350_SHADER_REG 4504 00000000
R350_SHADER_REG 4508 00000000
R350_SHADER_REG 450c 00000000
R350_SHADER_REG 4510 00000000
R350_SHADER_REG 4514 00000000
R350_SHADER_REG 4518 00000000
R350_SHADER_REG 451c 00000000
R350_SHADER_REG 4520 00000000
R350_SHADER_REG 4524 00000000
R350_SHADER_REG 4528 00000000
R350_SHADER_REG 452c 00000000
R350_SHADER_REG 4530 00000000
R350_SHADER_REG 4534 00000000
R350_SHADER_REG 4538 00000000
R350_SHADER_REG 453c 00000000
R350_SHADER_REG 4540 007c0000
R350_SHADER_REG 4544 00000000
R350_SHADER_REG 4548 00000000
R350_SHADER_REG 454c 00000000
R350_SHADER_REG 4550 00000000
R350_SHADER_REG 4554 00000000
R350_SHADER_REG 4558 00000000
R350_SHADER_REG 455c 00000000
R350_SHADER_REG 4560 00000000
R350_SHADER_REG 4564 00000000
R350_SHADER_REG 4568 00000000
R350_SHADER_REG 456c 00000000
R350_SHADER_REG 4570 00000000
R350_SHADER_REG 4574 00000000
R350_SHADER_REG 4578 00000000
R350_SHADER_REG 457c 00000000
R350_SHADER_REG 4580 00000000
R350_SHADER_REG 4584 00000000
R350_SHADER_REG 4588 00000000
R350_SHADER_REG 458c 00000000
R350_SHADER_REG 4590 00000000
R350_SHADER_REG 4594 00000000
R350_SHADER_REG 4598 00000000
R350_SHADER_REG 459c 00000000
R350_SHADER_REG 45a0 00000000
R350_SHADER_REG 45a4 00000000
R350_SHADER_REG 45a8 00000000
R350_SHADER_REG 45ac 00000000
R350_SHADER_REG 45b0 00000000
R350_SHADER_REG 45b4 00000000
R350_SHADER_REG 45b8 00000000
R350_SHADER_REG 45bc 00000000
R350_SHADER_REG 45c0 00000000
R350_SHADER_REG 45c4 00000000
R350_SHADER_REG 45c8 00000000
R350_SHADER_REG 45cc 00000000
R350_SHADER_REG 45d0 00000000
R350_SHADER_REG 45d4 00000000
R350_SHADER_REG 45d8 00000000
R350_SHADER_REG 45dc 00000000
R350_SHADER_REG 45e0 00000000
R350_SHADER_REG 45e4 00000000
R350_SHADER_REG 45e8 00000000
R350_SHADER_REG 45ec 00000000
R350_SHADER_REG 45f0 00000000
R350_SHADER_REG 45f4 00000000
R350_SHADER_REG 45f8 00000000
R350_SHADER_REG 45fc 00000000
R350_SHADER_REG 4600 00000008
R350_SHADER_REG 4604 00000001
R350_SHADER_REG 4608 00000002
R350_SHADER_REG 460c 00000000
R350_SHADER_REG 4610 00000000
R350_SHADER_REG 4614 00000000
R350_SHADER_REG 4618 00000000
R350_SHADER_REG 461c 00400000
R350_SHADER_REG 4620 00018041
R350_SHADER_REG 4624 00000000
R350_SHADER_REG 4628 00000000
R350_SHADER_REG 462c 00000000
R350_SHADER_REG 4630 00000000
R350_SHADER_REG 4634 00000000
R350_SHADER_REG 4638 00000000
R350_SHADER_REG 463c 00000000
R350_SHADER_REG 4640 00000000
R350_SHADER_REG 4644 00000000
R350_SHADER_REG 4648 00000000
R350_SHADER_REG 464c 00000000
R350_SHADER_REG 4650 00000000
R350_SHADER_REG 4654 00000000
R350_SHADER_REG 4658 00000000
R350_SHADER_REG 465c 00000000
R350_SHADER_REG 4660 00000000
R350_SHADER_REG 4664 00000000
R350_SHADER_REG 4668 00000000
R350_SHADER_REG 466c 00000000
R350_SHADER_REG 4670 00000000
R350_SHADER_REG 4674 00000000
R350_SHADER_REG 4678 00000000
R350_SHADER_REG 467c 00000000
R350_SHADER_REG 4680 00000000
R350_SHADER_REG 4684 00000000
R350_SHADER_REG 4688 00000000
R350_SHADER_REG 468c 00000000
R350_SHADER_REG 4690 00000000
R350_SHADER_REG 4694 00000000
R350_SHADER_REG 4698 00000000
R350_SHADER_REG 469c 00000000
R350_SHADER_REG 46a0 00000000
R350_SHADER_REG 46a4 00001b00
R350_SHADER_REG 46a8 0000000f
R350_SHADER_REG 46ac 0000000f
R350_SHADER_REG 46b0 0000000f
R350_SHADER_REG 46b4 00000001
R350_SHADER_REG 46b8 00000000
R350_SHADER_REG 46bc 00000000
R350_SHADER_REG 46c0 1c020800
R350_SHADER_REG 46c4 1c020800
R350_SHADER_REG 46c8 1c020040
R350_SHADER_REG 46cc 00000000
R350_SHADER_REG 46d0 00000000
R350_SHADER_REG 46d4 00000000
R350_SHADER_REG 46d8 00000000
R350_SHADER_REG 46dc 00000000
R350_SHADER_REG 46e0 00000000
R350_SHADER_REG 46e4 00000000
R350_SHADER_REG 46e8 00000000
R350_SHADER_REG 46ec 00000000
R350_SHADER_REG 46f0 00000000
R350_SHADER_REG 46f4 00000000
R350_SHADER_REG 46f8 00000000
R350_SHADER_REG 46fc 00000000
R350_SHADER_REG 4700 00000000
R350_SHADER_REG 4704 00000000
R350_SHADER_REG 4708 00000000
R350_SHADER_REG 470c 00000000
R350_SHADER_REG 4710 00000000
R350_SHADER_REG 4714 00000000
R350_SHADER_REG 4718 00000000
R350_SHADER_REG 471c 00000000
R350_SHADER_REG 4720 00000000
R350_SHADER_REG 4724 00000000
R350_SHADER_REG 4728 00000000
R350_SHADER_REG 472c 00000000
R350_SHADER_REG 4730 00000000
R350_SHADER_REG 4734 00000000
R350_SHADER_REG 4738 00000000
R350_SHADER_REG 473c 00000000
R350_SHADER_REG 4740 00000000
R350_SHADER_REG 4744 00000000
R350_SHADER_REG 4748 00000000
R350_SHADER_REG 474c 00000000
R350_SHADER_REG 4750 00000000
R350_SHADER_REG 4754 00000000
R350_SHADER_REG 4758 00000000
R350_SHADER_REG 475c 00000000
R350_SHADER_REG 4760 00000000
R350_SHADER_REG 4764 00000000
R350_SHADER_REG 4768 00000000
R350_SHADER_REG 476c 00000000
R350_SHADER_REG 4770 00000000
R350_SHADER_REG 4774 00000000
R350_SHADER_REG 4778 00000000
R350_SHADER_REG 477c 00000000
R350_SHADER_REG 4780 00000000
R350_SHADER_REG 4784 00000000
R350_SHADER_REG 4788 00000000
R350_SHADER_REG 478c 00000000
R350_SHADER_REG 4790 00000000
R350_SHADER_REG 4794 00000000
R350_SHADER_REG 4798 00000000
R350_SHADER_REG 479c 00000000
R350_SHADER_REG 47a0 00000000
R350_SHADER_REG 47a4 00000000
R350_SHADER_REG 47a8 00000000
R350_SHADER_REG 47ac 00000000
R350_SHADER_REG 47b0 00000000
R350_SHADER_REG 47b4 00000000
R350_SHADER_REG 47b8 00000000
R350_SHADER_REG 47bc 00000000
R350_SHADER_REG 47c0 01020800
R350_SHADER_REG 47c4 01020800
R350_SHADER_REG 47c8 01020800
R350_SHADER_REG 47cc 00000000
R350_SHADER_REG 47d0 00000000
R350_SHADER_REG 47d4 00000000
R350_SHADER_REG 47d8 00000000
R350_SHADER_REG 47dc 00000000
R350_SHADER_REG 47e0 00000000
R350_SHADER_REG 47e4 00000000
R350_SHADER_REG 47e8 00000000
R350_SHADER_REG 47ec 00000000
R350_SHADER_REG 47f0 00000000
R350_SHADER_REG 47f4 00000000
R350_SHADER_REG 47f8 00000000
R350_SHADER_REG 47fc 00000000
R350_SHADER_REG 4800 00000000
R350_SHADER_REG 4804 00000000
R350_SHADER_REG 4808 00000000
R350_SHADER_REG 480c 00000000
R350_SHADER_REG 4810 00000000
R350_SHADER_REG 4814 00000000
R350_SHADER_REG 4818 00000000
R350_SHADER_REG 481c 00000000
R350_SHADER_REG 4820 00000000
R350_SHADER_REG 4824 00000000
R350_SHADER_REG 4828 00000000
R350_SHADER_REG 482c 00000000
R350_SHADER_REG 4830 00000000
R350_SHADER_REG 4834 00000000
R350_SHADER_REG 4838 00000000
R350_SHADER_REG 483c 00000000
R350_SHADER_REG 4840 00000000
R350_SHADER_REG 4844 00000000
R350_SHADER_REG 4848 00000000
R350_SHADER_REG 484c 00000000
R350_SHADER_REG 4850 00000000
R350_SHADER_REG 4854 00000000
R350_SHADER_REG 4858 00000000
R350_SHADER_REG 485c 00000000
R350_SHADER_REG 4860 00000000
R350_SHADER_REG 4864 00000000
R350_SHADER_REG 4868 00000000
R350_SHADER_REG 486c 00000000
R350_SHADER_REG 4870 00000000
R350_SHADER_REG 4874 00000000
R350_SHADER_REG 4878 00000000
R350_SHADER_REG 487c 00000000
R350_SHADER_REG 4880 00000000
R350_SHADER_REG 4884 00000000
R350_SHADER_REG 4888 00000000
R350_SHADER_REG 488c 00000000
R350_SHADER_REG 4890 00000000
R350_SHADER_REG 4894 00000000
R350_SHADER_REG 4898 00000000
R350_SHADER_REG 489c 00000000
R350_SHADER_REG 48a0 00000000
R350_SHADER_REG 48a4 00000000
R350_SHADER_REG 48a8 00000000
R350_SHADER_REG 48ac 00000000
R350_SHADER_REG 48b0 00000000
R350_SHADER_REG 48b4 00000000
R350_SHADER_REG 48b8 00000000
R350_SHADER_REG 48bc 00000000
R350_SHADER_REG 48c0 00050a80
R350_SHADER_REG 48c4 00050a80
R350_SHADER_REG 48c8 40050200
R350_SHADER_REG 48cc 00000000
R350_SHADER_REG 48d0 00000000
R350_SHADER_REG 48d4 00000000
R350_SHADER_REG 48d8 00000000
R350_SHADER_REG 48dc 00000000
R350_SHADER_REG 48e0 00000000
R350_SHADER_REG 48e4 00000000
R350_SHADER_REG 48e8 00000000
R350_SHADER_REG 48ec 00000000
R350_SHADER_REG 48f0 00000000
R350_SHADER_REG 48f4 00000000
R350_SHADER_REG 48f8 00000000
R350_SHADER_REG 48fc 00000000
R350_SHADER_REG 4900 00000000
R350_SHADER_REG 4904 00000000
R350_SHADER_REG 4908 00000000
R350_SHADER_REG 490c 00000000
R350_SHADER_REG 4910 00000000
R350_SHADER_REG 4914 00000000
R350_SHADER_REG 4918 00000000
R350_SHADER_REG 491c 00000000
R350_SHADER_REG 4920 00000000
R350_SHADER_REG 4924 00000000
R350_SHADER_REG 4928 00000000
R350_SHADER_REG 492c 00000000
R350_SHADER_REG 4930 00000000
R350_SHADER_REG 4934 00000000
R350_SHADER_REG 4938 00000000
R350_SHADER_REG 493c 00000000
R350_SHADER_REG 4940 00000000
R350_SHADER_REG 4944 00000000
R350_SHADER_REG 4948 00000000
R350_SHADER_REG 494c 00000000
R350_SHADER_REG 4950 00000000
R350_SHADER_REG 4954 00000000
R350_SHADER_REG 4958 00000000
R350_SHADER_REG 495c 00000000
R350_SHADER_REG 4960 00000000
R350_SHADER_REG 4964 00000000
R350_SHADER_REG 4968 00000000
R350_SHADER_REG 496c 00000000
R350_SHADER_REG 4970 00000000
R350_SHADER_REG 4974 00000000
R350_SHADER_REG 4978 00000000
R350_SHADER_REG 497c 00000000
R350_SHADER_REG 4980 00000000
R350_SHADER_REG 4984 00000000
R350_SHADER_REG 4988 00000000
R350_SHADER_REG 498c 00000000
R350_SHADER_REG 4990 00000000
R350_SHADER_REG 4994 00000000
R350_SHADER_REG 4998 00000000
R350_SHADER_REG 499c 00000000
R350_SHADER_REG 49a0 00000000
R350_SHADER_REG 49a4 00000000
R350_SHADER_REG 49a8 00000000
R350_SHADER_REG 49ac 00000000
R350_SHADER_REG 49b0 00000000
R350_SHADER_REG 49b4 00000000
R350_SHADER_REG 49b8 00000000
R350_SHADER_REG 49bc 00000000
R350_SHADER_REG 49c0 00040889
R350_SHADER_REG 49c4 00040889
R350_SHADER_REG 49c8 40040509
R350_SHADER_REG 49cc 00000000
R350_SHADER_REG 49d0 00000000
R350_SHADER_REG 49d4 00000000
R350_SHADER_REG 49d8 00000000
R350_SHADER_REG 49dc 00000000
R350_SHADER_REG 49e0 00000000
R350_SHADER_REG 49e4 00000000
R350_SHADER_REG 49e8 00000000
R350_SHADER_REG 49ec 00000000
R350_SHADER_REG 49f0 00000000
R350_SHADER_REG 49f4 00000000
R350_SHADER_REG 49f8 00000000
R350_SHADER_REG 49fc 00000000
R350_SHADER_REG 4a00 00000000
R350_SHADER_REG 4a04 00000000
R350_SHADER_REG 4a08 00000000
R350_SHADER_REG 4a0c 00000000
R350_SHADER_REG 4a10 00000000
R350_SHADER_REG 4a14 00000000
R350_SHADER_REG 4a18 00000000
R350_SHADER_REG 4a1c 00000000
R350_SHADER_REG 4a20 00000000
R350_SHADER_REG 4a24 00000000
R350_SHADER_REG 4a28 00000000
R350_SHADER_REG 4a2c 00000000
R350_SHADER_REG 4a30 00000000
R350_SHADER_REG 4a34 00000000
R350_SHADER_REG 4a38 00000000
R350_SHADER_REG 4a3c 00000000
R350_SHADER_REG 4a40 00000000
R350_SHADER_REG 4a44 00000000
R350_SHADER_REG 4a48 00000000
R350_SHADER_REG 4a4c 00000000
R350_SHADER_REG 4a50 00000000
R350_SHADER_REG 4a54 00000000
R350_SHADER_REG 4a58 00000000
R350_SHADER_REG 4a5c 00000000
R350_SHADER_REG 4a60 00000000
R350_SHADER_REG 4a64 00000000
R350_SHADER_REG 4a68 00000000
R350_SHADER_REG 4a6c 00000000
R350_SHADER_REG 4a70 00000000
R350_SHADER_REG 4a74 00000000
R350_SHADER_REG 4a78 00000000
R350_SHADER_REG 4a7c 00000000
R350_SHADER_REG 4a80 00000000
R350_SHADER_REG 4a84 00000000
R350_SHADER_REG 4a88 00000000
R350_SHADER_REG 4a8c 00000000
R350_SHADER_REG 4a90 00000000
R350_SHADER_REG 4a94 00000000
R350_SHADER_REG 4a98 00000000
R350_SHADER_REG 4a9c 00000000
R350_SHADER_REG 4aa0 00000000
R350_SHADER_REG 4aa4 00000000
R350_SHADER_REG 4aa8 00000000
R350_SHADER_REG 4aac 00000000
R350_SHADER_REG 4ab0 00000000
R350_SHADER_REG 4ab4 00000000
R350_SHADER_REG 4ab8 00000000
R350_SHADER_REG 4abc 00000000
R350_SHADER_REG 4ac0 00000000
R350_SHADER_REG 4ac4 00000000
R350_SHADER_REG 4ac8 00000000
R350_SHADER_REG 4acc 00000000
R350_SHADER_REG 4ad0 00000000
R350_SHADER_REG 4ad4 00000000
R350_SHADER_REG 4ad8 00000000
R350_SHADER_REG 4adc 00000000
R350_SHADER_REG 4ae0 00000000
R350_SHADER_REG 4ae4 00000000
R350_SHADER_REG 4ae8 00000000
R350_SHADER_REG 4aec 00000000
R350_SHADER_REG 4af0 00000000
R350_SHADER_REG 4af4 00000000
R350_SHADER_REG 4af8 00000000
R350_SHADER_REG 4afc 00000000
R350_SHADER_REG 4b00 00000000
R350_SHADER_REG 4b04 00000000
R350_SHADER_REG 4b08 00000000
R350_SHADER_REG 4b0c 00000000
R350_SHADER_REG 4b10 00000000
R350_SHADER_REG 4b14 00000000
R350_SHADER_REG 4b18 00000000
R350_SHADER_REG 4b1c 00000000
R350_SHADER_REG 4b20 00000000
R350_SHADER_REG 4b24 00000000
R350_SHADER_REG 4b28 00000000
R350_SHADER_REG 4b2c 00000000
R350_SHADER_REG 4b30 00000000
R350_SHADER_REG 4b34 00000000
R350_SHADER_REG 4b38 00000000
R350_SHADER_REG 4b3c 00000000
R350_SHADER_REG 4b40 00000000
R350_SHADER_REG 4b44 00000000
R350_SHADER_REG 4b48 00000000
R350_SHADER_REG 4b4c 00000000
R350_SHADER_REG 4b50 00000000
R350_SHADER_REG 4b54 00000000
R350_SHADER_REG 4b58 00000000
R350_SHADER_REG 4b5c 00000000
R350_SHADER_REG 4b60 00000000
R350_SHADER_REG 4b64 00000000
R350_SHADER_REG 4b68 00000000
R350_SHADER_REG 4b6c 00000000
R350_SHADER_REG 4b70 00000000
R350_SHADER_REG 4b74 00000000
R350_SHADER_REG 4b78 00000000
R350_SHADER_REG 4b7c 00000000
R350_SHADER_REG 4b80 00000000
R350_SHADER_REG 4b84 00000000
R350_SHADER_REG 4b88 00000000
R350_SHADER_REG 4b8c 00000000
R350_SHADER_REG 4b90 00000000
R350_SHADER_REG 4b94 00000000
R350_SHADER_REG 4b98 00000000
R350_SHADER_REG 4b9c 00000000
R350_SHADER_REG 4ba0 00000000
R350_SHADER_REG 4ba4 00000000
R350_SHADER_REG 4ba8 00000000
R350_SHADER_REG 4bac 00000000
R350_SHADER_REG 4bb0 00000000
R350_SHADER_REG 4bb4 00000000
R350_SHADER_REG 4bb8 00000000
R350_SHADER_REG 4bbc 00000000
R350_SHADER_REG 4bc0 00000000
R350_SHADER_REG 4bc4 00000000
R350_SHADER_REG 4bc8 00000000
R350_SHADER_REG 4bcc 00000000
R350_SHADER_REG 4bd0 00000000
R350_SHADER_REG 4bd4 00000c00
R350_SHADER_REG 4bd8 00000000
R350_SHADER_REG 4bdc 00000000
R350_SHADER_REG 4be0 00000000
R350_SHADER_REG 4be4 00000000
R350_SHADER_REG 4be8 00000000
R350_SHADER_REG 4bec 00000000
R350_SHADER_REG 4bf0 00000000
R350_SHADER_REG 4bf4 00000000
R350_SHADER_REG 4bf8 00000000
R350_SHADER_REG 4bfc 00000000
R350_SHADER_REG 4c00 003f0000
R350_SHADER_REG 4c04 003f0000
R350_SHADER_REG 4c08 003f0000
R350_SHADER_REG 4c0c 003f0000
R350_SHADER_REG 4c10 00000000
R350_SHADER_REG 4c14 00000000
R350_SHADER_REG 4c18 00000000
R350_SHADER_REG 4c1c 00000000
R350_SHADER_REG 4c20 00000000
R350_SHADER_REG 4c24 00000000
R350_SHADER_REG 4c28 00000000
R350_SHADER_REG 4c2c 00000000
R350_SHADER_REG 4c30 00000000
R350_SHADER_REG 4c34 00000000
R350_SHADER_REG 4c38 00000000
R350_SHADER_REG 4c3c 00000000
R350_SHADER_REG 4c40 00000000
R350_SHADER_REG 4c44 00000000
R350_SHADER_REG 4c48 00000000
R350_SHADER_REG 4c4c 00000000
R350_SHADER_REG 4c50 00000000
R350_SHADER_REG 4c54 00000000
R350_SHADER_REG 4c58 00000000
R350_SHADER_REG 4c5c 00000000
R350_SHADER_REG 4c60 00000000
R350_SHADER_REG 4c64 00000000
R350_SHADER_REG 4c68 00000000
R350_SHADER_REG 4c6c 00000000
R350_SHADER_REG 4c70 00000000
R350_SHADER_REG 4c74 00000000
R350_SHADER_REG 4c78 00000000
R350_SHADER_REG 4c7c 00000000
R350_SHADER_REG 4c80 00000000
R350_SHADER_REG 4c84 00000000
R350_SHADER_REG 4c88 00000000
R350_SHADER_REG 4c8c 00000000
R350_SHADER_REG 4c90 00000000
R350_SHADER_REG 4c94 00000000
R350_SHADER_REG 4c98 00000000
R350_SHADER_REG 4c9c 00000000
R350_SHADER_REG 4ca0 00000000
R350_SHADER_REG 4ca4 00000000
R350_SHADER_REG 4ca8 00000000
R350_SHADER_REG 4cac 00000000
R350_SHADER_REG 4cb0 00000000
R350_SHADER_REG 4cb4 00000000
R350_SHADER_REG 4cb8 00000000
R350_SHADER_REG 4cbc 00000000
R350_SHADER_REG 4cc0 00000000
R350_SHADER_REG 4cc4 00000000
R350_SHADER_REG 4cc8 00000000
R350_SHADER_REG 4ccc 00000000
R350_SHADER_REG 4cd0 00000000
R350_SHADER_REG 4cd4 00000000
R350_SHADER_REG 4cd8 00000000
R350_SHADER_REG 4cdc 00000000
R350_SHADER_REG 4ce0 00000000
R350_SHADER_REG 4ce4 00000000
R350_SHADER_REG 4ce8 00000000
R350_SHADER_REG 4cec 00000000
R350_SHADER_REG 4cf0 00000000
R350_SHADER_REG 4cf4 00000000
R350_SHADER_REG 4cf8 00000000
R350_SHADER_REG 4cfc 00000000
R350_SHADER_REG 4d00 00000000
R350_SHADER_REG 4d04 00000000
R350_SHADER_REG 4d08 00000000
R350_SHADER_REG 4d0c 00000000
R350_SHADER_REG 4d10 00000000
R350_SHADER_REG 4d14 00000000
R350_SHADER_REG 4d18 00000000
R350_SHADER_REG 4d1c 00000000
R350_SHADER_REG 4d20 00000000
R350_SHADER_REG 4d24 00000000
R350_SHADER_REG 4d28 00000000
R350_SHADER_REG 4d2c 00000000
R350_SHADER_REG 4d30 00000000
R350_SHADER_REG 4d34 00000000
R350_SHADER_REG 4d38 00000000
R350_SHADER_REG 4d3c 00000000
R350_SHADER_REG 4d40 00000000
R350_SHADER_REG 4d44 00000000
R350_SHADER_REG 4d48 00000000
R350_SHADER_REG 4d4c 00000000
R350_SHADER_REG 4d50 00000000
R350_SHADER_REG 4d54 00000000
R350_SHADER_REG 4d58 00000000
R350_SHADER_REG 4d5c 00000000
R350_SHADER_REG 4d60 00000000
R350_SHADER_REG 4d64 00000000
R350_SHADER_REG 4d68 00000000
R350_SHADER_REG 4d6c 00000000
R350_SHADER_REG 4d70 00000000
R350_SHADER_REG 4d74 00000000
R350_SHADER_REG 4d78 00000000
R350_SHADER_REG 4d7c 00000000
R350_SHADER_REG 4d80 00000000
R350_SHADER_REG 4d84 00000000
R350_SHADER_REG 4d88 00000000
R350_SHADER_REG 4d8c 00000000
R350_SHADER_REG 4d90 00000000
R350_SHADER_REG 4d94 00000000
R350_SHADER_REG 4d98 00000000
R350_SHADER_REG 4d9c 00000000
R350_SHADER_REG 4da0 00000000
R350_SHADER_REG 4da4 00000000
R350_SHADER_REG 4da8 00000000
R350_SHADER_REG 4dac 00000000
R350_SHADER_REG 4db0 00000000
R350_SHADER_REG 4db4 00000000
R350_SHADER_REG 4db8 00000000
R350_SHADER_REG 4dbc 00000000
R350_SHADER_REG 4dc0 00000000
R350_SHADER_REG 4dc4 00000000
R350_SHADER_REG 4dc8 00000000
R350_SHADER_REG 4dcc 00000000
R350_SHADER_REG 4dd0 00000000
R350_SHADER_REG 4dd4 00000000
R350_SHADER_REG 4dd8 00000000
R350_SHADER_REG 4ddc 00000000
R350_SHADER_REG 4de0 00000000
R350_SHADER_REG 4de4 00000000
R350_SHADER_REG 4de8 00000000
R350_SHADER_REG 4dec 00000000
R350_SHADER_REG 4df0 00000000
R350_SHADER_REG 4df4 00000000
R350_SHADER_REG 4df8 00000000
R350_SHADER_REG 4dfc 00000000
R350_SHADER_REG 4e00 00000000
R350_SHADER_REG 4e04 20220000
R350_SHADER_REG 4e08 00000000
R350_SHADER_REG 4e0c 0000000f
R350_SHADER_REG 4e10 00000000
R350_SHADER_REG 4e14 00000000
R350_SHADER_REG 4e18 00000000
R350_SHADER_REG 4e1c 00000000
R350_SHADER_REG 4e20 00000000
R350_SHADER_REG 4e24 00000000
R350_SHADER_REG 4e28 00300000
R350_SHADER_REG 4e2c 00000000
R350_SHADER_REG 4e30 00000000
R350_SHADER_REG 4e34 00000000
R350_SHADER_REG 4e38 2ed14400
R350_SHADER_REG 4e3c 00000000
R350_SHADER_REG 4e40 00000000
R350_SHADER_REG 4e44 00000000
R350_SHADER_REG 4e48 00000000
R350_SHADER_REG 4e4c 0000000a
R350_SHADER_REG 4e50 00000005
R350_SHADER_REG 4e54 00000001
R350_SHADER_REG 4e58 00000000
R350_SHADER_REG 4e5c 00000000
R350_SHADER_REG 4e60 00000000
R350_SHADER_REG 4e64 00000400
R350_SHADER_REG 4e68 00000000
R350_SHADER_REG 4e6c 00000000
R350_SHADER_REG 4e70 00000000
R350_SHADER_REG 4e74 00000000
R350_SHADER_REG 4e78 00000000
R350_SHADER_REG 4e7c 00000000
R350_SHADER_REG 4e80 00000000
R350_SHADER_REG 4e84 00000000
R350_SHADER_REG 4e88 00000000
R350_SHADER_REG 4e8c 00000000
R350_SHADER_REG 4e90 00000000
R350_SHADER_REG 4e94 00000000
R350_SHADER_REG 4e98 00000000
R350_SHADER_REG 4e9c 00000000
R350_SHADER_REG 4ea0 00000000
R350_SHADER_REG 4ea4 00000000
R350_SHADER_REG 4ea8 00000000
R350_SHADER_REG 4eac 00000000
R350_SHADER_REG 4eb0 00000000
R350_SHADER_REG 4eb4 00000000
R350_SHADER_REG 4eb8 00000000
R350_SHADER_REG 4ebc 00000000
R350_SHADER_REG 4ec0 00000000
R350_SHADER_REG 4ec4 00000000
R350_SHADER_REG 4ec8 00000000
R350_SHADER_REG 4ecc 00000000
R350_SHADER_REG 4ed0 00000000
R350_SHADER_REG 4ed4 00000000
R350_SHADER_REG 4ed8 00000000
R350_SHADER_REG 4edc 00000000
R350_SHADER_REG 4ee0 00000000
R350_SHADER_REG 4ee4 00000000
R350_SHADER_REG 4ee8 00000000
R350_SHADER_REG 4eec 00000000
R350_SHADER_REG 4ef0 00000000
R350_SHADER_REG 4ef4 00000000
R350_SHADER_REG 4ef8 00000000
R350_SHADER_REG 4efc 00000000
R350_SHADER_REG 4f00 00000010
R350_SHADER_REG 4f04 00000000
R350_SHADER_REG 4f08 00ffff00
R350_SHADER_REG 4f0c 00000000
R350_SHADER_REG 4f10 00000000
R350_SHADER_REG 4f14 00000001
R350_SHADER_REG 4f18 00000003
R350_SHADER_REG 4f1c 00000000
R350_SHADER_REG 4f20 00000000
R350_SHADER_REG 4f24 00000000
R350_SHADER_REG 4f28 00000000
R350_SHADER_REG 4f2c 00000000
R350_SHADER_REG 4f30 00000000
R350_SHADER_REG 4f34 00000000
R350_SHADER_REG 4f38 00000000
R350_SHADER_REG 4f3c 00000000
R350_SHADER_REG 4f40 00000000
R350_SHADER_REG 4f44 00000000
R350_SHADER_REG 4f48 00000000
R350_SHADER_REG 4f4c 00000000
R350_SHADER_REG 4f50 00000000
R350_SHADER_REG 4f54 00000000
R350_SHADER_REG 4f58 00000000
R350_SHADER_REG 4f5c 00000000
R350_SHADER_REG 4f60 00000000
R350_SHADER_REG 4f64 00000000
R350_SHADER_REG 4f68 00000000
R350_SHADER_REG 4f6c 00000000
R350_SHADER_REG 4f70 00000000
R350_SHADER_REG 4f74 00000000
R350_SHADER_REG 4f78 00000000
R350_SHADER_REG 4f7c 00000000
R350_SHADER_REG 4f80 00000000
R350_SHADER_REG 4f84 00000000
R350_SHADER_REG 4f88 00000000
R350_SHADER_REG 4f8c 00000000
R350_SHADER_REG 4f90 00000000
R350_SHADER_REG 4f94 00000000
R350_SHADER_REG 4f98 00000000
R350_SHADER_REG 4f9c 00000000
R350_SHADER_REG 4fa0 00000000
R350_SHADER_REG 4fa4 00000000
R350_SHADER_REG 4fa8 00000000
R350_SHADER_REG 4fac 00000000
R350_SHADER_REG 4fb0 00000000
R350_SHADER_REG 4fb4 00000000
R350_SHADER_REG 4fb8 00000000
R350_SHADER_REG 4fbc 00000000
R350_SHADER_REG 4fc0 00000000
R350_SHADER_REG 4fc4 00000000
R350_SHADER_REG 4fc8 00000000
R350_SHADER_REG 4fcc 00000000
R350_SHADER_REG 4fd0 00000000
R350_SHADER_REG 4fd4 00000000
R350_SHADER_REG 4fd8 00000000
R350_SHADER_REG 4fdc 00000000
R350_SHADER_REG 4fe0 00000000
R350_SHADER_REG 4fe4 00000000
R350_SHADER_REG 4fe8 00000000
R350_SHADER_REG 4fec 00000000
R350_SHADER_REG 4ff0 00000000
R350_SHADER_REG 4ff4 00000000
R350_SHADER_REG 4ff8 00000000
R350_SHADER_REG 4ffc 00000000
R350_SHADER_PVS 080 0 00100201
R350_SHADER_PVS 080 1 00d10002
R350_SHADER_PVS 080 2 00d10001
R350_SHADER_PVS 080 3 00d10005
R350_SHADER_PVS 081 0 00200201
R350_SHADER_PVS 081 1 00d10022
R350_SHADER_PVS 081 2 00d10001
R350_SHADER_PVS 081 3 00d10005
R350_SHADER_PVS 082 0 00400201
R350_SHADER_PVS 082 1 00d10042
R350_SHADER_PVS 082 2 00d10001
R350_SHADER_PVS 082 3 00d10005
R350_SHADER_PVS 083 0 00800201
R350_SHADER_PVS 083 1 00d10062
R350_SHADER_PVS 083 2 00d10001
R350_SHADER_PVS 083 3 00d10005
R350_SHADER_PVS 084 0 00104201
R350_SHADER_PVS 084 1 00d10082
R350_SHADER_PVS 084 2 00d10041
R350_SHADER_PVS 084 3 00d10045
R350_SHADER_PVS 085 0 00204201
R350_SHADER_PVS 085 1 00d100a2
R350_SHADER_PVS 085 2 00d10041
R350_SHADER_PVS 085 3 00d10045
R350_SHADER_PVS 086 0 00404201
R350_SHADER_PVS 086 1 00d100c2
R350_SHADER_PVS 086 2 00d10041
R350_SHADER_PVS 086 3 00d10045
R350_SHADER_PVS 087 0 00804201
R350_SHADER_PVS 087 1 00d100e2
R350_SHADER_PVS 087 2 00d10041
R350_SHADER_PVS 087 3 00d10045
R350_SHADER_PVS 088 0 00f02202
R350_SHADER_PVS 088 1 00d10021
R350_SHADER_PVS 088 2 016da021
R350_SHADER_PVS 088 3 016da025
R350_SHADER_PVS 0fe 0 00f00202
R350_SHADER_PVS 0fe 1 00d10001
R350_SHADER_PVS 0fe 2 016da001
R350_SHADER_PVS 0fe 3 016da001
R350_SHADER_PVS 0ff 0 00f02202
R350_SHADER_PVS 0ff 1 00d10021
R350_SHADER_PVS 0ff 2 016da021
R350_SHADER_PVS 0ff 3 016da021
R350_SHADER_PVS 280 0 3b000000
R350_SHADER_PVS 280 1 00000000
R350_SHADER_PVS 280 2 00000000
R350_SHADER_PVS 280 3 bf800000
R350_SHADER_PVS 281 0 00000000
R350_SHADER_PVS 281 1 bb2aaaab
R350_SHADER_PVS 281 2 00000000
R350_SHADER_PVS 281 3 3f800000
R350_SHADER_PVS 282 0 00000000
R350_SHADER_PVS 282 1 00000000
R350_SHADER_PVS 282 2 bf800000
R350_SHADER_PVS 282 3 00000000
R350_SHADER_PVS 283 0 00000000
R350_SHADER_PVS 283 1 00000000
R350_SHADER_PVS 283 2 00000000
R350_SHADER_PVS 283 3 3f800000
R350_SHADER_PVS 284 0 3b800000
R350_SHADER_PVS 284 1 00000000
R350_SHADER_PVS 284 2 00000000
R350_SHADER_PVS 284 3 00000000
R350_SHADER_PVS 285 0 00000000
R350_SHADER_PVS 285 1 3b800000
R350_SHADER_PVS 285 2 00000000
R350_SHADER_PVS 285 3 00000000
R350_SHADER_PVS 286 0 00000000
R350_SHADER_PVS 286 1 00000000
R350_SHADER_PVS 286 2 3f800000
R350_SHADER_PVS 286 3 00000000
R350_SHADER_PVS 287 0 00000000
R350_SHADER_PVS 287 1 00000000
R350_SHADER_PVS 287 2 00000000
R350_SHADER_PVS 287 3 3f800000
R350_SHADER_PVS 406 0 00000000
R350_SHADER_PVS 406 1 00000000
R350_SHADER_PVS 406 2 00000000
R350_SHADER_PVS 406 3 00000000
R350_SHADER_END draw=8
R350_PROBE unsupported_3d_draw count=8; R200 renderer deliberately not used
R350_PROBE write reg=0x2284 value=0x00000000 count=16
R350_PROBE write reg=0x0714 value=0x000003f0 count=128
R350_PROBE write reg=0x4e4c value=0x0000000a count=32
R350_PROBE write reg=0x0738 value=0x10012020 count=256
R350_PROBE write reg=0x073c value=0x00000008 count=256
R350_PROBE write reg=0x1720 value=0x00020000 count=32
R350_PROBE write reg=0x2200 value=0x00000280 count=16
R350_PROBE write reg=0x342c value=0x00000005 count=16
R350_PROBE write reg=0x4608 value=0x00002003 count=8
R350_PROBE write reg=0x48cc value=0x00050a80 count=1
R350_PROBE write reg=0x46cc value=0x1c020800 count=1
R350_PROBE write reg=0x49cc value=0x00040889 count=1
R350_PROBE write reg=0x47cc value=0x01020800 count=1
R350_PROBE write reg=0x4f14 value=0x00000000 count=4
R350_PROBE write reg=0x2180 value=0x00000000 count=6
R350_PROBE write reg=0x2184 value=0x00000005 count=4
R350_PROBE write reg=0x20b4 value=0x00000008 count=5
R350_PROBE write reg=0x2090 value=0x00000003 count=4
R350_PROBE write reg=0x2094 value=0x00000000 count=6
R350_PROBE write reg=0x4c00 value=0x003f0000 count=16
R350_PROBE write reg=0x4c04 value=0x003f0000 count=16
R350_PROBE write reg=0x4c08 value=0x003f0000 count=16
R350_PROBE write reg=0x4c0c value=0x003f0000 count=16
R350_PROBE write reg=0x4600 value=0x00000000 count=5
R350_PROBE write reg=0x4604 value=0x00000000 count=5
R350_PROBE write reg=0x46b4 value=0x00000001 count=5
R350_PROBE write reg=0x4610 value=0x00000000 count=5
R350_PROBE write reg=0x4614 value=0x00000000 count=5
R350_PROBE write reg=0x4618 value=0x00000000 count=5
R350_PROBE write reg=0x461c value=0x00400000 count=5
R350_PROBE write reg=0x4300 value=0x00040080 count=4
R350_PROBE write reg=0x4304 value=0x00000000 count=4
R350_PROBE write reg=0x4330 value=0x00004000 count=4
R350_PROBE write reg=0x4310 value=0x00d10000 count=4
R350_PROBE write reg=0x4314 value=0x00d10040 count=4
R350_PROBE write reg=0x4318 value=0x00d10080 count=4
R350_PROBE write reg=0x431c value=0x00d100c0 count=4
R350_PROBE write reg=0x4320 value=0x00d10000 count=4
R350_PROBE write reg=0x4324 value=0x00d10000 count=4
R350_PROBE write reg=0x4328 value=0x00d10000 count=4
R350_PROBE write reg=0x432c value=0x00d10000 count=4
R350_PROBE write reg=0x22d0 value=0x08420c80 count=4
R350_PROBE write reg=0x22d4 value=0x00040080 count=4
R350_PROBE write reg=0x22d8 value=0x00000084 count=4
R350_PROBE write reg=0x22dc value=0x00000000 count=4
R350_PROBE write reg=0x4f18 value=0x00000003 count=6
R350_PROBE write reg=0x0218 value=0x40000300 count=1
R350_PROBE write reg=0x4f18 value=0x00000003 count=7
R350_PROBE write reg=0x43a8 value=0x2da49525 count=2
R350_PROBE write reg=0x43e8 value=0x00ffffff count=7
R350_PROBE write reg=0x4018 value=0x00000017 count=7
R350_PROBE write reg=0x4010 value=0x66666666 count=8
R350_PROBE write reg=0x4014 value=0x06666666 count=8
R350_PROBE write reg=0x4020 value=0x00000000 count=8
R350_PROBE write reg=0x43a4 value=0x00000000 count=5
R350_PROBE write reg=0x4f1c value=0x00000000 count=5
R350_PROBE write reg=0x4f04 value=0x00000000 count=4
R350_PROBE write reg=0x2140 value=0x00000102 count=2
R350_PROBE write reg=0x221c value=0x0001c000 count=6
R350_PROBE write reg=0x20b0 value=0x00000000 count=4
R350_PROBE write reg=0x42b8 value=0x00000000 count=4
R350_PROBE write reg=0x4e50 value=0x00000002 count=4
R350_PROBE write reg=0x4e00 value=0x00000000 count=5
R350_PROBE write reg=0x4008 value=0x00010001 count=4
R350_PROBE write reg=0x2090 value=0x00000001 count=5
R350_PROBE write reg=0x2094 value=0x00000000 count=7
R350_PROBE write reg=0x20b4 value=0x00000003 count=6
R350_PROBE write reg=0x2150 value=0x26000001 count=2
R350_PROBE write reg=0x21e0 value=0xfb24fb08 count=2
R350_PROBE write reg=0x4f00 value=0x00000000 count=4
R350_PROBE write reg=0x4bc0 value=0x00000000 count=4
R350_PROBE write reg=0x4bd4 value=0x00000000 count=7
R350_PROBE write reg=0x4288 value=0x00000000 count=2
R350_PROBE write reg=0x4e04 value=0x00000000 count=4
R350_PROBE write reg=0x4278 value=0x00000055 count=4
R350_PROBE write reg=0x4104 value=0x00000001 count=16
R350_PROBE write reg=0x48c0 value=0x00050a80 count=2
R350_PROBE write reg=0x46c0 value=0x1c000000 count=2
R350_PROBE write reg=0x47c0 value=0x01000000 count=2
R350_PROBE write reg=0x49c0 value=0x00040889 count=2
R350_PROBE write reg=0x4620 value=0x00008000 count=2
R350_PROBE write reg=0x4600 value=0x00000008 count=6
R350_PROBE write reg=0x4604 value=0x00000001 count=6
R350_PROBE write reg=0x461c value=0x00400000 count=6
R350_PROBE write reg=0x46a4 value=0x00001b00 count=4
R350_PROBE write reg=0x46a8 value=0x0000000f count=4
R350_PROBE write reg=0x46ac value=0x0000000f count=4
R350_PROBE write reg=0x46b0 value=0x0000000f count=4
R350_PROBE write reg=0x4300 value=0x00000002 count=5
R350_PROBE write reg=0x4304 value=0x00000000 count=5
R350_PROBE write reg=0x4330 value=0x00000008 count=5
R350_PROBE write reg=0x4310 value=0x01610000 count=5
R350_PROBE write reg=0x4e28 value=0x00000000 count=5
R350_PROBE write reg=0x4e38 value=0x00d00400 count=5
R350_PROBE write reg=0x43d0 value=0x0000ffff count=5
R350_PROBE write reg=0x4e0c value=0x0000000f count=4
R350_PROBE write reg=0x4e18 value=0x00000000 count=2
R350_PROBE write reg=0x43e0 value=0x00000000 count=4
R350_PROBE write reg=0x43e4 value=0x0113e99f count=4
R350_PROBE write reg=0x4200 value=0x00000000 count=4
R350_PROBE write reg=0x4204 value=0x3f800000 count=4
R350_PROBE write reg=0x4208 value=0x3f800000 count=4
R350_PROBE write reg=0x420c value=0x00000000 count=4
R350_PROBE write reg=0x421c value=0x18001200 count=4
R350_PROBE read reg=0x0210 value=0x02900000 count=3
R350_PROBE read reg=0x0210 value=0x02f10000 count=4
R350_PROBE read reg=0x0210 value=0x000d0000 count=5
R350_PROBE read reg=0x0210 value=0x00250000 count=6
R350_PROBE read reg=0x0210 value=0x00530000 count=7
R350_PROBE read reg=0x0210 value=0x00570000 count=8
R350_PROBE read reg=0x0210 value=0x01b30000 count=16
R350_PROBE read reg=0x0210 value=0x02fd0000 count=32
R350_PROBE write reg=0x4f18 value=0x00000003 count=8
R350_PROBE write reg=0x4018 value=0x00000017 count=8
R350_PROBE write reg=0x4e00 value=0x00000000 count=6
R350_PROBE write reg=0x4f1c value=0x00000000 count=6
R350_PROBE write reg=0x43a4 value=0x00000000 count=6
R350_PROBE write reg=0x16ec value=0x00000000 count=5
R350_PROBE write reg=0x16f0 value=0x03000400 count=5
R350_PROBE write reg=0x16e0 value=0x10000000 count=3
R350_PROBE write reg=0x4e28 value=0x00000000 count=6
R350_PROBE write reg=0x4e38 value=0x00d00400 count=6
R350_PROBE write reg=0x3428 value=0x00020100 count=2
R350_PROBE write reg=0x43e0 value=0x00b405a0 count=5
R350_PROBE write reg=0x43e4 value=0x011409a0 count=5
R350_PROBE write reg=0x15e0 value=0x0000001e count=32
R350_PROBE write reg=0x2140 value=0x00000102 count=3
R350_PROBE write reg=0x221c value=0x0001c000 count=7
R350_PROBE write reg=0x20b0 value=0x00000000 count=5
R350_PROBE write reg=0x4008 value=0x00000000 count=5
R350_PROBE write reg=0x2090 value=0x00000001 count=6
R350_PROBE write reg=0x2094 value=0x00000004 count=8
R350_PROBE write reg=0x20b4 value=0x00000003 count=7
R350_PROBE write reg=0x2150 value=0x26000001 count=3
R350_PROBE write reg=0x21e0 value=0xfb24fb08 count=3
R350_PROBE write reg=0x4288 value=0x00000000 count=3
R350_PROBE write reg=0x4e04 value=0x00000000 count=5
R350_PROBE write reg=0x4278 value=0x00000005 count=5
R350_PROBE write reg=0x4e0c value=0x0000000f count=5
R350_PROBE write reg=0x42b8 value=0x00000000 count=5
R350_PROBE write reg=0x43a8 value=0x2da49525 count=3
R350_PROBE write reg=0x43e8 value=0x00ffffff count=8
R350_PROBE write reg=0x43d0 value=0x0000ffff count=6
R350_PROBE write reg=0x4f00 value=0x00000000 count=5
R350_PROBE write reg=0x4f04 value=0x00000000 count=5
R350_PROBE write reg=0x4300 value=0x00000004 count=6
R350_PROBE write reg=0x4304 value=0x00000000 count=6
R350_PROBE write reg=0x4330 value=0x00000008 count=6
R350_PROBE write reg=0x4310 value=0x00d10000 count=6
R350_PROBE write reg=0x48c0 value=0x00050a80 count=3
R350_PROBE write reg=0x46c0 value=0x1c000020 count=3
R350_PROBE write reg=0x47c0 value=0x01000020 count=3
R350_PROBE write reg=0x49c0 value=0x00040889 count=3
R350_PROBE write reg=0x4600 value=0x00000000 count=7
R350_PROBE write reg=0x4604 value=0x00000001 count=7
R350_PROBE write reg=0x461c value=0x00400000 count=7
R350_PROBE write reg=0x46a4 value=0x00001b01 count=5
R350_PROBE write reg=0x46a8 value=0x0000000f count=5
R350_PROBE write reg=0x46ac value=0x0000000f count=5
R350_PROBE write reg=0x46b0 value=0x0000000f count=5
R350_PROBE write reg=0x4bc0 value=0x00000000 count=5
R350_PROBE write reg=0x4bd4 value=0x00000000 count=8
R350_PROBE write reg=0x4e50 value=0x80000000 count=5
R350_PROBE read reg=0x0e40 value=0x00000040 count=4096
R350_PROBE read reg=0x1720 value=0x00000000 count=4096
R350_PROBE write reg=0x0770 value=0x00000000 count=3
R350_PROBE read reg=0x0704 value=0x0002000a count=4
R350_PROBE write reg=0x0704 value=0x0802000a count=6
R350_PROBE write reg=0x0744 value=0x00000000 count=3
R350_PROBE read reg=0x0744 value=0x00000000 count=2
R350_PROBE read reg=0x0704 value=0x0802000a count=5
R350_PROBE write reg=0x0704 value=0x8802000a count=7
R350_PROBE write reg=0x071c value=0x00000000 count=2
R350_PROBE write reg=0x0704 value=0x0802000a count=8
R350_PROBE write reg=0x0508 value=0x00000000 count=4
R350_PROBE write reg=0x0506 value=0x00000020 count=3
R350_PROBE write reg=0x0502 value=0x00000690 count=2
R350_PROBE write reg=0x0504 value=0x0000041a count=4
R350_PROBE write reg=0x050a value=0x00000000 count=5
R350_PROBE write reg=0x050c value=0x00000690 count=3
R350_PROBE write reg=0x050e value=0x00000834 count=4
R350_PROBE write reg=0x0510 value=0x00000000 count=3
R350_PROBE write reg=0x0512 value=0x00000000 count=4
R350_PROBE write reg=0x0508 value=0x00000061 count=6
R350_PROBE write reg=0x0740 value=0x00000000 count=3
R350_PROBE write reg=0x0744 value=0x00000000 count=4
R350_PROBE write reg=0x0170 value=0x00000000 count=2
R350_PROBE write reg=0x015c value=0x00000000 count=2
R350_PROBE write reg=0x0148 value=0xffff0000 count=3
R350_PROBE read reg=0x00f8 value=0x07c00000 count=4
R350_PROBE write reg=0x023c value=0x00000000 count=2
R350_PROBE write reg=0x033c value=0x00000000 count=2
R350_PROBE write reg=0x0148 value=0x07bf0000 count=4
R350_PROBE read reg=0x00f8 value=0x07c00000 count=5
R350_PROBE write reg=0x014c value=0x17ff1000 count=2
R350_PROBE write reg=0x0ab0 value=0x03316000 count=2
R350_PROBE write reg=0x0ab4 value=0x00000000 count=2
R350_PROBE write reg=0x01dc value=0x07c00000 count=2
R350_PROBE write reg=0x01e0 value=0x0fbfffff count=2
R350_PROBE read reg=0x01d0 value=0x00000001 count=2
R350_PROBE write reg=0x01d0 value=0x00000001 count=2
R350_PROBE write reg=0x0700 value=0x10020000 count=2
R350_PROBE write reg=0x15e4 value=0x00000000 count=3
R350_PROBE write reg=0x15e8 value=0x00000000 count=2
R350_PROBE write reg=0x15ec value=0x00000000 count=2
R350_PROBE write reg=0x15f0 value=0x00000000 count=2
R350_PROBE write reg=0x15f4 value=0x00000000 count=2
R350_PROBE write reg=0x15f8 value=0x00000000 count=2
R350_PROBE write reg=0x15fc value=0x00000000 count=2
R350_PROBE write reg=0x1fa8 value=0x00000000 count=2
R350_PROBE write reg=0x0774 value=0x07c24000 count=2
R350_PROBE write reg=0x0770 value=0x000000ff count=4
R350_PROBE read reg=0x0b00 value=0x00200001 count=2
R350_PROBE write reg=0x0b00 value=0x00200001 count=3
R350_PROBE read reg=0x0030 value=0x00000000 count=2
R350_PROBE write reg=0x0030 value=0x00000000 count=2
R350_PROBE read reg=0x1724 value=0x00000003 count=2
R350_PROBE write reg=0x1724 value=0x00000003 count=2
R350_PROBE read reg=0x1710 value=0x00000000 count=2
R350_PROBE write reg=0x1710 value=0x00020000 count=2
R350_PROBE read reg=0x0704 value=0x0802000a count=6
R350_PROBE read reg=0x0f5c value=0x1f000203 count=2
R350_PROBE write reg=0x07d4 value=0x00000000 count=2
R350_PROBE write reg=0x07dc value=0x00000000 count=512
R350_PROBE write reg=0x07e0 value=0x00000000 count=512
R350_PROBE write reg=0x0718 value=0x00000023 count=2
R350_PROBE read reg=0x0710 value=0x00000000 count=2
R350_PROBE write reg=0x070c value=0x07c00000 count=2
R350_PROBE write reg=0x0740 value=0x40000000 count=4
R350_PROBE read reg=0x00f8 value=0x07c00000 count=6
R350_PROBE read reg=0x0224 value=0x00000000 count=2
R350_PROBE read reg=0x16c4 value=0x00000006 count=2
R350_PROBE read reg=0x0050 value=0x03000600 count=2
R350_PROBE write reg=0x15d0 value=0x00000002 count=2
R350_PROBE write reg=0x16c4 value=0x00000006 count=2
R350_PROBE read reg=0x0228 value=0x00000000 count=3
R350_PROBE write reg=0x0b00 value=0x00200001 count=4
R350_PROBE write reg=0x16e0 value=0x5b000000 count=4
R350_PROBE read reg=0x0228 value=0x00000000 count=4
R350_PROBE read reg=0x0328 value=0x00000000 count=2
R350_PROBE write reg=0x15e4 value=0x00000001 count=4
R350_PROBE write reg=0x16e8 value=0x1fff1fff count=2
R350_PROBE write reg=0x16cc value=0xffffffff count=2
R350_PROBE write reg=0x2080 value=0x00240455 count=4
R350_PROBE write reg=0x43b0 value=0x00000000 count=5
R350_PROBE write reg=0x43b4 value=0x03ffffff count=5
R350_PROBE write reg=0x43b8 value=0x00000000 count=2
R350_PROBE write reg=0x43bc value=0x03ffffff count=2
R350_PROBE write reg=0x43c0 value=0x00000000 count=2
R350_PROBE write reg=0x43c4 value=0x03ffffff count=2
R350_PROBE write reg=0x43c8 value=0x00000000 count=2
R350_PROBE write reg=0x43cc value=0x03ffffff count=2
R350_PROBE write reg=0x43d0 value=0x0000ffff count=7
R350_PROBE write reg=0x4e00 value=0x00000000 count=7
R350_PROBE write reg=0x4f1c value=0x00000000 count=7
R350_PROBE write reg=0x43a4 value=0x00000000 count=7
R350_PROBE write reg=0x16ec value=0x00000000 count=6
R350_PROBE write reg=0x16f0 value=0x041a0690 count=6
R350_PROBE write reg=0x16e0 value=0x1b000000 count=5
R350_PROBE write reg=0x4e28 value=0x00000000 count=7
R350_PROBE write reg=0x4e38 value=0x00d006c0 count=7
R350_PROBE write reg=0x3428 value=0x00020100 count=3
R350_PROBE write reg=0x43e0 value=0x00b405a0 count=6
R350_PROBE write reg=0x43e4 value=0x01374c30 count=6
R350_PROBE write reg=0x4e00 value=0x00000000 count=8
R350_PROBE write reg=0x4f1c value=0x00000000 count=8
R350_PROBE write reg=0x43a4 value=0x00000000 count=8
R350_PROBE write reg=0x16ec value=0x00000000 count=7
R350_PROBE write reg=0x16f0 value=0x041a0690 count=7
R350_PROBE write reg=0x16e0 value=0x1b000000 count=6
R350_PROBE write reg=0x4e28 value=0x00000000 count=8
R350_PROBE write reg=0x4e38 value=0x00d006c0 count=8
R350_PROBE write reg=0x3428 value=0x00020100 count=4
R350_PROBE write reg=0x43e0 value=0x00b405a0 count=7
R350_PROBE write reg=0x43e4 value=0x01374c30 count=7
R350_PROBE write reg=0x4290 value=0x00000000 count=2
R350_PROBE write reg=0x4e50 value=0x00000005 count=6
R350_PROBE write reg=0x2140 value=0x00000002 count=4
R350_PROBE write reg=0x42b4 value=0x00000000 count=2
R350_PROBE write reg=0x42b8 value=0x00000000 count=6
R350_PROBE write reg=0x4288 value=0x00000000 count=4
R350_PROBE write reg=0x428c value=0x00000001 count=2
R350_PROBE write reg=0x4234 value=0x00020006 count=4
R350_PROBE write reg=0x4008 value=0x00000007 count=6
R350_PROBE write reg=0x4214 value=0x00050005 count=2
R350_PROBE write reg=0x4238 value=0x00000000 count=4
R350_PROBE write reg=0x4260 value=0x00000000 count=2
R350_PROBE write reg=0x4264 value=0x00000000 count=2
R350_PROBE write reg=0x4268 value=0x3f800000 count=4
R350_PROBE write reg=0x401c value=0x00000000 count=5
R350_PROBE write reg=0x4e88 value=0x00000000 count=2
R350_PROBE write reg=0x4274 value=0x00000002 count=2
R350_PROBE write reg=0x42a0 value=0x00000000 count=2
R350_PROBE write reg=0x46a4 value=0x00001b00 count=6
R350_PROBE write reg=0x46a8 value=0x0000000f count=6
R350_PROBE write reg=0x46ac value=0x0000000f count=6
R350_PROBE write reg=0x46b0 value=0x0000000f count=6
R350_PROBE write reg=0x4e14 value=0x00000000 count=5
R350_PROBE write reg=0x4294 value=0x00000000 count=4
R350_PROBE write reg=0x4298 value=0x00000000 count=4
R350_PROBE write reg=0x4278 value=0x0003aaaa count=6
R350_PROBE write reg=0x2184 value=0x00000005 count=5
R350_PROBE write reg=0x2090 value=0x00000003 count=7
R350_PROBE write reg=0x20b0 value=0x0000043f count=6
R350_PROBE write reg=0x20b4 value=0x0000000c count=8
R350_PROBE write reg=0x2180 value=0x00000000 count=7
R350_PROBE write reg=0x221c value=0x00000000 count=8
R350_PROBE write reg=0x2288 value=0x0000ffff count=2
R350_PROBE write reg=0x21dc value=0xaaaaaaaa count=2
R350_PROBE write reg=0x2134 value=0x00ffffff count=2
R350_PROBE write reg=0x2138 value=0x00000000 count=2
R350_PROBE write reg=0x43a8 value=0x2da49525 count=4
R350_PROBE write reg=0x2150 value=0x00000000 count=4
R350_PROBE write reg=0x21e0 value=0x00000000 count=4
R350_PROBE write reg=0x1d98 value=0x44000000 count=4
R350_PROBE write reg=0x1d9c value=0x44000000 count=4
R350_PROBE write reg=0x1da0 value=0xc3c00000 count=4
R350_PROBE write reg=0x1da4 value=0x43c00000 count=4
R350_PROBE write reg=0x1da8 value=0x3f000000 count=4
R350_PROBE write reg=0x1dac value=0x3f000000 count=4
R350_PROBE write reg=0x2220 value=0x3f800000 count=4
R350_PROBE write reg=0x2224 value=0x3f800000 count=4
R350_PROBE write reg=0x2228 value=0x3f800000 count=4
R350_PROBE write reg=0x222c value=0x3f800000 count=4
R350_PROBE write reg=0x4230 value=0x01800006 count=4
R350_PROBE write reg=0x421c value=0x00060006 count=5
R350_PROBE write reg=0x4200 value=0x00000000 count=5
R350_PROBE write reg=0x4204 value=0x00000000 count=5
R350_PROBE write reg=0x4208 value=0x3f800000 count=5
R350_PROBE write reg=0x420c value=0x3f800000 count=5
R350_PROBE write reg=0x4e18 value=0x00000000 count=3
R350_PROBE write reg=0x4e0c value=0x0000000f count=6
R350_PROBE write reg=0x43e0 value=0x00b405a0 count=8
R350_PROBE write reg=0x43e4 value=0x0113e99f count=8
R350_PROBE write reg=0x4bd8 value=0x00000000 count=2
R350_PROBE write reg=0x4bc8 value=0x00000000 count=4
R350_PROBE write reg=0x4bcc value=0x00000000 count=4
R350_PROBE write reg=0x4bd0 value=0x00000000 count=4
R350_PROBE write reg=0x401c value=0x00000000 count=6
R350_PROBE write reg=0x4bc0 value=0x00000000 count=6
R350_PROBE write reg=0x427c value=0x00000000 count=2
R350_PROBE write reg=0x4280 value=0x00000000 count=2
R350_PROBE write reg=0x4e04 value=0x20220000 count=6
R350_PROBE write reg=0x4e08 value=0x00000000 count=4
R350_PROBE write reg=0x4e10 value=0x00000000 count=4
R350_PROBE write reg=0x4f14 value=0x00000000 count=5
R350_PROBE write reg=0x4f00 value=0x00000010 count=6
R350_PROBE write reg=0x4f04 value=0x00000000 count=6
R350_PROBE write reg=0x42c0 value=0x4b7fffff count=4
R350_PROBE write reg=0x42c4 value=0x00000000 count=4
R350_PROBE write reg=0x4c10 value=0x00000000 count=2
R350_PROBE write reg=0x4c14 value=0x00000000 count=2
R350_PROBE write reg=0x4c18 value=0x00000000 count=2
R350_PROBE write reg=0x4c1c value=0x00000000 count=2
R350_PROBE write reg=0x4c20 value=0x00000000 count=2
R350_PROBE write reg=0x4c24 value=0x00000000 count=2
R350_PROBE write reg=0x4c28 value=0x00000000 count=2
R350_PROBE write reg=0x4c2c value=0x00000000 count=2
R350_PROBE write reg=0x4c30 value=0x00000000 count=2
R350_PROBE write reg=0x4c34 value=0x00000000 count=2
R350_PROBE write reg=0x4c38 value=0x00000000 count=2
R350_PROBE write reg=0x4c3c value=0x00000000 count=2
R350_PROBE write reg=0x4c40 value=0x00000000 count=2
R350_PROBE write reg=0x4c44 value=0x00000000 count=2
R350_PROBE write reg=0x4c48 value=0x00000000 count=2
R350_PROBE write reg=0x4c4c value=0x00000000 count=2
R350_PROBE write reg=0x4c50 value=0x00000000 count=2
R350_PROBE write reg=0x4c54 value=0x00000000 count=2
R350_PROBE write reg=0x4c58 value=0x00000000 count=2
R350_PROBE write reg=0x4c5c value=0x00000000 count=2
R350_PROBE write reg=0x4c60 value=0x00000000 count=2
R350_PROBE write reg=0x4c64 value=0x00000000 count=2
R350_PROBE write reg=0x4c68 value=0x00000000 count=2
R350_PROBE write reg=0x4c6c value=0x00000000 count=2
R350_PROBE write reg=0x4c70 value=0x00000000 count=2
R350_PROBE write reg=0x4c74 value=0x00000000 count=2
R350_PROBE write reg=0x4c78 value=0x00000000 count=2
R350_PROBE write reg=0x4c7c value=0x00000000 count=2
R350_PROBE write reg=0x4600 value=0x00000000 count=8
R350_PROBE write reg=0x4604 value=0x00000000 count=8
R350_PROBE write reg=0x46b4 value=0x00000001 count=6
R350_PROBE write reg=0x4610 value=0x00000000 count=6
R350_PROBE write reg=0x4614 value=0x00000000 count=6
R350_PROBE write reg=0x4618 value=0x00000000 count=6
R350_PROBE write reg=0x461c value=0x00400000 count=8
R350_PROBE write reg=0x4300 value=0x00040080 count=7
R350_PROBE write reg=0x4304 value=0x00000000 count=7
R350_PROBE write reg=0x4330 value=0x00004000 count=7
R350_PROBE write reg=0x4310 value=0x00d10000 count=7
R350_PROBE write reg=0x4314 value=0x00d10040 count=5
R350_PROBE write reg=0x4318 value=0x00d10080 count=5
R350_PROBE write reg=0x431c value=0x00d100c0 count=5
R350_PROBE write reg=0x4320 value=0x00d10000 count=5
R350_PROBE write reg=0x4324 value=0x00d10000 count=5
R350_PROBE write reg=0x4328 value=0x00d10000 count=5
R350_PROBE write reg=0x432c value=0x00d10000 count=5
R350_PROBE write reg=0x48c0 value=0x00050a80 count=4
R350_PROBE write reg=0x48c4 value=0x00050a80 count=2
R350_PROBE write reg=0x48c8 value=0x40050200 count=2
R350_PROBE write reg=0x48cc value=0x00050a80 count=2
R350_PROBE write reg=0x46c0 value=0x1c020800 count=4
R350_PROBE write reg=0x46c4 value=0x1c020800 count=2
R350_PROBE write reg=0x46c8 value=0x1c020040 count=2
R350_PROBE write reg=0x46cc value=0x1c020800 count=2
R350_PROBE write reg=0x49c0 value=0x00040889 count=4
R350_PROBE write reg=0x49c4 value=0x00040889 count=2
R350_PROBE write reg=0x49c8 value=0x40040509 count=2
R350_PROBE write reg=0x49cc value=0x00040889 count=2
R350_PROBE write reg=0x47c0 value=0x01020800 count=4
R350_PROBE write reg=0x47c4 value=0x01020800 count=2
R350_PROBE write reg=0x47c8 value=0x01020800 count=2
R350_PROBE write reg=0x47cc value=0x01020800 count=2
R350_PROBE write reg=0x4620 value=0x00018041 count=3
R350_PROBE write reg=0x2208 value=0x00d10005 count=512
R350_PROBE write reg=0x22d0 value=0x08420c80 count=5
R350_PROBE write reg=0x22d4 value=0x00040080 count=5
R350_PROBE write reg=0x22d8 value=0x00000084 count=5
R350_PROBE write reg=0x22dc value=0x00000000 count=5
R350_PROBE write reg=0x2080 value=0x0030045a count=5
R350_PROBE write reg=0x142c value=0x5b001bd8 count=16
R350_PROBE write reg=0x4e2c value=0x00000000 count=4
R350_PROBE write reg=0x4e30 value=0x00000000 count=4
R350_PROBE write reg=0x4e34 value=0x00000000 count=4
R350_PROBE write reg=0x4e3c value=0x00000000 count=4
R350_PROBE write reg=0x4e40 value=0x00000000 count=4
R350_PROBE write reg=0x4e44 value=0x00000000 count=4
R350_PROBE write reg=0x4e14 value=0x00000000 count=6
R350_PROBE write reg=0x4e54 value=0x00000001 count=4
R350_PROBE write reg=0x4e64 value=0x000006c0 count=4
R350_PROBE write reg=0x4f20 value=0x00000000 count=4
R350_PROBE write reg=0x4f24 value=0x00000000 count=4
R350_PROBE write reg=0x4f60 value=0x00000000 count=4
R350_PROBE write reg=0x4f10 value=0x00000000 count=4
R350_PROBE write reg=0x4f28 value=0x00000000 count=4
R350_PROBE write reg=0x4f30 value=0x00000000 count=4
R350_PROBE write reg=0x4f34 value=0x00000000 count=4
R350_PROBE write reg=0x4f44 value=0x00000000 count=4
R350_PROBE write reg=0x4f54 value=0x00000000 count=4
R350_PROBE write reg=0x43b0 value=0x00b405a0 count=6
R350_PROBE write reg=0x43b4 value=0x01374c30 count=6
R350_PROBE write reg=0x43d0 value=0x0000aaaa count=8
R350_PROBE write reg=0x16ec value=0x00000000 count=8
R350_PROBE write reg=0x16f0 value=0x041a0690 count=8
R350_PROBE write reg=0x20c8 value=0x00000000 count=2
R350_PROBE write reg=0x20cc value=0x00000000 count=2
R350_PROBE write reg=0x20d4 value=0x00000000 count=2
R350_PROBE write reg=0x20d8 value=0x00000000 count=2
R350_PROBE write reg=0x20e0 value=0x00000000 count=2
R350_PROBE write reg=0x20e4 value=0x00000000 count=2
R350_PROBE write reg=0x20ec value=0x00000000 count=2
R350_PROBE write reg=0x20f0 value=0x00000000 count=2
R350_PROBE write reg=0x20f8 value=0x00000000 count=2
R350_PROBE write reg=0x20fc value=0x00000000 count=2
R350_PROBE write reg=0x2104 value=0x00000000 count=2
R350_PROBE write reg=0x2108 value=0x00000000 count=2
R350_PROBE write reg=0x2110 value=0x00000000 count=2
R350_PROBE write reg=0x2114 value=0x00000000 count=2
R350_PROBE write reg=0x211c value=0x00000000 count=2
R350_PROBE write reg=0x2120 value=0x00000000 count=2
R350_PROBE write reg=0x20b0 value=0x0000043f count=7
R350_PROBE write reg=0x2180 value=0x00000000 count=8
R350_PROBE write reg=0x4bc8 value=0x00000000 count=5
R350_PROBE write reg=0x4bcc value=0x00000000 count=5
R350_PROBE write reg=0x4bd0 value=0x00000000 count=5
R350_PROBE write reg=0x4bc0 value=0x00000000 count=7
R350_PROBE write reg=0x4294 value=0x00000000 count=5
R350_PROBE write reg=0x4298 value=0x00000000 count=5
R350_PROBE write reg=0x401c value=0x00000000 count=7
R350_PROBE write reg=0x4e04 value=0x20220000 count=7
R350_PROBE write reg=0x4e08 value=0x00000000 count=5
R350_PROBE write reg=0x4e10 value=0x00000000 count=5
R350_PROBE write reg=0x4e50 value=0x00000005 count=7
R350_PROBE write reg=0x4f00 value=0x00000010 count=7
R350_PROBE write reg=0x4f04 value=0x00000000 count=7
R350_PROBE write reg=0x4f08 value=0x00ffff00 count=3
R350_PROBE write reg=0x421c value=0x00060006 count=6
R350_PROBE write reg=0x4200 value=0x00000000 count=6
R350_PROBE write reg=0x4204 value=0x00000000 count=6
R350_PROBE write reg=0x4208 value=0x3f800000 count=6
R350_PROBE write reg=0x420c value=0x3f800000 count=6
R350_PROBE write reg=0x4230 value=0x01800006 count=5
R350_PROBE write reg=0x4234 value=0x00020006 count=5
R350_PROBE write reg=0x4238 value=0x00000000 count=5
R350_PROBE write reg=0x4268 value=0x3f800000 count=5
R350_PROBE write reg=0x4e0c value=0x0000000f count=7
R350_PROBE write reg=0x4278 value=0x0003aaaa count=7
R350_PROBE write reg=0x46a4 value=0x00001b00 count=7
R350_PROBE write reg=0x46a8 value=0x0000000f count=7
R350_PROBE write reg=0x46ac value=0x0000000f count=7
R350_PROBE write reg=0x46b0 value=0x0000000f count=7
R350_PROBE write reg=0x42c4 value=0x00000000 count=5
R350_PROBE write reg=0x42c0 value=0x4b7fffff count=5
R350_PROBE write reg=0x42b8 value=0x00000000 count=7
R350_PROBE write reg=0x1d98 value=0x44000000 count=5
R350_PROBE write reg=0x1d9c value=0x44000000 count=5
R350_PROBE write reg=0x1da0 value=0xc3c00000 count=5
R350_PROBE write reg=0x1da4 value=0x44268000 count=5
R350_PROBE write reg=0x1da8 value=0x3f000000 count=5
R350_PROBE write reg=0x1dac value=0x3f000000 count=5
R350_PROBE write reg=0x2220 value=0x3f800000 count=5
R350_PROBE write reg=0x2224 value=0x3f800000 count=5
R350_PROBE write reg=0x2228 value=0x3f800000 count=5
R350_PROBE write reg=0x222c value=0x3f800000 count=5
R350_PROBE write reg=0x4008 value=0x00000007 count=7
R350_PROBE write reg=0x4e2c value=0x00000000 count=5
R350_PROBE write reg=0x4e30 value=0x00000000 count=5
R350_PROBE write reg=0x4e34 value=0x00000000 count=5
R350_PROBE write reg=0x4e3c value=0x00000000 count=5
R350_PROBE write reg=0x4e40 value=0x00000000 count=5
R350_PROBE write reg=0x4e44 value=0x00000000 count=5
R350_PROBE write reg=0x4e14 value=0x00000000 count=7
R350_PROBE write reg=0x4e54 value=0x00000001 count=5
R350_PROBE write reg=0x4e64 value=0x000006c0 count=5
R350_PROBE write reg=0x4f20 value=0x00000000 count=5
R350_PROBE write reg=0x4f24 value=0x00000000 count=5
R350_PROBE write reg=0x4f60 value=0x00000000 count=5
R350_PROBE write reg=0x4f10 value=0x00000000 count=5
R350_PROBE write reg=0x4f28 value=0x00000000 count=5
R350_PROBE write reg=0x4f30 value=0x00000000 count=5
R350_PROBE write reg=0x4f34 value=0x00000000 count=5
R350_PROBE write reg=0x4f44 value=0x00000000 count=5
R350_PROBE write reg=0x4f54 value=0x00000000 count=5
R350_PROBE write reg=0x43b0 value=0x00b405a0 count=7
R350_PROBE write reg=0x43b4 value=0x01374c30 count=7
R350_PROBE write reg=0x20b0 value=0x0000043f count=8
R350_PROBE write reg=0x4100 value=0x00000000 count=32
R350_PROBE write reg=0x48d0 value=0x40050200 count=1
R350_PROBE write reg=0x46d0 value=0x1c020040 count=1
R350_PROBE write reg=0x49d0 value=0x40040509 count=1
R350_PROBE write reg=0x47d0 value=0x01020800 count=1
R350_PROBE write reg=0x4624 value=0x00018041 count=1
R350_PROBE write reg=0x4e04 value=0x20220000 count=8
R350_PROBE write reg=0x4e08 value=0x00000000 count=6
R350_PROBE write reg=0x4e10 value=0x00000000 count=6
R350_PROBE write reg=0x4e50 value=0x00000005 count=8
R350_PROBE write reg=0x4f14 value=0x00000001 count=6
R350_PROBE write reg=0x4f00 value=0x00000010 count=8
R350_PROBE write reg=0x4f04 value=0x00000000 count=8
R350_PROBE write reg=0x4234 value=0x00020006 count=6
R350_PROBE write reg=0x4238 value=0x00000000 count=6
R350_PROBE write reg=0x4268 value=0x3f800000 count=6
R350_PROBE write reg=0x4e0c value=0x0000000f count=8
R350_PROBE write reg=0x4278 value=0x0003aaaa count=8
R350_PROBE write reg=0x46a4 value=0x00001b00 count=8
R350_PROBE write reg=0x46a8 value=0x0000000f count=8
R350_PROBE write reg=0x46ac value=0x0000000f count=8
R350_PROBE write reg=0x46b0 value=0x0000000f count=8
R350_PROBE write reg=0x42c4 value=0x00000000 count=6
R350_PROBE write reg=0x42c0 value=0x4b7fffff count=6
R350_PROBE write reg=0x42b8 value=0x00000000 count=8
R350_PROBE write reg=0x4010 value=0x66666666 count=16
R350_PROBE write reg=0x4014 value=0x06666666 count=16
R350_PROBE write reg=0x1d98 value=0x44520000 count=6
R350_PROBE write reg=0x1d9c value=0x44520000 count=6
R350_PROBE write reg=0x1da0 value=0xc4034000 count=6
R350_PROBE write reg=0x1da4 value=0x44034000 count=6
R350_PROBE write reg=0x1da8 value=0x3f000000 count=6
R350_PROBE write reg=0x1dac value=0x3f000000 count=6
R350_PROBE write reg=0x2220 value=0x3f800000 count=6
R350_PROBE write reg=0x2224 value=0x3f800000 count=6
R350_PROBE write reg=0x2228 value=0x3f800000 count=6
R350_PROBE write reg=0x222c value=0x3f800000 count=6
R350_PROBE write reg=0x2184 value=0x00000405 count=6
R350_PROBE write reg=0x2090 value=0x00000003 count=8
R350_PROBE write reg=0x46b4 value=0x00000001 count=7
R350_PROBE write reg=0x4610 value=0x00000000 count=7
R350_PROBE write reg=0x4614 value=0x00000000 count=7
R350_PROBE write reg=0x4618 value=0x00000000 count=7
R350_PROBE write reg=0x4300 value=0x00040084 count=8
R350_PROBE write reg=0x4304 value=0x00000000 count=8
R350_PROBE write reg=0x4330 value=0x00004048 count=8
R350_PROBE write reg=0x4310 value=0x00d10000 count=8
R350_PROBE write reg=0x4314 value=0x00d10044 count=6
R350_PROBE write reg=0x4318 value=0x00d10084 count=6
R350_PROBE write reg=0x431c value=0x00d100c4 count=6
R350_PROBE write reg=0x4320 value=0x00d10004 count=6
R350_PROBE write reg=0x4324 value=0x00d10004 count=6
R350_PROBE write reg=0x4328 value=0x00d10004 count=6
R350_PROBE write reg=0x432c value=0x00d10004 count=6
R350_PROBE write reg=0x22d0 value=0x08820c80 count=6
R350_PROBE write reg=0x22d4 value=0x00080080 count=6
R350_PROBE write reg=0x22d8 value=0x00000088 count=6
R350_PROBE write reg=0x22dc value=0x00000000 count=6
R350_PROBE write reg=0x4e2c value=0x00000000 count=6
R350_PROBE write reg=0x4e30 value=0x00000000 count=6
R350_PROBE write reg=0x4e34 value=0x00000000 count=6
R350_PROBE write reg=0x4e3c value=0x00000000 count=6
R350_PROBE write reg=0x4e40 value=0x00000000 count=6
R350_PROBE write reg=0x4e44 value=0x00000000 count=6
R350_PROBE write reg=0x4e14 value=0x00000000 count=8
R350_PROBE write reg=0x4e54 value=0x00000001 count=6
R350_PROBE write reg=0x4e64 value=0x000006c0 count=6
R350_PROBE write reg=0x4f20 value=0x00000000 count=6
R350_PROBE write reg=0x4f24 value=0x00000000 count=6
R350_PROBE write reg=0x4f60 value=0x00000000 count=6
R350_PROBE write reg=0x4f10 value=0x00000000 count=6
R350_PROBE write reg=0x4f28 value=0x00000000 count=6
R350_PROBE write reg=0x4f30 value=0x00000000 count=6
R350_PROBE write reg=0x4f34 value=0x00000000 count=6
R350_PROBE write reg=0x4f44 value=0x00000000 count=6
R350_PROBE write reg=0x4f54 value=0x00000000 count=6
R350_PROBE write reg=0x43b0 value=0x00b405a0 count=8
R350_PROBE write reg=0x43b4 value=0x01374c30 count=8
R350_PROBE write reg=0x2150 value=0x01030003 count=5
R350_PROBE write reg=0x2154 value=0x00002203 count=2
R350_PROBE write reg=0x21e0 value=0xf688f688 count=5
R350_PROBE write reg=0x21e4 value=0x0000f688 count=2
R350_PROBE write reg=0x15d4 value=0x00000002 count=16
R350_PROBE unsupported_3d_draw count=16; R200 renderer deliberately not used
R350_PROBE write reg=0x4400 value=0x00000a12 count=16
R350_PROBE write reg=0x4440 value=0x00001fe8 count=16
R350_PROBE write reg=0x4480 value=0x8007f8ff count=16
R350_PROBE write reg=0x44c0 value=0x0000aa0c count=16
R350_PROBE write reg=0x4500 value=0x000000ff count=16
R350_PROBE write reg=0x4540 value=0x00e6c000 count=16
R350_PROBE write reg=0x45c0 value=0x00000000 count=16
R350_PROBE write reg=0x4580 value=0x00000000 count=16
R350_PROBE write reg=0x2284 value=0x00000000 count=32
R350_PROBE write reg=0x4e4c value=0x00000000 count=64
R350_PROBE write reg=0x0714 value=0x000001e0 count=256
R350_PROBE write reg=0x146c value=0x42cc36f3 count=16
R350_PROBE write reg=0x15ac value=0x1037b000 count=16
R350_PROBE write reg=0x15b0 value=0x00001c00 count=16
R350_PROBE write reg=0x1404 value=0x00eac000 count=16
R350_PROBE write reg=0x1408 value=0x00000400 count=16
R350_PROBE write reg=0x1704 value=0x00000000 count=16
R350_PROBE write reg=0x1700 value=0x00000000 count=16
R350_PROBE write reg=0x1434 value=0x00000000 count=16
R350_PROBE write reg=0x1438 value=0x00000000 count=16
R350_PROBE write reg=0x143c value=0x01000100 count=16
R350_PROBE write reg=0x1720 value=0x00010000 count=64
R350_PROBE write reg=0x2200 value=0x00000280 count=32
R350_PROBE write reg=0x0738 value=0x10000020 count=512
R350_PROBE write reg=0x073c value=0x00000008 count=512
R350_PROBE write reg=0x342c value=0x00000005 count=32
R350_PROBE write reg=0x4c00 value=0x003f0000 count=32
R350_PROBE write reg=0x4c04 value=0x003f0000 count=32
R350_PROBE write reg=0x4c08 value=0x003f0000 count=32
R350_PROBE write reg=0x4c0c value=0x003f0000 count=32
R350_PROBE write reg=0x4104 value=0x00000001 count=32
R350_PROBE write reg=0x142c value=0x5b001bd8 count=32
R350_PROBE write reg=0x15e0 value=0x0000003c count=64
R350_PROBE write reg=0x2208 value=0xbf800000 count=1024
R350_PROBE write reg=0x4100 value=0x00000000 count=64
R350_PROBE write reg=0x15d4 value=0x00000002 count=32
R350_PROBE unsupported_3d_draw count=32; R200 renderer deliberately not used
R350_PROBE write reg=0x4400 value=0x00000a12 count=32
R350_PROBE write reg=0x4440 value=0x00001fe8 count=32
R350_PROBE write reg=0x4480 value=0x8007f8ff count=32
R350_PROBE write reg=0x44c0 value=0x0000aa0c count=32
R350_PROBE write reg=0x4500 value=0x000000ff count=32
R350_PROBE write reg=0x4540 value=0x0126c000 count=32
R350_PROBE write reg=0x45c0 value=0x00000000 count=32
R350_PROBE write reg=0x4580 value=0x00000000 count=32
R350_PROBE write reg=0x146c value=0x42cc36f3 count=32
R350_PROBE write reg=0x15ac value=0x108bac00 count=32
R350_PROBE write reg=0x15b0 value=0x00001c00 count=32
R350_PROBE write reg=0x1404 value=0x012ac000 count=32
R350_PROBE write reg=0x1408 value=0x00000400 count=32
R350_PROBE write reg=0x1704 value=0x00000000 count=32
R350_PROBE write reg=0x1700 value=0x00000000 count=32
R350_PROBE write reg=0x1434 value=0x00000000 count=32
R350_PROBE write reg=0x1438 value=0x00000000 count=32
R350_PROBE write reg=0x143c value=0x01000100 count=32
R350_PROBE write reg=0x4f14 value=0x00000000 count=7
R350_PROBE write reg=0x2184 value=0x00000005 count=7
R350_PROBE write reg=0x46b4 value=0x00000001 count=8
R350_PROBE write reg=0x4610 value=0x00000000 count=8
R350_PROBE write reg=0x4614 value=0x00000000 count=8
R350_PROBE write reg=0x4618 value=0x00000000 count=8
R350_PROBE write reg=0x4314 value=0x00d10040 count=7
R350_PROBE write reg=0x4318 value=0x00d10080 count=7
R350_PROBE write reg=0x431c value=0x00d100c0 count=7
R350_PROBE write reg=0x4320 value=0x00d10000 count=7
R350_PROBE write reg=0x4324 value=0x00d10000 count=7
R350_PROBE write reg=0x4328 value=0x00d10000 count=7
R350_PROBE write reg=0x432c value=0x00d10000 count=7
R350_PROBE write reg=0x22d0 value=0x08420c80 count=7
R350_PROBE write reg=0x22d4 value=0x00040080 count=7
R350_PROBE write reg=0x22d8 value=0x00000084 count=7
R350_PROBE write reg=0x22dc value=0x00000000 count=7
R350_PROBE write reg=0x0218 value=0x4000041a count=2
R350_PROBE write reg=0x4f18 value=0x00000003 count=16
R350_PROBE write reg=0x43a8 value=0x2da49525 count=5
R350_PROBE write reg=0x4020 value=0x00000000 count=16
R350_PROBE write reg=0x2140 value=0x00000102 count=5
R350_PROBE write reg=0x4008 value=0x00010001 count=8
R350_PROBE write reg=0x2150 value=0x26000001 count=6
R350_PROBE write reg=0x21e0 value=0xfb24fb08 count=6
R350_PROBE write reg=0x4bc0 value=0x00000000 count=8
R350_PROBE write reg=0x4288 value=0x00000000 count=5
R350_PROBE write reg=0x48c0 value=0x00050a80 count=5
R350_PROBE write reg=0x46c0 value=0x1c000000 count=5
R350_PROBE write reg=0x47c0 value=0x01000000 count=5
R350_PROBE write reg=0x49c0 value=0x00040889 count=5
R350_PROBE write reg=0x4620 value=0x00008000 count=4
R350_PROBE write reg=0x4608 value=0x00040040 count=16
R350_PROBE write reg=0x4e18 value=0x00000000 count=4
R350_PROBE write reg=0x4200 value=0x3f1c09c1 count=7
R350_PROBE write reg=0x4204 value=0x3f3b3ee7 count=7
R350_PROBE write reg=0x4208 value=0x3f800000 count=7
R350_PROBE write reg=0x420c value=0x00000000 count=7
R350_PROBE write reg=0x421c value=0x0f601200 count=7
R350_PROBE write reg=0x4200 value=0x00000000 count=8
R350_PROBE write reg=0x4204 value=0x3f800000 count=8
R350_PROBE write reg=0x4208 value=0x3f800000 count=8
R350_PROBE write reg=0x420c value=0x3f3b3ee7 count=8
R350_PROBE write reg=0x421c value=0x2760069c count=8
R350_PROBE write reg=0x16e0 value=0x1b000000 count=7
R350_PROBE write reg=0x3428 value=0x00020100 count=5
R350_PROBE write reg=0x2140 value=0x00000102 count=6
R350_PROBE write reg=0x2150 value=0x26000001 count=7
R350_PROBE write reg=0x21e0 value=0xfb24fb08 count=7
R350_PROBE write reg=0x4288 value=0x00000000 count=6
R350_PROBE write reg=0x43a8 value=0x2da49525 count=6
R350_PROBE write reg=0x48c0 value=0x00050a80 count=6
R350_PROBE write reg=0x46c0 value=0x1c000020 count=6
R350_PROBE write reg=0x47c0 value=0x01000020 count=6
R350_PROBE write reg=0x49c0 value=0x00040889 count=6
R350_PROBE write reg=0x4e4c value=0x0000000a count=128
R350_PROBE write reg=0x2140 value=0x00000102 count=7
R350_PROBE write reg=0x2150 value=0x26000001 count=8
R350_PROBE write reg=0x21e0 value=0xfb24fb08 count=8
R350_PROBE write reg=0x4288 value=0x00000000 count=7
R350_PROBE write reg=0x43a8 value=0x2da49525 count=7
R350_PROBE write reg=0x48c0 value=0x00050a80 count=7
R350_PROBE write reg=0x46c0 value=0x1c000020 count=7
R350_PROBE write reg=0x47c0 value=0x01000020 count=7
R350_PROBE write reg=0x49c0 value=0x00040889 count=7
R350_PROBE write reg=0x4290 value=0x00000000 count=3
R350_PROBE write reg=0x2140 value=0x00000002 count=8
R350_PROBE write reg=0x42b4 value=0x00000000 count=3
R350_PROBE write reg=0x4288 value=0x00000000 count=8
R350_PROBE write reg=0x428c value=0x00000001 count=3
R350_PROBE write reg=0x4234 value=0x00020006 count=7
R350_PROBE write reg=0x4214 value=0x00050005 count=3
R350_PROBE write reg=0x4238 value=0x00000000 count=7
R350_PROBE write reg=0x4260 value=0x00000000 count=3
R350_PROBE write reg=0x4264 value=0x00000000 count=3
R350_PROBE write reg=0x4268 value=0x3f800000 count=7
R350_PROBE write reg=0x401c value=0x00000000 count=8
R350_PROBE write reg=0x43e8 value=0x00ffffff count=16
R350_PROBE write reg=0x4e88 value=0x00000000 count=3
R350_PROBE write reg=0x4274 value=0x00000002 count=3
R350_PROBE write reg=0x42a0 value=0x00000000 count=3
R350_PROBE write reg=0x4294 value=0x00000000 count=6
R350_PROBE write reg=0x4298 value=0x00000000 count=6
R350_PROBE write reg=0x2184 value=0x00000005 count=8
R350_PROBE write reg=0x2094 value=0x00000000 count=16
R350_PROBE write reg=0x221c value=0x00000000 count=16
R350_PROBE write reg=0x2288 value=0x0000ffff count=3
R350_PROBE write reg=0x21dc value=0xaaaaaaaa count=3
R350_PROBE write reg=0x2134 value=0x00ffffff count=3
R350_PROBE write reg=0x2138 value=0x00000000 count=3
R350_PROBE write reg=0x1720 value=0x00008000 count=128
R350_PROBE write reg=0x43a8 value=0x2da49525 count=8
R350_PROBE write reg=0x1d98 value=0x44520000 count=7
R350_PROBE write reg=0x1d9c value=0x44520000 count=7
R350_PROBE write reg=0x1da0 value=0xc4034000 count=7
R350_PROBE write reg=0x1da4 value=0x44034000 count=7
R350_PROBE write reg=0x1da8 value=0x3f000000 count=7
R350_PROBE write reg=0x1dac value=0x3f000000 count=7
R350_PROBE write reg=0x2220 value=0x3f800000 count=7
R350_PROBE write reg=0x2224 value=0x3f800000 count=7
R350_PROBE write reg=0x2228 value=0x3f800000 count=7
R350_PROBE write reg=0x222c value=0x3f800000 count=7
R350_PROBE write reg=0x4230 value=0x01800006 count=6
R350_PROBE write reg=0x4e18 value=0x00000000 count=5
R350_PROBE write reg=0x4bd4 value=0x00000c00 count=16
R350_PROBE write reg=0x4bd8 value=0x00000000 count=3
R350_PROBE write reg=0x4bc8 value=0x00000000 count=6
R350_PROBE write reg=0x4bcc value=0x00000000 count=6
R350_PROBE write reg=0x4bd0 value=0x00000000 count=6
R350_PROBE write reg=0x427c value=0x00000000 count=3
R350_PROBE write reg=0x4280 value=0x00000000 count=3
R350_PROBE write reg=0x4e08 value=0x00000000 count=7
R350_PROBE write reg=0x4e10 value=0x00000000 count=7
R350_PROBE write reg=0x4f14 value=0x00000000 count=8
R350_PROBE write reg=0x42c0 value=0x4b7fffff count=7
R350_PROBE write reg=0x42c4 value=0x00000000 count=7
R350_PROBE write reg=0x4c10 value=0x00000000 count=3
R350_PROBE write reg=0x4c14 value=0x00000000 count=3
R350_PROBE write reg=0x4c18 value=0x00000000 count=3
R350_PROBE write reg=0x4c1c value=0x00000000 count=3
R350_PROBE write reg=0x4c20 value=0x00000000 count=3
R350_PROBE write reg=0x4c24 value=0x00000000 count=3
R350_PROBE write reg=0x4c28 value=0x00000000 count=3
R350_PROBE write reg=0x4c2c value=0x00000000 count=3
R350_PROBE write reg=0x4c30 value=0x00000000 count=3
R350_PROBE write reg=0x4c34 value=0x00000000 count=3
R350_PROBE write reg=0x4c38 value=0x00000000 count=3
R350_PROBE write reg=0x4c3c value=0x00000000 count=3
R350_PROBE write reg=0x4c40 value=0x00000000 count=3
R350_PROBE write reg=0x4c44 value=0x00000000 count=3
R350_PROBE write reg=0x4c48 value=0x00000000 count=3
R350_PROBE write reg=0x4c4c value=0x00000000 count=3
R350_PROBE write reg=0x4c50 value=0x00000000 count=3
R350_PROBE write reg=0x4c54 value=0x00000000 count=3
R350_PROBE write reg=0x4c58 value=0x00000000 count=3
R350_PROBE write reg=0x4c5c value=0x00000000 count=3
R350_PROBE write reg=0x4c60 value=0x00000000 count=3
R350_PROBE write reg=0x4c64 value=0x00000000 count=3
R350_PROBE write reg=0x4c68 value=0x00000000 count=3
R350_PROBE write reg=0x4c6c value=0x00000000 count=3
R350_PROBE write reg=0x4c70 value=0x00000000 count=3
R350_PROBE write reg=0x4c74 value=0x00000000 count=3
R350_PROBE write reg=0x4c78 value=0x00000000 count=3
R350_PROBE write reg=0x4c7c value=0x00000000 count=3
R350_PROBE write reg=0x4314 value=0x00d10040 count=8
R350_PROBE write reg=0x4318 value=0x00d10080 count=8
R350_PROBE write reg=0x431c value=0x00d100c0 count=8
R350_PROBE write reg=0x4320 value=0x00d10000 count=8
R350_PROBE write reg=0x4324 value=0x00d10000 count=8
R350_PROBE write reg=0x4328 value=0x00d10000 count=8
R350_PROBE write reg=0x432c value=0x00d10000 count=8
R350_PROBE write reg=0x48c0 value=0x00050a80 count=8
R350_PROBE write reg=0x48c4 value=0x00050a80 count=3
R350_PROBE write reg=0x48c8 value=0x40050200 count=3
R350_PROBE write reg=0x48cc value=0x00050a80 count=3
R350_PROBE write reg=0x48d0 value=0x40050200 count=2
R350_PROBE write reg=0x46c0 value=0x1c020800 count=8
R350_PROBE write reg=0x46c4 value=0x1c020800 count=3
R350_PROBE write reg=0x46c8 value=0x1c020040 count=3
R350_PROBE write reg=0x46cc value=0x1c020800 count=3
R350_PROBE write reg=0x46d0 value=0x1c020040 count=2
R350_PROBE write reg=0x49c0 value=0x00040889 count=8
R350_PROBE write reg=0x49c4 value=0x00040889 count=3
R350_PROBE write reg=0x49c8 value=0x40040509 count=3
R350_PROBE write reg=0x49cc value=0x00040889 count=3
R350_PROBE write reg=0x49d0 value=0x40040509 count=2
R350_PROBE write reg=0x47c0 value=0x01020800 count=8
R350_PROBE write reg=0x47c4 value=0x01020800 count=3
R350_PROBE write reg=0x47c8 value=0x01020800 count=3
R350_PROBE write reg=0x47cc value=0x01020800 count=3
R350_PROBE write reg=0x47d0 value=0x01020800 count=2
R350_PROBE write reg=0x4620 value=0x00018041 count=5
R350_PROBE write reg=0x4624 value=0x00018041 count=2
R350_PROBE write reg=0x22d0 value=0x08420c80 count=8
R350_PROBE write reg=0x22d4 value=0x00040080 count=8
R350_PROBE write reg=0x22d8 value=0x00000084 count=8
R350_PROBE write reg=0x22dc value=0x00000000 count=8
R350_PROBE write reg=0x2080 value=0x0030045a count=6
R350_PROBE write reg=0x4018 value=0x00000017 count=16
R350_PROBE write reg=0x4e2c value=0x00000000 count=7
R350_PROBE write reg=0x4e30 value=0x00000000 count=7
R350_PROBE write reg=0x4e34 value=0x00000000 count=7
R350_PROBE write reg=0x4e3c value=0x00000000 count=7
R350_PROBE write reg=0x4e40 value=0x00000000 count=7
R350_PROBE write reg=0x4e44 value=0x00000000 count=7
R350_PROBE write reg=0x4e54 value=0x00000001 count=7
R350_PROBE write reg=0x4e64 value=0x000006c0 count=7
R350_PROBE write reg=0x4f20 value=0x00000000 count=7
R350_PROBE write reg=0x4f24 value=0x00000000 count=7
R350_PROBE write reg=0x4f60 value=0x00000000 count=7
R350_PROBE write reg=0x4f10 value=0x00000000 count=7
R350_PROBE write reg=0x4f28 value=0x00000000 count=7
R350_PROBE write reg=0x4f30 value=0x00000000 count=7
R350_PROBE write reg=0x4f34 value=0x00000000 count=7
R350_PROBE write reg=0x4f44 value=0x00000000 count=7
R350_PROBE write reg=0x4f54 value=0x00000000 count=7
R350_PROBE write reg=0x20c8 value=0x00000000 count=3
R350_PROBE write reg=0x20cc value=0x00000000 count=3
R350_PROBE write reg=0x20d4 value=0x00000000 count=3
R350_PROBE write reg=0x20d8 value=0x00000000 count=3
R350_PROBE write reg=0x20e0 value=0x00000000 count=3
R350_PROBE write reg=0x20e4 value=0x00000000 count=3
R350_PROBE write reg=0x20ec value=0x00000000 count=3
R350_PROBE write reg=0x20f0 value=0x00000000 count=3
R350_PROBE write reg=0x20f8 value=0x00000000 count=3
R350_PROBE write reg=0x20fc value=0x00000000 count=3
R350_PROBE write reg=0x2104 value=0x00000000 count=3
R350_PROBE write reg=0x2108 value=0x00000000 count=3
R350_PROBE write reg=0x2110 value=0x00000000 count=3
R350_PROBE write reg=0x2114 value=0x00000000 count=3
R350_PROBE write reg=0x211c value=0x00000000 count=3
R350_PROBE write reg=0x2120 value=0x00000000 count=3
R350_PROBE write reg=0x4bc8 value=0x00000000 count=7
R350_PROBE write reg=0x4bcc value=0x00000000 count=7
R350_PROBE write reg=0x4bd0 value=0x00000000 count=7
R350_PROBE write reg=0x4294 value=0x00000000 count=7
R350_PROBE write reg=0x4298 value=0x00000000 count=7
R350_PROBE write reg=0x4e08 value=0x00000000 count=8
R350_PROBE write reg=0x4e10 value=0x00000000 count=8
R350_PROBE write reg=0x4f08 value=0x00ffff00 count=4
R350_PROBE write reg=0x4230 value=0x01800006 count=7
R350_PROBE write reg=0x4234 value=0x00020006 count=8
R350_PROBE write reg=0x4238 value=0x00000000 count=8
R350_PROBE write reg=0x4268 value=0x3f800000 count=8
R350_PROBE write reg=0x42c4 value=0x00000000 count=8
R350_PROBE write reg=0x42c0 value=0x4b7fffff count=8
R350_PROBE write reg=0x4e2c value=0x00000000 count=8
R350_PROBE write reg=0x4e30 value=0x00000000 count=8
R350_PROBE write reg=0x4e34 value=0x00000000 count=8
R350_PROBE write reg=0x4e3c value=0x00000000 count=8
R350_PROBE write reg=0x4e40 value=0x00000000 count=8
R350_PROBE write reg=0x4e44 value=0x00000000 count=8
R350_PROBE write reg=0x4e54 value=0x00000001 count=8
R350_PROBE write reg=0x4e64 value=0x000006c0 count=8
R350_PROBE write reg=0x4f20 value=0x00000000 count=8
R350_PROBE write reg=0x4f24 value=0x00000000 count=8
R350_PROBE write reg=0x4f60 value=0x00000000 count=8
R350_PROBE write reg=0x4f10 value=0x00000000 count=8
R350_PROBE write reg=0x4f28 value=0x00000000 count=8
R350_PROBE write reg=0x4f30 value=0x00000000 count=8
R350_PROBE write reg=0x4f34 value=0x00000000 count=8
R350_PROBE write reg=0x4f44 value=0x00000000 count=8
R350_PROBE write reg=0x4f54 value=0x00000000 count=8
R350_PROBE write reg=0x20b4 value=0x0000000c count=16
R350_PROBE write reg=0x4e28 value=0x006f6000 count=16
R350_PROBE write reg=0x4e38 value=0x2ed146c0 count=16
R350_PROBE write reg=0x4e00 value=0x00000000 count=16
R350_PROBE write reg=0x4f1c value=0x00000000 count=16
R350_PROBE write reg=0x43a4 value=0x00000000 count=16
R350_PROBE write reg=0x43d0 value=0x0000aaaa count=16
R350_PROBE write reg=0x16ec value=0x00000000 count=16
R350_PROBE write reg=0x16f0 value=0x041a0690 count=16
R350_PROBE write reg=0x2154 value=0x00002203 count=3
R350_PROBE write reg=0x21e4 value=0x0000f688 count=3
R350_PROBE write reg=0x0714 value=0x000001e0 count=512
R350_PROBE write reg=0x2284 value=0x00000000 count=64
R350_PROBE write reg=0x2200 value=0x00000280 count=64
R350_PROBE write reg=0x4c00 value=0x003f0000 count=64
R350_PROBE write reg=0x4c04 value=0x003f0000 count=64
R350_PROBE write reg=0x4c08 value=0x003f0000 count=64
R350_PROBE write reg=0x4c0c value=0x003f0000 count=64
R350_PROBE write reg=0x4104 value=0x00000001 count=64
R350_PROBE write reg=0x0738 value=0x1000c020 count=1024
R350_PROBE write reg=0x073c value=0x00000008 count=1024
R350_PROBE write reg=0x2208 value=0x00000000 count=2048
R350_PROBE unsupported_3d_draw count=64; R200 renderer deliberately not used
R350_PROBE write reg=0x4400 value=0x00000a12 count=64
R350_PROBE write reg=0x4440 value=0x00001fe8 count=64
R350_PROBE write reg=0x4480 value=0x8007f8ff count=64
R350_PROBE write reg=0x44c0 value=0x0000aa0c count=64
R350_PROBE write reg=0x4500 value=0x000000ff count=64
R350_PROBE write reg=0x4540 value=0x0116c000 count=64
R350_PROBE write reg=0x45c0 value=0x00000000 count=64
R350_PROBE write reg=0x4580 value=0x00000000 count=64
R350_PROBE write reg=0x4100 value=0x00000000 count=128
R350_PROBE write reg=0x4600 value=0x00000000 count=16
R350_PROBE write reg=0x4604 value=0x00000000 count=16
R350_PROBE write reg=0x461c value=0x00400000 count=16
R350_PROBE write reg=0x0218 value=0x4000041a count=3
R350_PROBE write reg=0x2090 value=0x00000001 count=16
R350_PROBE write reg=0x4620 value=0x00008000 count=6
R350_PROBE write reg=0x4300 value=0x00000002 count=16
R350_PROBE write reg=0x4304 value=0x00000000 count=16
R350_PROBE write reg=0x4330 value=0x00000008 count=16
R350_PROBE write reg=0x4310 value=0x01610000 count=16
R350_PROBE write reg=0x4e18 value=0x00000000 count=6
R350_PROBE write reg=0x4290 value=0x00000000 count=4
R350_PROBE write reg=0x42b4 value=0x00000000 count=4
R350_PROBE write reg=0x42b8 value=0x00000000 count=16
R350_PROBE write reg=0x428c value=0x00000001 count=4
R350_PROBE write reg=0x4214 value=0x00050005 count=4
R350_PROBE write reg=0x4260 value=0x00000000 count=4
R350_PROBE write reg=0x4264 value=0x00000000 count=4
R350_PROBE write reg=0x4e88 value=0x00000000 count=4
R350_PROBE write reg=0x4274 value=0x00000002 count=4
R350_PROBE write reg=0x42a0 value=0x00000000 count=4
R350_PROBE write reg=0x46a4 value=0x00001b00 count=16
R350_PROBE write reg=0x46a8 value=0x0000000f count=16
R350_PROBE write reg=0x46ac value=0x0000000f count=16
R350_PROBE write reg=0x46b0 value=0x0000000f count=16
R350_PROBE write reg=0x4294 value=0x00000000 count=8
R350_PROBE write reg=0x4298 value=0x00000000 count=8
R350_PROBE write reg=0x4278 value=0x0003aaaa count=16
R350_PROBE write reg=0x20b0 value=0x0000043f count=16
R350_PROBE write reg=0x2288 value=0x0000ffff count=4
R350_PROBE write reg=0x21dc value=0xaaaaaaaa count=4
R350_PROBE write reg=0x2134 value=0x00ffffff count=4
R350_PROBE write reg=0x2138 value=0x00000000 count=4
R350_PROBE write reg=0x1d98 value=0x44520000 count=8
R350_PROBE write reg=0x1d9c value=0x44520000 count=8
R350_PROBE write reg=0x1da0 value=0xc4034000 count=8
R350_PROBE write reg=0x1da4 value=0x44034000 count=8
R350_PROBE write reg=0x1da8 value=0x3f000000 count=8
R350_PROBE write reg=0x1dac value=0x3f000000 count=8
R350_PROBE write reg=0x2220 value=0x3f800000 count=8
R350_PROBE write reg=0x2224 value=0x3f800000 count=8
R350_PROBE write reg=0x2228 value=0x3f800000 count=8
R350_PROBE write reg=0x222c value=0x3f800000 count=8
R350_PROBE write reg=0x4230 value=0x01800006 count=8
R350_PROBE write reg=0x4e18 value=0x00000000 count=7
R350_PROBE write reg=0x4e0c value=0x0000000f count=16
R350_PROBE write reg=0x4bd8 value=0x00000000 count=4
R350_PROBE write reg=0x4bc8 value=0x00000000 count=8
R350_PROBE write reg=0x4bcc value=0x00000000 count=8
R350_PROBE write reg=0x4bd0 value=0x00000000 count=8
R350_PROBE write reg=0x427c value=0x00000000 count=4
R350_PROBE write reg=0x4280 value=0x00000000 count=4
R350_PROBE write reg=0x4e04 value=0x20220000 count=16
R350_PROBE write reg=0x4f00 value=0x00000010 count=16
R350_PROBE write reg=0x4f04 value=0x00000000 count=16
R350_PROBE write reg=0x4c10 value=0x00000000 count=4
R350_PROBE write reg=0x4c14 value=0x00000000 count=4
R350_PROBE write reg=0x4c18 value=0x00000000 count=4
R350_PROBE write reg=0x4c1c value=0x00000000 count=4
R350_PROBE write reg=0x4c20 value=0x00000000 count=4
R350_PROBE write reg=0x4c24 value=0x00000000 count=4
R350_PROBE write reg=0x4c28 value=0x00000000 count=4
R350_PROBE write reg=0x4c2c value=0x00000000 count=4
R350_PROBE write reg=0x4c30 value=0x00000000 count=4
R350_PROBE write reg=0x4c34 value=0x00000000 count=4
R350_PROBE write reg=0x4c38 value=0x00000000 count=4
R350_PROBE write reg=0x4c3c value=0x00000000 count=4
R350_PROBE write reg=0x4c40 value=0x00000000 count=4
R350_PROBE write reg=0x4c44 value=0x00000000 count=4
R350_PROBE write reg=0x4c48 value=0x00000000 count=4
R350_PROBE write reg=0x4c4c value=0x00000000 count=4
R350_PROBE write reg=0x4c50 value=0x00000000 count=4
R350_PROBE write reg=0x4c54 value=0x00000000 count=4
R350_PROBE write reg=0x4c58 value=0x00000000 count=4
R350_PROBE write reg=0x4c5c value=0x00000000 count=4
R350_PROBE write reg=0x4c60 value=0x00000000 count=4
R350_PROBE write reg=0x4c64 value=0x00000000 count=4
R350_PROBE write reg=0x4c68 value=0x00000000 count=4
R350_PROBE write reg=0x4c6c value=0x00000000 count=4
R350_PROBE write reg=0x4c70 value=0x00000000 count=4
R350_PROBE write reg=0x4c74 value=0x00000000 count=4
R350_PROBE write reg=0x4c78 value=0x00000000 count=4
R350_PROBE write reg=0x4c7c value=0x00000000 count=4
R350_PROBE write reg=0x48c4 value=0x00050a80 count=4
R350_PROBE write reg=0x48c8 value=0x40050200 count=4
R350_PROBE write reg=0x48cc value=0x00050a80 count=4
R350_PROBE write reg=0x48d0 value=0x40050200 count=3
R350_PROBE write reg=0x46c4 value=0x1c020800 count=4
R350_PROBE write reg=0x46c8 value=0x1c020040 count=4
R350_PROBE write reg=0x46cc value=0x1c020800 count=4
R350_PROBE write reg=0x46d0 value=0x1c020040 count=3
R350_PROBE write reg=0x49c4 value=0x00040889 count=4
R350_PROBE write reg=0x49c8 value=0x40040509 count=4
R350_PROBE write reg=0x49cc value=0x00040889 count=4
R350_PROBE write reg=0x49d0 value=0x40040509 count=3
R350_PROBE write reg=0x47c4 value=0x01020800 count=4
R350_PROBE write reg=0x47c8 value=0x01020800 count=4
R350_PROBE write reg=0x47cc value=0x01020800 count=4
R350_PROBE write reg=0x47d0 value=0x01020800 count=3
R350_PROBE write reg=0x4620 value=0x00018041 count=7
R350_PROBE write reg=0x4624 value=0x00018041 count=3
R350_PROBE write reg=0x2080 value=0x0030045a count=7
R350_PROBE write reg=0x20c8 value=0x00000000 count=4
R350_PROBE write reg=0x20cc value=0x00000000 count=4
R350_PROBE write reg=0x20d4 value=0x00000000 count=4
R350_PROBE write reg=0x20d8 value=0x00000000 count=4
R350_PROBE write reg=0x20e0 value=0x00000000 count=4
R350_PROBE write reg=0x20e4 value=0x00000000 count=4
R350_PROBE write reg=0x20ec value=0x00000000 count=4
R350_PROBE write reg=0x20f0 value=0x00000000 count=4
R350_PROBE write reg=0x20f8 value=0x00000000 count=4
R350_PROBE write reg=0x20fc value=0x00000000 count=4
R350_PROBE write reg=0x2104 value=0x00000000 count=4
R350_PROBE write reg=0x2108 value=0x00000000 count=4
R350_PROBE write reg=0x2110 value=0x00000000 count=4
R350_PROBE write reg=0x2114 value=0x00000000 count=4
R350_PROBE write reg=0x211c value=0x00000000 count=4
R350_PROBE write reg=0x2120 value=0x00000000 count=4
R350_PROBE write reg=0x2180 value=0x00000000 count=16
R350_PROBE write reg=0x4f08 value=0x00ffff00 count=5
R350_PROBE write reg=0x4e50 value=0x00000005 count=16
R350_PROBE write reg=0x342c value=0x00000005 count=64
R350_PROBE write reg=0x4e14 value=0x00000000 count=16
R350_PROBE write reg=0x2154 value=0x00002203 count=4
R350_PROBE write reg=0x21e4 value=0x0000f688 count=4
R350_PROBE write reg=0x142c value=0x5b001bd8 count=64
R350_PROBE write reg=0x15e0 value=0x0000007c count=128
R350_PROBE write reg=0x15d4 value=0x00000002 count=64
R350_PROBE write reg=0x146c value=0x42cc36f3 count=64
R350_PROBE write reg=0x15ac value=0x1053a800 count=64
R350_PROBE write reg=0x15b0 value=0x00001c00 count=64
R350_PROBE write reg=0x1404 value=0x0162c000 count=64
R350_PROBE write reg=0x1408 value=0x00000400 count=64
R350_PROBE write reg=0x1704 value=0x00000000 count=64
R350_PROBE write reg=0x1700 value=0x00000000 count=64
R350_PROBE write reg=0x1434 value=0x00000000 count=64
R350_PROBE write reg=0x1438 value=0x00000000 count=64
R350_PROBE write reg=0x143c value=0x01000100 count=64
R350_PROBE write reg=0x4e4c value=0x00000000 count=256
R350_PROBE write reg=0x2284 value=0x00000000 count=128
R350_PROBE write reg=0x2200 value=0x00000280 count=128
R350_PROBE write reg=0x1720 value=0x00010000 count=256
R350_PROBE write reg=0x0218 value=0x4000041a count=4
R350_PROBE write reg=0x4008 value=0x00010001 count=16
R350_PROBE write reg=0x4bc0 value=0x00000000 count=16
R350_PROBE write reg=0x4620 value=0x00008000 count=8
R350_PROBE write reg=0x4e18 value=0x00000000 count=8
R350_PROBE read reg=0x0210 value=0x03bc0000 count=64
R350_PROBE write reg=0x4290 value=0x00000000 count=5
R350_PROBE write reg=0x42b4 value=0x00000000 count=5
R350_PROBE write reg=0x428c value=0x00000001 count=5
R350_PROBE write reg=0x4214 value=0x00050005 count=5
R350_PROBE write reg=0x4260 value=0x00000000 count=5
R350_PROBE write reg=0x4264 value=0x00000000 count=5
R350_PROBE write reg=0x4e88 value=0x00000000 count=5
R350_PROBE write reg=0x4274 value=0x00000002 count=5
R350_PROBE write reg=0x42a0 value=0x00000000 count=5
R350_PROBE write reg=0x2288 value=0x0000ffff count=5
R350_PROBE write reg=0x21dc value=0xaaaaaaaa count=5
R350_PROBE write reg=0x2134 value=0x00ffffff count=5
R350_PROBE write reg=0x2138 value=0x00000000 count=5
R350_PROBE write reg=0x43e0 value=0x00b405a0 count=16
R350_PROBE write reg=0x43e4 value=0x01372c2f count=16
R350_PROBE write reg=0x4bd8 value=0x00000000 count=5
R350_PROBE write reg=0x427c value=0x00000000 count=5
R350_PROBE write reg=0x4280 value=0x00000000 count=5
R350_PROBE write reg=0x4c10 value=0x00000000 count=5
R350_PROBE write reg=0x4c14 value=0x00000000 count=5
R350_PROBE write reg=0x4c18 value=0x00000000 count=5
R350_PROBE write reg=0x4c1c value=0x00000000 count=5
R350_PROBE write reg=0x4c20 value=0x00000000 count=5
R350_PROBE write reg=0x4c24 value=0x00000000 count=5
R350_PROBE write reg=0x4c28 value=0x00000000 count=5
R350_PROBE write reg=0x4c2c value=0x00000000 count=5
R350_PROBE write reg=0x4c30 value=0x00000000 count=5
R350_PROBE write reg=0x4c34 value=0x00000000 count=5
R350_PROBE write reg=0x4c38 value=0x00000000 count=5
R350_PROBE write reg=0x4c3c value=0x00000000 count=5
R350_PROBE write reg=0x4c40 value=0x00000000 count=5
R350_PROBE write reg=0x4c44 value=0x00000000 count=5
R350_PROBE write reg=0x4c48 value=0x00000000 count=5
R350_PROBE write reg=0x4c4c value=0x00000000 count=5
R350_PROBE write reg=0x4c50 value=0x00000000 count=5
R350_PROBE write reg=0x4c54 value=0x00000000 count=5
R350_PROBE write reg=0x4c58 value=0x00000000 count=5
R350_PROBE write reg=0x4c5c value=0x00000000 count=5
R350_PROBE write reg=0x4c60 value=0x00000000 count=5
R350_PROBE write reg=0x4c64 value=0x00000000 count=5
R350_PROBE write reg=0x4c68 value=0x00000000 count=5
R350_PROBE write reg=0x4c6c value=0x00000000 count=5
R350_PROBE write reg=0x4c70 value=0x00000000 count=5
R350_PROBE write reg=0x4c74 value=0x00000000 count=5
R350_PROBE write reg=0x4c78 value=0x00000000 count=5
R350_PROBE write reg=0x4c7c value=0x00000000 count=5
R350_PROBE write reg=0x48c4 value=0x00050a80 count=5
R350_PROBE write reg=0x48c8 value=0x40050200 count=5
R350_PROBE write reg=0x48cc value=0x00050a80 count=5
R350_PROBE write reg=0x48d0 value=0x40050200 count=4
R350_PROBE write reg=0x46c4 value=0x1c020800 count=5
R350_PROBE write reg=0x46c8 value=0x1c020040 count=5
R350_PROBE write reg=0x46cc value=0x1c020800 count=5
R350_PROBE write reg=0x46d0 value=0x1c020040 count=4
R350_PROBE write reg=0x49c4 value=0x00040889 count=5
R350_PROBE write reg=0x49c8 value=0x40040509 count=5
R350_PROBE write reg=0x49cc value=0x00040889 count=5
R350_PROBE write reg=0x49d0 value=0x40040509 count=4
R350_PROBE write reg=0x47c4 value=0x01020800 count=5
R350_PROBE write reg=0x47c8 value=0x01020800 count=5
R350_PROBE write reg=0x47cc value=0x01020800 count=5
R350_PROBE write reg=0x47d0 value=0x01020800 count=4
R350_PROBE write reg=0x4624 value=0x00018041 count=4
R350_PROBE write reg=0x2080 value=0x0030045a count=8
R350_PROBE write reg=0x20c8 value=0x00000000 count=5
R350_PROBE write reg=0x20cc value=0x00000000 count=5
R350_PROBE write reg=0x20d4 value=0x00000000 count=5
R350_PROBE write reg=0x20d8 value=0x00000000 count=5
R350_PROBE write reg=0x20e0 value=0x00000000 count=5
R350_PROBE write reg=0x20e4 value=0x00000000 count=5
R350_PROBE write reg=0x20ec value=0x00000000 count=5
R350_PROBE write reg=0x20f0 value=0x00000000 count=5
R350_PROBE write reg=0x20f8 value=0x00000000 count=5
R350_PROBE write reg=0x20fc value=0x00000000 count=5
R350_PROBE write reg=0x2104 value=0x00000000 count=5
R350_PROBE write reg=0x2108 value=0x00000000 count=5
R350_PROBE write reg=0x2110 value=0x00000000 count=5
R350_PROBE write reg=0x2114 value=0x00000000 count=5
R350_PROBE write reg=0x211c value=0x00000000 count=5
R350_PROBE write reg=0x2120 value=0x00000000 count=5
R350_PROBE write reg=0x401c value=0x00000000 count=16
R350_PROBE write reg=0x4f08 value=0x00ffff00 count=6
R350_PROBE write reg=0x421c value=0x00060006 count=16
R350_PROBE write reg=0x4200 value=0x00000000 count=16
R350_PROBE write reg=0x4204 value=0x00000000 count=16
R350_PROBE write reg=0x4208 value=0x3f800000 count=16
R350_PROBE write reg=0x420c value=0x3f800000 count=16
R350_PROBE write reg=0x4010 value=0x66666666 count=32
R350_PROBE write reg=0x4014 value=0x06666666 count=32
R350_PROBE write reg=0x4f18 value=0x00000003 count=32
R350_PROBE write reg=0x43b0 value=0x00b405a0 count=16
R350_PROBE write reg=0x43b4 value=0x01348c30 count=16
R350_PROBE write reg=0x221c value=0x00000000 count=32
R350_PROBE write reg=0x46b4 value=0x00000001 count=16
R350_PROBE write reg=0x4610 value=0x00000000 count=16
R350_PROBE write reg=0x4614 value=0x00000000 count=16
R350_PROBE write reg=0x4618 value=0x00000000 count=16
R350_PROBE write reg=0x4c00 value=0x003f0000 count=128
R350_PROBE write reg=0x4c04 value=0x003f0000 count=128
R350_PROBE write reg=0x4c08 value=0x003f0000 count=128
R350_PROBE write reg=0x4c0c value=0x003f0000 count=128
R350_PROBE write reg=0x2150 value=0x01030003 count=16
R350_PROBE write reg=0x2154 value=0x00002203 count=5
R350_PROBE write reg=0x21e0 value=0xf688f688 count=16
R350_PROBE write reg=0x21e4 value=0x0000f688 count=5
R350_PROBE write reg=0x4104 value=0x00000001 count=128
R350_PROBE write reg=0x2208 value=0x00000000 count=4096
R350_PROBE unsupported_3d_draw count=128; R200 renderer deliberately not used
R350_PROBE write reg=0x4400 value=0x00000a12 count=128
R350_PROBE write reg=0x4440 value=0x00001fe8 count=128
R350_PROBE write reg=0x4480 value=0x8007f8ff count=128
R350_PROBE write reg=0x44c0 value=0x0000aa0c count=128
R350_PROBE write reg=0x4500 value=0x000000ff count=128
R350_PROBE write reg=0x4540 value=0x00f6c000 count=128
R350_PROBE write reg=0x45c0 value=0x00000000 count=128
R350_PROBE write reg=0x4580 value=0x00000000 count=128
R350_PROBE write reg=0x48d4 value=0x00050a80 count=1
R350_PROBE write reg=0x46d4 value=0x1c020800 count=1
R350_PROBE write reg=0x49d4 value=0x00040889 count=1
R350_PROBE write reg=0x47d4 value=0x01020800 count=1
R350_PROBE write reg=0x4e08 value=0x00000000 count=16
R350_PROBE write reg=0x4e10 value=0x00000000 count=16
R350_PROBE write reg=0x4f14 value=0x00000000 count=16
R350_PROBE write reg=0x4020 value=0x00000000 count=32
R350_PROBE write reg=0x2184 value=0x00000005 count=16
R350_PROBE write reg=0x4314 value=0x00d10040 count=16
R350_PROBE write reg=0x4318 value=0x00d10080 count=16
R350_PROBE write reg=0x431c value=0x00d100c0 count=16
R350_PROBE write reg=0x4320 value=0x00d10000 count=16
R350_PROBE write reg=0x4324 value=0x00d10000 count=16
R350_PROBE write reg=0x4328 value=0x00d10000 count=16
R350_PROBE write reg=0x432c value=0x00d10000 count=16
R350_PROBE write reg=0x22d0 value=0x08420c80 count=16
R350_PROBE write reg=0x22d4 value=0x00040080 count=16
R350_PROBE write reg=0x22d8 value=0x00000084 count=16
R350_PROBE write reg=0x22dc value=0x00000000 count=16
R350_PROBE write reg=0x0218 value=0x4000041a count=5
R350_PROBE write reg=0x15d0 value=0x00000000 count=3
R350_PROBE write reg=0x1414 value=0x00000000 count=1
R350_PROBE write reg=0x141c value=0x00000000 count=1
R350_PROBE write reg=0x1410 value=0x00000038 count=1
R350_PROBE write reg=0x1418 value=0x00000000 count=1
R350_PROBE write reg=0x1420 value=0x00000000 count=1
R350_PROBE write reg=0x140c value=0x00000400 count=1
R350_PROBE write reg=0x4290 value=0x00000000 count=6
R350_PROBE write reg=0x42b4 value=0x00000000 count=6
R350_PROBE write reg=0x428c value=0x00000001 count=6
R350_PROBE write reg=0x4234 value=0x00020006 count=16
R350_PROBE write reg=0x4214 value=0x00050005 count=6
R350_PROBE write reg=0x4238 value=0x00000000 count=16
R350_PROBE write reg=0x4260 value=0x00000000 count=6
R350_PROBE write reg=0x4264 value=0x00000000 count=6
R350_PROBE write reg=0x4268 value=0x3f800000 count=16
R350_PROBE write reg=0x43e8 value=0x00ffffff count=32
R350_PROBE write reg=0x4e88 value=0x00000000 count=6
R350_PROBE write reg=0x4274 value=0x00000002 count=6
R350_PROBE write reg=0x42a0 value=0x00000000 count=6
R350_PROBE write reg=0x2288 value=0x0000ffff count=6
R350_PROBE write reg=0x21dc value=0xaaaaaaaa count=6
R350_PROBE write reg=0x2134 value=0x00ffffff count=6
R350_PROBE write reg=0x2138 value=0x00000000 count=6
R350_PROBE write reg=0x4bd4 value=0x00000c00 count=32
R350_PROBE write reg=0x4bd8 value=0x00000000 count=6
R350_PROBE write reg=0x427c value=0x00000000 count=6
R350_PROBE write reg=0x4280 value=0x00000000 count=6
R350_PROBE write reg=0x42c0 value=0x4b7fffff count=16
R350_PROBE write reg=0x42c4 value=0x00000000 count=16
R350_PROBE write reg=0x4c10 value=0x00000000 count=6
R350_PROBE write reg=0x4c14 value=0x00000000 count=6
R350_PROBE write reg=0x4c18 value=0x00000000 count=6
R350_PROBE write reg=0x4c1c value=0x00000000 count=6
R350_PROBE write reg=0x4c20 value=0x00000000 count=6
R350_PROBE write reg=0x4c24 value=0x00000000 count=6
R350_PROBE write reg=0x4c28 value=0x00000000 count=6
R350_PROBE write reg=0x4c2c value=0x00000000 count=6
R350_PROBE write reg=0x4c30 value=0x00000000 count=6
R350_PROBE write reg=0x4c34 value=0x00000000 count=6
R350_PROBE write reg=0x4c38 value=0x00000000 count=6
R350_PROBE write reg=0x4c3c value=0x00000000 count=6
R350_PROBE write reg=0x4c40 value=0x00000000 count=6
R350_PROBE write reg=0x4c44 value=0x00000000 count=6
R350_PROBE write reg=0x4c48 value=0x00000000 count=6
R350_PROBE write reg=0x4c4c value=0x00000000 count=6
R350_PROBE write reg=0x4c50 value=0x00000000 count=6
R350_PROBE write reg=0x4c54 value=0x00000000 count=6
R350_PROBE write reg=0x4c58 value=0x00000000 count=6
R350_PROBE write reg=0x4c5c value=0x00000000 count=6
R350_PROBE write reg=0x4c60 value=0x00000000 count=6
R350_PROBE write reg=0x4c64 value=0x00000000 count=6
R350_PROBE write reg=0x4c68 value=0x00000000 count=6
R350_PROBE write reg=0x4c6c value=0x00000000 count=6
R350_PROBE write reg=0x4c70 value=0x00000000 count=6
R350_PROBE write reg=0x4c74 value=0x00000000 count=6
R350_PROBE write reg=0x4c78 value=0x00000000 count=6
R350_PROBE write reg=0x4c7c value=0x00000000 count=6
R350_PROBE write reg=0x4608 value=0x00004005 count=32
R350_PROBE write reg=0x48c4 value=0x00050a80 count=6
R350_PROBE write reg=0x48c8 value=0x40050200 count=6
R350_PROBE write reg=0x48cc value=0x00050a80 count=6
R350_PROBE write reg=0x48d0 value=0x40050200 count=5
R350_PROBE write reg=0x48d4 value=0x00050a80 count=2
R350_PROBE write reg=0x46c4 value=0x1c020800 count=6
R350_PROBE write reg=0x46c8 value=0x1c020040 count=6
R350_PROBE write reg=0x46cc value=0x1c020800 count=6
R350_PROBE write reg=0x46d0 value=0x1c020040 count=5
R350_PROBE write reg=0x46d4 value=0x1c020800 count=2
R350_PROBE write reg=0x49c4 value=0x00040889 count=6
R350_PROBE write reg=0x49c8 value=0x40040509 count=6
R350_PROBE write reg=0x49cc value=0x00040889 count=6
R350_PROBE write reg=0x49d0 value=0x40040509 count=5
R350_PROBE write reg=0x49d4 value=0x00040889 count=2
R350_PROBE write reg=0x47c4 value=0x01020800 count=6
R350_PROBE write reg=0x47c8 value=0x01020800 count=6
R350_PROBE write reg=0x47cc value=0x01020800 count=6
R350_PROBE write reg=0x47d0 value=0x01020800 count=5
R350_PROBE write reg=0x47d4 value=0x01020800 count=2
R350_PROBE write reg=0x4624 value=0x00018041 count=5
R350_PROBE write reg=0x4e2c value=0x00000000 count=16
R350_PROBE write reg=0x4e30 value=0x00000000 count=16
R350_PROBE write reg=0x4e34 value=0x00000000 count=16
R350_PROBE write reg=0x4e3c value=0x00000000 count=16
R350_PROBE write reg=0x4e40 value=0x00000000 count=16
R350_PROBE write reg=0x4e44 value=0x00000000 count=16
R350_PROBE write reg=0x4e54 value=0x00000001 count=16
R350_PROBE write reg=0x4e64 value=0x00000400 count=16
R350_PROBE write reg=0x4f20 value=0x00000000 count=16
R350_PROBE write reg=0x4f24 value=0x00000000 count=16
R350_PROBE write reg=0x4f60 value=0x00000000 count=16
R350_PROBE write reg=0x4f10 value=0x00000000 count=16
R350_PROBE write reg=0x4f28 value=0x00000000 count=16
R350_PROBE write reg=0x4f30 value=0x00000000 count=16
R350_PROBE write reg=0x4f34 value=0x00000000 count=16
R350_PROBE write reg=0x4f44 value=0x00000000 count=16
R350_PROBE write reg=0x4f54 value=0x00000000 count=16
R350_PROBE write reg=0x20c8 value=0x00000000 count=6
R350_PROBE write reg=0x20cc value=0x00000000 count=6
R350_PROBE write reg=0x20d4 value=0x00000000 count=6
R350_PROBE write reg=0x20d8 value=0x00000000 count=6
R350_PROBE write reg=0x20e0 value=0x00000000 count=6
R350_PROBE write reg=0x20e4 value=0x00000000 count=6
R350_PROBE write reg=0x20ec value=0x00000000 count=6
R350_PROBE write reg=0x20f0 value=0x00000000 count=6
R350_PROBE write reg=0x20f8 value=0x00000000 count=6
R350_PROBE write reg=0x20fc value=0x00000000 count=6
R350_PROBE write reg=0x2104 value=0x00000000 count=6
R350_PROBE write reg=0x2108 value=0x00000000 count=6
R350_PROBE write reg=0x2110 value=0x00000000 count=6
R350_PROBE write reg=0x2114 value=0x00000000 count=6
R350_PROBE write reg=0x211c value=0x00000000 count=6
R350_PROBE write reg=0x2120 value=0x00000000 count=6
R350_PROBE write reg=0x4f08 value=0x00ffff00 count=7
R350_PROBE write reg=0x2094 value=0x00000000 count=32
R350_PROBE write reg=0x48d8 value=0x40050200 count=1
R350_PROBE write reg=0x46d8 value=0x1c020040 count=1
R350_PROBE write reg=0x49d8 value=0x40040509 count=1
R350_PROBE write reg=0x47d8 value=0x01020800 count=1
R350_PROBE write reg=0x4628 value=0x00018041 count=1
R350_PROBE write reg=0x2154 value=0x00002203 count=6
R350_PROBE write reg=0x21e4 value=0x0000f688 count=6
R350_PROBE write reg=0x20b4 value=0x0000000c count=32
R350_PROBE write reg=0x48dc value=0x00050a80 count=1
R350_PROBE write reg=0x46dc value=0x1c020800 count=1
R350_PROBE write reg=0x49dc value=0x00040889 count=1
R350_PROBE write reg=0x47dc value=0x01020800 count=1
R350_PROBE write reg=0x4290 value=0x00000000 count=7
R350_PROBE write reg=0x42b4 value=0x00000000 count=7
R350_PROBE write reg=0x428c value=0x00000001 count=7
R350_PROBE write reg=0x4214 value=0x00050005 count=7
R350_PROBE write reg=0x4260 value=0x00000000 count=7
R350_PROBE write reg=0x4264 value=0x00000000 count=7
R350_PROBE write reg=0x4e88 value=0x00000000 count=7
R350_PROBE write reg=0x4274 value=0x00000002 count=7
R350_PROBE write reg=0x42a0 value=0x00000000 count=7
R350_PROBE write reg=0x2288 value=0x0000ffff count=7
R350_PROBE write reg=0x21dc value=0xaaaaaaaa count=7
R350_PROBE write reg=0x2134 value=0x00ffffff count=7
R350_PROBE write reg=0x2138 value=0x00000000 count=7
R350_PROBE write reg=0x4bd8 value=0x00000000 count=7
R350_PROBE write reg=0x427c value=0x00000000 count=7
R350_PROBE write reg=0x4280 value=0x00000000 count=7
R350_PROBE write reg=0x4c10 value=0x00000000 count=7
R350_PROBE write reg=0x4c14 value=0x00000000 count=7
R350_PROBE write reg=0x4c18 value=0x00000000 count=7
R350_PROBE write reg=0x4c1c value=0x00000000 count=7
R350_PROBE write reg=0x4c20 value=0x00000000 count=7
R350_PROBE write reg=0x4c24 value=0x00000000 count=7
R350_PROBE write reg=0x4c28 value=0x00000000 count=7
R350_PROBE write reg=0x4c2c value=0x00000000 count=7
R350_PROBE write reg=0x4c30 value=0x00000000 count=7
R350_PROBE write reg=0x4c34 value=0x00000000 count=7
R350_PROBE write reg=0x4c38 value=0x00000000 count=7
R350_PROBE write reg=0x4c3c value=0x00000000 count=7
R350_PROBE write reg=0x4c40 value=0x00000000 count=7
R350_PROBE write reg=0x4c44 value=0x00000000 count=7
R350_PROBE write reg=0x4c48 value=0x00000000 count=7
R350_PROBE write reg=0x4c4c value=0x00000000 count=7
R350_PROBE write reg=0x4c50 value=0x00000000 count=7
R350_PROBE write reg=0x4c54 value=0x00000000 count=7
R350_PROBE write reg=0x4c58 value=0x00000000 count=7
R350_PROBE write reg=0x4c5c value=0x00000000 count=7
R350_PROBE write reg=0x4c60 value=0x00000000 count=7
R350_PROBE write reg=0x4c64 value=0x00000000 count=7
R350_PROBE write reg=0x4c68 value=0x00000000 count=7
R350_PROBE write reg=0x4c6c value=0x00000000 count=7
R350_PROBE write reg=0x4c70 value=0x00000000 count=7
R350_PROBE write reg=0x4c74 value=0x00000000 count=7
R350_PROBE write reg=0x4c78 value=0x00000000 count=7
R350_PROBE write reg=0x4c7c value=0x00000000 count=7
R350_PROBE write reg=0x48c4 value=0x00050a80 count=7
R350_PROBE write reg=0x48c8 value=0x40050200 count=7
R350_PROBE write reg=0x48cc value=0x00050a80 count=7
R350_PROBE write reg=0x48d0 value=0x40050200 count=6
R350_PROBE write reg=0x48d4 value=0x00050a80 count=3
R350_PROBE write reg=0x48d8 value=0x40050200 count=2
R350_PROBE write reg=0x48dc value=0x00050a80 count=2
R350_PROBE write reg=0x46c4 value=0x1c020800 count=7
R350_PROBE write reg=0x46c8 value=0x1c020040 count=7
R350_PROBE write reg=0x46cc value=0x1c020800 count=7
R350_PROBE write reg=0x46d0 value=0x1c020040 count=6
R350_PROBE write reg=0x46d4 value=0x1c020800 count=3
R350_PROBE write reg=0x46d8 value=0x1c020040 count=2
R350_PROBE write reg=0x46dc value=0x1c020800 count=2
R350_PROBE write reg=0x49c4 value=0x00040889 count=7
R350_PROBE write reg=0x49c8 value=0x40040509 count=7
R350_PROBE write reg=0x49cc value=0x00040889 count=7
R350_PROBE write reg=0x49d0 value=0x40040509 count=6
R350_PROBE write reg=0x49d4 value=0x00040889 count=3
R350_PROBE write reg=0x49d8 value=0x40040509 count=2
R350_PROBE write reg=0x49dc value=0x00040889 count=2
R350_PROBE write reg=0x47c4 value=0x01020800 count=7
R350_PROBE write reg=0x47c8 value=0x01020800 count=7
R350_PROBE write reg=0x47cc value=0x01020800 count=7
R350_PROBE write reg=0x47d0 value=0x01020800 count=6
R350_PROBE write reg=0x47d4 value=0x01020800 count=3
R350_PROBE write reg=0x47d8 value=0x01020800 count=2
R350_PROBE write reg=0x47dc value=0x01020800 count=2
R350_PROBE write reg=0x4624 value=0x00018041 count=6
R350_PROBE write reg=0x4628 value=0x00018041 count=2
R350_PROBE write reg=0x20c8 value=0x00000000 count=7
R350_PROBE write reg=0x20cc value=0x00000000 count=7
R350_PROBE write reg=0x20d4 value=0x00000000 count=7
R350_PROBE write reg=0x20d8 value=0x00000000 count=7
R350_PROBE write reg=0x20e0 value=0x00000000 count=7
R350_PROBE write reg=0x20e4 value=0x00000000 count=7
R350_PROBE write reg=0x20ec value=0x00000000 count=7
R350_PROBE write reg=0x20f0 value=0x00000000 count=7
R350_PROBE write reg=0x20f8 value=0x00000000 count=7
R350_PROBE write reg=0x20fc value=0x00000000 count=7
R350_PROBE write reg=0x2104 value=0x00000000 count=7
R350_PROBE write reg=0x2108 value=0x00000000 count=7
R350_PROBE write reg=0x2110 value=0x00000000 count=7
R350_PROBE write reg=0x2114 value=0x00000000 count=7
R350_PROBE write reg=0x211c value=0x00000000 count=7
R350_PROBE write reg=0x2120 value=0x00000000 count=7
R350_PROBE write reg=0x4f08 value=0x00ffff00 count=8
R350_PROBE write reg=0x1d98 value=0x43ffc000 count=16
R350_PROBE write reg=0x1d9c value=0x43ffc000 count=16
R350_PROBE write reg=0x1da0 value=0xc1d00000 count=16
R350_PROBE write reg=0x1da4 value=0x429c0000 count=16
R350_PROBE write reg=0x1da8 value=0x3f000000 count=16
R350_PROBE write reg=0x1dac value=0x3f000000 count=16
R350_PROBE write reg=0x2220 value=0x3f800000 count=16
R350_PROBE write reg=0x2224 value=0x3f800000 count=16
R350_PROBE write reg=0x2228 value=0x3f800000 count=16
R350_PROBE write reg=0x222c value=0x3f800000 count=16
R350_PROBE write reg=0x4018 value=0x00000017 count=32
R350_PROBE write reg=0x4100 value=0x00000000 count=256
R350_PROBE write reg=0x16ec value=0x00000000 count=32
R350_PROBE write reg=0x16f0 value=0x006803ff count=32
R350_PROBE write reg=0x2154 value=0x00002203 count=7
R350_PROBE write reg=0x21e4 value=0x0000f688 count=7
R350_PROBE write reg=0x48e0 value=0x40050200 count=1
R350_PROBE write reg=0x46e0 value=0x1c020040 count=1
R350_PROBE write reg=0x49e0 value=0x40040509 count=1
R350_PROBE write reg=0x47e0 value=0x01020040 count=1
R350_PROBE write reg=0x462c value=0x00018041 count=1
R350_PROBE write reg=0x4f00 value=0x00000010 count=32
R350_PROBE write reg=0x4f04 value=0x00000000 count=32
R350_PROBE write reg=0x4234 value=0x00020006 count=32
R350_PROBE write reg=0x4238 value=0x00000000 count=32
R350_PROBE write reg=0x4268 value=0x3f800000 count=32
R350_PROBE write reg=0x43e0 value=0x00bcc5af count=32
R350_PROBE write reg=0x43e4 value=0x00bd098f count=32
R350_PROBE write reg=0x4f00 value=0x00000010 count=64
R350_PROBE write reg=0x4f04 value=0x00000000 count=64
R350_PROBE write reg=0x4234 value=0x00020006 count=64
R350_PROBE write reg=0x4238 value=0x00000000 count=64
R350_PROBE write reg=0x4268 value=0x3f800000 count=64
R350_PROBE write reg=0x2284 value=0x00000000 count=256
R350_PROBE write reg=0x2200 value=0x00000280 count=256
R350_PROBE write reg=0x4104 value=0x00000001 count=256
R350_PROBE write reg=0x2208 value=0x00000000 count=8192
R350_PROBE write reg=0x48e4 value=0x00050a80 count=1
R350_PROBE write reg=0x46e4 value=0x1c020800 count=1
R350_PROBE write reg=0x49e4 value=0x00040889 count=1
R350_PROBE write reg=0x47e4 value=0x01020800 count=1
R350_PROBE write reg=0x4e04 value=0x27210006 count=32
R350_PROBE write reg=0x4600 value=0x00000000 count=32
R350_PROBE write reg=0x4604 value=0x00000000 count=32
R350_PROBE write reg=0x461c value=0x00400000 count=32
R350_PROBE write reg=0x0218 value=0x4000041a count=6
R350_PROBE write reg=0x43a8 value=0x2da49525 count=16
R350_PROBE write reg=0x43a4 value=0x00000000 count=32
R350_PROBE write reg=0x4f1c value=0x00000000 count=32
R350_PROBE write reg=0x2140 value=0x00000102 count=16
R350_PROBE write reg=0x4e00 value=0x00000000 count=32
R350_PROBE write reg=0x4288 value=0x00000000 count=16
R350_PROBE write reg=0x48c0 value=0x00050a80 count=16
R350_PROBE write reg=0x46c0 value=0x1c000000 count=16
R350_PROBE write reg=0x47c0 value=0x01000000 count=16
R350_PROBE write reg=0x49c0 value=0x00040889 count=16
R350_PROBE write reg=0x4300 value=0x00000002 count=32
R350_PROBE write reg=0x4304 value=0x00000000 count=32
R350_PROBE write reg=0x4330 value=0x00000008 count=32
R350_PROBE write reg=0x4310 value=0x01610000 count=32
R350_PROBE write reg=0x4e28 value=0x00000000 count=32
R350_PROBE write reg=0x4e38 value=0x00d006c0 count=32
R350_PROBE write reg=0x43d0 value=0x0000ffff count=32
R350_PROBE write reg=0x4200 value=0x3c703c0f count=32
R350_PROBE write reg=0x4204 value=0x3f33b13c count=32
R350_PROBE write reg=0x4208 value=0x3f7c3f10 count=32
R350_PROBE write reg=0x420c value=0x3f2c4ec5 count=32
R350_PROBE write reg=0x421c value=0x17460012 count=32
R350_PROBE unsupported_3d_draw count=256; R200 renderer deliberately not used
R350_PROBE write reg=0x4290 value=0x00000000 count=8
R350_PROBE write reg=0x4e50 value=0x00000005 count=32
R350_PROBE write reg=0x42b4 value=0x00000000 count=8
R350_PROBE write reg=0x428c value=0x00000001 count=8
R350_PROBE write reg=0x4214 value=0x00050005 count=8
R350_PROBE write reg=0x4260 value=0x00000000 count=8
R350_PROBE write reg=0x4264 value=0x00000000 count=8
R350_PROBE write reg=0x4e88 value=0x00000000 count=8
R350_PROBE write reg=0x4274 value=0x00000002 count=8
R350_PROBE write reg=0x42a0 value=0x00000000 count=8
R350_PROBE write reg=0x4294 value=0x00000000 count=16
R350_PROBE write reg=0x4298 value=0x00000000 count=16
R350_PROBE write reg=0x4278 value=0x0003aaaa count=32
R350_PROBE write reg=0x2090 value=0x00000003 count=32
R350_PROBE write reg=0x2288 value=0x0000ffff count=8
R350_PROBE write reg=0x21dc value=0xaaaaaaaa count=8
R350_PROBE write reg=0x2134 value=0x00ffffff count=8
R350_PROBE write reg=0x2138 value=0x00000000 count=8
R350_PROBE write reg=0x4230 value=0x01800006 count=16
R350_PROBE write reg=0x4e0c value=0x0000000f count=32
R350_PROBE write reg=0x4bd8 value=0x00000000 count=8
R350_PROBE write reg=0x4bc8 value=0x00000000 count=16
R350_PROBE write reg=0x4bcc value=0x00000000 count=16
R350_PROBE write reg=0x4bd0 value=0x00000000 count=16
R350_PROBE write reg=0x427c value=0x00000000 count=8
R350_PROBE write reg=0x4280 value=0x00000000 count=8
R350_PROBE write reg=0x4c10 value=0x00000000 count=8
R350_PROBE write reg=0x4c14 value=0x00000000 count=8
R350_PROBE write reg=0x4c18 value=0x00000000 count=8
R350_PROBE write reg=0x4c1c value=0x00000000 count=8
R350_PROBE write reg=0x4c20 value=0x00000000 count=8
R350_PROBE write reg=0x4c24 value=0x00000000 count=8
R350_PROBE write reg=0x4c28 value=0x00000000 count=8
R350_PROBE write reg=0x4c2c value=0x00000000 count=8
R350_PROBE write reg=0x4c30 value=0x00000000 count=8
R350_PROBE write reg=0x4c34 value=0x00000000 count=8
R350_PROBE write reg=0x4c38 value=0x00000000 count=8
R350_PROBE write reg=0x4c3c value=0x00000000 count=8
R350_PROBE write reg=0x4c40 value=0x00000000 count=8
R350_PROBE write reg=0x4c44 value=0x00000000 count=8
R350_PROBE write reg=0x4c48 value=0x00000000 count=8
R350_PROBE write reg=0x4c4c value=0x00000000 count=8
R350_PROBE write reg=0x4c50 value=0x00000000 count=8
R350_PROBE write reg=0x4c54 value=0x00000000 count=8
R350_PROBE write reg=0x4c58 value=0x00000000 count=8
R350_PROBE write reg=0x4c5c value=0x00000000 count=8
R350_PROBE write reg=0x4c60 value=0x00000000 count=8
R350_PROBE write reg=0x4c64 value=0x00000000 count=8
R350_PROBE write reg=0x4c68 value=0x00000000 count=8
R350_PROBE write reg=0x4c6c value=0x00000000 count=8
R350_PROBE write reg=0x4c70 value=0x00000000 count=8
R350_PROBE write reg=0x4c74 value=0x00000000 count=8
R350_PROBE write reg=0x4c78 value=0x00000000 count=8
R350_PROBE write reg=0x4c7c value=0x00000000 count=8
R350_PROBE write reg=0x48c4 value=0x00050a80 count=8
R350_PROBE write reg=0x48c8 value=0x40050200 count=8
R350_PROBE write reg=0x48cc value=0x00050a80 count=8
R350_PROBE write reg=0x48d0 value=0x40050200 count=7
R350_PROBE write reg=0x48d4 value=0x00050a80 count=4
R350_PROBE write reg=0x48d8 value=0x40050200 count=3
R350_PROBE write reg=0x48dc value=0x00050a80 count=3
R350_PROBE write reg=0x48e0 value=0x40050200 count=2
R350_PROBE write reg=0x48e4 value=0x00050a80 count=2
R350_PROBE write reg=0x46c4 value=0x1c020800 count=8
R350_PROBE write reg=0x46c8 value=0x1c020040 count=8
R350_PROBE write reg=0x46cc value=0x1c020800 count=8
R350_PROBE write reg=0x46d0 value=0x1c020040 count=7
R350_PROBE write reg=0x46d4 value=0x1c020800 count=4
R350_PROBE write reg=0x46d8 value=0x1c020040 count=3
R350_PROBE write reg=0x46dc value=0x1c020800 count=3
R350_PROBE write reg=0x46e0 value=0x1c020040 count=2
R350_PROBE write reg=0x46e4 value=0x1c020800 count=2
R350_PROBE write reg=0x49c4 value=0x00040889 count=8
R350_PROBE write reg=0x49c8 value=0x40040509 count=8
R350_PROBE write reg=0x49cc value=0x00040889 count=8
R350_PROBE write reg=0x49d0 value=0x40040509 count=7
R350_PROBE write reg=0x49d4 value=0x00040889 count=4
R350_PROBE write reg=0x49d8 value=0x40040509 count=3
R350_PROBE write reg=0x49dc value=0x00040889 count=3
R350_PROBE write reg=0x49e0 value=0x40040509 count=2
R350_PROBE write reg=0x49e4 value=0x00040889 count=2
R350_PROBE write reg=0x47c4 value=0x01020800 count=8
R350_PROBE write reg=0x47c8 value=0x01020800 count=8
R350_PROBE write reg=0x47cc value=0x01020800 count=8
R350_PROBE write reg=0x47d0 value=0x01020800 count=7
R350_PROBE write reg=0x47d4 value=0x01020800 count=4
R350_PROBE write reg=0x47d8 value=0x01020800 count=3
R350_PROBE write reg=0x47dc value=0x01020800 count=3
R350_PROBE write reg=0x47e0 value=0x01020040 count=2
R350_PROBE write reg=0x47e4 value=0x01020800 count=2
R350_PROBE write reg=0x4624 value=0x00018041 count=7
R350_PROBE write reg=0x4628 value=0x00018041 count=3
R350_PROBE write reg=0x462c value=0x00018041 count=2
R350_PROBE write reg=0x20c8 value=0x00000000 count=8
R350_PROBE write reg=0x20cc value=0x00000000 count=8
R350_PROBE write reg=0x20d4 value=0x00000000 count=8
R350_PROBE write reg=0x20d8 value=0x00000000 count=8
R350_PROBE write reg=0x20e0 value=0x00000000 count=8
R350_PROBE write reg=0x20e4 value=0x00000000 count=8
R350_PROBE write reg=0x20ec value=0x00000000 count=8
R350_PROBE write reg=0x20f0 value=0x00000000 count=8
R350_PROBE write reg=0x20f8 value=0x00000000 count=8
R350_PROBE write reg=0x20fc value=0x00000000 count=8
R350_PROBE write reg=0x2104 value=0x00000000 count=8
R350_PROBE write reg=0x2108 value=0x00000000 count=8
R350_PROBE write reg=0x2110 value=0x00000000 count=8
R350_PROBE write reg=0x2114 value=0x00000000 count=8
R350_PROBE write reg=0x211c value=0x00000000 count=8
R350_PROBE write reg=0x2120 value=0x00000000 count=8
R350_PROBE write reg=0x20b0 value=0x0000043f count=32
R350_PROBE write reg=0x2180 value=0x00000000 count=32
R350_PROBE write reg=0x46a4 value=0x00001b00 count=32
R350_PROBE write reg=0x46a8 value=0x0000000f count=32
R350_PROBE write reg=0x46ac value=0x0000000f count=32
R350_PROBE write reg=0x46b0 value=0x0000000f count=32
R350_PROBE write reg=0x42b8 value=0x00000000 count=32
R350_PROBE write reg=0x48e8 value=0x40050200 count=1
R350_PROBE write reg=0x46e8 value=0x1c020040 count=1
R350_PROBE write reg=0x49e8 value=0x40040509 count=1
R350_PROBE write reg=0x47e8 value=0x01020800 count=1
R350_PROBE write reg=0x4630 value=0x00018041 count=1
R350_PROBE write reg=0x4e14 value=0x00000000 count=32
R350_PROBE write reg=0x2154 value=0x00002203 count=8
R350_PROBE write reg=0x21e4 value=0x0000f688 count=8
R350_PROBE write reg=0x48ec value=0x00050a80 count=1
R350_PROBE write reg=0x46ec value=0x1c020800 count=1
R350_PROBE write reg=0x49ec value=0x00040889 count=1
R350_PROBE write reg=0x47ec value=0x01020800 count=1
R350_PROBE write reg=0x48d0 value=0x40050200 count=8
R350_PROBE write reg=0x48d4 value=0x00050a80 count=5
R350_PROBE write reg=0x48d8 value=0x40050200 count=4
R350_PROBE write reg=0x48dc value=0x00050a80 count=4
R350_PROBE write reg=0x48e0 value=0x40050200 count=3
R350_PROBE write reg=0x48e4 value=0x00050a80 count=3
R350_PROBE write reg=0x48e8 value=0x40050200 count=2
R350_PROBE write reg=0x48ec value=0x00050a80 count=2
R350_PROBE write reg=0x46d0 value=0x1c020040 count=8
R350_PROBE write reg=0x46d4 value=0x1c020800 count=5
R350_PROBE write reg=0x46d8 value=0x1c020040 count=4
R350_PROBE write reg=0x46dc value=0x1c020800 count=4
R350_PROBE write reg=0x46e0 value=0x1c020040 count=3
R350_PROBE write reg=0x46e4 value=0x1c020800 count=3
R350_PROBE write reg=0x46e8 value=0x1c020040 count=2
R350_PROBE write reg=0x46ec value=0x1c020800 count=2
R350_PROBE write reg=0x49d0 value=0x40040509 count=8
R350_PROBE write reg=0x49d4 value=0x00040889 count=5
R350_PROBE write reg=0x49d8 value=0x40040509 count=4
R350_PROBE write reg=0x49dc value=0x00040889 count=4
R350_PROBE write reg=0x49e0 value=0x40040509 count=3
R350_PROBE write reg=0x49e4 value=0x00040889 count=3
R350_PROBE write reg=0x49e8 value=0x40040509 count=2
R350_PROBE write reg=0x49ec value=0x00040889 count=2
R350_PROBE write reg=0x47d0 value=0x01020800 count=8
R350_PROBE write reg=0x47d4 value=0x01020800 count=5
R350_PROBE write reg=0x47d8 value=0x01020800 count=4
R350_PROBE write reg=0x47dc value=0x01020800 count=4
R350_PROBE write reg=0x47e0 value=0x01020040 count=3
R350_PROBE write reg=0x47e4 value=0x01020800 count=3
R350_PROBE write reg=0x47e8 value=0x01020800 count=2
R350_PROBE write reg=0x47ec value=0x01020800 count=2
R350_PROBE write reg=0x4624 value=0x00018041 count=8
R350_PROBE write reg=0x4628 value=0x00018041 count=4
R350_PROBE write reg=0x462c value=0x00018041 count=3
R350_PROBE write reg=0x4630 value=0x00018041 count=2
R350_PROBE write reg=0x48f0 value=0x40050200 count=1
R350_PROBE write reg=0x46f0 value=0x1c020040 count=1
R350_PROBE write reg=0x49f0 value=0x40040509 count=1
R350_PROBE write reg=0x47f0 value=0x01020040 count=1
R350_PROBE write reg=0x4634 value=0x00018041 count=1
R350_PROBE write reg=0x4f00 value=0x00000010 count=128
R350_PROBE write reg=0x4f04 value=0x00000000 count=128
R350_PROBE write reg=0x4234 value=0x00020006 count=128
R350_PROBE write reg=0x4238 value=0x00000000 count=128
R350_PROBE write reg=0x4268 value=0x3f800000 count=128
R350_PROBE write reg=0x43e0 value=0x00bb05af count=64
R350_PROBE write reg=0x43e4 value=0x00bb2991 count=64
R350_PROBE write reg=0x4e4c value=0x00000000 count=512
R350_PROBE write reg=0x48f4 value=0x40050600 count=1
R350_PROBE write reg=0x46f4 value=0x1c020800 count=1
R350_PROBE write reg=0x49f4 value=0x4004058a count=1
R350_PROBE write reg=0x47f4 value=0x01001020 count=1
R350_PROBE write reg=0x4638 value=0x00018041 count=1
R350_PROBE write reg=0x4e08 value=0x27210000 count=32
R350_PROBE write reg=0x4e10 value=0x00000000 count=32
R350_PROBE write reg=0x20c4 value=0x07010704 count=1
R350_PROBE write reg=0x20d0 value=0x00000702 count=1
R350_PROBE write reg=0x20c0 value=0x00000023 count=1
R350_PROBE write reg=0x20c4 value=0x07010704 count=2
R350_PROBE write reg=0x20d0 value=0x00000702 count=2
R350_PROBE write reg=0x20c0 value=0x00000023 count=2
R350_PROBE write reg=0x20c4 value=0x07010704 count=3
R350_PROBE write reg=0x20d0 value=0x00000702 count=3
R350_PROBE write reg=0x20c0 value=0x00000023 count=3
R350_PROBE write reg=0x20c4 value=0x07010704 count=4
R350_PROBE write reg=0x20d0 value=0x00000702 count=4
R350_PROBE write reg=0x20c0 value=0x00000023 count=4
R350_PROBE write reg=0x20c4 value=0x07010704 count=5
R350_PROBE write reg=0x20d0 value=0x00000702 count=5
R350_PROBE write reg=0x20c0 value=0x00000023 count=5
R350_PROBE write reg=0x20c4 value=0x07010704 count=6
R350_PROBE write reg=0x20d0 value=0x00000702 count=6
R350_PROBE write reg=0x20c0 value=0x00000023 count=6
R350_PROBE write reg=0x20c4 value=0x07010704 count=7
R350_PROBE write reg=0x20c8 value=0x1004eb80 count=16
R350_PROBE write reg=0x20cc value=0x1004eb90 count=16
R350_PROBE write reg=0x20d0 value=0x00000702 count=7
R350_PROBE write reg=0x20d4 value=0x1004eb94 count=16
R350_PROBE write reg=0x20d8 value=0x1004eb80 count=16
R350_PROBE write reg=0x20c0 value=0x00000023 count=7
R350_PROBE write reg=0x20c4 value=0x07010704 count=8
R350_PROBE write reg=0x20d0 value=0x00000702 count=8
R350_PROBE write reg=0x20c0 value=0x00000023 count=8
R350_PROBE write reg=0x142c value=0x51001cd8 count=128
R350_PROBE write reg=0x342c value=0x00000005 count=128
R350_PROBE write reg=0x48f8 value=0x00050200 count=1
R350_PROBE write reg=0x46f8 value=0x1c020040 count=1
R350_PROBE write reg=0x49f8 value=0x00040509 count=1
R350_PROBE write reg=0x47f8 value=0x01020040 count=1
R350_PROBE write reg=0x463c value=0x00018041 count=1
R350_PROBE write reg=0x46b4 value=0x00000001 count=32
R350_PROBE write reg=0x4610 value=0x00000000 count=32
R350_PROBE write reg=0x4614 value=0x00000000 count=32
R350_PROBE write reg=0x4618 value=0x00000000 count=32
R350_PROBE write reg=0x20c4 value=0x07010704 count=16
R350_PROBE write reg=0x20d0 value=0x00000702 count=16
R350_PROBE write reg=0x20c0 value=0x00000023 count=16
R350_PROBE write reg=0x20c8 value=0x1004f380 count=32
R350_PROBE write reg=0x20cc value=0x1004f390 count=32
R350_PROBE write reg=0x20d4 value=0x1004f394 count=32
R350_PROBE write reg=0x20d8 value=0x1004f380 count=32
R350_PROBE write reg=0x0714 value=0x000001e0 count=1024
R350_PROBE write reg=0x15e0 value=0x000000fc count=256
R350_PROBE write reg=0x48fc value=0x00050200 count=1
R350_PROBE write reg=0x4900 value=0x4005000c count=1
R350_PROBE write reg=0x46fc value=0x038a0040 count=1
R350_PROBE write reg=0x4700 value=0x1c020802 count=1
R350_PROBE write reg=0x49fc value=0x00040509 count=1
R350_PROBE write reg=0x4a00 value=0x40040509 count=1
R350_PROBE write reg=0x47fc value=0x00820040 count=1
R350_PROBE write reg=0x4800 value=0x01020002 count=1
R350_PROBE write reg=0x4640 value=0x00018041 count=1
R350_PROBE write reg=0x4644 value=0x00018882 count=1
R350_PROBE write reg=0x4404 value=0x10605e36 count=1
R350_PROBE write reg=0x4444 value=0x00001fc0 count=1
R350_PROBE write reg=0x4484 value=0x2007f8ff count=1
R350_PROBE write reg=0x44c4 value=0x18000000 count=1
R350_PROBE write reg=0x45c4 value=0x00000000 count=1
R350_PROBE write reg=0x4584 value=0x00000000 count=1
R350_PROBE write reg=0x4504 value=0x00003fff count=1
R350_PROBE write reg=0x4334 value=0x00000089 count=1
R350_PROBE write reg=0x4314 value=0x00d10044 count=32
R350_PROBE write reg=0x4318 value=0x00d10088 count=32
R350_PROBE write reg=0x431c value=0x00d100c8 count=32
R350_PROBE write reg=0x4320 value=0x00d10008 count=32
R350_PROBE write reg=0x4324 value=0x00d10008 count=32
R350_PROBE write reg=0x4328 value=0x00d10008 count=32
R350_PROBE write reg=0x432c value=0x00d10008 count=32
R350_PROBE write reg=0x4544 value=0x0088700c count=1
R350_PROBE write reg=0x4404 value=0x10605e36 count=2
R350_PROBE write reg=0x4444 value=0x00001fc0 count=2
R350_PROBE write reg=0x4484 value=0x2007f8ff count=2
R350_PROBE write reg=0x44c4 value=0x18000000 count=2
R350_PROBE write reg=0x45c4 value=0x00000000 count=2
R350_PROBE write reg=0x4584 value=0x00000000 count=2
R350_PROBE write reg=0x4504 value=0x00003fff count=2
R350_PROBE write reg=0x4334 value=0x00000089 count=2
R350_PROBE write reg=0x4404 value=0x10605e36 count=3
R350_PROBE write reg=0x4444 value=0x00001fc0 count=3
R350_PROBE write reg=0x4484 value=0x2007f8ff count=3
R350_PROBE write reg=0x44c4 value=0x18000000 count=3
R350_PROBE write reg=0x45c4 value=0x00000000 count=3
R350_PROBE write reg=0x4584 value=0x00000000 count=3
R350_PROBE write reg=0x4504 value=0x00003fff count=3
R350_PROBE write reg=0x4904 value=0x40050600 count=1
R350_PROBE write reg=0x4704 value=0x1c020800 count=1
R350_PROBE write reg=0x4a04 value=0x4004058a count=1
R350_PROBE write reg=0x4804 value=0x01001020 count=1
R350_PROBE write reg=0x4648 value=0x00018041 count=1
R350_PROBE write reg=0x4908 value=0x00050200 count=1
R350_PROBE write reg=0x4708 value=0x1c020040 count=1
R350_PROBE write reg=0x4a08 value=0x00040509 count=1
R350_PROBE write reg=0x4808 value=0x01020040 count=1
R350_PROBE write reg=0x464c value=0x00018041 count=1
R350_PROBE write reg=0x4608 value=0x00018013 count=64
R350_PROBE write reg=0x490c value=0x40050600 count=1
R350_PROBE write reg=0x470c value=0x1c020800 count=1
R350_PROBE write reg=0x4a0c value=0x4004058a count=1
R350_PROBE write reg=0x480c value=0x01001020 count=1
R350_PROBE write reg=0x4650 value=0x00018041 count=1
R350_PROBE write reg=0x4c10 value=0x003f0000 count=16
R350_PROBE write reg=0x4c14 value=0x003f0000 count=16
R350_PROBE write reg=0x4c18 value=0x003f0000 count=16
R350_PROBE write reg=0x4c1c value=0x003f0000 count=16
R350_PROBE write reg=0x20c4 value=0x07010704 count=32
R350_PROBE write reg=0x20d0 value=0x09020702 count=32
R350_PROBE write reg=0x20c0 value=0x00000023 count=32
R350_PROBE write reg=0x146c value=0x42cc32f3 count=128
R350_PROBE write reg=0x15ac value=0x10366000 count=128
R350_PROBE write reg=0x15b0 value=0x00000080 count=128
R350_PROBE write reg=0x1404 value=0x008b2000 count=128
R350_PROBE write reg=0x1408 value=0x00000080 count=128
R350_PROBE write reg=0x1704 value=0x00000000 count=128
R350_PROBE write reg=0x1700 value=0x00000000 count=128
R350_PROBE write reg=0x1434 value=0x00000000 count=128
R350_PROBE write reg=0x1438 value=0x00000000 count=128
R350_PROBE write reg=0x143c value=0x00400040 count=128
R350_PROBE write reg=0x4c00 value=0x00000000 count=256
R350_PROBE write reg=0x4c04 value=0x00000000 count=256
R350_PROBE write reg=0x4c08 value=0x00000000 count=256
R350_PROBE write reg=0x4c0c value=0x00000000 count=256
R350_PROBE write reg=0x0738 value=0x10010020 count=2048
R350_PROBE write reg=0x073c value=0x00000008 count=2048
R350_PROBE write reg=0x15d4 value=0x00000000 count=128
R350_PROBE write reg=0x4c10 value=0x003f0000 count=32
R350_PROBE write reg=0x4c14 value=0x003f0000 count=32
R350_PROBE write reg=0x4c18 value=0x003f0000 count=32
R350_PROBE write reg=0x4c1c value=0x003f0000 count=32
R350_PROBE write reg=0x4600 value=0x00000008 count=64
R350_PROBE write reg=0x4604 value=0x00000001 count=64
R350_PROBE write reg=0x461c value=0x00400000 count=64
R350_PROBE write reg=0x4300 value=0x00040084 count=64
R350_PROBE write reg=0x4304 value=0x00000000 count=64
R350_PROBE write reg=0x4330 value=0x00004048 count=64
R350_PROBE write reg=0x4310 value=0x00d10000 count=64
R350_PROBE write reg=0x20c8 value=0x10050380 count=64
R350_PROBE write reg=0x20cc value=0x10050390 count=64
R350_PROBE write reg=0x20d4 value=0x10050394 count=64
R350_PROBE write reg=0x20d8 value=0x1005039c count=64
R350_PROBE write reg=0x4910 value=0x00050a80 count=1
R350_PROBE write reg=0x4710 value=0x1c020800 count=1
R350_PROBE write reg=0x4a10 value=0x00040889 count=1
R350_PROBE write reg=0x4810 value=0x01020800 count=1
R350_PROBE write reg=0x0218 value=0x4000041a count=7
R350_PROBE write reg=0x4620 value=0x00008000 count=16
R350_PROBE write reg=0x4e18 value=0x00000000 count=16
R350_PROBE write reg=0x46b4 value=0x00000001 count=64
R350_PROBE write reg=0x4610 value=0x00000000 count=64
R350_PROBE write reg=0x4614 value=0x00000000 count=64
R350_PROBE write reg=0x4618 value=0x00000000 count=64
R350_PROBE write reg=0x48d4 value=0x00050a80 count=6
R350_PROBE write reg=0x48d8 value=0x40050200 count=5
R350_PROBE write reg=0x48dc value=0x00050a80 count=5
R350_PROBE write reg=0x48e0 value=0x40050200 count=4
R350_PROBE write reg=0x48e4 value=0x00050a80 count=4
R350_PROBE write reg=0x48e8 value=0x40050200 count=3
R350_PROBE write reg=0x48ec value=0x00050a80 count=3
R350_PROBE write reg=0x48f0 value=0x40050200 count=2
R350_PROBE write reg=0x48f4 value=0x40050600 count=2
R350_PROBE write reg=0x48f8 value=0x00050200 count=2
R350_PROBE write reg=0x48fc value=0x00050200 count=2
R350_PROBE write reg=0x4900 value=0x4005000c count=2
R350_PROBE write reg=0x4904 value=0x40050600 count=2
R350_PROBE write reg=0x4908 value=0x00050200 count=2
R350_PROBE write reg=0x490c value=0x40050600 count=2
R350_PROBE write reg=0x4910 value=0x00050a80 count=2
R350_PROBE write reg=0x46d4 value=0x1c020800 count=6
R350_PROBE write reg=0x46d8 value=0x1c020040 count=5
R350_PROBE write reg=0x46dc value=0x1c020800 count=5
R350_PROBE write reg=0x46e0 value=0x1c020040 count=4
R350_PROBE write reg=0x46e4 value=0x1c020800 count=4
R350_PROBE write reg=0x46e8 value=0x1c020040 count=3
R350_PROBE write reg=0x46ec value=0x1c020800 count=3
R350_PROBE write reg=0x46f0 value=0x1c020040 count=2
R350_PROBE write reg=0x46f4 value=0x1c020800 count=2
R350_PROBE write reg=0x46f8 value=0x1c020040 count=2
R350_PROBE write reg=0x46fc value=0x038a0040 count=2
R350_PROBE write reg=0x4700 value=0x1c020802 count=2
R350_PROBE write reg=0x4704 value=0x1c020800 count=2
R350_PROBE write reg=0x4708 value=0x1c020040 count=2
R350_PROBE write reg=0x470c value=0x1c020800 count=2
R350_PROBE write reg=0x4710 value=0x1c020800 count=2
R350_PROBE write reg=0x49d4 value=0x00040889 count=6
R350_PROBE write reg=0x49d8 value=0x40040509 count=5
R350_PROBE write reg=0x49dc value=0x00040889 count=5
R350_PROBE write reg=0x49e0 value=0x40040509 count=4
R350_PROBE write reg=0x49e4 value=0x00040889 count=4
R350_PROBE write reg=0x49e8 value=0x40040509 count=3
R350_PROBE write reg=0x49ec value=0x00040889 count=3
R350_PROBE write reg=0x49f0 value=0x40040509 count=2
R350_PROBE write reg=0x49f4 value=0x4004058a count=2
R350_PROBE write reg=0x49f8 value=0x00040509 count=2
R350_PROBE write reg=0x49fc value=0x00040509 count=2
R350_PROBE write reg=0x4a00 value=0x40040509 count=2
R350_PROBE write reg=0x4a04 value=0x4004058a count=2
R350_PROBE write reg=0x4a08 value=0x00040509 count=2
R350_PROBE write reg=0x4a0c value=0x4004058a count=2
R350_PROBE write reg=0x4a10 value=0x00040889 count=2
R350_PROBE write reg=0x47d4 value=0x01020800 count=6
R350_PROBE write reg=0x47d8 value=0x01020800 count=5
R350_PROBE write reg=0x47dc value=0x01020800 count=5
R350_PROBE write reg=0x47e0 value=0x01020040 count=4
R350_PROBE write reg=0x47e4 value=0x01020800 count=4
R350_PROBE write reg=0x47e8 value=0x01020800 count=3
R350_PROBE write reg=0x47ec value=0x01020800 count=3
R350_PROBE write reg=0x47f0 value=0x01020040 count=2
R350_PROBE write reg=0x47f4 value=0x01001020 count=2
R350_PROBE write reg=0x47f8 value=0x01020040 count=2
R350_PROBE write reg=0x47fc value=0x00820040 count=2
R350_PROBE write reg=0x4800 value=0x01020002 count=2
R350_PROBE write reg=0x4804 value=0x01001020 count=2
R350_PROBE write reg=0x4808 value=0x01020040 count=2
R350_PROBE write reg=0x480c value=0x01001020 count=2
R350_PROBE write reg=0x4810 value=0x01020800 count=2
R350_PROBE write reg=0x4628 value=0x00018041 count=5
R350_PROBE write reg=0x462c value=0x00018041 count=4
R350_PROBE write reg=0x4630 value=0x00018041 count=3
R350_PROBE write reg=0x4634 value=0x00018041 count=2
R350_PROBE write reg=0x4638 value=0x00018041 count=2
R350_PROBE write reg=0x463c value=0x00018041 count=2
R350_PROBE write reg=0x4640 value=0x00018041 count=2
R350_PROBE write reg=0x4644 value=0x00018882 count=2
R350_PROBE write reg=0x4648 value=0x00018041 count=2
R350_PROBE write reg=0x464c value=0x00018041 count=2
R350_PROBE write reg=0x4650 value=0x00018041 count=2
R350_PROBE write reg=0x4914 value=0x40050200 count=1
R350_PROBE write reg=0x4714 value=0x1c020040 count=1
R350_PROBE write reg=0x4a14 value=0x40040509 count=1
R350_PROBE write reg=0x4814 value=0x01020800 count=1
R350_PROBE write reg=0x4654 value=0x00018041 count=1
R350_PROBE write reg=0x2184 value=0x00000405 count=32
R350_PROBE write reg=0x4314 value=0x00d10044 count=64
R350_PROBE write reg=0x4318 value=0x00d10084 count=64
R350_PROBE write reg=0x431c value=0x00d100c4 count=64
R350_PROBE write reg=0x4320 value=0x00d10004 count=64
R350_PROBE write reg=0x4324 value=0x00d10004 count=64
R350_PROBE write reg=0x4328 value=0x00d10004 count=64
R350_PROBE write reg=0x432c value=0x00d10004 count=64
R350_PROBE write reg=0x22d0 value=0x08820c80 count=32
R350_PROBE write reg=0x22d4 value=0x00080080 count=32
R350_PROBE write reg=0x22d8 value=0x00000088 count=32
R350_PROBE write reg=0x22dc value=0x00000000 count=32
R350_PROBE write reg=0x43b0 value=0x00b405a0 count=32
R350_PROBE write reg=0x43b4 value=0x00b705e0 count=32
R350_PROBE write reg=0x2150 value=0x01030003 count=32
R350_PROBE write reg=0x21e0 value=0xf688f688 count=32
R350_PROBE write reg=0x4918 value=0x40050200 count=1
R350_PROBE write reg=0x4718 value=0x1c020040 count=1
R350_PROBE write reg=0x4a18 value=0x40040509 count=1
R350_PROBE write reg=0x4818 value=0x01020040 count=1
R350_PROBE write reg=0x4658 value=0x00018041 count=1
R350_PROBE write reg=0x4010 value=0x66666666 count=64
R350_PROBE write reg=0x4014 value=0x06666666 count=64
R350_PROBE write reg=0x491c value=0x40050600 count=1
R350_PROBE write reg=0x471c value=0x1c020800 count=1
R350_PROBE write reg=0x4a1c value=0x4004058a count=1
R350_PROBE write reg=0x481c value=0x01001020 count=1
R350_PROBE write reg=0x465c value=0x00018041 count=1
R350_PROBE write reg=0x4920 value=0x00050200 count=1
R350_PROBE write reg=0x4720 value=0x1c020040 count=1
R350_PROBE write reg=0x4a20 value=0x00040509 count=1
R350_PROBE write reg=0x4820 value=0x01020040 count=1
R350_PROBE write reg=0x4660 value=0x00018041 count=1
R350_PROBE write reg=0x4924 value=0x00050200 count=1
R350_PROBE write reg=0x4928 value=0x4005000c count=1
R350_PROBE write reg=0x4724 value=0x038a0040 count=1
R350_PROBE write reg=0x4728 value=0x1c020802 count=1
R350_PROBE write reg=0x4a24 value=0x00040509 count=1
R350_PROBE write reg=0x4a28 value=0x40040509 count=1
R350_PROBE write reg=0x4824 value=0x00820040 count=1
R350_PROBE write reg=0x4828 value=0x01020002 count=1
R350_PROBE write reg=0x4664 value=0x00018041 count=1
R350_PROBE write reg=0x4668 value=0x00018882 count=1
R350_PROBE write reg=0x4404 value=0x10605e36 count=4
R350_PROBE write reg=0x4444 value=0x00001fc0 count=4
R350_PROBE write reg=0x4484 value=0x2007f8ff count=4
R350_PROBE write reg=0x44c4 value=0x18000000 count=4
R350_PROBE write reg=0x45c4 value=0x00000000 count=4
R350_PROBE write reg=0x4584 value=0x00000000 count=4
R350_PROBE write reg=0x4504 value=0x00003fff count=4
R350_PROBE write reg=0x43e0 value=0x00b405a0 count=128
R350_PROBE write reg=0x43e4 value=0x00b6e5df count=128
R350_PROBE write reg=0x4334 value=0x00000089 count=3
R350_PROBE write reg=0x4544 value=0x0088700c count=2
R350_PROBE write reg=0x4404 value=0x10605e36 count=5
R350_PROBE write reg=0x4444 value=0x00001fc0 count=5
R350_PROBE write reg=0x4484 value=0x2007f8ff count=5
R350_PROBE write reg=0x44c4 value=0x18000000 count=5
R350_PROBE write reg=0x45c4 value=0x00000000 count=5
R350_PROBE write reg=0x4584 value=0x00000000 count=5
R350_PROBE write reg=0x4504 value=0x00003fff count=5
R350_PROBE write reg=0x2154 value=0x23032201 count=16
R350_PROBE write reg=0x21e4 value=0xf688f688 count=16
R350_PROBE write reg=0x492c value=0x00050a80 count=1
R350_PROBE write reg=0x472c value=0x1c020800 count=1
R350_PROBE write reg=0x4a2c value=0x00040889 count=1
R350_PROBE write reg=0x482c value=0x01020800 count=1
R350_PROBE write reg=0x0218 value=0x4000041a count=8
R350_PROBE write reg=0x4020 value=0x00000000 count=64
R350_PROBE write reg=0x4008 value=0x00010001 count=32
R350_PROBE write reg=0x4bc0 value=0x00000000 count=32
R350_PROBE write reg=0x4f18 value=0x00000003 count=64
R350_PROBE write reg=0x401c value=0x00000000 count=32
R350_PROBE write reg=0x4f14 value=0x00000000 count=32
R350_PROBE write reg=0x48d4 value=0x00050a80 count=7
R350_PROBE write reg=0x48d8 value=0x40050200 count=6
R350_PROBE write reg=0x48dc value=0x00050a80 count=6
R350_PROBE write reg=0x48e0 value=0x40050200 count=5
R350_PROBE write reg=0x48e4 value=0x00050a80 count=5
R350_PROBE write reg=0x48e8 value=0x40050200 count=4
R350_PROBE write reg=0x48ec value=0x00050a80 count=4
R350_PROBE write reg=0x48f0 value=0x40050200 count=3
R350_PROBE write reg=0x48f4 value=0x40050600 count=3
R350_PROBE write reg=0x48f8 value=0x00050200 count=3
R350_PROBE write reg=0x48fc value=0x00050200 count=3
R350_PROBE write reg=0x4900 value=0x4005000c count=3
R350_PROBE write reg=0x4904 value=0x40050600 count=3
R350_PROBE write reg=0x4908 value=0x00050200 count=3
R350_PROBE write reg=0x490c value=0x40050600 count=3
R350_PROBE write reg=0x4910 value=0x00050a80 count=3
R350_PROBE write reg=0x4914 value=0x40050200 count=2
R350_PROBE write reg=0x4918 value=0x40050200 count=2
R350_PROBE write reg=0x491c value=0x40050600 count=2
R350_PROBE write reg=0x4920 value=0x00050200 count=2
R350_PROBE write reg=0x4924 value=0x00050200 count=2
R350_PROBE write reg=0x4928 value=0x4005000c count=2
R350_PROBE write reg=0x492c value=0x00050a80 count=2
R350_PROBE write reg=0x46d4 value=0x1c020800 count=7
R350_PROBE write reg=0x46d8 value=0x1c020040 count=6
R350_PROBE write reg=0x46dc value=0x1c020800 count=6
R350_PROBE write reg=0x46e0 value=0x1c020040 count=5
R350_PROBE write reg=0x46e4 value=0x1c020800 count=5
R350_PROBE write reg=0x46e8 value=0x1c020040 count=4
R350_PROBE write reg=0x46ec value=0x1c020800 count=4
R350_PROBE write reg=0x46f0 value=0x1c020040 count=3
R350_PROBE write reg=0x46f4 value=0x1c020800 count=3
R350_PROBE write reg=0x46f8 value=0x1c020040 count=3
R350_PROBE write reg=0x46fc value=0x038a0040 count=3
R350_PROBE write reg=0x4700 value=0x1c020802 count=3
R350_PROBE write reg=0x4704 value=0x1c020800 count=3
R350_PROBE write reg=0x4708 value=0x1c020040 count=3
R350_PROBE write reg=0x470c value=0x1c020800 count=3
R350_PROBE write reg=0x4710 value=0x1c020800 count=3
R350_PROBE write reg=0x4714 value=0x1c020040 count=2
R350_PROBE write reg=0x4718 value=0x1c020040 count=2
R350_PROBE write reg=0x471c value=0x1c020800 count=2
R350_PROBE write reg=0x4720 value=0x1c020040 count=2
R350_PROBE write reg=0x4724 value=0x038a0040 count=2
R350_PROBE write reg=0x4728 value=0x1c020802 count=2
R350_PROBE write reg=0x472c value=0x1c020800 count=2
R350_PROBE write reg=0x49d4 value=0x00040889 count=7
R350_PROBE write reg=0x49d8 value=0x40040509 count=6
R350_PROBE write reg=0x49dc value=0x00040889 count=6
R350_PROBE write reg=0x49e0 value=0x40040509 count=5
R350_PROBE write reg=0x49e4 value=0x00040889 count=5
R350_PROBE write reg=0x49e8 value=0x40040509 count=4
R350_PROBE write reg=0x49ec value=0x00040889 count=4
R350_PROBE write reg=0x49f0 value=0x40040509 count=3
R350_PROBE write reg=0x49f4 value=0x4004058a count=3
R350_PROBE write reg=0x49f8 value=0x00040509 count=3
R350_PROBE write reg=0x49fc value=0x00040509 count=3
R350_PROBE write reg=0x4a00 value=0x40040509 count=3
R350_PROBE write reg=0x4a04 value=0x4004058a count=3
R350_PROBE write reg=0x4a08 value=0x00040509 count=3
R350_PROBE write reg=0x4a0c value=0x4004058a count=3
R350_PROBE write reg=0x4a10 value=0x00040889 count=3
R350_PROBE write reg=0x4a14 value=0x40040509 count=2
R350_PROBE write reg=0x4a18 value=0x40040509 count=2
R350_PROBE write reg=0x4a1c value=0x4004058a count=2
R350_PROBE write reg=0x4a20 value=0x00040509 count=2
R350_PROBE write reg=0x4a24 value=0x00040509 count=2
R350_PROBE write reg=0x4a28 value=0x40040509 count=2
R350_PROBE write reg=0x4a2c value=0x00040889 count=2
R350_PROBE write reg=0x47d4 value=0x01020800 count=7
R350_PROBE write reg=0x47d8 value=0x01020800 count=6
R350_PROBE write reg=0x47dc value=0x01020800 count=6
R350_PROBE write reg=0x47e0 value=0x01020040 count=5
R350_PROBE write reg=0x47e4 value=0x01020800 count=5
R350_PROBE write reg=0x47e8 value=0x01020800 count=4
R350_PROBE write reg=0x47ec value=0x01020800 count=4
R350_PROBE write reg=0x47f0 value=0x01020040 count=3
R350_PROBE write reg=0x47f4 value=0x01001020 count=3
R350_PROBE write reg=0x47f8 value=0x01020040 count=3
R350_PROBE write reg=0x47fc value=0x00820040 count=3
R350_PROBE write reg=0x4800 value=0x01020002 count=3
R350_PROBE write reg=0x4804 value=0x01001020 count=3
R350_PROBE write reg=0x4808 value=0x01020040 count=3
R350_PROBE write reg=0x480c value=0x01001020 count=3
R350_PROBE write reg=0x4810 value=0x01020800 count=3
R350_PROBE write reg=0x4814 value=0x01020800 count=2
R350_PROBE write reg=0x4818 value=0x01020040 count=2
R350_PROBE write reg=0x481c value=0x01001020 count=2
R350_PROBE write reg=0x4820 value=0x01020040 count=2
R350_PROBE write reg=0x4824 value=0x00820040 count=2
R350_PROBE write reg=0x4828 value=0x01020002 count=2
R350_PROBE write reg=0x482c value=0x01020800 count=2
R350_PROBE write reg=0x4628 value=0x00018041 count=6
R350_PROBE write reg=0x462c value=0x00018041 count=5
R350_PROBE write reg=0x4630 value=0x00018041 count=4
R350_PROBE write reg=0x4634 value=0x00018041 count=3
R350_PROBE write reg=0x4638 value=0x00018041 count=3
R350_PROBE write reg=0x463c value=0x00018041 count=3
R350_PROBE write reg=0x4640 value=0x00018041 count=3
R350_PROBE write reg=0x4644 value=0x00018882 count=3
R350_PROBE write reg=0x4648 value=0x00018041 count=3
R350_PROBE write reg=0x464c value=0x00018041 count=3
R350_PROBE write reg=0x4650 value=0x00018041 count=3
R350_PROBE write reg=0x4654 value=0x00018041 count=2
R350_PROBE write reg=0x4658 value=0x00018041 count=2
R350_PROBE write reg=0x465c value=0x00018041 count=2
R350_PROBE write reg=0x4660 value=0x00018041 count=2
R350_PROBE write reg=0x4664 value=0x00018041 count=2
R350_PROBE write reg=0x4668 value=0x00018882 count=2
R350_PROBE write reg=0x4bd4 value=0x00000c00 count=64
R350_PROBE write reg=0x42c4 value=0x00000000 count=32
R350_PROBE write reg=0x42c0 value=0x4b7fffff count=32
R350_PROBE write reg=0x43e8 value=0x00ffffff count=64
R350_PROBE write reg=0x221c value=0x00000000 count=64
R350_PROBE write reg=0x4e2c value=0x00000000 count=32
R350_PROBE write reg=0x4e30 value=0x00000000 count=32
R350_PROBE write reg=0x4e34 value=0x00000000 count=32
R350_PROBE write reg=0x4e3c value=0x00000000 count=32
R350_PROBE write reg=0x4e40 value=0x00000000 count=32
R350_PROBE write reg=0x4e44 value=0x00000000 count=32
R350_PROBE write reg=0x4e54 value=0x00000001 count=32
R350_PROBE write reg=0x4e64 value=0x00000400 count=32
R350_PROBE write reg=0x4f20 value=0x00000000 count=32
R350_PROBE write reg=0x4f24 value=0x00000000 count=32
R350_PROBE write reg=0x4f60 value=0x00000000 count=32
R350_PROBE write reg=0x4f10 value=0x00000000 count=32
R350_PROBE write reg=0x4f28 value=0x00000000 count=32
R350_PROBE write reg=0x4f30 value=0x00000000 count=32
R350_PROBE write reg=0x4f34 value=0x00000000 count=32
R350_PROBE write reg=0x4f44 value=0x00000000 count=32
R350_PROBE write reg=0x4f54 value=0x00000000 count=32
R350_PROBE write reg=0x4930 value=0x40050200 count=1
R350_PROBE write reg=0x4730 value=0x1c020040 count=1
R350_PROBE write reg=0x4a30 value=0x40040509 count=1
R350_PROBE write reg=0x4830 value=0x01020800 count=1
R350_PROBE write reg=0x466c value=0x00018041 count=1
R350_PROBE write reg=0x20b4 value=0x0000000c count=64
R350_PROBE write reg=0x4934 value=0x00050a80 count=1
R350_PROBE write reg=0x4734 value=0x1c020800 count=1
R350_PROBE write reg=0x4a34 value=0x00040889 count=1
R350_PROBE write reg=0x4834 value=0x01020800 count=1
R350_PROBE write reg=0x48d4 value=0x00050a80 count=8
R350_PROBE write reg=0x48d8 value=0x40050200 count=7
R350_PROBE write reg=0x48dc value=0x00050a80 count=7
R350_PROBE write reg=0x48e0 value=0x40050200 count=6
R350_PROBE write reg=0x48e4 value=0x00050a80 count=6
R350_PROBE write reg=0x48e8 value=0x40050200 count=5
R350_PROBE write reg=0x48ec value=0x00050a80 count=5
R350_PROBE write reg=0x48f0 value=0x40050200 count=4
R350_PROBE write reg=0x48f4 value=0x40050600 count=4
R350_PROBE write reg=0x48f8 value=0x00050200 count=4
R350_PROBE write reg=0x48fc value=0x00050200 count=4
R350_PROBE write reg=0x4900 value=0x4005000c count=4
R350_PROBE write reg=0x4904 value=0x40050600 count=4
R350_PROBE write reg=0x4908 value=0x00050200 count=4
R350_PROBE write reg=0x490c value=0x40050600 count=4
R350_PROBE write reg=0x4910 value=0x00050a80 count=4
R350_PROBE write reg=0x4914 value=0x40050200 count=3
R350_PROBE write reg=0x4918 value=0x40050200 count=3
R350_PROBE write reg=0x491c value=0x40050600 count=3
R350_PROBE write reg=0x4920 value=0x00050200 count=3
R350_PROBE write reg=0x4924 value=0x00050200 count=3
R350_PROBE write reg=0x4928 value=0x4005000c count=3
R350_PROBE write reg=0x492c value=0x00050a80 count=3
R350_PROBE write reg=0x4930 value=0x40050200 count=2
R350_PROBE write reg=0x4934 value=0x00050a80 count=2
R350_PROBE write reg=0x46d4 value=0x1c020800 count=8
R350_PROBE write reg=0x46d8 value=0x1c020040 count=7
R350_PROBE write reg=0x46dc value=0x1c020800 count=7
R350_PROBE write reg=0x46e0 value=0x1c020040 count=6
R350_PROBE write reg=0x46e4 value=0x1c020800 count=6
R350_PROBE write reg=0x46e8 value=0x1c020040 count=5
R350_PROBE write reg=0x46ec value=0x1c020800 count=5
R350_PROBE write reg=0x46f0 value=0x1c020040 count=4
R350_PROBE write reg=0x46f4 value=0x1c020800 count=4
R350_PROBE write reg=0x46f8 value=0x1c020040 count=4
R350_PROBE write reg=0x46fc value=0x038a0040 count=4
R350_PROBE write reg=0x4700 value=0x1c020802 count=4
R350_PROBE write reg=0x4704 value=0x1c020800 count=4
R350_PROBE write reg=0x4708 value=0x1c020040 count=4
R350_PROBE write reg=0x470c value=0x1c020800 count=4
R350_PROBE write reg=0x4710 value=0x1c020800 count=4
R350_PROBE write reg=0x4714 value=0x1c020040 count=3
R350_PROBE write reg=0x4718 value=0x1c020040 count=3
R350_PROBE write reg=0x471c value=0x1c020800 count=3
R350_PROBE write reg=0x4720 value=0x1c020040 count=3
R350_PROBE write reg=0x4724 value=0x038a0040 count=3
R350_PROBE write reg=0x4728 value=0x1c020802 count=3
R350_PROBE write reg=0x472c value=0x1c020800 count=3
R350_PROBE write reg=0x4730 value=0x1c020040 count=2
R350_PROBE write reg=0x4734 value=0x1c020800 count=2
R350_PROBE write reg=0x49d4 value=0x00040889 count=8
R350_PROBE write reg=0x49d8 value=0x40040509 count=7
R350_PROBE write reg=0x49dc value=0x00040889 count=7
R350_PROBE write reg=0x49e0 value=0x40040509 count=6
R350_PROBE write reg=0x49e4 value=0x00040889 count=6
R350_PROBE write reg=0x49e8 value=0x40040509 count=5
R350_PROBE write reg=0x49ec value=0x00040889 count=5
R350_PROBE write reg=0x49f0 value=0x40040509 count=4
R350_PROBE write reg=0x49f4 value=0x4004058a count=4
R350_PROBE write reg=0x49f8 value=0x00040509 count=4
R350_PROBE write reg=0x49fc value=0x00040509 count=4
R350_PROBE write reg=0x4a00 value=0x40040509 count=4
R350_PROBE write reg=0x4a04 value=0x4004058a count=4
R350_PROBE write reg=0x4a08 value=0x00040509 count=4
R350_PROBE write reg=0x4a0c value=0x4004058a count=4
R350_PROBE write reg=0x4a10 value=0x00040889 count=4
R350_PROBE write reg=0x4a14 value=0x40040509 count=3
R350_PROBE write reg=0x4a18 value=0x40040509 count=3
R350_PROBE write reg=0x4a1c value=0x4004058a count=3
R350_PROBE write reg=0x4a20 value=0x00040509 count=3
R350_PROBE write reg=0x4a24 value=0x00040509 count=3
R350_PROBE write reg=0x4a28 value=0x40040509 count=3
R350_PROBE write reg=0x4a2c value=0x00040889 count=3
R350_PROBE write reg=0x4a30 value=0x40040509 count=2
R350_PROBE write reg=0x4a34 value=0x00040889 count=2
R350_PROBE write reg=0x47d4 value=0x01020800 count=8
R350_PROBE write reg=0x47d8 value=0x01020800 count=7
R350_PROBE write reg=0x47dc value=0x01020800 count=7
R350_PROBE write reg=0x47e0 value=0x01020040 count=6
R350_PROBE write reg=0x47e4 value=0x01020800 count=6
R350_PROBE write reg=0x47e8 value=0x01020800 count=5
R350_PROBE write reg=0x47ec value=0x01020800 count=5
R350_PROBE write reg=0x47f0 value=0x01020040 count=4
R350_PROBE write reg=0x47f4 value=0x01001020 count=4
R350_PROBE write reg=0x47f8 value=0x01020040 count=4
R350_PROBE write reg=0x47fc value=0x00820040 count=4
R350_PROBE write reg=0x4800 value=0x01020002 count=4
R350_PROBE write reg=0x4804 value=0x01001020 count=4
R350_PROBE write reg=0x4808 value=0x01020040 count=4
R350_PROBE write reg=0x480c value=0x01001020 count=4
R350_PROBE write reg=0x4810 value=0x01020800 count=4
R350_PROBE write reg=0x4814 value=0x01020800 count=3
R350_PROBE write reg=0x4818 value=0x01020040 count=3
R350_PROBE write reg=0x481c value=0x01001020 count=3
R350_PROBE write reg=0x4820 value=0x01020040 count=3
R350_PROBE write reg=0x4824 value=0x00820040 count=3
R350_PROBE write reg=0x4828 value=0x01020002 count=3
R350_PROBE write reg=0x482c value=0x01020800 count=3
R350_PROBE write reg=0x4830 value=0x01020800 count=2
R350_PROBE write reg=0x4834 value=0x01020800 count=2
R350_PROBE write reg=0x4628 value=0x00018041 count=7
R350_PROBE write reg=0x462c value=0x00018041 count=6
R350_PROBE write reg=0x4630 value=0x00018041 count=5
R350_PROBE write reg=0x4634 value=0x00018041 count=4
R350_PROBE write reg=0x4638 value=0x00018041 count=4
R350_PROBE write reg=0x463c value=0x00018041 count=4
R350_PROBE write reg=0x4640 value=0x00018041 count=4
R350_PROBE write reg=0x4644 value=0x00018882 count=4
R350_PROBE write reg=0x4648 value=0x00018041 count=4
R350_PROBE write reg=0x464c value=0x00018041 count=4
R350_PROBE write reg=0x4650 value=0x00018041 count=4
R350_PROBE write reg=0x4654 value=0x00018041 count=3
R350_PROBE write reg=0x4658 value=0x00018041 count=3
R350_PROBE write reg=0x465c value=0x00018041 count=3
R350_PROBE write reg=0x4660 value=0x00018041 count=3
R350_PROBE write reg=0x4664 value=0x00018041 count=3
R350_PROBE write reg=0x4668 value=0x00018882 count=3
R350_PROBE write reg=0x466c value=0x00018041 count=2
R350_PROBE write reg=0x4f00 value=0x00000010 count=256
R350_PROBE write reg=0x4f04 value=0x00000000 count=256
R350_PROBE write reg=0x4938 value=0x40050200 count=1
R350_PROBE write reg=0x4738 value=0x1c020040 count=1
R350_PROBE write reg=0x4a38 value=0x40040509 count=1
R350_PROBE write reg=0x4838 value=0x01020800 count=1
R350_PROBE write reg=0x4670 value=0x00018041 count=1
R350_PROBE write reg=0x1d98 value=0x42820000 count=32
R350_PROBE write reg=0x1d9c value=0x42820000 count=32
R350_PROBE write reg=0x1da0 value=0xc22e0000 count=32
R350_PROBE write reg=0x1da4 value=0x422e0000 count=32
R350_PROBE write reg=0x1da8 value=0x3f000000 count=32
R350_PROBE write reg=0x1dac value=0x3f000000 count=32
R350_PROBE write reg=0x2220 value=0x3f800000 count=32
R350_PROBE write reg=0x2224 value=0x3f800000 count=32
R350_PROBE write reg=0x2228 value=0x3f800000 count=32
R350_PROBE write reg=0x222c value=0x3f800000 count=32
R350_PROBE write reg=0x2094 value=0x00000004 count=64
R350_PROBE write reg=0x493c value=0x40050200 count=1
R350_PROBE write reg=0x473c value=0x1c020040 count=1
R350_PROBE write reg=0x4a3c value=0x40040509 count=1
R350_PROBE write reg=0x483c value=0x01020040 count=1
R350_PROBE write reg=0x4674 value=0x00018041 count=1
R350_PROBE write reg=0x4234 value=0x00020006 count=256
R350_PROBE write reg=0x4238 value=0x00000000 count=256
R350_PROBE write reg=0x4268 value=0x3f800000 count=256
R350_PROBE write reg=0x2284 value=0x00000000 count=512
R350_PROBE write reg=0x2200 value=0x00000280 count=512
R350_PROBE write reg=0x4940 value=0x40050600 count=1
R350_PROBE write reg=0x4740 value=0x1c020800 count=1
R350_PROBE write reg=0x4a40 value=0x4004058a count=1
R350_PROBE write reg=0x4840 value=0x01001020 count=1
R350_PROBE write reg=0x4678 value=0x00018041 count=1
R350_PROBE write reg=0x4944 value=0x00050200 count=1
R350_PROBE write reg=0x4744 value=0x1c020040 count=1
R350_PROBE write reg=0x4a44 value=0x00040509 count=1
R350_PROBE write reg=0x4844 value=0x01020040 count=1
R350_PROBE write reg=0x467c value=0x00018041 count=1
R350_PROBE write reg=0x4c10 value=0x003f0000 count=64
R350_PROBE write reg=0x4c14 value=0x003f0000 count=64
R350_PROBE write reg=0x4c18 value=0x003f0000 count=64
R350_PROBE write reg=0x4c1c value=0x003f0000 count=64
R350_PROBE write reg=0x4948 value=0x00050a80 count=1
R350_PROBE write reg=0x4748 value=0x1c020800 count=1
R350_PROBE write reg=0x4a48 value=0x00040889 count=1
R350_PROBE write reg=0x4848 value=0x01020800 count=1
R350_PROBE write reg=0x4608 value=0x0002e021 count=128
R350_PROBE write reg=0x1720 value=0x10000000 count=512
R350_PROBE write reg=0x4400 value=0x00000a12 count=256
R350_PROBE write reg=0x4440 value=0x00000000 count=256
R350_PROBE write reg=0x4480 value=0x8001f83f count=256
R350_PROBE write reg=0x44c0 value=0x0008860c count=256
R350_PROBE write reg=0x4500 value=0x0000003f count=256
R350_PROBE write reg=0x4540 value=0x0075000c count=256
R350_PROBE write reg=0x20c4 value=0x07010704 count=64
R350_PROBE write reg=0x20d0 value=0x09020702 count=64
R350_PROBE write reg=0x20c0 value=0x00000023 count=64
R350_PROBE write reg=0x2208 value=0x00000000 count=16384
R350_PROBE write reg=0x4f08 value=0x00ffff00 count=16
R350_PROBE write reg=0x4bd8 value=0x00000000 count=16
R350_PROBE write reg=0x494c value=0x00050200 count=1
R350_PROBE write reg=0x4950 value=0x4005000c count=1
R350_PROBE write reg=0x474c value=0x038a0040 count=1
R350_PROBE write reg=0x4750 value=0x1c020802 count=1
R350_PROBE write reg=0x4a4c value=0x00040509 count=1
R350_PROBE write reg=0x4a50 value=0x40040509 count=1
R350_PROBE write reg=0x484c value=0x00820040 count=1
R350_PROBE write reg=0x4850 value=0x01020002 count=1
R350_PROBE write reg=0x4680 value=0x00018041 count=1
R350_PROBE write reg=0x4684 value=0x00018882 count=1
R350_PROBE write reg=0x4404 value=0x10605e36 count=6
R350_PROBE write reg=0x4444 value=0x00001fc0 count=6
R350_PROBE write reg=0x4484 value=0x2007f8ff count=6
R350_PROBE write reg=0x44c4 value=0x18000000 count=6
R350_PROBE write reg=0x45c4 value=0x00000000 count=6
R350_PROBE write reg=0x4584 value=0x00000000 count=6
R350_PROBE write reg=0x4504 value=0x00003fff count=6
R350_PROBE write reg=0x4334 value=0x00000089 count=4
R350_PROBE write reg=0x4544 value=0x0088700c count=3
R350_PROBE write reg=0x4404 value=0x10605e36 count=7
R350_PROBE write reg=0x4444 value=0x00001fc0 count=7
R350_PROBE write reg=0x4484 value=0x2007f8ff count=7
R350_PROBE write reg=0x44c4 value=0x18000000 count=7
R350_PROBE write reg=0x45c4 value=0x00000000 count=7
R350_PROBE write reg=0x4584 value=0x00000000 count=7
R350_PROBE write reg=0x4504 value=0x00003fff count=7
R350_PROBE write reg=0x4104 value=0x00000001 count=512
R350_PROBE write reg=0x4954 value=0x00050a80 count=1
R350_PROBE write reg=0x4754 value=0x1c020800 count=1
R350_PROBE write reg=0x4a54 value=0x00040889 count=1
R350_PROBE write reg=0x4854 value=0x01020800 count=1
R350_PROBE write reg=0x4958 value=0x00050a80 count=1
R350_PROBE write reg=0x4758 value=0x1c020800 count=1
R350_PROBE write reg=0x4a58 value=0x00040889 count=1
R350_PROBE write reg=0x4858 value=0x01020800 count=1
R350_PROBE write reg=0x421c value=0x01800180 count=64
R350_PROBE write reg=0x4e04 value=0x27210007 count=64
R350_PROBE write reg=0x495c value=0x00050200 count=1
R350_PROBE write reg=0x475c value=0x1c020040 count=1
R350_PROBE write reg=0x4a5c value=0x00040509 count=1
R350_PROBE write reg=0x485c value=0x01020040 count=1
R350_PROBE write reg=0x4688 value=0x00018041 count=1
R350_PROBE write reg=0x4e0c value=0x0000000f count=64
R350_PROBE write reg=0x45c0 value=0x00000000 count=256
R350_PROBE write reg=0x4580 value=0x00000000 count=256
R350_PROBE write reg=0x4960 value=0x000a0200 count=1
R350_PROBE write reg=0x4964 value=0x40020200 count=1
R350_PROBE write reg=0x4760 value=0x03802040 count=1
R350_PROBE write reg=0x4764 value=0x1c002840 count=1
R350_PROBE write reg=0x4a60 value=0x000ac509 count=1
R350_PROBE write reg=0x4a64 value=0x4002c509 count=1
R350_PROBE write reg=0x4860 value=0x00802040 count=1
R350_PROBE write reg=0x4864 value=0x01002840 count=1
R350_PROBE write reg=0x468c value=0x00018041 count=1
R350_PROBE write reg=0x4690 value=0x00018882 count=1
R350_PROBE write reg=0x4404 value=0x10000a12 count=8
R350_PROBE write reg=0x4444 value=0x00000000 count=8
R350_PROBE write reg=0x4484 value=0x8001f83f count=8
R350_PROBE write reg=0x44c4 value=0x0008860c count=8
R350_PROBE write reg=0x45c4 value=0x00000000 count=8
R350_PROBE write reg=0x4584 value=0x00000000 count=8
R350_PROBE write reg=0x4504 value=0x0000003f count=8
R350_PROBE write reg=0x2090 value=0x00000003 count=64
R350_PROBE write reg=0x4334 value=0x00000089 count=5
R350_PROBE write reg=0x4544 value=0x0078800c count=4
R350_PROBE write reg=0x4968 value=0x40050600 count=1
R350_PROBE write reg=0x4768 value=0x1c020800 count=1
R350_PROBE write reg=0x4a68 value=0x4004058a count=1
R350_PROBE write reg=0x4868 value=0x01001020 count=1
R350_PROBE write reg=0x4694 value=0x00018041 count=1
R350_PROBE write reg=0x496c value=0x00050a80 count=1
R350_PROBE write reg=0x476c value=0x1c020800 count=1
R350_PROBE write reg=0x4a6c value=0x00040889 count=1
R350_PROBE write reg=0x486c value=0x01020800 count=1
R350_PROBE write reg=0x4970 value=0x00050a80 count=1
R350_PROBE write reg=0x4770 value=0x1c020800 count=1
R350_PROBE write reg=0x4a70 value=0x00040889 count=1
R350_PROBE write reg=0x4870 value=0x01020800 count=1
R350_PROBE write reg=0x20b0 value=0x00000405 count=64
R350_PROBE write reg=0x42b8 value=0x00000000 count=64
R350_PROBE write reg=0x4288 value=0x00000000 count=32
R350_PROBE write reg=0x4974 value=0x00050200 count=1
R350_PROBE write reg=0x4774 value=0x1c020040 count=1
R350_PROBE write reg=0x4a74 value=0x00040509 count=1
R350_PROBE write reg=0x4874 value=0x01020040 count=1
R350_PROBE write reg=0x4698 value=0x00018041 count=1
R350_PROBE write reg=0x4300 value=0x00040084 count=128
R350_PROBE write reg=0x4978 value=0x00050a80 count=1
R350_PROBE write reg=0x4778 value=0x1c020800 count=1
R350_PROBE write reg=0x4a78 value=0x00040889 count=1
R350_PROBE write reg=0x4878 value=0x01020800 count=1
R350_PROBE unsupported_3d_draw count=512; R200 renderer deliberately not used
R350_PROBE write reg=0x4e18 value=0x00000000 count=32
R350_PROBE write reg=0x43a4 value=0x0000001c count=64
R350_PROBE write reg=0x4f1c value=0x00000000 count=64
R350_PROBE write reg=0x4334 value=0x00000089 count=6
R350_PROBE write reg=0x4544 value=0x0078800c count=5
R350_PROBE write reg=0x4200 value=0x00000000 count=64
R350_PROBE write reg=0x4204 value=0x3f800000 count=64
R350_PROBE write reg=0x4208 value=0x3efc0fc1 count=64
R350_PROBE write reg=0x420c value=0x3f48178a count=64
R350_PROBE write reg=0x2180 value=0x00000000 count=64
R350_PROBE write reg=0x2080 value=0x0030045a count=16
R350_PROBE write reg=0x16ec value=0x00000000 count=64
R350_PROBE write reg=0x16f0 value=0x00380400 count=64
R350_PROBE write reg=0x4278 value=0x0003aaaa count=64
R350_PROBE write reg=0x4018 value=0x00000017 count=64
R350_PROBE write reg=0x4628 value=0x00018041 count=8
R350_PROBE write reg=0x4600 value=0x00000008 count=128
R350_PROBE write reg=0x4604 value=0x00000001 count=128
R350_PROBE write reg=0x461c value=0x00400000 count=128
R350_PROBE write reg=0x22d0 value=0x08820c80 count=64
R350_PROBE write reg=0x22d4 value=0x00080080 count=64
R350_PROBE write reg=0x22d8 value=0x00000088 count=64
R350_PROBE write reg=0x22dc value=0x00000000 count=64
R350_PROBE write reg=0x4304 value=0x00000000 count=128
R350_PROBE write reg=0x4330 value=0x00004000 count=128
R350_PROBE write reg=0x4310 value=0x00d10000 count=128
R350_PROBE write reg=0x2150 value=0x00000000 count=64
R350_PROBE write reg=0x21e0 value=0x00000000 count=64
R350_PROBE write reg=0x4e28 value=0x00736000 count=64
R350_PROBE write reg=0x4e38 value=0x02d180c0 count=64
R350_PROBE write reg=0x4e00 value=0x00000000 count=64
R350_PROBE write reg=0x4e14 value=0x00000000 count=64
R350_PROBE write reg=0x43d0 value=0x0000aaaa count=64
R350_PROBE write reg=0x462c value=0x00018041 count=7
R350_PROBE write reg=0x4e50 value=0x00000005 count=64
R350_PROBE write reg=0x46a4 value=0x00001b00 count=64
R350_PROBE write reg=0x46a8 value=0x0000000f count=64
R350_PROBE write reg=0x46ac value=0x0000000f count=64
R350_PROBE write reg=0x46b0 value=0x0000000f count=64
R350_PROBE write reg=0x48d8 value=0x40050200 count=8
R350_PROBE write reg=0x46d8 value=0x1c020040 count=8
R350_PROBE write reg=0x49d8 value=0x40040509 count=8
R350_PROBE write reg=0x47d8 value=0x01020040 count=8
R350_PROBE write reg=0x4630 value=0x00018041 count=6
R350_PROBE write reg=0x48dc value=0x40050600 count=8
R350_PROBE write reg=0x46dc value=0x1c020800 count=8
R350_PROBE write reg=0x49dc value=0x4004058a count=8
R350_PROBE write reg=0x47dc value=0x01001020 count=8
R350_PROBE write reg=0x4634 value=0x00018041 count=5
R350_PROBE write reg=0x48e0 value=0x00050a80 count=7
R350_PROBE write reg=0x46e0 value=0x1c020800 count=7
R350_PROBE write reg=0x49e0 value=0x00040889 count=7
R350_PROBE write reg=0x47e0 value=0x01020800 count=7
R350_PROBE write reg=0x48e4 value=0x00050a80 count=7
R350_PROBE write reg=0x46e4 value=0x1c020800 count=7
R350_PROBE write reg=0x49e4 value=0x00040889 count=7
R350_PROBE write reg=0x47e4 value=0x01020800 count=7
R350_PROBE write reg=0x48e8 value=0x00050200 count=6
R350_PROBE write reg=0x46e8 value=0x1c020040 count=6
R350_PROBE write reg=0x49e8 value=0x00040509 count=6
R350_PROBE write reg=0x47e8 value=0x01020040 count=6
R350_PROBE write reg=0x4638 value=0x00018041 count=5
R350_PROBE write reg=0x46b4 value=0x00000001 count=128
R350_PROBE write reg=0x4610 value=0x00000000 count=128
R350_PROBE write reg=0x4614 value=0x00000000 count=128
R350_PROBE write reg=0x4618 value=0x00000000 count=128
R350_PROBE write reg=0x4314 value=0x00d10040 count=128
R350_PROBE write reg=0x4318 value=0x00d10080 count=128
R350_PROBE write reg=0x431c value=0x00d100c0 count=128
R350_PROBE write reg=0x4320 value=0x00d10000 count=128
R350_PROBE write reg=0x4324 value=0x00d10000 count=128
R350_PROBE write reg=0x4328 value=0x00d10000 count=128
R350_PROBE write reg=0x432c value=0x00d10000 count=128
R350_PROBE write reg=0x1d98 value=0x3f800000 count=64
R350_PROBE write reg=0x1da0 value=0x3f800000 count=64
R350_PROBE write reg=0x48ec value=0x00050200 count=6
R350_PROBE write reg=0x48f0 value=0x4005000c count=5
R350_PROBE write reg=0x46ec value=0x038a0040 count=6
R350_PROBE write reg=0x46f0 value=0x1c020802 count=5
R350_PROBE write reg=0x49ec value=0x00040509 count=6
R350_PROBE write reg=0x49f0 value=0x40040509 count=5
R350_PROBE write reg=0x47ec value=0x00820040 count=6
R350_PROBE write reg=0x47f0 value=0x01020002 count=5
R350_PROBE write reg=0x463c value=0x00018041 count=5
R350_PROBE write reg=0x4640 value=0x00018882 count=5
R350_PROBE write reg=0x4334 value=0x00000089 count=7
R350_PROBE write reg=0x4544 value=0x0088700c count=6
R350_PROBE write reg=0x48f4 value=0x40050600 count=5
R350_PROBE write reg=0x46f4 value=0x1c020800 count=5
R350_PROBE write reg=0x49f4 value=0x4004058a count=5
R350_PROBE write reg=0x47f4 value=0x01001020 count=5
R350_PROBE write reg=0x4644 value=0x00018041 count=5
R350_PROBE write reg=0x2154 value=0x23032201 count=32
R350_PROBE write reg=0x21e4 value=0xf688f688 count=32
R350_PROBE write reg=0x48f8 value=0x00050200 count=5
R350_PROBE write reg=0x46f8 value=0x1c020040 count=5
R350_PROBE write reg=0x49f8 value=0x00040509 count=5
R350_PROBE write reg=0x47f8 value=0x01020040 count=5
R350_PROBE write reg=0x4648 value=0x00018041 count=5
R350_PROBE write reg=0x48fc value=0x40050600 count=5
R350_PROBE write reg=0x46fc value=0x1c020800 count=5
R350_PROBE write reg=0x49fc value=0x4004058a count=5
R350_PROBE write reg=0x47fc value=0x01001020 count=5
R350_PROBE write reg=0x464c value=0x00018041 count=5
R350_PROBE write reg=0x4900 value=0x00050a80 count=5
R350_PROBE write reg=0x4700 value=0x1c020800 count=5
R350_PROBE write reg=0x4a00 value=0x00040889 count=5
R350_PROBE write reg=0x4800 value=0x01020800 count=5
R350_PROBE write reg=0x221c value=0x00000000 count=128
R350_PROBE write reg=0x48c4 value=0x40020200 count=16
R350_PROBE write reg=0x48c8 value=0x00050a80 count=16
R350_PROBE write reg=0x48e0 value=0x00050a80 count=8
R350_PROBE write reg=0x48e4 value=0x00050a80 count=8
R350_PROBE write reg=0x48e8 value=0x00050200 count=7
R350_PROBE write reg=0x48ec value=0x00050200 count=7
R350_PROBE write reg=0x48f0 value=0x4005000c count=6
R350_PROBE write reg=0x48f4 value=0x40050600 count=6
R350_PROBE write reg=0x48f8 value=0x00050200 count=6
R350_PROBE write reg=0x48fc value=0x40050600 count=6
R350_PROBE write reg=0x4900 value=0x00050a80 count=6
R350_PROBE write reg=0x46c4 value=0x1c002840 count=16
R350_PROBE write reg=0x46c8 value=0x1c020800 count=16
R350_PROBE write reg=0x46e0 value=0x1c020800 count=8
R350_PROBE write reg=0x46e4 value=0x1c020800 count=8
R350_PROBE write reg=0x46e8 value=0x1c020040 count=7
R350_PROBE write reg=0x46ec value=0x038a0040 count=7
R350_PROBE write reg=0x46f0 value=0x1c020802 count=6
R350_PROBE write reg=0x46f4 value=0x1c020800 count=6
R350_PROBE write reg=0x46f8 value=0x1c020040 count=6
R350_PROBE write reg=0x46fc value=0x1c020800 count=6
R350_PROBE write reg=0x4700 value=0x1c020800 count=6
R350_PROBE write reg=0x49c4 value=0x4002c509 count=16
R350_PROBE write reg=0x49c8 value=0x00040889 count=16
R350_PROBE write reg=0x49e0 value=0x00040889 count=8
R350_PROBE write reg=0x49e4 value=0x00040889 count=8
R350_PROBE write reg=0x49e8 value=0x00040509 count=7
R350_PROBE write reg=0x49ec value=0x00040509 count=7
R350_PROBE write reg=0x49f0 value=0x40040509 count=6
R350_PROBE write reg=0x49f4 value=0x4004058a count=6
R350_PROBE write reg=0x49f8 value=0x00040509 count=6
R350_PROBE write reg=0x49fc value=0x4004058a count=6
R350_PROBE write reg=0x4a00 value=0x00040889 count=6
R350_PROBE write reg=0x47c4 value=0x01002840 count=16
R350_PROBE write reg=0x47c8 value=0x01020800 count=16
R350_PROBE write reg=0x47e0 value=0x01020800 count=8
R350_PROBE write reg=0x47e4 value=0x01020800 count=8
R350_PROBE write reg=0x47e8 value=0x01020040 count=7
R350_PROBE write reg=0x47ec value=0x00820040 count=7
R350_PROBE write reg=0x47f0 value=0x01020002 count=6
R350_PROBE write reg=0x47f4 value=0x01001020 count=6
R350_PROBE write reg=0x47f8 value=0x01020040 count=6
R350_PROBE write reg=0x47fc value=0x01001020 count=6
R350_PROBE write reg=0x4800 value=0x01020800 count=6
R350_PROBE write reg=0x462c value=0x00018041 count=8
R350_PROBE write reg=0x4630 value=0x00018041 count=7
R350_PROBE write reg=0x4634 value=0x00018041 count=6
R350_PROBE write reg=0x4638 value=0x00018041 count=6
R350_PROBE write reg=0x463c value=0x00018041 count=6
R350_PROBE write reg=0x4640 value=0x00018882 count=6
R350_PROBE write reg=0x4644 value=0x00018041 count=6
R350_PROBE write reg=0x4648 value=0x00018041 count=6
R350_PROBE write reg=0x464c value=0x00018041 count=6
R350_PROBE write reg=0x4f08 value=0x00ffff00 count=32
R350_PROBE write reg=0x4904 value=0x40050200 count=5
R350_PROBE write reg=0x4704 value=0x1c020040 count=5
R350_PROBE write reg=0x4a04 value=0x40040509 count=5
R350_PROBE write reg=0x4804 value=0x01020800 count=5
R350_PROBE write reg=0x4650 value=0x00018041 count=5
R350_PROBE write reg=0x43e8 value=0x00ffffff count=128
R350_PROBE write reg=0x4908 value=0x00050a80 count=5
R350_PROBE write reg=0x4708 value=0x1c020800 count=5
R350_PROBE write reg=0x4a08 value=0x00040889 count=5
R350_PROBE write reg=0x4808 value=0x01020800 count=5
R350_PROBE write reg=0x4290 value=0x00000000 count=16
R350_PROBE write reg=0x42b4 value=0x00000000 count=16
R350_PROBE write reg=0x428c value=0x00000001 count=16
R350_PROBE write reg=0x4214 value=0x00050005 count=16
R350_PROBE write reg=0x4260 value=0x00000000 count=16
R350_PROBE write reg=0x4264 value=0x00000000 count=16
R350_PROBE write reg=0x4e88 value=0x00000000 count=16
R350_PROBE write reg=0x4274 value=0x00000002 count=16
R350_PROBE write reg=0x42a0 value=0x00000000 count=16
R350_PROBE write reg=0x4294 value=0x00000000 count=32
R350_PROBE write reg=0x4298 value=0x00000000 count=32
R350_PROBE write reg=0x2184 value=0x00000005 count=64
R350_PROBE write reg=0x2288 value=0x0000ffff count=16
R350_PROBE write reg=0x21dc value=0xaaaaaaaa count=16
R350_PROBE write reg=0x2134 value=0x00ffffff count=16
R350_PROBE write reg=0x2138 value=0x00000000 count=16
R350_PROBE write reg=0x4230 value=0x01800006 count=32
R350_PROBE write reg=0x4bd8 value=0x00000000 count=32
R350_PROBE write reg=0x4bc8 value=0x00000000 count=32
R350_PROBE write reg=0x4bcc value=0x00000000 count=32
R350_PROBE write reg=0x4bd0 value=0x00000000 count=32
R350_PROBE write reg=0x427c value=0x00000000 count=16
R350_PROBE write reg=0x4280 value=0x00000000 count=16
R350_PROBE write reg=0x4c20 value=0x00000000 count=16
R350_PROBE write reg=0x4c24 value=0x00000000 count=16
R350_PROBE write reg=0x4c28 value=0x00000000 count=16
R350_PROBE write reg=0x4c2c value=0x00000000 count=16
R350_PROBE write reg=0x4c30 value=0x00000000 count=16
R350_PROBE write reg=0x4c34 value=0x00000000 count=16
R350_PROBE write reg=0x4c38 value=0x00000000 count=16
R350_PROBE write reg=0x4c3c value=0x00000000 count=16
R350_PROBE write reg=0x4c40 value=0x00000000 count=16
R350_PROBE write reg=0x4c44 value=0x00000000 count=16
R350_PROBE write reg=0x4c48 value=0x00000000 count=16
R350_PROBE write reg=0x4c4c value=0x00000000 count=16
R350_PROBE write reg=0x4c50 value=0x00000000 count=16
R350_PROBE write reg=0x4c54 value=0x00000000 count=16
R350_PROBE write reg=0x4c58 value=0x00000000 count=16
R350_PROBE write reg=0x4c5c value=0x00000000 count=16
R350_PROBE write reg=0x4c60 value=0x00000000 count=16
R350_PROBE write reg=0x4c64 value=0x00000000 count=16
R350_PROBE write reg=0x4c68 value=0x00000000 count=16
R350_PROBE write reg=0x4c6c value=0x00000000 count=16
R350_PROBE write reg=0x4c70 value=0x00000000 count=16
R350_PROBE write reg=0x4c74 value=0x00000000 count=16
R350_PROBE write reg=0x4c78 value=0x00000000 count=16
R350_PROBE write reg=0x4c7c value=0x00000000 count=16
R350_PROBE write reg=0x48cc value=0x40050200 count=16
R350_PROBE write reg=0x48e8 value=0x00050200 count=8
R350_PROBE write reg=0x48ec value=0x00050200 count=8
R350_PROBE write reg=0x48f0 value=0x4005000c count=7
R350_PROBE write reg=0x48f4 value=0x40050600 count=7
R350_PROBE write reg=0x48f8 value=0x00050200 count=7
R350_PROBE write reg=0x48fc value=0x40050600 count=7
R350_PROBE write reg=0x4900 value=0x00050a80 count=7
R350_PROBE write reg=0x4904 value=0x40050200 count=6
R350_PROBE write reg=0x4908 value=0x00050a80 count=6
R350_PROBE write reg=0x46cc value=0x1c020040 count=16
R350_PROBE write reg=0x46e8 value=0x1c020040 count=8
R350_PROBE write reg=0x46ec value=0x038a0040 count=8
R350_PROBE write reg=0x46f0 value=0x1c020802 count=7
R350_PROBE write reg=0x46f4 value=0x1c020800 count=7
R350_PROBE write reg=0x46f8 value=0x1c020040 count=7
R350_PROBE write reg=0x46fc value=0x1c020800 count=7
R350_PROBE write reg=0x4700 value=0x1c020800 count=7
R350_PROBE write reg=0x4704 value=0x1c020040 count=6
R350_PROBE write reg=0x4708 value=0x1c020800 count=6
R350_PROBE write reg=0x49cc value=0x40040509 count=16
R350_PROBE write reg=0x49e8 value=0x00040509 count=8
R350_PROBE write reg=0x49ec value=0x00040509 count=8
R350_PROBE write reg=0x49f0 value=0x40040509 count=7
R350_PROBE write reg=0x49f4 value=0x4004058a count=7
R350_PROBE write reg=0x49f8 value=0x00040509 count=7
R350_PROBE write reg=0x49fc value=0x4004058a count=7
R350_PROBE write reg=0x4a00 value=0x00040889 count=7
R350_PROBE write reg=0x4a04 value=0x40040509 count=6
R350_PROBE write reg=0x4a08 value=0x00040889 count=6
R350_PROBE write reg=0x47cc value=0x01020800 count=16
R350_PROBE write reg=0x47e8 value=0x01020040 count=8
R350_PROBE write reg=0x47ec value=0x00820040 count=8
R350_PROBE write reg=0x47f0 value=0x01020002 count=7
R350_PROBE write reg=0x47f4 value=0x01001020 count=7
R350_PROBE write reg=0x47f8 value=0x01020040 count=7
R350_PROBE write reg=0x47fc value=0x01001020 count=7
R350_PROBE write reg=0x4800 value=0x01020800 count=7
R350_PROBE write reg=0x4804 value=0x01020800 count=6
R350_PROBE write reg=0x4808 value=0x01020800 count=6
R350_PROBE write reg=0x4624 value=0x00018882 count=16
R350_PROBE write reg=0x4630 value=0x00018041 count=8
R350_PROBE write reg=0x4634 value=0x00018041 count=7
R350_PROBE write reg=0x4638 value=0x00018041 count=7
R350_PROBE write reg=0x463c value=0x00018041 count=7
R350_PROBE write reg=0x4640 value=0x00018882 count=7
R350_PROBE write reg=0x4644 value=0x00018041 count=7
R350_PROBE write reg=0x4648 value=0x00018041 count=7
R350_PROBE write reg=0x464c value=0x00018041 count=7
R350_PROBE write reg=0x4650 value=0x00018041 count=6
R350_PROBE write reg=0x20e0 value=0x00000000 count=16
R350_PROBE write reg=0x20e4 value=0x00000000 count=16
R350_PROBE write reg=0x20ec value=0x00000000 count=16
R350_PROBE write reg=0x20f0 value=0x00000000 count=16
R350_PROBE write reg=0x20f8 value=0x00000000 count=16
R350_PROBE write reg=0x20fc value=0x00000000 count=16
R350_PROBE write reg=0x2104 value=0x00000000 count=16
R350_PROBE write reg=0x2108 value=0x00000000 count=16
R350_PROBE write reg=0x2110 value=0x00000000 count=16
R350_PROBE write reg=0x2114 value=0x00000000 count=16
R350_PROBE write reg=0x211c value=0x00000000 count=16
R350_PROBE write reg=0x2120 value=0x00000000 count=16
R350_PROBE write reg=0x490c value=0x40050200 count=5
R350_PROBE write reg=0x470c value=0x1c020040 count=5
R350_PROBE write reg=0x4a0c value=0x40040509 count=5
R350_PROBE write reg=0x480c value=0x01020800 count=5
R350_PROBE write reg=0x4654 value=0x00018041 count=4
R350_PROBE write reg=0x43b0 value=0x00b405a0 count=64
R350_PROBE write reg=0x43b4 value=0x00bee61f count=64
R350_PROBE write reg=0x20b4 value=0x0000000c count=128
R350_PROBE write reg=0x4910 value=0x40050200 count=5
R350_PROBE write reg=0x4710 value=0x1c020040 count=5
R350_PROBE write reg=0x4a10 value=0x40040509 count=5
R350_PROBE write reg=0x4810 value=0x01020040 count=5
R350_PROBE write reg=0x4658 value=0x00018041 count=4
R350_PROBE write reg=0x4e08 value=0x27210000 count=64
R350_PROBE write reg=0x4e10 value=0x00000000 count=64
R350_PROBE write reg=0x4e4c value=0x00000000 count=1024
R350_PROBE write reg=0x4914 value=0x40050600 count=4
R350_PROBE write reg=0x4714 value=0x1c020800 count=4
R350_PROBE write reg=0x4a14 value=0x4004058a count=4
R350_PROBE write reg=0x4814 value=0x01001020 count=4
R350_PROBE write reg=0x465c value=0x00018041 count=4
R350_PROBE write reg=0x4918 value=0x00050200 count=4
R350_PROBE write reg=0x4718 value=0x1c020040 count=4
R350_PROBE write reg=0x4a18 value=0x00040509 count=4
R350_PROBE write reg=0x4818 value=0x01020040 count=4
R350_PROBE write reg=0x4660 value=0x00018041 count=4
R350_PROBE write reg=0x491c value=0x00050200 count=4
R350_PROBE write reg=0x4920 value=0x4005000c count=4
R350_PROBE write reg=0x471c value=0x038a0040 count=4
R350_PROBE write reg=0x4720 value=0x1c020802 count=4
R350_PROBE write reg=0x4a1c value=0x00040509 count=4
R350_PROBE write reg=0x4a20 value=0x40040509 count=4
R350_PROBE write reg=0x481c value=0x00820040 count=4
R350_PROBE write reg=0x4820 value=0x01020002 count=4
R350_PROBE write reg=0x4664 value=0x00018041 count=4
R350_PROBE write reg=0x4668 value=0x00018882 count=4
R350_PROBE write reg=0x2094 value=0x00000024 count=128
R350_PROBE write reg=0x4334 value=0x00000089 count=8
R350_PROBE write reg=0x4544 value=0x0088700c count=7
R350_PROBE write reg=0x4924 value=0x00050a80 count=4
R350_PROBE write reg=0x4724 value=0x1c020800 count=4
R350_PROBE write reg=0x4a24 value=0x00040889 count=4
R350_PROBE write reg=0x4824 value=0x01020800 count=4
R350_PROBE write reg=0x4bd4 value=0x00000000 count=128
R350_PROBE write reg=0x4008 value=0x00000007 count=64
R350_PROBE write reg=0x4bc0 value=0x00000000 count=64
R350_PROBE write reg=0x4f14 value=0x00000000 count=64
R350_PROBE write reg=0x4c10 value=0x003f0000 count=128
R350_PROBE write reg=0x4c14 value=0x003f0000 count=128
R350_PROBE write reg=0x4c18 value=0x003f0000 count=128
R350_PROBE write reg=0x4c1c value=0x003f0000 count=128
R350_PROBE write reg=0x48c0 value=0x000a0200 count=32
R350_PROBE write reg=0x48d0 value=0x00050a80 count=16
R350_PROBE write reg=0x48f0 value=0x4005000c count=8
R350_PROBE write reg=0x48f4 value=0x40050600 count=8
R350_PROBE write reg=0x48f8 value=0x00050200 count=8
R350_PROBE write reg=0x48fc value=0x40050600 count=8
R350_PROBE write reg=0x4900 value=0x00050a80 count=8
R350_PROBE write reg=0x4904 value=0x40050200 count=7
R350_PROBE write reg=0x4908 value=0x00050a80 count=7
R350_PROBE write reg=0x490c value=0x40050200 count=6
R350_PROBE write reg=0x4910 value=0x40050200 count=6
R350_PROBE write reg=0x4914 value=0x40050600 count=5
R350_PROBE write reg=0x4918 value=0x00050200 count=5
R350_PROBE write reg=0x491c value=0x00050200 count=5
R350_PROBE write reg=0x4920 value=0x4005000c count=5
R350_PROBE write reg=0x4924 value=0x00050a80 count=5
R350_PROBE write reg=0x46c0 value=0x03802040 count=32
R350_PROBE write reg=0x46d0 value=0x1c020800 count=16
R350_PROBE write reg=0x46f0 value=0x1c020802 count=8
R350_PROBE write reg=0x46f4 value=0x1c020800 count=8
R350_PROBE write reg=0x46f8 value=0x1c020040 count=8
R350_PROBE write reg=0x46fc value=0x1c020800 count=8
R350_PROBE write reg=0x4700 value=0x1c020800 count=8
R350_PROBE write reg=0x4704 value=0x1c020040 count=7
R350_PROBE write reg=0x4708 value=0x1c020800 count=7
R350_PROBE write reg=0x470c value=0x1c020040 count=6
R350_PROBE write reg=0x4710 value=0x1c020040 count=6
R350_PROBE write reg=0x4714 value=0x1c020800 count=5
R350_PROBE write reg=0x4718 value=0x1c020040 count=5
R350_PROBE write reg=0x471c value=0x038a0040 count=5
R350_PROBE write reg=0x4720 value=0x1c020802 count=5
R350_PROBE write reg=0x4724 value=0x1c020800 count=5
R350_PROBE write reg=0x49c0 value=0x000ac509 count=32
R350_PROBE write reg=0x49d0 value=0x00040889 count=16
R350_PROBE write reg=0x49f0 value=0x40040509 count=8
R350_PROBE write reg=0x49f4 value=0x4004058a count=8
R350_PROBE write reg=0x49f8 value=0x00040509 count=8
R350_PROBE write reg=0x49fc value=0x4004058a count=8
R350_PROBE write reg=0x4a00 value=0x00040889 count=8
R350_PROBE write reg=0x4a04 value=0x40040509 count=7
R350_PROBE write reg=0x4a08 value=0x00040889 count=7
R350_PROBE write reg=0x4a0c value=0x40040509 count=6
R350_PROBE write reg=0x4a10 value=0x40040509 count=6
R350_PROBE write reg=0x4a14 value=0x4004058a count=5
R350_PROBE write reg=0x4a18 value=0x00040509 count=5
R350_PROBE write reg=0x4a1c value=0x00040509 count=5
R350_PROBE write reg=0x4a20 value=0x40040509 count=5
R350_PROBE write reg=0x4a24 value=0x00040889 count=5
R350_PROBE write reg=0x47c0 value=0x00802040 count=32
R350_PROBE write reg=0x47d0 value=0x01020800 count=16
R350_PROBE write reg=0x47f0 value=0x01020002 count=8
R350_PROBE write reg=0x47f4 value=0x01001020 count=8
R350_PROBE write reg=0x47f8 value=0x01020040 count=8
R350_PROBE write reg=0x47fc value=0x01001020 count=8
R350_PROBE write reg=0x4800 value=0x01020800 count=8
R350_PROBE write reg=0x4804 value=0x01020800 count=7
R350_PROBE write reg=0x4808 value=0x01020800 count=7
R350_PROBE write reg=0x480c value=0x01020800 count=6
R350_PROBE write reg=0x4810 value=0x01020040 count=6
R350_PROBE write reg=0x4814 value=0x01001020 count=5
R350_PROBE write reg=0x4818 value=0x01020040 count=5
R350_PROBE write reg=0x481c value=0x00820040 count=5
R350_PROBE write reg=0x4820 value=0x01020002 count=5
R350_PROBE write reg=0x4824 value=0x01020800 count=5
R350_PROBE write reg=0x4634 value=0x00018041 count=8
R350_PROBE write reg=0x4638 value=0x00018041 count=8
R350_PROBE write reg=0x463c value=0x00018041 count=8
R350_PROBE write reg=0x4640 value=0x00018882 count=8
R350_PROBE write reg=0x4644 value=0x00018041 count=8
R350_PROBE write reg=0x4648 value=0x00018041 count=8
R350_PROBE write reg=0x464c value=0x00018041 count=8
R350_PROBE write reg=0x4650 value=0x00018041 count=7
R350_PROBE write reg=0x4654 value=0x00018041 count=5
R350_PROBE write reg=0x4658 value=0x00018041 count=5
R350_PROBE write reg=0x465c value=0x00018041 count=5
R350_PROBE write reg=0x4660 value=0x00018041 count=5
R350_PROBE write reg=0x4664 value=0x00018041 count=5
R350_PROBE write reg=0x4668 value=0x00018882 count=5
R350_PROBE write reg=0x42c4 value=0x00000000 count=64
R350_PROBE write reg=0x42c0 value=0x4b7fffff count=64
R350_PROBE write reg=0x4010 value=0x66666666 count=128
R350_PROBE write reg=0x4014 value=0x06666666 count=128
R350_PROBE write reg=0x4e2c value=0x00000000 count=64
R350_PROBE write reg=0x4e30 value=0x00000000 count=64
R350_PROBE write reg=0x4e34 value=0x00000000 count=64
R350_PROBE write reg=0x4e3c value=0x00000000 count=64
R350_PROBE write reg=0x4e40 value=0x00000000 count=64
R350_PROBE write reg=0x4e44 value=0x00000000 count=64
R350_PROBE write reg=0x4e54 value=0x00000001 count=64
R350_PROBE write reg=0x4e64 value=0x00000400 count=64
R350_PROBE write reg=0x4f20 value=0x00000000 count=64
R350_PROBE write reg=0x4f24 value=0x00000000 count=64
R350_PROBE write reg=0x4f60 value=0x00000000 count=64
R350_PROBE write reg=0x4f10 value=0x00000000 count=64
R350_PROBE write reg=0x4f28 value=0x00000000 count=64
R350_PROBE write reg=0x4f30 value=0x00000000 count=64
R350_PROBE write reg=0x4f34 value=0x00000000 count=64
R350_PROBE write reg=0x4f44 value=0x00000000 count=64
R350_PROBE write reg=0x4f54 value=0x00000000 count=64
R350_PROBE write reg=0x4928 value=0x40050200 count=4
R350_PROBE write reg=0x4728 value=0x1c020040 count=4
R350_PROBE write reg=0x4a28 value=0x40040509 count=4
R350_PROBE write reg=0x4828 value=0x01020800 count=4
R350_PROBE write reg=0x466c value=0x00018041 count=3
R350_PROBE write reg=0x4f00 value=0x00000010 count=512
R350_PROBE write reg=0x4f04 value=0x00000000 count=512
R350_PROBE write reg=0x492c value=0x00050a80 count=4
R350_PROBE write reg=0x472c value=0x1c020800 count=4
R350_PROBE write reg=0x4a2c value=0x00040889 count=4
R350_PROBE write reg=0x482c value=0x01020800 count=4
R350_PROBE write reg=0x2140 value=0x00000002 count=32
R350_PROBE write reg=0x43a8 value=0x2da49525 count=32
R350_PROBE write reg=0x4904 value=0x40050200 count=8
R350_PROBE write reg=0x4908 value=0x00050a80 count=8
R350_PROBE write reg=0x490c value=0x40050200 count=7
R350_PROBE write reg=0x4910 value=0x40050200 count=7
R350_PROBE write reg=0x4914 value=0x40050600 count=6
R350_PROBE write reg=0x4918 value=0x00050200 count=6
R350_PROBE write reg=0x491c value=0x00050200 count=6
R350_PROBE write reg=0x4920 value=0x4005000c count=6
R350_PROBE write reg=0x4924 value=0x00050a80 count=6
R350_PROBE write reg=0x4928 value=0x40050200 count=5
R350_PROBE write reg=0x492c value=0x00050a80 count=5
R350_PROBE write reg=0x4704 value=0x1c020040 count=8
R350_PROBE write reg=0x4708 value=0x1c020800 count=8
R350_PROBE write reg=0x470c value=0x1c020040 count=7
R350_PROBE write reg=0x4710 value=0x1c020040 count=7
R350_PROBE write reg=0x4714 value=0x1c020800 count=6
R350_PROBE write reg=0x4718 value=0x1c020040 count=6
R350_PROBE write reg=0x471c value=0x038a0040 count=6
R350_PROBE write reg=0x4720 value=0x1c020802 count=6
R350_PROBE write reg=0x4724 value=0x1c020800 count=6
R350_PROBE write reg=0x4728 value=0x1c020040 count=5
R350_PROBE write reg=0x472c value=0x1c020800 count=5
R350_PROBE write reg=0x4a04 value=0x40040509 count=8
R350_PROBE write reg=0x4a08 value=0x00040889 count=8
R350_PROBE write reg=0x4a0c value=0x40040509 count=7
R350_PROBE write reg=0x4a10 value=0x40040509 count=7
R350_PROBE write reg=0x4a14 value=0x4004058a count=6
R350_PROBE write reg=0x4a18 value=0x00040509 count=6
R350_PROBE write reg=0x4a1c value=0x00040509 count=6
R350_PROBE write reg=0x4a20 value=0x40040509 count=6
R350_PROBE write reg=0x4a24 value=0x00040889 count=6
R350_PROBE write reg=0x4a28 value=0x40040509 count=5
R350_PROBE write reg=0x4a2c value=0x00040889 count=5
R350_PROBE write reg=0x4804 value=0x01020800 count=8
R350_PROBE write reg=0x4808 value=0x01020800 count=8
R350_PROBE write reg=0x480c value=0x01020800 count=7
R350_PROBE write reg=0x4810 value=0x01020040 count=7
R350_PROBE write reg=0x4814 value=0x01001020 count=6
R350_PROBE write reg=0x4818 value=0x01020040 count=6
R350_PROBE write reg=0x481c value=0x00820040 count=6
R350_PROBE write reg=0x4820 value=0x01020002 count=6
R350_PROBE write reg=0x4824 value=0x01020800 count=6
R350_PROBE write reg=0x4828 value=0x01020800 count=5
R350_PROBE write reg=0x482c value=0x01020800 count=5
R350_PROBE write reg=0x4650 value=0x00018041 count=8
R350_PROBE write reg=0x4654 value=0x00018041 count=6
R350_PROBE write reg=0x4658 value=0x00018041 count=6
R350_PROBE write reg=0x465c value=0x00018041 count=6
R350_PROBE write reg=0x4660 value=0x00018041 count=6
R350_PROBE write reg=0x4664 value=0x00018041 count=6
R350_PROBE write reg=0x4668 value=0x00018882 count=6
R350_PROBE write reg=0x466c value=0x00018041 count=4
R350_PROBE write reg=0x4020 value=0x00000000 count=128
R350_PROBE write reg=0x4100 value=0x00000000 count=512
R350_PROBE write reg=0x4544 value=0x0088700c count=8
R350_PROBE write reg=0x4234 value=0x00020006 count=512
R350_PROBE write reg=0x4238 value=0x00000000 count=512
R350_PROBE write reg=0x4268 value=0x3f800000 count=512
R350_PROBE write reg=0x15d0 value=0x00000000 count=4
R350_PROBE write reg=0x1414 value=0x00000000 count=2
R350_PROBE write reg=0x141c value=0x00000000 count=2
R350_PROBE write reg=0x1410 value=0x0000001c count=2
R350_PROBE write reg=0x1418 value=0x00000000 count=2
R350_PROBE write reg=0x1420 value=0x00000000 count=2
R350_PROBE write reg=0x140c value=0x00000690 count=2
R350_PROBE write reg=0x490c value=0x40050200 count=8
R350_PROBE write reg=0x4910 value=0x40050200 count=8
R350_PROBE write reg=0x4914 value=0x40050600 count=7
R350_PROBE write reg=0x4918 value=0x00050200 count=7
R350_PROBE write reg=0x491c value=0x00050200 count=7
R350_PROBE write reg=0x4920 value=0x4005000c count=7
R350_PROBE write reg=0x4924 value=0x00050a80 count=7
R350_PROBE write reg=0x4928 value=0x40050200 count=6
R350_PROBE write reg=0x492c value=0x00050a80 count=6
R350_PROBE write reg=0x470c value=0x1c020040 count=8
R350_PROBE write reg=0x4710 value=0x1c020040 count=8
R350_PROBE write reg=0x4714 value=0x1c020800 count=7
R350_PROBE write reg=0x4718 value=0x1c020040 count=7
R350_PROBE write reg=0x471c value=0x038a0040 count=7
R350_PROBE write reg=0x4720 value=0x1c020802 count=7
R350_PROBE write reg=0x4724 value=0x1c020800 count=7
R350_PROBE write reg=0x4728 value=0x1c020040 count=6
R350_PROBE write reg=0x472c value=0x1c020800 count=6
R350_PROBE write reg=0x4a0c value=0x40040509 count=8
R350_PROBE write reg=0x4a10 value=0x40040509 count=8
R350_PROBE write reg=0x4a14 value=0x4004058a count=7
R350_PROBE write reg=0x4a18 value=0x00040509 count=7
R350_PROBE write reg=0x4a1c value=0x00040509 count=7
R350_PROBE write reg=0x4a20 value=0x40040509 count=7
R350_PROBE write reg=0x4a24 value=0x00040889 count=7
R350_PROBE write reg=0x4a28 value=0x40040509 count=6
R350_PROBE write reg=0x4a2c value=0x00040889 count=6
R350_PROBE write reg=0x480c value=0x01020800 count=8
R350_PROBE write reg=0x4810 value=0x01020040 count=8
R350_PROBE write reg=0x4814 value=0x01001020 count=7
R350_PROBE write reg=0x4818 value=0x01020040 count=7
R350_PROBE write reg=0x481c value=0x00820040 count=7
R350_PROBE write reg=0x4820 value=0x01020002 count=7
R350_PROBE write reg=0x4824 value=0x01020800 count=7
R350_PROBE write reg=0x4828 value=0x01020800 count=6
R350_PROBE write reg=0x482c value=0x01020800 count=6
R350_PROBE write reg=0x4620 value=0x00018041 count=32
R350_PROBE write reg=0x4654 value=0x00018041 count=7
R350_PROBE write reg=0x4658 value=0x00018041 count=7
R350_PROBE write reg=0x465c value=0x00018041 count=7
R350_PROBE write reg=0x4660 value=0x00018041 count=7
R350_PROBE write reg=0x4664 value=0x00018041 count=7
R350_PROBE write reg=0x4668 value=0x00018882 count=7
R350_PROBE write reg=0x466c value=0x00018041 count=5
R350_PROBE write reg=0x1d9c value=0x42000000 count=64
R350_PROBE write reg=0x1da4 value=0xc1ac0000 count=64
R350_PROBE write reg=0x1da8 value=0x3f000000 count=64
R350_PROBE write reg=0x1dac value=0x3f000000 count=64
R350_PROBE write reg=0x2220 value=0x3f800000 count=64
R350_PROBE write reg=0x2224 value=0x3f800000 count=64
R350_PROBE write reg=0x2228 value=0x3f800000 count=64
R350_PROBE write reg=0x222c value=0x3f800000 count=64
R350_PROBE write reg=0x4f18 value=0x00000003 count=128
R350_PROBE write reg=0x4608 value=0x00000002 count=256
R350_PROBE write reg=0x401c value=0x00000000 count=64
R350_PROBE write reg=0x4d00 value=0x00343813 count=1
R350_PROBE write reg=0x4d04 value=0x003a745d count=1
R350_PROBE write reg=0x4d08 value=0x00000000 count=1
R350_PROBE write reg=0x4d0c value=0x00000000 count=1
R350_PROBE write reg=0x4338 value=0x0000008b count=1
R350_PROBE write reg=0x433c value=0x000000cc count=1
R350_PROBE write reg=0x4d00 value=0x00343813 count=2
R350_PROBE write reg=0x4d04 value=0x003a745d count=2
R350_PROBE write reg=0x4d08 value=0x00000000 count=2
R350_PROBE write reg=0x4d0c value=0x00000000 count=2
R350_PROBE write reg=0x4d00 value=0x00343813 count=3
R350_PROBE write reg=0x4d04 value=0x003a745d count=3
R350_PROBE write reg=0x4d08 value=0x00000000 count=3
R350_PROBE write reg=0x4d0c value=0x00000000 count=3
R350_PROBE write reg=0x4d00 value=0x00343813 count=4
R350_PROBE write reg=0x4d04 value=0x003a745d count=4
R350_PROBE write reg=0x4d08 value=0x00000000 count=4
R350_PROBE write reg=0x4d0c value=0x00000000 count=4
R350_PROBE write reg=0x4d00 value=0x00343813 count=5
R350_PROBE write reg=0x4d04 value=0x003a745d count=5
R350_PROBE write reg=0x4d08 value=0x00000000 count=5
R350_PROBE write reg=0x4d0c value=0x00000000 count=5
R350_PROBE write reg=0x4338 value=0x0000008b count=2
R350_PROBE write reg=0x433c value=0x000000cc count=2
R350_PROBE write reg=0x4d00 value=0x00343813 count=6
R350_PROBE write reg=0x4d04 value=0x003a745d count=6
R350_PROBE write reg=0x4d08 value=0x00000000 count=6
R350_PROBE write reg=0x4d0c value=0x00000000 count=6
R350_PROBE write reg=0x4338 value=0x0000008b count=3
R350_PROBE write reg=0x433c value=0x000000cc count=3
R350_PROBE write reg=0x4d00 value=0x00343813 count=7
R350_PROBE write reg=0x4d04 value=0x003a745d count=7
R350_PROBE write reg=0x4d08 value=0x00000000 count=7
R350_PROBE write reg=0x4d0c value=0x00000000 count=7
R350_PROBE write reg=0x20dc value=0x00000000 count=1
R350_PROBE write reg=0x20e8 value=0x00000000 count=1
R350_PROBE write reg=0x20f4 value=0x00000000 count=1
R350_PROBE write reg=0x2100 value=0x00000000 count=1
R350_PROBE write reg=0x210c value=0x00000000 count=1
R350_PROBE write reg=0x2118 value=0x00000000 count=1
R350_PROBE write reg=0x4d00 value=0x00343813 count=8
R350_PROBE write reg=0x4d04 value=0x003a745d count=8
R350_PROBE write reg=0x4d08 value=0x00000000 count=8
R350_PROBE write reg=0x4d0c value=0x00000000 count=8
R350_PROBE write reg=0x4338 value=0x0000008b count=4
R350_PROBE write reg=0x433c value=0x000000cc count=4
R350_PROBE write reg=0x48d4 value=0x00050200 count=16
R350_PROBE write reg=0x46d4 value=0x018a0c02 count=16
R350_PROBE write reg=0x49d4 value=0x00040810 count=16
R350_PROBE write reg=0x47d4 value=0x00020820 count=16
R350_PROBE write reg=0x4628 value=0x00008082 count=16
R350_PROBE write reg=0x43e0 value=0x00b405a0 count=256
R350_PROBE write reg=0x43e4 value=0x00b6ecae count=256
R350_PROBE write reg=0x4338 value=0x0000008b count=5
R350_PROBE write reg=0x433c value=0x000000cc count=5
R350_PROBE write reg=0x48d8 value=0x00050200 count=16
R350_PROBE write reg=0x48dc value=0x0043ca88 count=16
R350_PROBE write reg=0x46d8 value=0x018e0c03 count=16
R350_PROBE write reg=0x46dc value=0x03802001 count=16
R350_PROBE write reg=0x49d8 value=0x00040810 count=16
R350_PROBE write reg=0x49dc value=0x0043c88b count=16
R350_PROBE write reg=0x47d8 value=0x00020820 count=16
R350_PROBE write reg=0x47dc value=0x00802001 count=16
R350_PROBE write reg=0x4d00 value=0x003621fb count=16
R350_PROBE write reg=0x4d04 value=0x003c2492 count=16
R350_PROBE write reg=0x4d08 value=0x00000000 count=16
R350_PROBE write reg=0x4d0c value=0x00000000 count=16
R350_PROBE write reg=0x4338 value=0x0000008b count=6
R350_PROBE write reg=0x433c value=0x000000cc count=6
R350_PROBE write reg=0x4334 value=0x0000004a count=16
R350_PROBE write reg=0x4338 value=0x0000008b count=7
R350_PROBE write reg=0x433c value=0x000000cc count=7
R350_PROBE write reg=0x4e04 value=0x27210006 count=128
R350_PROBE write reg=0x2090 value=0x00000001 count=128
R350_PROBE write reg=0x20dc value=0x00000000 count=2
R350_PROBE write reg=0x20e8 value=0x00000000 count=2
R350_PROBE write reg=0x20f4 value=0x00000000 count=2
R350_PROBE write reg=0x2100 value=0x00000000 count=2
R350_PROBE write reg=0x210c value=0x00000000 count=2
R350_PROBE write reg=0x2118 value=0x00000000 count=2
R350_PROBE write reg=0x4338 value=0x0000008b count=8
R350_PROBE write reg=0x433c value=0x000000cc count=8
R350_PROBE write reg=0x48e0 value=0x28010a80 count=16
R350_PROBE write reg=0x46e0 value=0x1c020003 count=16
R350_PROBE write reg=0x49e0 value=0x28028889 count=16
R350_PROBE write reg=0x47e0 value=0x01020003 count=16
R350_PROBE write reg=0x462c value=0x000080c3 count=16
R350_PROBE write reg=0x142c value=0xdd002560 count=256
R350_PROBE write reg=0x4e0c value=0x0000000f count=128
R350_PROBE write reg=0x421c value=0x00060006 count=128
R350_PROBE write reg=0x20b0 value=0x0000043f count=128
R350_PROBE write reg=0x4288 value=0x00000000 count=64
R350_PROBE write reg=0x20dc value=0x00000000 count=3
R350_PROBE write reg=0x20e8 value=0x00000000 count=3
R350_PROBE write reg=0x20f4 value=0x00000000 count=3
R350_PROBE write reg=0x2100 value=0x00000000 count=3
R350_PROBE write reg=0x210c value=0x00000000 count=3
R350_PROBE write reg=0x2118 value=0x00000000 count=3
R350_PROBE write reg=0x4d00 value=0x003821fb count=32
R350_PROBE write reg=0x4d04 value=0x003d5555 count=32
R350_PROBE write reg=0x4d08 value=0x00000000 count=32
R350_PROBE write reg=0x4d0c value=0x00000000 count=32
R350_PROBE write reg=0x42b8 value=0x00000004 count=128
R350_PROBE write reg=0x342c value=0x00000005 count=256
R350_PROBE write reg=0x4e18 value=0x00000000 count=64
R350_PROBE write reg=0x22d0 value=0x0270881f count=128
R350_PROBE write reg=0x22d4 value=0x00060012 count=128
R350_PROBE write reg=0x22d8 value=0x00000024 count=128
R350_PROBE write reg=0x22dc value=0x00000000 count=128
R350_PROBE write reg=0x4300 value=0x00040008 count=256
R350_PROBE write reg=0x20dc value=0x00000000 count=4
R350_PROBE write reg=0x20e8 value=0x00000000 count=4
R350_PROBE write reg=0x20f4 value=0x00000000 count=4
R350_PROBE write reg=0x2100 value=0x00000000 count=4
R350_PROBE write reg=0x210c value=0x00000000 count=4
R350_PROBE write reg=0x2118 value=0x00000000 count=4
R350_PROBE write reg=0x48e4 value=0x00050200 count=16
R350_PROBE write reg=0x46e4 value=0x01820c00 count=16
R350_PROBE write reg=0x49e4 value=0x00040810 count=16
R350_PROBE write reg=0x47e4 value=0x00020820 count=16
R350_PROBE write reg=0x2080 value=0x0030045a count=32
R350_PROBE write reg=0x48e8 value=0x00050a80 count=16
R350_PROBE write reg=0x46e8 value=0x1c020800 count=16
R350_PROBE write reg=0x49e8 value=0x00040889 count=16
R350_PROBE write reg=0x47e8 value=0x01020800 count=16
R350_PROBE write reg=0x4630 value=0x00008000 count=16
R350_PROBE write reg=0x4bc8 value=0x00000000 count=64
R350_PROBE write reg=0x4bcc value=0x00000000 count=64
R350_PROBE write reg=0x4bd0 value=0x00000000 count=64
R350_PROBE write reg=0x4294 value=0x00000000 count=64
R350_PROBE write reg=0x4298 value=0x00000000 count=64
R350_PROBE write reg=0x4230 value=0x01800006 count=64
R350_PROBE write reg=0x2180 value=0x00000000 count=128
R350_PROBE write reg=0x4f08 value=0x00ffff00 count=64
R350_PROBE write reg=0x43a4 value=0x0000001c count=128
R350_PROBE write reg=0x4f1c value=0x00000000 count=128
R350_PROBE write reg=0x20c8 value=0x10c50480 count=128
R350_PROBE write reg=0x20cc value=0x10c50490 count=128
R350_PROBE write reg=0x20dc value=0x00000000 count=5
R350_PROBE write reg=0x20e8 value=0x00000000 count=5
R350_PROBE write reg=0x20f4 value=0x00000000 count=5
R350_PROBE write reg=0x2100 value=0x00000000 count=5
R350_PROBE write reg=0x210c value=0x00000000 count=5
R350_PROBE write reg=0x2118 value=0x00000000 count=5
R350_PROBE write reg=0x4e14 value=0x00000000 count=128
R350_PROBE write reg=0x48c4 value=0x00050a80 count=32
R350_PROBE write reg=0x48c8 value=0x00050a80 count=32
R350_PROBE write reg=0x48ec value=0x00050200 count=16
R350_PROBE write reg=0x46c4 value=0x1c020800 count=32
R350_PROBE write reg=0x46c8 value=0x1c020800 count=32
R350_PROBE write reg=0x46ec value=0x01820c00 count=16
R350_PROBE write reg=0x49c4 value=0x00040889 count=32
R350_PROBE write reg=0x49c8 value=0x00040889 count=32
R350_PROBE write reg=0x49ec value=0x00040810 count=16
R350_PROBE write reg=0x47c4 value=0x01020800 count=32
R350_PROBE write reg=0x47c8 value=0x01020800 count=32
R350_PROBE write reg=0x47ec value=0x00020820 count=16
R350_PROBE write reg=0x4d00 value=0x003a1111 count=64
R350_PROBE write reg=0x4d04 value=0x003e0000 count=64
R350_PROBE write reg=0x4d08 value=0x00000000 count=64
R350_PROBE write reg=0x4d0c value=0x00000000 count=64
R350_PROBE write reg=0x4e50 value=0x00000005 count=128
R350_PROBE write reg=0x4290 value=0x00000000 count=32
R350_PROBE write reg=0x42b4 value=0x00000000 count=32
R350_PROBE write reg=0x428c value=0x00000001 count=32
R350_PROBE write reg=0x4214 value=0x00050005 count=32
R350_PROBE write reg=0x4260 value=0x00000000 count=32
R350_PROBE write reg=0x4264 value=0x00000000 count=32
R350_PROBE write reg=0x4e88 value=0x00000000 count=32
R350_PROBE write reg=0x4274 value=0x00000002 count=32
R350_PROBE write reg=0x42a0 value=0x00000000 count=32
R350_PROBE write reg=0x2288 value=0x0000ffff count=32
R350_PROBE write reg=0x21dc value=0xaaaaaaaa count=32
R350_PROBE write reg=0x2134 value=0x00ffffff count=32
R350_PROBE write reg=0x2138 value=0x00000000 count=32
R350_PROBE write reg=0x427c value=0x00000000 count=32
R350_PROBE write reg=0x4280 value=0x00000000 count=32
R350_PROBE write reg=0x20dc value=0x00000000 count=6
R350_PROBE write reg=0x20e8 value=0x00000000 count=6
R350_PROBE write reg=0x20f4 value=0x00000000 count=6
R350_PROBE write reg=0x2100 value=0x00000000 count=6
R350_PROBE write reg=0x210c value=0x00000000 count=6
R350_PROBE write reg=0x2118 value=0x00000000 count=6
R350_PROBE write reg=0x48f0 value=0x00050a80 count=16
R350_PROBE write reg=0x46f0 value=0x1c020800 count=16
R350_PROBE write reg=0x49f0 value=0x00040889 count=16
R350_PROBE write reg=0x47f0 value=0x01020800 count=16
R350_PROBE write reg=0x4634 value=0x00008000 count=16
R350_PROBE write reg=0x20e0 value=0x00000000 count=32
R350_PROBE write reg=0x20e4 value=0x00000000 count=32
R350_PROBE write reg=0x20ec value=0x00000000 count=32
R350_PROBE write reg=0x20f0 value=0x00000000 count=32
R350_PROBE write reg=0x20f8 value=0x00000000 count=32
R350_PROBE write reg=0x20fc value=0x00000000 count=32
R350_PROBE write reg=0x2104 value=0x00000000 count=32
R350_PROBE write reg=0x2108 value=0x00000000 count=32
R350_PROBE write reg=0x2110 value=0x00000000 count=32
R350_PROBE write reg=0x2114 value=0x00000000 count=32
R350_PROBE write reg=0x211c value=0x00000000 count=32
R350_PROBE write reg=0x2120 value=0x00000000 count=32
R350_PROBE write reg=0x48cc value=0x00050200 count=32
R350_PROBE write reg=0x46cc value=0x01820c00 count=32
R350_PROBE write reg=0x49cc value=0x00040810 count=32
R350_PROBE write reg=0x47cc value=0x00020820 count=32
R350_PROBE write reg=0x4624 value=0x00008041 count=32
R350_PROBE write reg=0x16ec value=0x00000000 count=128
R350_PROBE write reg=0x16f0 value=0x00020008 count=128
R350_PROBE write reg=0x4278 value=0x0003aaaa count=128
R350_PROBE write reg=0x4310 value=0x00d100c0 count=256
R350_PROBE write reg=0x4bd8 value=0x00000000 count=64
R350_PROBE write reg=0x2150 value=0x22030003 count=128
R350_PROBE write reg=0x21e0 value=0xf688f688 count=128
R350_PROBE write reg=0x20dc value=0x00000000 count=7
R350_PROBE write reg=0x20e8 value=0x00000000 count=7
R350_PROBE write reg=0x20f4 value=0x00000000 count=7
R350_PROBE write reg=0x2100 value=0x00000000 count=7
R350_PROBE write reg=0x210c value=0x00000000 count=7
R350_PROBE write reg=0x2118 value=0x00000000 count=7
R350_PROBE write reg=0x48d0 value=0x00050200 count=32
R350_PROBE write reg=0x46d0 value=0x01860c01 count=32
R350_PROBE write reg=0x49d0 value=0x00040810 count=32
R350_PROBE write reg=0x47d0 value=0x00020820 count=32
R350_PROBE write reg=0x20d4 value=0x00000000 count=128
R350_PROBE write reg=0x20d8 value=0x00000000 count=128
R350_PROBE write reg=0x4200 value=0x00000000 count=128
R350_PROBE write reg=0x4204 value=0x00000000 count=128
R350_PROBE write reg=0x4208 value=0x3f800000 count=128
R350_PROBE write reg=0x420c value=0x3f800000 count=128
R350_PROBE write reg=0x4018 value=0x00000017 count=128
R350_PROBE write reg=0x1d98 value=0x40800000 count=128
R350_PROBE write reg=0x1da0 value=0x3f800000 count=128
R350_PROBE write reg=0x4e28 value=0x00736000 count=128
R350_PROBE write reg=0x4e38 value=0x2ed24040 count=128
R350_PROBE write reg=0x4e00 value=0x00000000 count=128
R350_PROBE write reg=0x43d0 value=0x0000aaaa count=128
R350_PROBE write reg=0x4314 value=0x00d10040 count=256
R350_PROBE write reg=0x4318 value=0x01648080 count=256
R350_PROBE write reg=0x431c value=0x016480c0 count=256
R350_PROBE write reg=0x4320 value=0x01648000 count=256
R350_PROBE write reg=0x4324 value=0x01648000 count=256
R350_PROBE write reg=0x4328 value=0x01648000 count=256
R350_PROBE write reg=0x432c value=0x01648000 count=256
R350_PROBE write reg=0x4bc0 value=0x00000000 count=128
R350_PROBE write reg=0x4008 value=0x00000007 count=128
R350_PROBE write reg=0x46a4 value=0x00001b00 count=128
R350_PROBE write reg=0x46a8 value=0x0000000f count=128
R350_PROBE write reg=0x46ac value=0x0000000f count=128
R350_PROBE write reg=0x46b0 value=0x0000000f count=128
R350_PROBE write reg=0x4e08 value=0x27210000 count=128
R350_PROBE write reg=0x4e10 value=0x00000000 count=128
R350_PROBE write reg=0x20dc value=0x00000000 count=8
R350_PROBE write reg=0x20e8 value=0x00000000 count=8
R350_PROBE write reg=0x20f4 value=0x00000000 count=8
R350_PROBE write reg=0x2100 value=0x00000000 count=8
R350_PROBE write reg=0x210c value=0x00000000 count=8
R350_PROBE write reg=0x2118 value=0x00000000 count=8
R350_PROBE write reg=0x2184 value=0x00000005 count=128
R350_PROBE write reg=0x2094 value=0x00000024 count=256
R350_PROBE write reg=0x43e8 value=0x00ffffff count=256
R350_PROBE write reg=0x221c value=0x00000000 count=256
R350_PROBE write reg=0x48d4 value=0x00050200 count=32
R350_PROBE write reg=0x46d4 value=0x018a0c02 count=32
R350_PROBE write reg=0x49d4 value=0x00040810 count=32
R350_PROBE write reg=0x47d4 value=0x00020820 count=32
R350_PROBE write reg=0x4628 value=0x00008082 count=32
R350_PROBE write reg=0x48d8 value=0x00050200 count=32
R350_PROBE write reg=0x48dc value=0x0043ca88 count=32
R350_PROBE write reg=0x46d8 value=0x018e0c03 count=32
R350_PROBE write reg=0x46dc value=0x03802001 count=32
R350_PROBE write reg=0x49d8 value=0x00040810 count=32
R350_PROBE write reg=0x49dc value=0x0043c88b count=32
R350_PROBE write reg=0x47d8 value=0x00020820 count=32
R350_PROBE write reg=0x47dc value=0x00802001 count=32
R350_PROBE write reg=0x4914 value=0x01050200 count=8
R350_PROBE write reg=0x4918 value=0x01050200 count=8
R350_PROBE write reg=0x491c value=0x00050200 count=8
R350_PROBE write reg=0x4920 value=0x00050200 count=8
R350_PROBE write reg=0x4924 value=0x00050200 count=8
R350_PROBE write reg=0x4928 value=0x00050200 count=7
R350_PROBE write reg=0x492c value=0x0045048f count=7
R350_PROBE write reg=0x4930 value=0x00010a80 count=3
R350_PROBE write reg=0x4934 value=0x00020300 count=3
R350_PROBE write reg=0x4938 value=0x00010a80 count=2
R350_PROBE write reg=0x493c value=0x00020380 count=2
R350_PROBE write reg=0x4940 value=0x0042060f count=2
R350_PROBE write reg=0x4714 value=0x009a0849 count=8
R350_PROBE write reg=0x4718 value=0x011a0889 count=8
R350_PROBE write reg=0x471c value=0x018a0c02 count=8
R350_PROBE write reg=0x4720 value=0x019e0c07 count=8
R350_PROBE write reg=0x4724 value=0x019a01b0 count=8
R350_PROBE write reg=0x4728 value=0x01860c01 count=7
R350_PROBE write reg=0x472c value=0x038e30c4 count=7
R350_PROBE write reg=0x4730 value=0x03823140 count=3
R350_PROBE write reg=0x4734 value=0x038038c0 count=3
R350_PROBE write reg=0x4738 value=0x038a01c2 count=2
R350_PROBE write reg=0x473c value=0x038008c2 count=2
R350_PROBE write reg=0x4740 value=0x1c000181 count=2
R350_PROBE write reg=0x4a14 value=0x00840509 count=8
R350_PROBE write reg=0x4a18 value=0x00840509 count=8
R350_PROBE write reg=0x4a1c value=0x00040810 count=8
R350_PROBE write reg=0x4a20 value=0x00040810 count=8
R350_PROBE write reg=0x4a24 value=0x00040810 count=8
R350_PROBE write reg=0x4a28 value=0x00040810 count=7
R350_PROBE write reg=0x4a2c value=0x0044030f count=7
R350_PROBE write reg=0x4a30 value=0x0042c38f count=3
R350_PROBE write reg=0x4a34 value=0x0042c28f count=3
R350_PROBE write reg=0x4a38 value=0x00028889 count=2
R350_PROBE write reg=0x4a3c value=0x0002c509 count=2
R350_PROBE write reg=0x4a40 value=0x00040810 count=2
R350_PROBE write reg=0x4814 value=0x001a0849 count=8
R350_PROBE write reg=0x4818 value=0x001a0889 count=8
R350_PROBE write reg=0x481c value=0x00020820 count=8
R350_PROBE write reg=0x4820 value=0x00020820 count=8
R350_PROBE write reg=0x4824 value=0x00020820 count=8
R350_PROBE write reg=0x4828 value=0x00020820 count=7
R350_PROBE write reg=0x482c value=0x008e00c4 count=7
R350_PROBE write reg=0x4830 value=0x00803005 count=3
R350_PROBE write reg=0x4834 value=0x00800087 count=3
R350_PROBE write reg=0x4838 value=0x00860046 count=2
R350_PROBE write reg=0x483c value=0x010008c1 count=2
R350_PROBE write reg=0x4840 value=0x00020823 count=2
R350_PROBE write reg=0x4654 value=0x00008041 count=8
R350_PROBE write reg=0x4340 value=0x0000010c count=1
R350_PROBE write reg=0x4344 value=0x0000014d count=1
R350_PROBE write reg=0x4348 value=0x0000018e count=1
R350_PROBE write reg=0x434c value=0x000001cf count=1
R350_PROBE write reg=0x401c value=0x00000000 count=128
R350_PROBE write reg=0x4600 value=0x00000000 count=256
R350_PROBE write reg=0x4604 value=0x00000000 count=256
R350_PROBE write reg=0x461c value=0x00400000 count=256
R350_PROBE write reg=0x4304 value=0x00000000 count=256
R350_PROBE write reg=0x4330 value=0x00004000 count=256
R350_PROBE write reg=0x4bd4 value=0x00000000 count=256
R350_PROBE write reg=0x4340 value=0x0000010c count=2
R350_PROBE write reg=0x4344 value=0x0000014d count=2
R350_PROBE write reg=0x4348 value=0x0000018e count=2
R350_PROBE write reg=0x434c value=0x000001cf count=2
R350_PROBE write reg=0x4340 value=0x0000010c count=3
R350_PROBE write reg=0x4344 value=0x0000014d count=3
R350_PROBE write reg=0x4348 value=0x0000018e count=3
R350_PROBE write reg=0x434c value=0x000001cf count=3
R350_PROBE write reg=0x4340 value=0x0000010c count=4
R350_PROBE write reg=0x4344 value=0x0000014d count=4
R350_PROBE write reg=0x4348 value=0x0000018e count=4
R350_PROBE write reg=0x434c value=0x000001cf count=4
R350_PROBE write reg=0x48e0 value=0x28010a80 count=32
R350_PROBE write reg=0x4928 value=0x00050200 count=8
R350_PROBE write reg=0x492c value=0x0045048f count=8
R350_PROBE write reg=0x4930 value=0x00010a80 count=4
R350_PROBE write reg=0x4934 value=0x00020300 count=4
R350_PROBE write reg=0x4938 value=0x00010a80 count=3
R350_PROBE write reg=0x493c value=0x00020380 count=3
R350_PROBE write reg=0x4940 value=0x0042060f count=3
R350_PROBE write reg=0x46e0 value=0x1c020003 count=32
R350_PROBE write reg=0x4728 value=0x01860c01 count=8
R350_PROBE write reg=0x472c value=0x038e30c4 count=8
R350_PROBE write reg=0x4730 value=0x03823140 count=4
R350_PROBE write reg=0x4734 value=0x038038c0 count=4
R350_PROBE write reg=0x4738 value=0x038a01c2 count=3
R350_PROBE write reg=0x473c value=0x038008c2 count=3
R350_PROBE write reg=0x4740 value=0x1c000181 count=3
R350_PROBE write reg=0x49e0 value=0x28028889 count=32
R350_PROBE write reg=0x4a28 value=0x00040810 count=8
R350_PROBE write reg=0x4a2c value=0x0044030f count=8
R350_PROBE write reg=0x4a30 value=0x0042c38f count=4
R350_PROBE write reg=0x4a34 value=0x0042c28f count=4
R350_PROBE write reg=0x4a38 value=0x00028889 count=3
R350_PROBE write reg=0x4a3c value=0x0002c509 count=3
R350_PROBE write reg=0x4a40 value=0x00040810 count=3
R350_PROBE write reg=0x47e0 value=0x01020003 count=32
R350_PROBE write reg=0x4828 value=0x00020820 count=8
R350_PROBE write reg=0x482c value=0x008e00c4 count=8
R350_PROBE write reg=0x4830 value=0x00803005 count=4
R350_PROBE write reg=0x4834 value=0x00800087 count=4
R350_PROBE write reg=0x4838 value=0x00860046 count=3
R350_PROBE write reg=0x483c value=0x010008c1 count=3
R350_PROBE write reg=0x4840 value=0x00020823 count=3
R350_PROBE write reg=0x462c value=0x000080c3 count=32
R350_PROBE write reg=0x2200 value=0x00000016 count=1024
R350_PROBE write reg=0x4930 value=0x00850300 count=5
R350_PROBE write reg=0x4934 value=0x00450793 count=5
R350_PROBE write reg=0x4938 value=0x00850300 count=4
R350_PROBE write reg=0x493c value=0x00024681 count=4
R350_PROBE write reg=0x4940 value=0x0020050f count=4
R350_PROBE write reg=0x4944 value=0x0001c00c count=2
R350_PROBE write reg=0x4948 value=0x00010980 count=2
R350_PROBE write reg=0x494c value=0x00050680 count=2
R350_PROBE write reg=0x4950 value=0x00230988 count=2
R350_PROBE write reg=0x4954 value=0x000a0280 count=2
R350_PROBE write reg=0x4958 value=0x4001000d count=2
R350_PROBE write reg=0x4730 value=0x00830b82 count=5
R350_PROBE write reg=0x4734 value=0x0386006a count=5
R350_PROBE write reg=0x4738 value=0x038a0b81 count=4
R350_PROBE write reg=0x473c value=0x01133c40 count=4
R350_PROBE write reg=0x4740 value=0x038b0081 count=4
R350_PROBE write reg=0x4744 value=0x03904c32 count=2
R350_PROBE write reg=0x4748 value=0x03920102 count=2
R350_PROBE write reg=0x474c value=0x03920804 count=2
R350_PROBE write reg=0x4750 value=0x03804020 count=2
R350_PROBE write reg=0x4754 value=0x03840d01 count=2
R350_PROBE write reg=0x4758 value=0x1c020001 count=2
R350_PROBE write reg=0x4a30 value=0x0043c38b count=5
R350_PROBE write reg=0x4a34 value=0x00440810 count=5
R350_PROBE write reg=0x4a38 value=0x00040810 count=4
R350_PROBE write reg=0x4a3c value=0x0000c480 count=4
R350_PROBE write reg=0x4a40 value=0x0002c509 count=4
R350_PROBE write reg=0x4a44 value=0x00045507 count=2
R350_PROBE write reg=0x4a48 value=0x0564080a count=2
R350_PROBE write reg=0x4a4c value=0x0062478b count=2
R350_PROBE write reg=0x4a50 value=0x0068888d count=2
R350_PROBE write reg=0x4a54 value=0x40028889 count=2
R350_PROBE write reg=0x4a58 value=0x4062478a count=2
R350_PROBE write reg=0x4830 value=0x009450ea count=5
R350_PROBE write reg=0x4834 value=0x000200ea count=5
R350_PROBE write reg=0x4838 value=0x00020820 count=4
R350_PROBE write reg=0x483c value=0x008a0080 count=4
R350_PROBE write reg=0x4840 value=0x00830c82 count=4
R350_PROBE write reg=0x4844 value=0x00860042 count=2
R350_PROBE write reg=0x4848 value=0x00860040 count=2
R350_PROBE write reg=0x484c value=0x00845040 count=2
R350_PROBE write reg=0x4850 value=0x00820804 count=2
R350_PROBE write reg=0x4854 value=0x00820b80 count=2
R350_PROBE write reg=0x4858 value=0x01020001 count=2
R350_PROBE write reg=0x4c80 value=0x00000000 count=1
R350_PROBE write reg=0x4c84 value=0x00000000 count=1
R350_PROBE write reg=0x4c88 value=0x00000000 count=1
R350_PROBE write reg=0x4c8c value=0x003f0000 count=1
R350_PROBE write reg=0x4c90 value=0x00000000 count=1
R350_PROBE write reg=0x4c94 value=0x00000000 count=1
R350_PROBE write reg=0x4c98 value=0x00000000 count=1
R350_PROBE write reg=0x4c9c value=0x003f0000 count=1
R350_PROBE write reg=0x4ca0 value=0x00000000 count=1
R350_PROBE write reg=0x4ca4 value=0x00000000 count=1
R350_PROBE write reg=0x4ca8 value=0x00000000 count=1
R350_PROBE write reg=0x4cac value=0x003f0000 count=1
R350_PROBE write reg=0x4cb0 value=0x00000000 count=1
R350_PROBE write reg=0x4cb4 value=0x00000000 count=1
R350_PROBE write reg=0x4cb8 value=0x00000000 count=1
R350_PROBE write reg=0x4cbc value=0x003f0000 count=1
R350_PROBE write reg=0x4cc0 value=0x00000000 count=1
R350_PROBE write reg=0x4cc4 value=0x00000000 count=1
R350_PROBE write reg=0x4cc8 value=0x00000000 count=1
R350_PROBE write reg=0x4ccc value=0x003f0000 count=1
R350_PROBE write reg=0x4cd0 value=0x00000000 count=1
R350_PROBE write reg=0x4cd4 value=0x00000000 count=1
R350_PROBE write reg=0x4cd8 value=0x00000000 count=1
R350_PROBE write reg=0x4cdc value=0x003f0000 count=1
R350_PROBE write reg=0x4ce0 value=0x00000000 count=1
R350_PROBE write reg=0x4ce4 value=0x003d5555 count=1
R350_PROBE write reg=0x4ce8 value=0x003f0000 count=1
R350_PROBE write reg=0x4cec value=0x003f8000 count=1
R350_PROBE write reg=0x4cf0 value=0x00000000 count=1
R350_PROBE write reg=0x4cf4 value=0x00000000 count=1
R350_PROBE write reg=0x4cf8 value=0x00000000 count=1
R350_PROBE write reg=0x4cfc value=0x003f0000 count=1
R350_PROBE write reg=0x4d10 value=0x00000000 count=1
R350_PROBE write reg=0x4d14 value=0x00000000 count=1
R350_PROBE write reg=0x4d18 value=0x00000000 count=1
R350_PROBE write reg=0x4d1c value=0x003f0000 count=1
R350_PROBE write reg=0x4d20 value=0x00000000 count=1
R350_PROBE write reg=0x4d24 value=0x00000000 count=1
R350_PROBE write reg=0x4d28 value=0x00000000 count=1
R350_PROBE write reg=0x4d2c value=0x003f0000 count=1
R350_PROBE write reg=0x4d30 value=0x00000000 count=1
R350_PROBE write reg=0x4d34 value=0x00000000 count=1
R350_PROBE write reg=0x4d38 value=0x00000000 count=1
R350_PROBE write reg=0x4d3c value=0x003f0000 count=1
R350_PROBE write reg=0x4d40 value=0x003e2e14 count=1
R350_PROBE write reg=0x4d44 value=0x00000000 count=1
R350_PROBE write reg=0x4d48 value=0x00000000 count=1
R350_PROBE write reg=0x4d4c value=0x00000000 count=1
R350_PROBE write reg=0x4d50 value=0x003421d2 count=1
R350_PROBE write reg=0x4d54 value=0x003a5555 count=1
R350_PROBE write reg=0x4d58 value=0x00000000 count=1
R350_PROBE write reg=0x4d5c value=0x00000000 count=1
R350_PROBE write reg=0x4d60 value=0x003d5555 count=1
R350_PROBE write reg=0x4d64 value=0x003e0000 count=1
R350_PROBE write reg=0x4d68 value=0x00000000 count=1
R350_PROBE write reg=0x4d6c value=0x00000000 count=1
R350_PROBE write reg=0x4340 value=0x0000010c count=5
R350_PROBE write reg=0x4344 value=0x0000014d count=5
R350_PROBE write reg=0x4348 value=0x0000018e count=5
R350_PROBE write reg=0x434c value=0x000001cf count=5
R350_PROBE write reg=0x4930 value=0x00850300 count=6
R350_PROBE write reg=0x4934 value=0x00450793 count=6
R350_PROBE write reg=0x4938 value=0x00850300 count=5
R350_PROBE write reg=0x493c value=0x00024681 count=5
R350_PROBE write reg=0x4940 value=0x0020050f count=5
R350_PROBE write reg=0x4944 value=0x0001c00c count=3
R350_PROBE write reg=0x4948 value=0x00010980 count=3
R350_PROBE write reg=0x494c value=0x00050680 count=3
R350_PROBE write reg=0x4950 value=0x00230988 count=3
R350_PROBE write reg=0x4954 value=0x000a0280 count=3
R350_PROBE write reg=0x4958 value=0x4001000d count=3
R350_PROBE write reg=0x4730 value=0x00830b82 count=6
R350_PROBE write reg=0x4734 value=0x0386006a count=6
R350_PROBE write reg=0x4738 value=0x038a0b81 count=5
R350_PROBE write reg=0x473c value=0x01133c40 count=5
R350_PROBE write reg=0x4740 value=0x038b0081 count=5
R350_PROBE write reg=0x4744 value=0x03904c32 count=3
R350_PROBE write reg=0x4748 value=0x03920102 count=3
R350_PROBE write reg=0x474c value=0x03920804 count=3
R350_PROBE write reg=0x4750 value=0x03804020 count=3
R350_PROBE write reg=0x4754 value=0x03840d01 count=3
R350_PROBE write reg=0x4758 value=0x1c020001 count=3
R350_PROBE write reg=0x4a30 value=0x0043c38b count=6
R350_PROBE write reg=0x4a34 value=0x00440810 count=6
R350_PROBE write reg=0x4a38 value=0x00040810 count=5
R350_PROBE write reg=0x4a3c value=0x0000c480 count=5
R350_PROBE write reg=0x4a40 value=0x0002c509 count=5
R350_PROBE write reg=0x4a44 value=0x00045507 count=3
R350_PROBE write reg=0x4a48 value=0x0564080a count=3
R350_PROBE write reg=0x4a4c value=0x0062478b count=3
R350_PROBE write reg=0x4a50 value=0x0068888d count=3
R350_PROBE write reg=0x4a54 value=0x40028889 count=3
R350_PROBE write reg=0x4a58 value=0x4062478a count=3
R350_PROBE write reg=0x4830 value=0x009450ea count=6
R350_PROBE write reg=0x4834 value=0x000200ea count=6
R350_PROBE write reg=0x4838 value=0x00020820 count=5
R350_PROBE write reg=0x483c value=0x008a0080 count=5
R350_PROBE write reg=0x4840 value=0x00830c82 count=5
R350_PROBE write reg=0x4844 value=0x00860042 count=3
R350_PROBE write reg=0x4848 value=0x00860040 count=3
R350_PROBE write reg=0x484c value=0x00845040 count=3
R350_PROBE write reg=0x4850 value=0x00820804 count=3
R350_PROBE write reg=0x4854 value=0x00820b80 count=3
R350_PROBE write reg=0x4858 value=0x01020001 count=3
R350_PROBE write reg=0x4c20 value=0x00000000 count=32
R350_PROBE write reg=0x4c24 value=0x00000000 count=32
R350_PROBE write reg=0x4c28 value=0x00000000 count=32
R350_PROBE write reg=0x4c2c value=0x003f0000 count=32
R350_PROBE write reg=0x4c30 value=0x00000000 count=32
R350_PROBE write reg=0x4c34 value=0x00000000 count=32
R350_PROBE write reg=0x4c38 value=0x00000000 count=32
R350_PROBE write reg=0x4c3c value=0x003f0000 count=32
R350_PROBE write reg=0x4c80 value=0x00000000 count=2
R350_PROBE write reg=0x4c84 value=0x00000000 count=2
R350_PROBE write reg=0x4c88 value=0x00000000 count=2
R350_PROBE write reg=0x4c8c value=0x003f0000 count=2
R350_PROBE write reg=0x4c90 value=0x00000000 count=2
R350_PROBE write reg=0x4c94 value=0x00000000 count=2
R350_PROBE write reg=0x4c98 value=0x00000000 count=2
R350_PROBE write reg=0x4c9c value=0x003f0000 count=2
R350_PROBE write reg=0x4ca0 value=0x00000000 count=2
R350_PROBE write reg=0x4ca4 value=0x00000000 count=2
R350_PROBE write reg=0x4ca8 value=0x00000000 count=2
R350_PROBE write reg=0x4cac value=0x003f0000 count=2
R350_PROBE write reg=0x4cb0 value=0x00000000 count=2
R350_PROBE write reg=0x4cb4 value=0x00000000 count=2
R350_PROBE write reg=0x4cb8 value=0x00000000 count=2
R350_PROBE write reg=0x4cbc value=0x003f0000 count=2
R350_PROBE write reg=0x4cc0 value=0x00000000 count=2
R350_PROBE write reg=0x4cc4 value=0x00000000 count=2
R350_PROBE write reg=0x4cc8 value=0x00000000 count=2
R350_PROBE write reg=0x4ccc value=0x003f0000 count=2
R350_PROBE write reg=0x4cd0 value=0x00000000 count=2
R350_PROBE write reg=0x4cd4 value=0x00000000 count=2
R350_PROBE write reg=0x4cd8 value=0x00000000 count=2
R350_PROBE write reg=0x4cdc value=0x003f0000 count=2
R350_PROBE write reg=0x4ce0 value=0x00000000 count=2
R350_PROBE write reg=0x4ce4 value=0x003d5555 count=2
R350_PROBE write reg=0x4ce8 value=0x003f0000 count=2
R350_PROBE write reg=0x4cec value=0x003f8000 count=2
R350_PROBE write reg=0x4cf0 value=0x00000000 count=2
R350_PROBE write reg=0x4cf4 value=0x00000000 count=2
R350_PROBE write reg=0x4cf8 value=0x00000000 count=2
R350_PROBE write reg=0x4cfc value=0x003f0000 count=2
R350_PROBE write reg=0x4d10 value=0x00000000 count=2
R350_PROBE write reg=0x4d14 value=0x00000000 count=2
R350_PROBE write reg=0x4d18 value=0x00000000 count=2
R350_PROBE write reg=0x4d1c value=0x003f0000 count=2
R350_PROBE write reg=0x4d20 value=0x00000000 count=2
R350_PROBE write reg=0x4d24 value=0x00000000 count=2
R350_PROBE write reg=0x4d28 value=0x00000000 count=2
R350_PROBE write reg=0x4d2c value=0x003f0000 count=2
R350_PROBE write reg=0x4d30 value=0x00000000 count=2
R350_PROBE write reg=0x4d34 value=0x00000000 count=2
R350_PROBE write reg=0x4d38 value=0x00000000 count=2
R350_PROBE write reg=0x4d3c value=0x003f0000 count=2
R350_PROBE write reg=0x4d40 value=0x003e2e14 count=2
R350_PROBE write reg=0x4d44 value=0x00000000 count=2
R350_PROBE write reg=0x4d48 value=0x00000000 count=2
R350_PROBE write reg=0x4d4c value=0x00000000 count=2
R350_PROBE write reg=0x4d50 value=0x003421d2 count=2
R350_PROBE write reg=0x4d54 value=0x003a5555 count=2
R350_PROBE write reg=0x4d58 value=0x00000000 count=2
R350_PROBE write reg=0x4d5c value=0x00000000 count=2
R350_PROBE write reg=0x4d60 value=0x003d5555 count=2
R350_PROBE write reg=0x4d64 value=0x003e0000 count=2
R350_PROBE write reg=0x4d68 value=0x00000000 count=2
R350_PROBE write reg=0x4d6c value=0x00000000 count=2
R350_PROBE write reg=0x4340 value=0x0000010c count=6
R350_PROBE write reg=0x4344 value=0x0000014d count=6
R350_PROBE write reg=0x4348 value=0x0000018e count=6
R350_PROBE write reg=0x434c value=0x000001cf count=6
R350_PROBE write reg=0x4930 value=0x00850300 count=7
R350_PROBE write reg=0x4934 value=0x00450793 count=7
R350_PROBE write reg=0x4938 value=0x00850300 count=6
R350_PROBE write reg=0x493c value=0x00024681 count=6
R350_PROBE write reg=0x4940 value=0x0020050f count=6
R350_PROBE write reg=0x4944 value=0x0001c00c count=4
R350_PROBE write reg=0x4948 value=0x00010980 count=4
R350_PROBE write reg=0x494c value=0x00050680 count=4
R350_PROBE write reg=0x4950 value=0x00230988 count=4
R350_PROBE write reg=0x4954 value=0x000a0280 count=4
R350_PROBE write reg=0x4958 value=0x4001000d count=4
R350_PROBE write reg=0x4730 value=0x00830b82 count=7
R350_PROBE write reg=0x4734 value=0x0386006a count=7
R350_PROBE write reg=0x4738 value=0x038a0b81 count=6
R350_PROBE write reg=0x473c value=0x01133c40 count=6
R350_PROBE write reg=0x4740 value=0x038b0081 count=6
R350_PROBE write reg=0x4744 value=0x03904c32 count=4
R350_PROBE write reg=0x4748 value=0x03920102 count=4
R350_PROBE write reg=0x474c value=0x03920804 count=4
R350_PROBE write reg=0x4750 value=0x03804020 count=4
R350_PROBE write reg=0x4754 value=0x03840d01 count=4
R350_PROBE write reg=0x4758 value=0x1c020001 count=4
R350_PROBE write reg=0x4a30 value=0x0043c38b count=7
R350_PROBE write reg=0x4a34 value=0x00440810 count=7
R350_PROBE write reg=0x4a38 value=0x00040810 count=6
R350_PROBE write reg=0x4a3c value=0x0000c480 count=6
R350_PROBE write reg=0x4a40 value=0x0002c509 count=6
R350_PROBE write reg=0x4a44 value=0x00045507 count=4
R350_PROBE write reg=0x4a48 value=0x0564080a count=4
R350_PROBE write reg=0x4a4c value=0x0062478b count=4
R350_PROBE write reg=0x4a50 value=0x0068888d count=4
R350_PROBE write reg=0x4a54 value=0x40028889 count=4
R350_PROBE write reg=0x4a58 value=0x4062478a count=4
R350_PROBE write reg=0x4830 value=0x009450ea count=7
R350_PROBE write reg=0x4834 value=0x000200ea count=7
R350_PROBE write reg=0x4838 value=0x00020820 count=6
R350_PROBE write reg=0x483c value=0x008a0080 count=6
R350_PROBE write reg=0x4840 value=0x00830c82 count=6
R350_PROBE write reg=0x4844 value=0x00860042 count=4
R350_PROBE write reg=0x4848 value=0x00860040 count=4
R350_PROBE write reg=0x484c value=0x00845040 count=4
R350_PROBE write reg=0x4850 value=0x00820804 count=4
R350_PROBE write reg=0x4854 value=0x00820b80 count=4
R350_PROBE write reg=0x4858 value=0x01020001 count=4
R350_PROBE write reg=0x4c80 value=0x00000000 count=3
R350_PROBE write reg=0x4c84 value=0x00000000 count=3
R350_PROBE write reg=0x4c88 value=0x00000000 count=3
R350_PROBE write reg=0x4c8c value=0x003f0000 count=3
R350_PROBE write reg=0x4c90 value=0x00000000 count=3
R350_PROBE write reg=0x4c94 value=0x00000000 count=3
R350_PROBE write reg=0x4c98 value=0x00000000 count=3
R350_PROBE write reg=0x4c9c value=0x003f0000 count=3
R350_PROBE write reg=0x4ca0 value=0x00000000 count=3
R350_PROBE write reg=0x4ca4 value=0x00000000 count=3
R350_PROBE write reg=0x4ca8 value=0x00000000 count=3
R350_PROBE write reg=0x4cac value=0x003f0000 count=3
R350_PROBE write reg=0x4cb0 value=0x00000000 count=3
R350_PROBE write reg=0x4cb4 value=0x00000000 count=3
R350_PROBE write reg=0x4cb8 value=0x00000000 count=3
R350_PROBE write reg=0x4cbc value=0x003f0000 count=3
R350_PROBE write reg=0x4cc0 value=0x00000000 count=3
R350_PROBE write reg=0x4cc4 value=0x00000000 count=3
R350_PROBE write reg=0x4cc8 value=0x00000000 count=3
R350_PROBE write reg=0x4ccc value=0x003f0000 count=3
R350_PROBE write reg=0x4cd0 value=0x00000000 count=3
R350_PROBE write reg=0x4cd4 value=0x00000000 count=3
R350_PROBE write reg=0x4cd8 value=0x00000000 count=3
R350_PROBE write reg=0x4cdc value=0x003f0000 count=3
R350_PROBE write reg=0x4ce0 value=0x00000000 count=3
R350_PROBE write reg=0x4ce4 value=0x003d5555 count=3
R350_PROBE write reg=0x4ce8 value=0x003f0000 count=3
R350_PROBE write reg=0x4cec value=0x003f8000 count=3
R350_PROBE write reg=0x4cf0 value=0x00000000 count=3
R350_PROBE write reg=0x4cf4 value=0x00000000 count=3
R350_PROBE write reg=0x4cf8 value=0x00000000 count=3
R350_PROBE write reg=0x4cfc value=0x003f0000 count=3
R350_PROBE write reg=0x4d10 value=0x00000000 count=3
R350_PROBE write reg=0x4d14 value=0x00000000 count=3
R350_PROBE write reg=0x4d18 value=0x00000000 count=3
R350_PROBE write reg=0x4d1c value=0x003f0000 count=3
R350_PROBE write reg=0x4d20 value=0x00000000 count=3
R350_PROBE write reg=0x4d24 value=0x00000000 count=3
R350_PROBE write reg=0x4d28 value=0x00000000 count=3
R350_PROBE write reg=0x4d2c value=0x003f0000 count=3
R350_PROBE write reg=0x4d30 value=0x00000000 count=3
R350_PROBE write reg=0x4d34 value=0x00000000 count=3
R350_PROBE write reg=0x4d38 value=0x00000000 count=3
R350_PROBE write reg=0x4d3c value=0x003f0000 count=3
R350_PROBE write reg=0x4d40 value=0x003e2e14 count=3
R350_PROBE write reg=0x4d44 value=0x00000000 count=3
R350_PROBE write reg=0x4d48 value=0x00000000 count=3
R350_PROBE write reg=0x4d4c value=0x00000000 count=3
R350_PROBE write reg=0x4d50 value=0x003421d2 count=3
R350_PROBE write reg=0x4d54 value=0x003a5555 count=3
R350_PROBE write reg=0x4d58 value=0x00000000 count=3
R350_PROBE write reg=0x4d5c value=0x00000000 count=3
R350_PROBE write reg=0x4d60 value=0x003d5555 count=3
R350_PROBE write reg=0x4d64 value=0x003e0000 count=3
R350_PROBE write reg=0x4d68 value=0x00000000 count=3
R350_PROBE write reg=0x4d6c value=0x00000000 count=3
R350_PROBE write reg=0x4338 value=0x0000008a count=16
R350_PROBE write reg=0x433c value=0x000000cb count=16
R350_PROBE write reg=0x4340 value=0x0000010c count=7
R350_PROBE write reg=0x4344 value=0x0000014d count=7
R350_PROBE write reg=0x4348 value=0x0000018e count=7
R350_PROBE write reg=0x434c value=0x000001cf count=7
R350_PROBE write reg=0x4404 value=0x10001436 count=16
R350_PROBE write reg=0x4444 value=0x00000000 count=16
R350_PROBE write reg=0x4484 value=0x80000802 count=16
R350_PROBE write reg=0x44c4 value=0x0000a60c count=16
R350_PROBE write reg=0x45c4 value=0x00000000 count=16
R350_PROBE write reg=0x4584 value=0x00000000 count=16
R350_PROBE write reg=0x4504 value=0x0000003f count=16
R350_PROBE write reg=0x48e4 value=0x00650404 count=32
R350_PROBE write reg=0x48f4 value=0x00050200 count=16
R350_PROBE write reg=0x48f8 value=0x00050200 count=16
R350_PROBE write reg=0x48fc value=0x0045048f count=16
R350_PROBE write reg=0x4900 value=0x00010a80 count=16
R350_PROBE write reg=0x4930 value=0x00850300 count=8
R350_PROBE write reg=0x4934 value=0x00450793 count=8
R350_PROBE write reg=0x4938 value=0x00850300 count=7
R350_PROBE write reg=0x493c value=0x00024681 count=7
R350_PROBE write reg=0x4940 value=0x0020050f count=7
R350_PROBE write reg=0x4944 value=0x0001c00c count=5
R350_PROBE write reg=0x4948 value=0x00010980 count=5
R350_PROBE write reg=0x494c value=0x00050680 count=5
R350_PROBE write reg=0x4950 value=0x00230988 count=5
R350_PROBE write reg=0x4954 value=0x000a0280 count=5
R350_PROBE write reg=0x4958 value=0x4001000d count=5
R350_PROBE write reg=0x46e4 value=0x019b51b3 count=32
R350_PROBE write reg=0x46f4 value=0x019e0d47 count=16
R350_PROBE write reg=0x46f8 value=0x01a60876 count=16
R350_PROBE write reg=0x46fc value=0x03865105 count=16
R350_PROBE write reg=0x4700 value=0x038a5183 count=16
R350_PROBE write reg=0x4730 value=0x00830b82 count=8
R350_PROBE write reg=0x4734 value=0x0386006a count=8
R350_PROBE write reg=0x4738 value=0x038a0b81 count=7
R350_PROBE write reg=0x473c value=0x01133c40 count=7
R350_PROBE write reg=0x4740 value=0x038b0081 count=7
R350_PROBE write reg=0x4744 value=0x03904c32 count=5
R350_PROBE write reg=0x4748 value=0x03920102 count=5
R350_PROBE write reg=0x474c value=0x03920804 count=5
R350_PROBE write reg=0x4750 value=0x03804020 count=5
R350_PROBE write reg=0x4754 value=0x03840d01 count=5
R350_PROBE write reg=0x4758 value=0x1c020001 count=5
R350_PROBE write reg=0x49e4 value=0x00008709 count=32
R350_PROBE write reg=0x49f4 value=0x00040810 count=16
R350_PROBE write reg=0x49f8 value=0x00040810 count=16
R350_PROBE write reg=0x49fc value=0x0044030f count=16
R350_PROBE write reg=0x4a00 value=0x0042c38f count=16
R350_PROBE write reg=0x4a30 value=0x0043c38b count=8
R350_PROBE write reg=0x4a34 value=0x00440810 count=8
R350_PROBE write reg=0x4a38 value=0x00040810 count=7
R350_PROBE write reg=0x4a3c value=0x0000c480 count=7
R350_PROBE write reg=0x4a40 value=0x0002c509 count=7
R350_PROBE write reg=0x4a44 value=0x00045507 count=5
R350_PROBE write reg=0x4a48 value=0x0564080a count=5
R350_PROBE write reg=0x4a4c value=0x0062478b count=5
R350_PROBE write reg=0x4a50 value=0x0068888d count=5
R350_PROBE write reg=0x4a54 value=0x40028889 count=5
R350_PROBE write reg=0x4a58 value=0x4062478a count=5
R350_PROBE write reg=0x47e4 value=0x00860801 count=32
R350_PROBE write reg=0x47f4 value=0x00020820 count=16
R350_PROBE write reg=0x47f8 value=0x00020820 count=16
R350_PROBE write reg=0x47fc value=0x00a60105 count=16
R350_PROBE write reg=0x4800 value=0x00a490c6 count=16
R350_PROBE write reg=0x4830 value=0x009450ea count=8
R350_PROBE write reg=0x4834 value=0x000200ea count=8
R350_PROBE write reg=0x4838 value=0x00020820 count=7
R350_PROBE write reg=0x483c value=0x008a0080 count=7
R350_PROBE write reg=0x4840 value=0x00830c82 count=7
R350_PROBE write reg=0x4844 value=0x00860042 count=5
R350_PROBE write reg=0x4848 value=0x00860040 count=5
R350_PROBE write reg=0x484c value=0x00845040 count=5
R350_PROBE write reg=0x4850 value=0x00820804 count=5
R350_PROBE write reg=0x4854 value=0x00820b80 count=5
R350_PROBE write reg=0x4858 value=0x01020001 count=5
R350_PROBE write reg=0x4638 value=0x000082c2 count=16
R350_PROBE write reg=0x463c value=0x000081c7 count=16
R350_PROBE write reg=0x4640 value=0x00008a49 count=16
R350_PROBE write reg=0x4c80 value=0x00000000 count=4
R350_PROBE write reg=0x4c84 value=0x00000000 count=4
R350_PROBE write reg=0x4c88 value=0x003f0000 count=4
R350_PROBE write reg=0x4c8c value=0x00000000 count=4
R350_PROBE write reg=0x4c90 value=0x00000000 count=4
R350_PROBE write reg=0x4c94 value=0x00000000 count=4
R350_PROBE write reg=0x4c98 value=0x00000000 count=4
R350_PROBE write reg=0x4c9c value=0x00000000 count=4
R350_PROBE write reg=0x4ca0 value=0x00000000 count=4
R350_PROBE write reg=0x4ca4 value=0x00000000 count=4
R350_PROBE write reg=0x4ca8 value=0x00000000 count=4
R350_PROBE write reg=0x4cac value=0x003f0000 count=4
R350_PROBE write reg=0x4cb0 value=0x003a745d count=4
R350_PROBE write reg=0x4cb4 value=0x003a745d count=4
R350_PROBE write reg=0x4cb8 value=0x003a745d count=4
R350_PROBE write reg=0x4cbc value=0x003a745d count=4
R350_PROBE write reg=0x4cc0 value=0x003fc5ed count=4
R350_PROBE write reg=0x4cc4 value=0x00000000 count=4
R350_PROBE write reg=0x4cc8 value=0x003fe000 count=4
R350_PROBE write reg=0x4ccc value=0x00000000 count=4
R350_PROBE write reg=0x4cd0 value=0x003e0000 count=4
R350_PROBE write reg=0x4cd4 value=0x003e0000 count=4
R350_PROBE write reg=0x4cd8 value=0x003e0000 count=4
R350_PROBE write reg=0x4cdc value=0x003e0000 count=4
R350_PROBE write reg=0x4ce0 value=0x00000000 count=4
R350_PROBE write reg=0x4ce4 value=0x003d5555 count=4
R350_PROBE write reg=0x4ce8 value=0x003f0000 count=4
R350_PROBE write reg=0x4cec value=0x003f8000 count=4
R350_PROBE write reg=0x4cf0 value=0x00000000 count=4
R350_PROBE write reg=0x4cf4 value=0x00000000 count=4
R350_PROBE write reg=0x4cf8 value=0x00000000 count=4
R350_PROBE write reg=0x4cfc value=0x003f0000 count=4
R350_PROBE write reg=0x4d10 value=0x003e3333 count=4
R350_PROBE write reg=0x4d14 value=0x003d0000 count=4
R350_PROBE write reg=0x4d18 value=0x00000000 count=4
R350_PROBE write reg=0x4d1c value=0x00000000 count=4
R350_PROBE write reg=0x4d20 value=0x003f0000 count=4
R350_PROBE write reg=0x4d24 value=0x003f0000 count=4
R350_PROBE write reg=0x4d28 value=0x003f0000 count=4
R350_PROBE write reg=0x4d2c value=0x003f0000 count=4
R350_PROBE write reg=0x4d30 value=0x003d6666 count=4
R350_PROBE write reg=0x4d34 value=0x003c3333 count=4
R350_PROBE write reg=0x4d38 value=0x00000000 count=4
R350_PROBE write reg=0x4d3c value=0x003e8000 count=4
R350_PROBE write reg=0x4d40 value=0x003e2e14 count=4
R350_PROBE write reg=0x4d44 value=0x00000000 count=4
R350_PROBE write reg=0x4d48 value=0x00000000 count=4
R350_PROBE write reg=0x4d4c value=0x00000000 count=4
R350_PROBE write reg=0x4d50 value=0x003421d2 count=4
R350_PROBE write reg=0x4d54 value=0x003a5555 count=4
R350_PROBE write reg=0x4d58 value=0x00000000 count=4
R350_PROBE write reg=0x4d5c value=0x00000000 count=4
R350_PROBE write reg=0x4d60 value=0x003d5555 count=4
R350_PROBE write reg=0x4d64 value=0x003e0000 count=4
R350_PROBE write reg=0x4d68 value=0x00000000 count=4
R350_PROBE write reg=0x4d6c value=0x00000000 count=4
R350_PROBE write reg=0x4340 value=0x0000010c count=8
R350_PROBE write reg=0x4344 value=0x0000014d count=8
R350_PROBE write reg=0x4348 value=0x0000018e count=8
R350_PROBE write reg=0x434c value=0x000001cf count=8
R350_PROBE write reg=0x48e8 value=0x00050200 count=32
R350_PROBE write reg=0x4904 value=0x00020300 count=16
R350_PROBE write reg=0x4908 value=0x00010a80 count=16
R350_PROBE write reg=0x4938 value=0x00850300 count=8
R350_PROBE write reg=0x493c value=0x00024681 count=8
R350_PROBE write reg=0x4940 value=0x0020050f count=8
R350_PROBE write reg=0x4944 value=0x0001c00c count=6
R350_PROBE write reg=0x4948 value=0x00010980 count=6
R350_PROBE write reg=0x494c value=0x00050680 count=6
R350_PROBE write reg=0x4950 value=0x00230988 count=6
R350_PROBE write reg=0x4954 value=0x000a0280 count=6
R350_PROBE write reg=0x4958 value=0x4001000d count=6
R350_PROBE write reg=0x46e8 value=0x01a20235 count=32
R350_PROBE write reg=0x4704 value=0x03841942 count=16
R350_PROBE write reg=0x4708 value=0x038a01cb count=16
R350_PROBE write reg=0x4738 value=0x038a0b81 count=8
R350_PROBE write reg=0x473c value=0x01133c40 count=8
R350_PROBE write reg=0x4740 value=0x038b0081 count=8
R350_PROBE write reg=0x4744 value=0x03904c32 count=6
R350_PROBE write reg=0x4748 value=0x03920102 count=6
R350_PROBE write reg=0x474c value=0x03920804 count=6
R350_PROBE write reg=0x4750 value=0x03804020 count=6
R350_PROBE write reg=0x4754 value=0x03840d01 count=6
R350_PROBE write reg=0x4758 value=0x1c020001 count=6
R350_PROBE write reg=0x49e8 value=0x00040810 count=32
R350_PROBE write reg=0x4a04 value=0x0042c28f count=16
R350_PROBE write reg=0x4a08 value=0x00028889 count=16
R350_PROBE write reg=0x4a38 value=0x00040810 count=8
R350_PROBE write reg=0x4a3c value=0x0000c480 count=8
R350_PROBE write reg=0x4a40 value=0x0002c509 count=8
R350_PROBE write reg=0x4a44 value=0x00045507 count=6
R350_PROBE write reg=0x4a48 value=0x0564080a count=6
R350_PROBE write reg=0x4a4c value=0x0062478b count=6
R350_PROBE write reg=0x4a50 value=0x0068888d count=6
R350_PROBE write reg=0x4a54 value=0x40028889 count=6
R350_PROBE write reg=0x4a58 value=0x4062478a count=6
R350_PROBE write reg=0x47e8 value=0x00020820 count=32
R350_PROBE write reg=0x4804 value=0x009c92c7 count=16
R350_PROBE write reg=0x4808 value=0x00a20288 count=16
R350_PROBE write reg=0x4838 value=0x00020820 count=8
R350_PROBE write reg=0x483c value=0x008a0080 count=8
R350_PROBE write reg=0x4840 value=0x00830c82 count=8
R350_PROBE write reg=0x4844 value=0x00860042 count=6
R350_PROBE write reg=0x4848 value=0x00860040 count=6
R350_PROBE write reg=0x484c value=0x00845040 count=6
R350_PROBE write reg=0x4850 value=0x00820804 count=6
R350_PROBE write reg=0x4854 value=0x00820b80 count=6
R350_PROBE write reg=0x4858 value=0x01020001 count=6
R350_PROBE write reg=0x4630 value=0x00008208 count=32
R350_PROBE write reg=0x4c80 value=0x00000000 count=5
R350_PROBE write reg=0x4c84 value=0x00000000 count=5
R350_PROBE write reg=0x4c88 value=0x003f0000 count=5
R350_PROBE write reg=0x4c8c value=0x00000000 count=5
R350_PROBE write reg=0x4c90 value=0x00000000 count=5
R350_PROBE write reg=0x4c94 value=0x00000000 count=5
R350_PROBE write reg=0x4c98 value=0x00000000 count=5
R350_PROBE write reg=0x4c9c value=0x00000000 count=5
R350_PROBE write reg=0x4ca0 value=0x00000000 count=5
R350_PROBE write reg=0x4ca4 value=0x00000000 count=5
R350_PROBE write reg=0x4ca8 value=0x00000000 count=5
R350_PROBE write reg=0x4cac value=0x003f0000 count=5
R350_PROBE write reg=0x4cb0 value=0x003a745d count=5
R350_PROBE write reg=0x4cb4 value=0x003a745d count=5
R350_PROBE write reg=0x4cb8 value=0x003a745d count=5
R350_PROBE write reg=0x4cbc value=0x003a745d count=5
R350_PROBE write reg=0x4cc0 value=0x003fc5ed count=5
R350_PROBE write reg=0x4cc4 value=0x00000000 count=5
R350_PROBE write reg=0x4cc8 value=0x003fe000 count=5
R350_PROBE write reg=0x4ccc value=0x00000000 count=5
R350_PROBE write reg=0x4cd0 value=0x003e0000 count=5
R350_PROBE write reg=0x4cd4 value=0x003e0000 count=5
R350_PROBE write reg=0x4cd8 value=0x003e0000 count=5
R350_PROBE write reg=0x4cdc value=0x003e0000 count=5
R350_PROBE write reg=0x4ce0 value=0x00000000 count=5
R350_PROBE write reg=0x4ce4 value=0x003d5555 count=5
R350_PROBE write reg=0x4ce8 value=0x003f0000 count=5
R350_PROBE write reg=0x4cec value=0x003f8000 count=5
R350_PROBE write reg=0x4cf0 value=0x00000000 count=5
R350_PROBE write reg=0x4cf4 value=0x00000000 count=5
R350_PROBE write reg=0x4cf8 value=0x00000000 count=5
R350_PROBE write reg=0x4cfc value=0x003f0000 count=5
R350_PROBE write reg=0x4d10 value=0x003e3333 count=5
R350_PROBE write reg=0x4d14 value=0x003d0000 count=5
R350_PROBE write reg=0x4d18 value=0x00000000 count=5
R350_PROBE write reg=0x4d1c value=0x00000000 count=5
R350_PROBE write reg=0x4d20 value=0x003f0000 count=5
R350_PROBE write reg=0x4d24 value=0x003f0000 count=5
R350_PROBE write reg=0x4d28 value=0x003f0000 count=5
R350_PROBE write reg=0x4d2c value=0x003f0000 count=5
R350_PROBE write reg=0x4d30 value=0x003d6666 count=5
R350_PROBE write reg=0x4d34 value=0x003c3333 count=5
R350_PROBE write reg=0x4d38 value=0x00000000 count=5
R350_PROBE write reg=0x4d3c value=0x003e8000 count=5
R350_PROBE write reg=0x4d40 value=0x003e2e14 count=5
R350_PROBE write reg=0x4d44 value=0x00000000 count=5
R350_PROBE write reg=0x4d48 value=0x00000000 count=5
R350_PROBE write reg=0x4d4c value=0x00000000 count=5
R350_PROBE write reg=0x4d50 value=0x003421d2 count=5
R350_PROBE write reg=0x4d54 value=0x003a5555 count=5
R350_PROBE write reg=0x4d58 value=0x00000000 count=5
R350_PROBE write reg=0x4d5c value=0x00000000 count=5
R350_PROBE write reg=0x4d60 value=0x003d5555 count=5
R350_PROBE write reg=0x4d64 value=0x003e0000 count=5
R350_PROBE write reg=0x4d68 value=0x00000000 count=5
R350_PROBE write reg=0x4d6c value=0x00000000 count=5
R350_PROBE write reg=0x495c value=0x00050200 count=2
R350_PROBE write reg=0x4960 value=0x00050a14 count=2
R350_PROBE write reg=0x4964 value=0x00050600 count=2
R350_PROBE write reg=0x4968 value=0x00050201 count=2
R350_PROBE write reg=0x496c value=0x00020202 count=2
R350_PROBE write reg=0x4970 value=0x00020203 count=2
R350_PROBE write reg=0x4974 value=0x0001000c count=2
R350_PROBE write reg=0x4978 value=0x00010a80 count=2
R350_PROBE write reg=0x497c value=0x0005000c count=1
R350_PROBE write reg=0x475c value=0x01820c00 count=2
R350_PROBE write reg=0x4760 value=0x00020820 count=2
R350_PROBE write reg=0x4764 value=0x03820800 count=2
R350_PROBE write reg=0x4768 value=0x03860800 count=2
R350_PROBE write reg=0x476c value=0x03841840 count=2
R350_PROBE write reg=0x4770 value=0x03801880 count=2
R350_PROBE write reg=0x4774 value=0x03820023 count=2
R350_PROBE write reg=0x4778 value=0x03820900 count=2
R350_PROBE write reg=0x477c value=0x1c020800 count=1
R350_PROBE write reg=0x4a5c value=0x00040810 count=2
R350_PROBE write reg=0x4a60 value=0x05040809 count=2
R350_PROBE write reg=0x4a64 value=0x00040810 count=2
R350_PROBE write reg=0x4a68 value=0x00040480 count=2
R350_PROBE write reg=0x4a6c value=0x00028481 count=2
R350_PROBE write reg=0x4a70 value=0x00028482 count=2
R350_PROBE write reg=0x4a74 value=0x0002c509 count=2
R350_PROBE write reg=0x4a78 value=0x00028889 count=2
R350_PROBE write reg=0x4a7c value=0x00040889 count=1
R350_PROBE write reg=0x485c value=0x00020820 count=2
R350_PROBE write reg=0x4860 value=0x00860800 count=2
R350_PROBE write reg=0x4864 value=0x00020801 count=2
R350_PROBE write reg=0x4868 value=0x00860820 count=2
R350_PROBE write reg=0x486c value=0x00860061 count=2
R350_PROBE write reg=0x4870 value=0x00860062 count=2
R350_PROBE write reg=0x4874 value=0x008018c0 count=2
R350_PROBE write reg=0x4878 value=0x00820900 count=2
R350_PROBE write reg=0x487c value=0x01020800 count=1
R350_PROBE write reg=0x490c value=0x00020380 count=16
R350_PROBE write reg=0x4910 value=0x0042060f count=16
R350_PROBE write reg=0x4944 value=0x0001c00c count=7
R350_PROBE write reg=0x4948 value=0x00010980 count=7
R350_PROBE write reg=0x494c value=0x00050680 count=7
R350_PROBE write reg=0x4950 value=0x00230988 count=7
R350_PROBE write reg=0x4954 value=0x000a0280 count=7
R350_PROBE write reg=0x4958 value=0x4001000d count=7
R350_PROBE write reg=0x495c value=0x00050200 count=3
R350_PROBE write reg=0x4960 value=0x00050a14 count=3
R350_PROBE write reg=0x4964 value=0x00050600 count=3
R350_PROBE write reg=0x4968 value=0x00050201 count=3
R350_PROBE write reg=0x496c value=0x00020202 count=3
R350_PROBE write reg=0x4970 value=0x00020203 count=3
R350_PROBE write reg=0x4974 value=0x0001000c count=3
R350_PROBE write reg=0x4978 value=0x00010a80 count=3
R350_PROBE write reg=0x497c value=0x0005000c count=2
R350_PROBE write reg=0x470c value=0x03841942 count=16
R350_PROBE write reg=0x4710 value=0x0384120a count=16
R350_PROBE write reg=0x4744 value=0x03904c32 count=7
R350_PROBE write reg=0x4748 value=0x03920102 count=7
R350_PROBE write reg=0x474c value=0x03920804 count=7
R350_PROBE write reg=0x4750 value=0x03804020 count=7
R350_PROBE write reg=0x4754 value=0x03840d01 count=7
R350_PROBE write reg=0x4758 value=0x1c020001 count=7
R350_PROBE write reg=0x475c value=0x01820c00 count=3
R350_PROBE write reg=0x4760 value=0x00020820 count=3
R350_PROBE write reg=0x4764 value=0x03820800 count=3
R350_PROBE write reg=0x4768 value=0x03860800 count=3
R350_PROBE write reg=0x476c value=0x03841840 count=3
R350_PROBE write reg=0x4770 value=0x03801880 count=3
R350_PROBE write reg=0x4774 value=0x03820023 count=3
R350_PROBE write reg=0x4778 value=0x03820900 count=3
R350_PROBE write reg=0x477c value=0x1c020800 count=2
R350_PROBE write reg=0x4a0c value=0x0002c509 count=16
R350_PROBE write reg=0x4a10 value=0x0504080a count=16
R350_PROBE write reg=0x4a44 value=0x00045507 count=7
R350_PROBE write reg=0x4a48 value=0x0564080a count=7
R350_PROBE write reg=0x4a4c value=0x0062478b count=7
R350_PROBE write reg=0x4a50 value=0x0068888d count=7
R350_PROBE write reg=0x4a54 value=0x40028889 count=7
R350_PROBE write reg=0x4a58 value=0x4062478a count=7
R350_PROBE write reg=0x4a5c value=0x00040810 count=3
R350_PROBE write reg=0x4a60 value=0x05040809 count=3
R350_PROBE write reg=0x4a64 value=0x00040810 count=3
R350_PROBE write reg=0x4a68 value=0x00040480 count=3
R350_PROBE write reg=0x4a6c value=0x00028481 count=3
R350_PROBE write reg=0x4a70 value=0x00028482 count=3
R350_PROBE write reg=0x4a74 value=0x0002c509 count=3
R350_PROBE write reg=0x4a78 value=0x00028889 count=3
R350_PROBE write reg=0x4a7c value=0x00040889 count=2
R350_PROBE write reg=0x480c value=0x00a07948 count=16
R350_PROBE write reg=0x4810 value=0x00a60225 count=16
R350_PROBE write reg=0x4844 value=0x00860042 count=7
R350_PROBE write reg=0x4848 value=0x00860040 count=7
R350_PROBE write reg=0x484c value=0x00845040 count=7
R350_PROBE write reg=0x4850 value=0x00820804 count=7
R350_PROBE write reg=0x4854 value=0x00820b80 count=7
R350_PROBE write reg=0x4858 value=0x01020001 count=7
R350_PROBE write reg=0x485c value=0x00020820 count=3
R350_PROBE write reg=0x4860 value=0x00860800 count=3
R350_PROBE write reg=0x4864 value=0x00020801 count=3
R350_PROBE write reg=0x4868 value=0x00860820 count=3
R350_PROBE write reg=0x486c value=0x00860061 count=3
R350_PROBE write reg=0x4870 value=0x00860062 count=3
R350_PROBE write reg=0x4874 value=0x008018c0 count=3
R350_PROBE write reg=0x4878 value=0x00820900 count=3
R350_PROBE write reg=0x487c value=0x01020800 count=2
R350_PROBE write reg=0x43b0 value=0x00b405a0 count=128
R350_PROBE write reg=0x43b4 value=0x00b705c3 count=128
R350_PROBE write reg=0x4c40 value=0x003f0000 count=32
R350_PROBE write reg=0x4c44 value=0x003f0000 count=32
R350_PROBE write reg=0x4c48 value=0x003f0000 count=32
R350_PROBE write reg=0x4c4c value=0x00000000 count=32
R350_PROBE write reg=0x42c4 value=0x00000000 count=128
R350_PROBE write reg=0x42c0 value=0x4b7fffff count=128
R350_PROBE write reg=0x4e2c value=0x00000000 count=128
R350_PROBE write reg=0x4e30 value=0x00000000 count=128
R350_PROBE write reg=0x4e34 value=0x00000000 count=128
R350_PROBE write reg=0x4e3c value=0x00000000 count=128
R350_PROBE write reg=0x4e40 value=0x00000000 count=128
R350_PROBE write reg=0x4e44 value=0x00000000 count=128
R350_PROBE write reg=0x4e54 value=0x00000001 count=128
R350_PROBE write reg=0x4e64 value=0x00000040 count=128
R350_PROBE write reg=0x4f20 value=0x00000000 count=128
R350_PROBE write reg=0x4f24 value=0x00000000 count=128
R350_PROBE write reg=0x4f60 value=0x00000000 count=128
R350_PROBE write reg=0x4f10 value=0x00000000 count=128
R350_PROBE write reg=0x4f28 value=0x00000000 count=128
R350_PROBE write reg=0x4f30 value=0x00000000 count=128
R350_PROBE write reg=0x4f34 value=0x00000000 count=128
R350_PROBE write reg=0x4f44 value=0x00000000 count=128
R350_PROBE write reg=0x4f54 value=0x00000000 count=128
R350_PROBE write reg=0x4980 value=0x00050a80 count=1
R350_PROBE write reg=0x4780 value=0x1c020800 count=1
R350_PROBE write reg=0x4a80 value=0x00040889 count=1
R350_PROBE write reg=0x4880 value=0x01020800 count=1
R350_PROBE write reg=0x46b4 value=0x00000001 count=256
R350_PROBE write reg=0x4610 value=0x00000000 count=256
R350_PROBE write reg=0x4614 value=0x00000000 count=256
R350_PROBE write reg=0x4618 value=0x00000000 count=256
R350_PROBE write reg=0x4010 value=0x66666666 count=256
R350_PROBE write reg=0x4014 value=0x06666666 count=256
R350_PROBE write reg=0x20b4 value=0x00000000 count=256
R350_PROBE write reg=0x48ec value=0x00050200 count=32
R350_PROBE write reg=0x4914 value=0x00250608 count=16
R350_PROBE write reg=0x4918 value=0x00050201 count=16
R350_PROBE write reg=0x491c value=0x00020202 count=16
R350_PROBE write reg=0x4920 value=0x00020203 count=16
R350_PROBE write reg=0x4924 value=0x0001000c count=16
R350_PROBE write reg=0x4944 value=0x0001c00c count=8
R350_PROBE write reg=0x4948 value=0x00010980 count=8
R350_PROBE write reg=0x494c value=0x00050680 count=8
R350_PROBE write reg=0x4950 value=0x00230988 count=8
R350_PROBE write reg=0x4954 value=0x000a0280 count=8
R350_PROBE write reg=0x4958 value=0x4001000d count=8
R350_PROBE write reg=0x495c value=0x00050200 count=4
R350_PROBE write reg=0x4960 value=0x00050a14 count=4
R350_PROBE write reg=0x4964 value=0x00050600 count=4
R350_PROBE write reg=0x4968 value=0x00050201 count=4
R350_PROBE write reg=0x496c value=0x00020202 count=4
R350_PROBE write reg=0x4970 value=0x00020203 count=4
R350_PROBE write reg=0x4974 value=0x0001000c count=4
R350_PROBE write reg=0x4978 value=0x00010a80 count=4
R350_PROBE write reg=0x497c value=0x0005000c count=3
R350_PROBE write reg=0x4980 value=0x00050a80 count=2
R350_PROBE write reg=0x46ec value=0x01860d41 count=32
R350_PROBE write reg=0x4714 value=0x03841020 count=16
R350_PROBE write reg=0x4718 value=0x038a0981 count=16
R350_PROBE write reg=0x471c value=0x038829c1 count=16
R350_PROBE write reg=0x4720 value=0x03842a01 count=16
R350_PROBE write reg=0x4724 value=0x03860069 count=16
R350_PROBE write reg=0x4744 value=0x03904c32 count=8
R350_PROBE write reg=0x4748 value=0x03920102 count=8
R350_PROBE write reg=0x474c value=0x03920804 count=8
R350_PROBE write reg=0x4750 value=0x03804020 count=8
R350_PROBE write reg=0x4754 value=0x03840d01 count=8
R350_PROBE write reg=0x4758 value=0x1c020001 count=8
R350_PROBE write reg=0x475c value=0x01820c00 count=4
R350_PROBE write reg=0x4760 value=0x00020820 count=4
R350_PROBE write reg=0x4764 value=0x03820800 count=4
R350_PROBE write reg=0x4768 value=0x03860800 count=4
R350_PROBE write reg=0x476c value=0x03841840 count=4
R350_PROBE write reg=0x4770 value=0x03801880 count=4
R350_PROBE write reg=0x4774 value=0x03820023 count=4
R350_PROBE write reg=0x4778 value=0x03820900 count=4
R350_PROBE write reg=0x477c value=0x1c020800 count=3
R350_PROBE write reg=0x4780 value=0x1c020800 count=2
R350_PROBE write reg=0x49ec value=0x00040810 count=32
R350_PROBE write reg=0x4a14 value=0x400288ad count=16
R350_PROBE write reg=0x4a18 value=0x00040480 count=16
R350_PROBE write reg=0x4a1c value=0x00028481 count=16
R350_PROBE write reg=0x4a20 value=0x00028482 count=16
R350_PROBE write reg=0x4a24 value=0x0002c509 count=16
R350_PROBE write reg=0x4a44 value=0x00045507 count=8
R350_PROBE write reg=0x4a48 value=0x0564080a count=8
R350_PROBE write reg=0x4a4c value=0x0062478b count=8
R350_PROBE write reg=0x4a50 value=0x0068888d count=8
R350_PROBE write reg=0x4a54 value=0x40028889 count=8
R350_PROBE write reg=0x4a58 value=0x4062478a count=8
R350_PROBE write reg=0x4a5c value=0x00040810 count=4
R350_PROBE write reg=0x4a60 value=0x05040809 count=4
R350_PROBE write reg=0x4a64 value=0x00040810 count=4
R350_PROBE write reg=0x4a68 value=0x00040480 count=4
R350_PROBE write reg=0x4a6c value=0x00028481 count=4
R350_PROBE write reg=0x4a70 value=0x00028482 count=4
R350_PROBE write reg=0x4a74 value=0x0002c509 count=4
R350_PROBE write reg=0x4a78 value=0x00028889 count=4
R350_PROBE write reg=0x4a7c value=0x00040889 count=3
R350_PROBE write reg=0x4a80 value=0x00040889 count=2
R350_PROBE write reg=0x47ec value=0x00020820 count=32
R350_PROBE write reg=0x4814 value=0x00a60b89 count=16
R350_PROBE write reg=0x4818 value=0x008e0826 count=16
R350_PROBE write reg=0x481c value=0x008e00e7 count=16
R350_PROBE write reg=0x4820 value=0x008e00e8 count=16
R350_PROBE write reg=0x4824 value=0x008c3a48 count=16
R350_PROBE write reg=0x4844 value=0x00860042 count=8
R350_PROBE write reg=0x4848 value=0x00860040 count=8
R350_PROBE write reg=0x484c value=0x00845040 count=8
R350_PROBE write reg=0x4850 value=0x00820804 count=8
R350_PROBE write reg=0x4854 value=0x00820b80 count=8
R350_PROBE write reg=0x4858 value=0x01020001 count=8
R350_PROBE write reg=0x485c value=0x00020820 count=4
R350_PROBE write reg=0x4860 value=0x00860800 count=4
R350_PROBE write reg=0x4864 value=0x00020801 count=4
R350_PROBE write reg=0x4868 value=0x00860820 count=4
R350_PROBE write reg=0x486c value=0x00860061 count=4
R350_PROBE write reg=0x4870 value=0x00860062 count=4
R350_PROBE write reg=0x4874 value=0x008018c0 count=4
R350_PROBE write reg=0x4878 value=0x00820900 count=4
R350_PROBE write reg=0x487c value=0x01020800 count=3
R350_PROBE write reg=0x4880 value=0x01020800 count=2
R350_PROBE write reg=0x4984 value=0x00050200 count=1
R350_PROBE write reg=0x4988 value=0x00050200 count=1
R350_PROBE write reg=0x498c value=0x00050200 count=1
R350_PROBE write reg=0x4990 value=0x00050200 count=1
R350_PROBE write reg=0x4994 value=0x00050200 count=1
R350_PROBE write reg=0x4998 value=0x00050200 count=1
R350_PROBE write reg=0x499c value=0x00050200 count=1
R350_PROBE write reg=0x49a0 value=0x00010a80 count=1
R350_PROBE write reg=0x49a4 value=0x00050280 count=1
R350_PROBE write reg=0x49a8 value=0x00010a80 count=1
R350_PROBE write reg=0x49ac value=0x00020300 count=1
R350_PROBE write reg=0x49b0 value=0x00020380 count=1
R350_PROBE write reg=0x49b4 value=0x0042060f count=1
R350_PROBE write reg=0x4784 value=0x018a0c02 count=1
R350_PROBE write reg=0x4788 value=0x018e0c03 count=1
R350_PROBE write reg=0x478c value=0x01920c04 count=1
R350_PROBE write reg=0x4790 value=0x01860c01 count=1
R350_PROBE write reg=0x4794 value=0x01960c05 count=1
R350_PROBE write reg=0x4798 value=0x01820c00 count=1
R350_PROBE write reg=0x479c value=0x019a0c06 count=1
R350_PROBE write reg=0x47a0 value=0x038a0102 count=1
R350_PROBE write reg=0x47a4 value=0x038e0803 count=1
R350_PROBE write reg=0x47a8 value=0x03860141 count=1
R350_PROBE write reg=0x47ac value=0x03883802 count=1
R350_PROBE write reg=0x47b0 value=0x03842801 count=1
R350_PROBE write reg=0x47b4 value=0x1c001006 count=1
R350_PROBE write reg=0x4a84 value=0x00040810 count=1
R350_PROBE write reg=0x4a88 value=0x00040810 count=1
R350_PROBE write reg=0x4a8c value=0x00040810 count=1
R350_PROBE write reg=0x4a90 value=0x00040810 count=1
R350_PROBE write reg=0x4a94 value=0x00040810 count=1
R350_PROBE write reg=0x4a98 value=0x00040810 count=1
R350_PROBE write reg=0x4a9c value=0x00040810 count=1
R350_PROBE write reg=0x4aa0 value=0x00040309 count=1
R350_PROBE write reg=0x4aa4 value=0x0042c20f count=1
R350_PROBE write reg=0x4aa8 value=0x0042c40f count=1
R350_PROBE write reg=0x4aac value=0x00028889 count=1
R350_PROBE write reg=0x4ab0 value=0x0002c509 count=1
R350_PROBE write reg=0x4ab4 value=0x00040810 count=1
R350_PROBE write reg=0x4884 value=0x00020820 count=1
R350_PROBE write reg=0x4888 value=0x00020820 count=1
R350_PROBE write reg=0x488c value=0x00020820 count=1
R350_PROBE write reg=0x4890 value=0x00020820 count=1
R350_PROBE write reg=0x4894 value=0x00020820 count=1
R350_PROBE write reg=0x4898 value=0x00020820 count=1
R350_PROBE write reg=0x489c value=0x00020820 count=1
R350_PROBE write reg=0x48a0 value=0x008e0803 count=1
R350_PROBE write reg=0x48a4 value=0x00883084 count=1
R350_PROBE write reg=0x48a8 value=0x00842045 count=1
R350_PROBE write reg=0x48ac value=0x00820180 count=1
R350_PROBE write reg=0x48b0 value=0x01001800 count=1
R350_PROBE write reg=0x48b4 value=0x00020820 count=1
R350_PROBE write reg=0x4658 value=0x00008145 count=8
R350_PROBE write reg=0x465c value=0x00008000 count=8
R350_PROBE write reg=0x4660 value=0x00008186 count=8
R350_PROBE write reg=0x4d00 value=0x00343813 count=128
R350_PROBE write reg=0x4d04 value=0x003a745d count=128
R350_PROBE write reg=0x4d08 value=0x00000000 count=128
R350_PROBE write reg=0x4d0c value=0x00000000 count=128
R350_PROBE write reg=0x4f14 value=0x00000001 count=128
R350_PROBE write reg=0x4020 value=0x00000000 count=256
R350_PROBE write reg=0x48c0 value=0x00050a81 count=64
R350_PROBE write reg=0x48f0 value=0x00050200 count=32
R350_PROBE write reg=0x4928 value=0x00050280 count=16
R350_PROBE write reg=0x492c value=0x04080214 count=16
R350_PROBE write reg=0x495c value=0x00050200 count=5
R350_PROBE write reg=0x4960 value=0x00050a14 count=5
R350_PROBE write reg=0x4964 value=0x00050600 count=5
R350_PROBE write reg=0x4968 value=0x00050201 count=5
R350_PROBE write reg=0x496c value=0x00020202 count=5
R350_PROBE write reg=0x4970 value=0x00020203 count=5
R350_PROBE write reg=0x4974 value=0x0001000c count=5
R350_PROBE write reg=0x4978 value=0x00010a80 count=5
R350_PROBE write reg=0x497c value=0x0005000c count=4
R350_PROBE write reg=0x4980 value=0x00050a80 count=3
R350_PROBE write reg=0x4984 value=0x00050200 count=2
R350_PROBE write reg=0x4988 value=0x00050200 count=2
R350_PROBE write reg=0x498c value=0x00050200 count=2
R350_PROBE write reg=0x4990 value=0x00050200 count=2
R350_PROBE write reg=0x4994 value=0x00050200 count=2
R350_PROBE write reg=0x4998 value=0x00050200 count=2
R350_PROBE write reg=0x499c value=0x00050200 count=2
R350_PROBE write reg=0x49a0 value=0x00010a80 count=2
R350_PROBE write reg=0x49a4 value=0x00050280 count=2
R350_PROBE write reg=0x49a8 value=0x00010a80 count=2
R350_PROBE write reg=0x49ac value=0x00020300 count=2
R350_PROBE write reg=0x49b0 value=0x00020380 count=2
R350_PROBE write reg=0x49b4 value=0x0042060f count=2
R350_PROBE write reg=0x46c0 value=0x02220822 count=64
R350_PROBE write reg=0x46f0 value=0x018a0d42 count=32
R350_PROBE write reg=0x4728 value=0x038a0b09 count=16
R350_PROBE write reg=0x472c value=0x038a00ad count=16
R350_PROBE write reg=0x475c value=0x01820c00 count=5
R350_PROBE write reg=0x4760 value=0x00020820 count=5
R350_PROBE write reg=0x4764 value=0x03820800 count=5
R350_PROBE write reg=0x4768 value=0x03860800 count=5
R350_PROBE write reg=0x476c value=0x03841840 count=5
R350_PROBE write reg=0x4770 value=0x03801880 count=5
R350_PROBE write reg=0x4774 value=0x03820023 count=5
R350_PROBE write reg=0x4778 value=0x03820900 count=5
R350_PROBE write reg=0x477c value=0x1c020800 count=4
R350_PROBE write reg=0x4780 value=0x1c020800 count=3
R350_PROBE write reg=0x4784 value=0x018a0c02 count=2
R350_PROBE write reg=0x4788 value=0x018e0c03 count=2
R350_PROBE write reg=0x478c value=0x01920c04 count=2
R350_PROBE write reg=0x4790 value=0x01860c01 count=2
R350_PROBE write reg=0x4794 value=0x01960c05 count=2
R350_PROBE write reg=0x4798 value=0x01820c00 count=2
R350_PROBE write reg=0x479c value=0x019a0c06 count=2
R350_PROBE write reg=0x47a0 value=0x038a0102 count=2
R350_PROBE write reg=0x47a4 value=0x038e0803 count=2
R350_PROBE write reg=0x47a8 value=0x03860141 count=2
R350_PROBE write reg=0x47ac value=0x03883802 count=2
R350_PROBE write reg=0x47b0 value=0x03842801 count=2
R350_PROBE write reg=0x47b4 value=0x1c001006 count=2
R350_PROBE write reg=0x49c0 value=0x00040891 count=64
R350_PROBE write reg=0x49f0 value=0x00040810 count=32
R350_PROBE write reg=0x4a28 value=0x00040509 count=16
R350_PROBE write reg=0x4a2c value=0x004448af count=16
R350_PROBE write reg=0x4a5c value=0x00040810 count=5
R350_PROBE write reg=0x4a60 value=0x05040809 count=5
R350_PROBE write reg=0x4a64 value=0x00040810 count=5
R350_PROBE write reg=0x4a68 value=0x00040480 count=5
R350_PROBE write reg=0x4a6c value=0x00028481 count=5
R350_PROBE write reg=0x4a70 value=0x00028482 count=5
R350_PROBE write reg=0x4a74 value=0x0002c509 count=5
R350_PROBE write reg=0x4a78 value=0x00028889 count=5
R350_PROBE write reg=0x4a7c value=0x00040889 count=4
R350_PROBE write reg=0x4a80 value=0x00040889 count=3
R350_PROBE write reg=0x4a84 value=0x00040810 count=2
R350_PROBE write reg=0x4a88 value=0x00040810 count=2
R350_PROBE write reg=0x4a8c value=0x00040810 count=2
R350_PROBE write reg=0x4a90 value=0x00040810 count=2
R350_PROBE write reg=0x4a94 value=0x00040810 count=2
R350_PROBE write reg=0x4a98 value=0x00040810 count=2
R350_PROBE write reg=0x4a9c value=0x00040810 count=2
R350_PROBE write reg=0x4aa0 value=0x00040309 count=2
R350_PROBE write reg=0x4aa4 value=0x0042c20f count=2
R350_PROBE write reg=0x4aa8 value=0x0042c40f count=2
R350_PROBE write reg=0x4aac value=0x00028889 count=2
R350_PROBE write reg=0x4ab0 value=0x0002c509 count=2
R350_PROBE write reg=0x4ab4 value=0x00040810 count=2
R350_PROBE write reg=0x47c0 value=0x00a60820 count=64
R350_PROBE write reg=0x47f0 value=0x00020820 count=32
R350_PROBE write reg=0x4828 value=0x00920809 count=16
R350_PROBE write reg=0x482c value=0x009600ea count=16
R350_PROBE write reg=0x485c value=0x00020820 count=5
R350_PROBE write reg=0x4860 value=0x00860800 count=5
R350_PROBE write reg=0x4864 value=0x00020801 count=5
R350_PROBE write reg=0x4868 value=0x00860820 count=5
R350_PROBE write reg=0x486c value=0x00860061 count=5
R350_PROBE write reg=0x4870 value=0x00860062 count=5
R350_PROBE write reg=0x4874 value=0x008018c0 count=5
R350_PROBE write reg=0x4878 value=0x00820900 count=5
R350_PROBE write reg=0x487c value=0x01020800 count=4
R350_PROBE write reg=0x4880 value=0x01020800 count=3
R350_PROBE write reg=0x4884 value=0x00020820 count=2
R350_PROBE write reg=0x4888 value=0x00020820 count=2
R350_PROBE write reg=0x488c value=0x00020820 count=2
R350_PROBE write reg=0x4890 value=0x00020820 count=2
R350_PROBE write reg=0x4894 value=0x00020820 count=2
R350_PROBE write reg=0x4898 value=0x00020820 count=2
R350_PROBE write reg=0x489c value=0x00020820 count=2
R350_PROBE write reg=0x48a0 value=0x008e0803 count=2
R350_PROBE write reg=0x48a4 value=0x00883084 count=2
R350_PROBE write reg=0x48a8 value=0x00842045 count=2
R350_PROBE write reg=0x48ac value=0x00820180 count=2
R350_PROBE write reg=0x48b0 value=0x01001800 count=2
R350_PROBE write reg=0x48b4 value=0x00020820 count=2
R350_PROBE write reg=0x4634 value=0x00008281 count=32
R350_PROBE write reg=0x4644 value=0x00008000 count=16
R350_PROBE write reg=0x2208 value=0x00d10025 count=32768
R350_PROBE write reg=0x4334 value=0x0000004a count=32
R350_PROBE write reg=0x495c value=0x00050200 count=6
R350_PROBE write reg=0x4960 value=0x00050a14 count=6
R350_PROBE write reg=0x4964 value=0x00050600 count=6
R350_PROBE write reg=0x4968 value=0x00050201 count=6
R350_PROBE write reg=0x496c value=0x00020202 count=6
R350_PROBE write reg=0x4970 value=0x00020203 count=6
R350_PROBE write reg=0x4974 value=0x0001000c count=6
R350_PROBE write reg=0x4978 value=0x00010a80 count=6
R350_PROBE write reg=0x497c value=0x0005000c count=5
R350_PROBE write reg=0x4980 value=0x00050a80 count=4
R350_PROBE write reg=0x4984 value=0x00050200 count=3
R350_PROBE write reg=0x4988 value=0x00050200 count=3
R350_PROBE write reg=0x498c value=0x00050200 count=3
R350_PROBE write reg=0x4990 value=0x00050200 count=3
R350_PROBE write reg=0x4994 value=0x00050200 count=3
R350_PROBE write reg=0x4998 value=0x00050200 count=3
R350_PROBE write reg=0x499c value=0x00050200 count=3
R350_PROBE write reg=0x49a0 value=0x00010a80 count=3
R350_PROBE write reg=0x49a4 value=0x00050280 count=3
R350_PROBE write reg=0x49a8 value=0x00010a80 count=3
R350_PROBE write reg=0x49ac value=0x00020300 count=3
R350_PROBE write reg=0x49b0 value=0x00020380 count=3
R350_PROBE write reg=0x49b4 value=0x0042060f count=3
R350_PROBE write reg=0x475c value=0x01820c00 count=6
R350_PROBE write reg=0x4760 value=0x00020820 count=6
R350_PROBE write reg=0x4764 value=0x03820800 count=6
R350_PROBE write reg=0x4768 value=0x03860800 count=6
R350_PROBE write reg=0x476c value=0x03841840 count=6
R350_PROBE write reg=0x4770 value=0x03801880 count=6
R350_PROBE write reg=0x4774 value=0x03820023 count=6
R350_PROBE write reg=0x4778 value=0x03820900 count=6
R350_PROBE write reg=0x477c value=0x1c020800 count=5
R350_PROBE write reg=0x4780 value=0x1c020800 count=4
R350_PROBE write reg=0x4784 value=0x018a0c02 count=3
R350_PROBE write reg=0x4788 value=0x018e0c03 count=3
R350_PROBE write reg=0x478c value=0x01920c04 count=3
R350_PROBE write reg=0x4790 value=0x01860c01 count=3
R350_PROBE write reg=0x4794 value=0x01960c05 count=3
R350_PROBE write reg=0x4798 value=0x01820c00 count=3
R350_PROBE write reg=0x479c value=0x019a0c06 count=3
R350_PROBE write reg=0x47a0 value=0x038a0102 count=3
R350_PROBE write reg=0x47a4 value=0x038e0803 count=3
R350_PROBE write reg=0x47a8 value=0x03860141 count=3
R350_PROBE write reg=0x47ac value=0x03883802 count=3
R350_PROBE write reg=0x47b0 value=0x03842801 count=3
R350_PROBE write reg=0x47b4 value=0x1c001006 count=3
R350_PROBE write reg=0x4a5c value=0x00040810 count=6
R350_PROBE write reg=0x4a60 value=0x05040809 count=6
R350_PROBE write reg=0x4a64 value=0x00040810 count=6
R350_PROBE write reg=0x4a68 value=0x00040480 count=6
R350_PROBE write reg=0x4a6c value=0x00028481 count=6
R350_PROBE write reg=0x4a70 value=0x00028482 count=6
R350_PROBE write reg=0x4a74 value=0x0002c509 count=6
R350_PROBE write reg=0x4a78 value=0x00028889 count=6
R350_PROBE write reg=0x4a7c value=0x00040889 count=5
R350_PROBE write reg=0x4a80 value=0x00040889 count=4
R350_PROBE write reg=0x4a84 value=0x00040810 count=3
R350_PROBE write reg=0x4a88 value=0x00040810 count=3
R350_PROBE write reg=0x4a8c value=0x00040810 count=3
R350_PROBE write reg=0x4a90 value=0x00040810 count=3
R350_PROBE write reg=0x4a94 value=0x00040810 count=3
R350_PROBE write reg=0x4a98 value=0x00040810 count=3
R350_PROBE write reg=0x4a9c value=0x00040810 count=3
R350_PROBE write reg=0x4aa0 value=0x00040309 count=3
R350_PROBE write reg=0x4aa4 value=0x0042c20f count=3
R350_PROBE write reg=0x4aa8 value=0x0042c40f count=3
R350_PROBE write reg=0x4aac value=0x00028889 count=3
R350_PROBE write reg=0x4ab0 value=0x0002c509 count=3
R350_PROBE write reg=0x4ab4 value=0x00040810 count=3
R350_PROBE write reg=0x485c value=0x00020820 count=6
R350_PROBE write reg=0x4860 value=0x00860800 count=6
R350_PROBE write reg=0x4864 value=0x00020801 count=6
R350_PROBE write reg=0x4868 value=0x00860820 count=6
R350_PROBE write reg=0x486c value=0x00860061 count=6
R350_PROBE write reg=0x4870 value=0x00860062 count=6
R350_PROBE write reg=0x4874 value=0x008018c0 count=6
R350_PROBE write reg=0x4878 value=0x00820900 count=6
R350_PROBE write reg=0x487c value=0x01020800 count=5
R350_PROBE write reg=0x4880 value=0x01020800 count=4
R350_PROBE write reg=0x4884 value=0x00020820 count=3
R350_PROBE write reg=0x4888 value=0x00020820 count=3
R350_PROBE write reg=0x488c value=0x00020820 count=3
R350_PROBE write reg=0x4890 value=0x00020820 count=3
R350_PROBE write reg=0x4894 value=0x00020820 count=3
R350_PROBE write reg=0x4898 value=0x00020820 count=3
R350_PROBE write reg=0x489c value=0x00020820 count=3
R350_PROBE write reg=0x48a0 value=0x008e0803 count=3
R350_PROBE write reg=0x48a4 value=0x00883084 count=3
R350_PROBE write reg=0x48a8 value=0x00842045 count=3
R350_PROBE write reg=0x48ac value=0x00820180 count=3
R350_PROBE write reg=0x48b0 value=0x01001800 count=3
R350_PROBE write reg=0x48b4 value=0x00020820 count=3
R350_PROBE write reg=0x4340 value=0x0000010d count=16
R350_PROBE write reg=0x4344 value=0x0000014e count=16
R350_PROBE write reg=0x4348 value=0x0000018f count=16
R350_PROBE write reg=0x495c value=0x00050200 count=7
R350_PROBE write reg=0x4960 value=0x00050a14 count=7
R350_PROBE write reg=0x4964 value=0x00050600 count=7
R350_PROBE write reg=0x4968 value=0x00050201 count=7
R350_PROBE write reg=0x496c value=0x00020202 count=7
R350_PROBE write reg=0x4970 value=0x00020203 count=7
R350_PROBE write reg=0x4974 value=0x0001000c count=7
R350_PROBE write reg=0x4978 value=0x00010a80 count=7
R350_PROBE write reg=0x497c value=0x0005000c count=6
R350_PROBE write reg=0x4980 value=0x00050a80 count=5
R350_PROBE write reg=0x4984 value=0x00050200 count=4
R350_PROBE write reg=0x4988 value=0x00050200 count=4
R350_PROBE write reg=0x498c value=0x00050200 count=4
R350_PROBE write reg=0x4990 value=0x00050200 count=4
R350_PROBE write reg=0x4994 value=0x00050200 count=4
R350_PROBE write reg=0x4998 value=0x00050200 count=4
R350_PROBE write reg=0x499c value=0x00050200 count=4
R350_PROBE write reg=0x49a0 value=0x00010a80 count=4
R350_PROBE write reg=0x49a4 value=0x00050280 count=4
R350_PROBE write reg=0x49a8 value=0x00010a80 count=4
R350_PROBE write reg=0x49ac value=0x00020300 count=4
R350_PROBE write reg=0x49b0 value=0x00020380 count=4
R350_PROBE write reg=0x49b4 value=0x0042060f count=4
R350_PROBE write reg=0x475c value=0x01820c00 count=7
R350_PROBE write reg=0x4760 value=0x00020820 count=7
R350_PROBE write reg=0x4764 value=0x03820800 count=7
R350_PROBE write reg=0x4768 value=0x03860800 count=7
R350_PROBE write reg=0x476c value=0x03841840 count=7
R350_PROBE write reg=0x4770 value=0x03801880 count=7
R350_PROBE write reg=0x4774 value=0x03820023 count=7
R350_PROBE write reg=0x4778 value=0x03820900 count=7
R350_PROBE write reg=0x477c value=0x1c020800 count=6
R350_PROBE write reg=0x4780 value=0x1c020800 count=5
R350_PROBE write reg=0x4784 value=0x018a0c02 count=4
R350_PROBE write reg=0x4788 value=0x018e0c03 count=4
R350_PROBE write reg=0x478c value=0x01920c04 count=4
R350_PROBE write reg=0x4790 value=0x01860c01 count=4
R350_PROBE write reg=0x4794 value=0x01960c05 count=4
R350_PROBE write reg=0x4798 value=0x01820c00 count=4
R350_PROBE write reg=0x479c value=0x019a0c06 count=4
R350_PROBE write reg=0x47a0 value=0x038a0102 count=4
R350_PROBE write reg=0x47a4 value=0x038e0803 count=4
R350_PROBE write reg=0x47a8 value=0x03860141 count=4
R350_PROBE write reg=0x47ac value=0x03883802 count=4
R350_PROBE write reg=0x47b0 value=0x03842801 count=4
R350_PROBE write reg=0x47b4 value=0x1c001006 count=4
R350_PROBE write reg=0x4a5c value=0x00040810 count=7
R350_PROBE write reg=0x4a60 value=0x05040809 count=7
R350_PROBE write reg=0x4a64 value=0x00040810 count=7
R350_PROBE write reg=0x4a68 value=0x00040480 count=7
R350_PROBE write reg=0x4a6c value=0x00028481 count=7
R350_PROBE write reg=0x4a70 value=0x00028482 count=7
R350_PROBE write reg=0x4a74 value=0x0002c509 count=7
R350_PROBE write reg=0x4a78 value=0x00028889 count=7
R350_PROBE write reg=0x4a7c value=0x00040889 count=6
R350_PROBE write reg=0x4a80 value=0x00040889 count=5
R350_PROBE write reg=0x4a84 value=0x00040810 count=4
R350_PROBE write reg=0x4a88 value=0x00040810 count=4
R350_PROBE write reg=0x4a8c value=0x00040810 count=4
R350_PROBE write reg=0x4a90 value=0x00040810 count=4
R350_PROBE write reg=0x4a94 value=0x00040810 count=4
R350_PROBE write reg=0x4a98 value=0x00040810 count=4
R350_PROBE write reg=0x4a9c value=0x00040810 count=4
R350_PROBE write reg=0x4aa0 value=0x00040309 count=4
R350_PROBE write reg=0x4aa4 value=0x0042c20f count=4
R350_PROBE write reg=0x4aa8 value=0x0042c40f count=4
R350_PROBE write reg=0x4aac value=0x00028889 count=4
R350_PROBE write reg=0x4ab0 value=0x0002c509 count=4
R350_PROBE write reg=0x4ab4 value=0x00040810 count=4
R350_PROBE write reg=0x485c value=0x00020820 count=7
R350_PROBE write reg=0x4860 value=0x00860800 count=7
R350_PROBE write reg=0x4864 value=0x00020801 count=7
R350_PROBE write reg=0x4868 value=0x00860820 count=7
R350_PROBE write reg=0x486c value=0x00860061 count=7
R350_PROBE write reg=0x4870 value=0x00860062 count=7
R350_PROBE write reg=0x4874 value=0x008018c0 count=7
R350_PROBE write reg=0x4878 value=0x00820900 count=7
R350_PROBE write reg=0x487c value=0x01020800 count=6
R350_PROBE write reg=0x4880 value=0x01020800 count=5
R350_PROBE write reg=0x4884 value=0x00020820 count=4
R350_PROBE write reg=0x4888 value=0x00020820 count=4
R350_PROBE write reg=0x488c value=0x00020820 count=4
R350_PROBE write reg=0x4890 value=0x00020820 count=4
R350_PROBE write reg=0x4894 value=0x00020820 count=4
R350_PROBE write reg=0x4898 value=0x00020820 count=4
R350_PROBE write reg=0x489c value=0x00020820 count=4
R350_PROBE write reg=0x48a0 value=0x008e0803 count=4
R350_PROBE write reg=0x48a4 value=0x00883084 count=4
R350_PROBE write reg=0x48a8 value=0x00842045 count=4
R350_PROBE write reg=0x48ac value=0x00820180 count=4
R350_PROBE write reg=0x48b0 value=0x01001800 count=4
R350_PROBE write reg=0x48b4 value=0x00020820 count=4
R350_PROBE write reg=0x4648 value=0x00008082 count=16
R350_PROBE write reg=0x464c value=0x000080c3 count=16
R350_PROBE write reg=0x495c value=0x00050200 count=8
R350_PROBE write reg=0x4960 value=0x00050a14 count=8
R350_PROBE write reg=0x4964 value=0x00050600 count=8
R350_PROBE write reg=0x4968 value=0x00050201 count=8
R350_PROBE write reg=0x496c value=0x00020202 count=8
R350_PROBE write reg=0x4970 value=0x00020203 count=8
R350_PROBE write reg=0x4974 value=0x0001000c count=8
R350_PROBE write reg=0x4978 value=0x00010a80 count=8
R350_PROBE write reg=0x497c value=0x0005000c count=7
R350_PROBE write reg=0x4980 value=0x00050a80 count=6
R350_PROBE write reg=0x4984 value=0x00050200 count=5
R350_PROBE write reg=0x4988 value=0x00050200 count=5
R350_PROBE write reg=0x498c value=0x00050200 count=5
R350_PROBE write reg=0x4990 value=0x00050200 count=5
R350_PROBE write reg=0x4994 value=0x00050200 count=5
R350_PROBE write reg=0x4998 value=0x00050200 count=5
R350_PROBE write reg=0x499c value=0x00050200 count=5
R350_PROBE write reg=0x49a0 value=0x00010a80 count=5
R350_PROBE write reg=0x49a4 value=0x00050280 count=5
R350_PROBE write reg=0x49a8 value=0x00010a80 count=5
R350_PROBE write reg=0x49ac value=0x00020300 count=5
R350_PROBE write reg=0x49b0 value=0x00020380 count=5
R350_PROBE write reg=0x49b4 value=0x0042060f count=5
R350_PROBE write reg=0x475c value=0x01820c00 count=8
R350_PROBE write reg=0x4760 value=0x00020820 count=8
R350_PROBE write reg=0x4764 value=0x03820800 count=8
R350_PROBE write reg=0x4768 value=0x03860800 count=8
R350_PROBE write reg=0x476c value=0x03841840 count=8
R350_PROBE write reg=0x4770 value=0x03801880 count=8
R350_PROBE write reg=0x4774 value=0x03820023 count=8
R350_PROBE write reg=0x4778 value=0x03820900 count=8
R350_PROBE write reg=0x477c value=0x1c020800 count=7
R350_PROBE write reg=0x4780 value=0x1c020800 count=6
R350_PROBE write reg=0x4784 value=0x018a0c02 count=5
R350_PROBE write reg=0x4788 value=0x018e0c03 count=5
R350_PROBE write reg=0x478c value=0x01920c04 count=5
R350_PROBE write reg=0x4790 value=0x01860c01 count=5
R350_PROBE write reg=0x4794 value=0x01960c05 count=5
R350_PROBE write reg=0x4798 value=0x01820c00 count=5
R350_PROBE write reg=0x479c value=0x019a0c06 count=5
R350_PROBE write reg=0x47a0 value=0x038a0102 count=5
R350_PROBE write reg=0x47a4 value=0x038e0803 count=5
R350_PROBE write reg=0x47a8 value=0x03860141 count=5
R350_PROBE write reg=0x47ac value=0x03883802 count=5
R350_PROBE write reg=0x47b0 value=0x03842801 count=5
R350_PROBE write reg=0x47b4 value=0x1c001006 count=5
R350_PROBE write reg=0x4a5c value=0x00040810 count=8
R350_PROBE write reg=0x4a60 value=0x05040809 count=8
R350_PROBE write reg=0x4a64 value=0x00040810 count=8
R350_PROBE write reg=0x4a68 value=0x00040480 count=8
R350_PROBE write reg=0x4a6c value=0x00028481 count=8
R350_PROBE write reg=0x4a70 value=0x00028482 count=8
R350_PROBE write reg=0x4a74 value=0x0002c509 count=8
R350_PROBE write reg=0x4a78 value=0x00028889 count=8
R350_PROBE write reg=0x4a7c value=0x00040889 count=7
R350_PROBE write reg=0x4a80 value=0x00040889 count=6
R350_PROBE write reg=0x4a84 value=0x00040810 count=5
R350_PROBE write reg=0x4a88 value=0x00040810 count=5
R350_PROBE write reg=0x4a8c value=0x00040810 count=5
R350_PROBE write reg=0x4a90 value=0x00040810 count=5
R350_PROBE write reg=0x4a94 value=0x00040810 count=5
R350_PROBE write reg=0x4a98 value=0x00040810 count=5
R350_PROBE write reg=0x4a9c value=0x00040810 count=5
R350_PROBE write reg=0x4aa0 value=0x00040309 count=5
R350_PROBE write reg=0x4aa4 value=0x0042c20f count=5
R350_PROBE write reg=0x4aa8 value=0x0042c40f count=5
R350_PROBE write reg=0x4aac value=0x00028889 count=5
R350_PROBE write reg=0x4ab0 value=0x0002c509 count=5
R350_PROBE write reg=0x4ab4 value=0x00040810 count=5
R350_PROBE write reg=0x485c value=0x00020820 count=8
R350_PROBE write reg=0x4860 value=0x00860800 count=8
R350_PROBE write reg=0x4864 value=0x00020801 count=8
R350_PROBE write reg=0x4868 value=0x00860820 count=8
R350_PROBE write reg=0x486c value=0x00860061 count=8
R350_PROBE write reg=0x4870 value=0x00860062 count=8
R350_PROBE write reg=0x4874 value=0x008018c0 count=8
R350_PROBE write reg=0x4878 value=0x00820900 count=8
R350_PROBE write reg=0x487c value=0x01020800 count=7
R350_PROBE write reg=0x4880 value=0x01020800 count=6
R350_PROBE write reg=0x4884 value=0x00020820 count=5
R350_PROBE write reg=0x4888 value=0x00020820 count=5
R350_PROBE write reg=0x488c value=0x00020820 count=5
R350_PROBE write reg=0x4890 value=0x00020820 count=5
R350_PROBE write reg=0x4894 value=0x00020820 count=5
R350_PROBE write reg=0x4898 value=0x00020820 count=5
R350_PROBE write reg=0x489c value=0x00020820 count=5
R350_PROBE write reg=0x48a0 value=0x008e0803 count=5
R350_PROBE write reg=0x48a4 value=0x00883084 count=5
R350_PROBE write reg=0x48a8 value=0x00842045 count=5
R350_PROBE write reg=0x48ac value=0x00820180 count=5
R350_PROBE write reg=0x48b0 value=0x01001800 count=5
R350_PROBE write reg=0x48b4 value=0x00020820 count=5
R350_PROBE write reg=0x4650 value=0x00008104 count=16
R350_PROBE write reg=0x4930 value=0x00850300 count=16
R350_PROBE write reg=0x4934 value=0x00450793 count=16
R350_PROBE write reg=0x497c value=0x0005000c count=8
R350_PROBE write reg=0x4980 value=0x00050a80 count=7
R350_PROBE write reg=0x4984 value=0x00050200 count=6
R350_PROBE write reg=0x4988 value=0x00050200 count=6
R350_PROBE write reg=0x498c value=0x00050200 count=6
R350_PROBE write reg=0x4990 value=0x00050200 count=6
R350_PROBE write reg=0x4994 value=0x00050200 count=6
R350_PROBE write reg=0x4998 value=0x00050200 count=6
R350_PROBE write reg=0x499c value=0x00050200 count=6
R350_PROBE write reg=0x49a0 value=0x00010a80 count=6
R350_PROBE write reg=0x49a4 value=0x00050280 count=6
R350_PROBE write reg=0x49a8 value=0x00010a80 count=6
R350_PROBE write reg=0x49ac value=0x00020300 count=6
R350_PROBE write reg=0x49b0 value=0x00020380 count=6
R350_PROBE write reg=0x49b4 value=0x0042060f count=6
R350_PROBE write reg=0x4730 value=0x00830b82 count=16
R350_PROBE write reg=0x4734 value=0x0386006a count=16
R350_PROBE write reg=0x477c value=0x1c020800 count=8
R350_PROBE write reg=0x4780 value=0x1c020800 count=7
R350_PROBE write reg=0x4784 value=0x018a0c02 count=6
R350_PROBE write reg=0x4788 value=0x018e0c03 count=6
R350_PROBE write reg=0x478c value=0x01920c04 count=6
R350_PROBE write reg=0x4790 value=0x01860c01 count=6
R350_PROBE write reg=0x4794 value=0x01960c05 count=6
R350_PROBE write reg=0x4798 value=0x01820c00 count=6
R350_PROBE write reg=0x479c value=0x019a0c06 count=6
R350_PROBE write reg=0x47a0 value=0x038a0102 count=6
R350_PROBE write reg=0x47a4 value=0x038e0803 count=6
R350_PROBE write reg=0x47a8 value=0x03860141 count=6
R350_PROBE write reg=0x47ac value=0x03883802 count=6
R350_PROBE write reg=0x47b0 value=0x03842801 count=6
R350_PROBE write reg=0x47b4 value=0x1c001006 count=6
R350_PROBE write reg=0x4a30 value=0x0043c38b count=16
R350_PROBE write reg=0x4a34 value=0x00440810 count=16
R350_PROBE write reg=0x4a7c value=0x00040889 count=8
R350_PROBE write reg=0x4a80 value=0x00040889 count=7
R350_PROBE write reg=0x4a84 value=0x00040810 count=6
R350_PROBE write reg=0x4a88 value=0x00040810 count=6
R350_PROBE write reg=0x4a8c value=0x00040810 count=6
R350_PROBE write reg=0x4a90 value=0x00040810 count=6
R350_PROBE write reg=0x4a94 value=0x00040810 count=6
R350_PROBE write reg=0x4a98 value=0x00040810 count=6
R350_PROBE write reg=0x4a9c value=0x00040810 count=6
R350_PROBE write reg=0x4aa0 value=0x00040309 count=6
R350_PROBE write reg=0x4aa4 value=0x0042c20f count=6
R350_PROBE write reg=0x4aa8 value=0x0042c40f count=6
R350_PROBE write reg=0x4aac value=0x00028889 count=6
R350_PROBE write reg=0x4ab0 value=0x0002c509 count=6
R350_PROBE write reg=0x4ab4 value=0x00040810 count=6
R350_PROBE write reg=0x4830 value=0x009450ea count=16
R350_PROBE write reg=0x4834 value=0x000200ea count=16
R350_PROBE write reg=0x487c value=0x01020800 count=8
R350_PROBE write reg=0x4880 value=0x01020800 count=7
R350_PROBE write reg=0x4884 value=0x00020820 count=6
R350_PROBE write reg=0x4888 value=0x00020820 count=6
R350_PROBE write reg=0x488c value=0x00020820 count=6
R350_PROBE write reg=0x4890 value=0x00020820 count=6
R350_PROBE write reg=0x4894 value=0x00020820 count=6
R350_PROBE write reg=0x4898 value=0x00020820 count=6
R350_PROBE write reg=0x489c value=0x00020820 count=6
R350_PROBE write reg=0x48a0 value=0x008e0803 count=6
R350_PROBE write reg=0x48a4 value=0x00883084 count=6
R350_PROBE write reg=0x48a8 value=0x00842045 count=6
R350_PROBE write reg=0x48ac value=0x00820180 count=6
R350_PROBE write reg=0x48b0 value=0x01001800 count=6
R350_PROBE write reg=0x48b4 value=0x00020820 count=6
R350_PROBE write reg=0x4620 value=0x00008104 count=64
R350_PROBE write reg=0x4f18 value=0x00000003 count=256
R350_PROBE write reg=0x4938 value=0x00850300 count=16
R350_PROBE write reg=0x493c value=0x00024681 count=16
R350_PROBE write reg=0x4940 value=0x0020050f count=16
R350_PROBE write reg=0x4980 value=0x00050a80 count=8
R350_PROBE write reg=0x4984 value=0x00050200 count=7
R350_PROBE write reg=0x4988 value=0x00050200 count=7
R350_PROBE write reg=0x498c value=0x00050200 count=7
R350_PROBE write reg=0x4990 value=0x00050200 count=7
R350_PROBE write reg=0x4994 value=0x00050200 count=7
R350_PROBE write reg=0x4998 value=0x00050200 count=7
R350_PROBE write reg=0x499c value=0x00050200 count=7
R350_PROBE write reg=0x49a0 value=0x00010a80 count=7
R350_PROBE write reg=0x49a4 value=0x00050280 count=7
R350_PROBE write reg=0x49a8 value=0x00010a80 count=7
R350_PROBE write reg=0x49ac value=0x00020300 count=7
R350_PROBE write reg=0x49b0 value=0x00020380 count=7
R350_PROBE write reg=0x49b4 value=0x0042060f count=7
R350_PROBE write reg=0x4738 value=0x038a0b81 count=16
R350_PROBE write reg=0x473c value=0x01133c40 count=16
R350_PROBE write reg=0x4740 value=0x038b0081 count=16
R350_PROBE write reg=0x4780 value=0x1c020800 count=8
R350_PROBE write reg=0x4784 value=0x018a0c02 count=7
R350_PROBE write reg=0x4788 value=0x018e0c03 count=7
R350_PROBE write reg=0x478c value=0x01920c04 count=7
R350_PROBE write reg=0x4790 value=0x01860c01 count=7
R350_PROBE write reg=0x4794 value=0x01960c05 count=7
R350_PROBE write reg=0x4798 value=0x01820c00 count=7
R350_PROBE write reg=0x479c value=0x019a0c06 count=7
R350_PROBE write reg=0x47a0 value=0x038a0102 count=7
R350_PROBE write reg=0x47a4 value=0x038e0803 count=7
R350_PROBE write reg=0x47a8 value=0x03860141 count=7
R350_PROBE write reg=0x47ac value=0x03883802 count=7
R350_PROBE write reg=0x47b0 value=0x03842801 count=7
R350_PROBE write reg=0x47b4 value=0x1c001006 count=7
R350_PROBE write reg=0x4a38 value=0x00040810 count=16
R350_PROBE write reg=0x4a3c value=0x0000c480 count=16
R350_PROBE write reg=0x4a40 value=0x0002c509 count=16
R350_PROBE write reg=0x4a80 value=0x00040889 count=8
R350_PROBE write reg=0x4a84 value=0x00040810 count=7
R350_PROBE write reg=0x4a88 value=0x00040810 count=7
R350_PROBE write reg=0x4a8c value=0x00040810 count=7
R350_PROBE write reg=0x4a90 value=0x00040810 count=7
R350_PROBE write reg=0x4a94 value=0x00040810 count=7
R350_PROBE write reg=0x4a98 value=0x00040810 count=7
R350_PROBE write reg=0x4a9c value=0x00040810 count=7
R350_PROBE write reg=0x4aa0 value=0x00040309 count=7
R350_PROBE write reg=0x4aa4 value=0x0042c20f count=7
R350_PROBE write reg=0x4aa8 value=0x0042c40f count=7
R350_PROBE write reg=0x4aac value=0x00028889 count=7
R350_PROBE write reg=0x4ab0 value=0x0002c509 count=7
R350_PROBE write reg=0x4ab4 value=0x00040810 count=7
R350_PROBE write reg=0x4838 value=0x00020820 count=16
R350_PROBE write reg=0x483c value=0x008a0080 count=16
R350_PROBE write reg=0x4840 value=0x00830c82 count=16
R350_PROBE write reg=0x4880 value=0x01020800 count=8
R350_PROBE write reg=0x4884 value=0x00020820 count=7
R350_PROBE write reg=0x4888 value=0x00020820 count=7
R350_PROBE write reg=0x488c value=0x00020820 count=7
R350_PROBE write reg=0x4890 value=0x00020820 count=7
R350_PROBE write reg=0x4894 value=0x00020820 count=7
R350_PROBE write reg=0x4898 value=0x00020820 count=7
R350_PROBE write reg=0x489c value=0x00020820 count=7
R350_PROBE write reg=0x48a0 value=0x008e0803 count=7
R350_PROBE write reg=0x48a4 value=0x00883084 count=7
R350_PROBE write reg=0x48a8 value=0x00842045 count=7
R350_PROBE write reg=0x48ac value=0x00820180 count=7
R350_PROBE write reg=0x48b0 value=0x01001800 count=7
R350_PROBE write reg=0x48b4 value=0x00020820 count=7
R350_PROBE write reg=0x4654 value=0x00008041 count=16
R350_PROBE write reg=0x4338 value=0x0000008b count=32
R350_PROBE write reg=0x433c value=0x000000cc count=32
R350_PROBE write reg=0x2140 value=0x00000002 count=64
R350_PROBE write reg=0x43a8 value=0x2da49525 count=64
R350_PROBE write reg=0x4984 value=0x00050200 count=8
R350_PROBE write reg=0x4988 value=0x00050200 count=8
R350_PROBE write reg=0x498c value=0x00050200 count=8
R350_PROBE write reg=0x4990 value=0x00050200 count=8
R350_PROBE write reg=0x4994 value=0x00050200 count=8
R350_PROBE write reg=0x4998 value=0x00050200 count=8
R350_PROBE write reg=0x499c value=0x00050200 count=8
R350_PROBE write reg=0x49a0 value=0x00010a80 count=8
R350_PROBE write reg=0x49a4 value=0x00050280 count=8
R350_PROBE write reg=0x49a8 value=0x00010a80 count=8
R350_PROBE write reg=0x49ac value=0x00020300 count=8
R350_PROBE write reg=0x49b0 value=0x00020380 count=8
R350_PROBE write reg=0x49b4 value=0x0042060f count=8
R350_PROBE write reg=0x4784 value=0x018a0c02 count=8
R350_PROBE write reg=0x4788 value=0x018e0c03 count=8
R350_PROBE write reg=0x478c value=0x01920c04 count=8
R350_PROBE write reg=0x4790 value=0x01860c01 count=8
R350_PROBE write reg=0x4794 value=0x01960c05 count=8
R350_PROBE write reg=0x4798 value=0x01820c00 count=8
R350_PROBE write reg=0x479c value=0x019a0c06 count=8
R350_PROBE write reg=0x47a0 value=0x038a0102 count=8
R350_PROBE write reg=0x47a4 value=0x038e0803 count=8
R350_PROBE write reg=0x47a8 value=0x03860141 count=8
R350_PROBE write reg=0x47ac value=0x03883802 count=8
R350_PROBE write reg=0x47b0 value=0x03842801 count=8
R350_PROBE write reg=0x47b4 value=0x1c001006 count=8
R350_PROBE write reg=0x4a84 value=0x00040810 count=8
R350_PROBE write reg=0x4a88 value=0x00040810 count=8
R350_PROBE write reg=0x4a8c value=0x00040810 count=8
R350_PROBE write reg=0x4a90 value=0x00040810 count=8
R350_PROBE write reg=0x4a94 value=0x00040810 count=8
R350_PROBE write reg=0x4a98 value=0x00040810 count=8
R350_PROBE write reg=0x4a9c value=0x00040810 count=8
R350_PROBE write reg=0x4aa0 value=0x00040309 count=8
R350_PROBE write reg=0x4aa4 value=0x0042c20f count=8
R350_PROBE write reg=0x4aa8 value=0x0042c40f count=8
R350_PROBE write reg=0x4aac value=0x00028889 count=8
R350_PROBE write reg=0x4ab0 value=0x0002c509 count=8
R350_PROBE write reg=0x4ab4 value=0x00040810 count=8
R350_PROBE write reg=0x4884 value=0x00020820 count=8
R350_PROBE write reg=0x4888 value=0x00020820 count=8
R350_PROBE write reg=0x488c value=0x00020820 count=8
R350_PROBE write reg=0x4890 value=0x00020820 count=8
R350_PROBE write reg=0x4894 value=0x00020820 count=8
R350_PROBE write reg=0x4898 value=0x00020820 count=8
R350_PROBE write reg=0x489c value=0x00020820 count=8
R350_PROBE write reg=0x48a0 value=0x008e0803 count=8
R350_PROBE write reg=0x48a4 value=0x00883084 count=8
R350_PROBE write reg=0x48a8 value=0x00842045 count=8
R350_PROBE write reg=0x48ac value=0x00820180 count=8
R350_PROBE write reg=0x48b0 value=0x01001800 count=8
R350_PROBE write reg=0x48b4 value=0x00020820 count=8
R350_PROBE write reg=0x4944 value=0x0001c00c count=16
R350_PROBE write reg=0x4948 value=0x00010980 count=16
R350_PROBE write reg=0x494c value=0x00050680 count=16
R350_PROBE write reg=0x4950 value=0x00230988 count=16
R350_PROBE write reg=0x4954 value=0x000a0280 count=16
R350_PROBE write reg=0x4958 value=0x4001000d count=16
R350_PROBE write reg=0x4744 value=0x03904c32 count=16
R350_PROBE write reg=0x4748 value=0x03920102 count=16
R350_PROBE write reg=0x474c value=0x03920804 count=16
R350_PROBE write reg=0x4750 value=0x03804020 count=16
R350_PROBE write reg=0x4754 value=0x03840d01 count=16
R350_PROBE write reg=0x4758 value=0x1c020001 count=16
R350_PROBE write reg=0x4a44 value=0x00045507 count=16
R350_PROBE write reg=0x4a48 value=0x0564080a count=16
R350_PROBE write reg=0x4a4c value=0x0062478b count=16
R350_PROBE write reg=0x4a50 value=0x0068888d count=16
R350_PROBE write reg=0x4a54 value=0x40028889 count=16
R350_PROBE write reg=0x4a58 value=0x4062478a count=16
R350_PROBE write reg=0x4844 value=0x00860042 count=16
R350_PROBE write reg=0x4848 value=0x00860040 count=16
R350_PROBE write reg=0x484c value=0x00845040 count=16
R350_PROBE write reg=0x4850 value=0x00820804 count=16
R350_PROBE write reg=0x4854 value=0x00820b80 count=16
R350_PROBE write reg=0x4858 value=0x01020001 count=16
R350_PROBE write reg=0x4658 value=0x00008145 count=16
R350_PROBE write reg=0x465c value=0x00008000 count=16
R350_PROBE write reg=0x4660 value=0x00008186 count=16
R350_PROBE write reg=0x4c00 value=0x00000000 count=512
R350_PROBE write reg=0x4c04 value=0x00000000 count=512
R350_PROBE write reg=0x4c08 value=0x00000000 count=512
R350_PROBE write reg=0x4c0c value=0x003f0000 count=512
R350_PROBE write reg=0x1d9c value=0x40e00000 count=128
R350_PROBE write reg=0x1da4 value=0x40d00000 count=128
R350_PROBE write reg=0x1da8 value=0x3f000000 count=128
R350_PROBE write reg=0x1dac value=0x3f000000 count=128
R350_PROBE write reg=0x2220 value=0x3f800000 count=128
R350_PROBE write reg=0x2224 value=0x3f800000 count=128
R350_PROBE write reg=0x2228 value=0x3f800000 count=128
R350_PROBE write reg=0x222c value=0x3f800000 count=128
R350_PROBE write reg=0x20dc value=0x00000000 count=16
R350_PROBE write reg=0x20e8 value=0x00000000 count=16
R350_PROBE write reg=0x20f4 value=0x00000000 count=16
R350_PROBE write reg=0x2100 value=0x00000000 count=16
R350_PROBE write reg=0x210c value=0x00000000 count=16
R350_PROBE write reg=0x2118 value=0x00000000 count=16
R350_PROBE write reg=0x4340 value=0x0000010d count=32
R350_PROBE write reg=0x4344 value=0x0000014e count=32
R350_PROBE write reg=0x2284 value=0x00000000 count=1024
R350_PROBE write reg=0x4294 value=0x00000000 count=128
R350_PROBE write reg=0x4298 value=0x00000000 count=128
R350_PROBE write reg=0x4bc8 value=0x00000000 count=128
R350_PROBE write reg=0x4bcc value=0x00000000 count=128
R350_PROBE write reg=0x4bd0 value=0x00000000 count=128
R350_PROBE write reg=0x4c50 value=0x00000000 count=32
R350_PROBE write reg=0x4c54 value=0x00000000 count=32
R350_PROBE write reg=0x4c58 value=0x00000000 count=32
R350_PROBE write reg=0x4c5c value=0x00000000 count=32
R350_PROBE write reg=0x4c60 value=0x00000000 count=32
R350_PROBE write reg=0x4c64 value=0x00000000 count=32
R350_PROBE write reg=0x4c68 value=0x00000000 count=32
R350_PROBE write reg=0x4c6c value=0x00000000 count=32
R350_PROBE write reg=0x4c70 value=0x00000000 count=32
R350_PROBE write reg=0x4c74 value=0x00000000 count=32
R350_PROBE write reg=0x4c78 value=0x00000000 count=32
R350_PROBE write reg=0x4c7c value=0x00000000 count=32
R350_PROBE write reg=0x48f4 value=0x00050200 count=32
R350_PROBE write reg=0x48f8 value=0x00050200 count=32
R350_PROBE write reg=0x48fc value=0x00050200 count=32
R350_PROBE write reg=0x4900 value=0x00050200 count=32
R350_PROBE write reg=0x46f4 value=0x018e0c03 count=32
R350_PROBE write reg=0x46f8 value=0x01920c04 count=32
R350_PROBE write reg=0x46fc value=0x01820c00 count=32
R350_PROBE write reg=0x4700 value=0x01960c05 count=32
R350_PROBE write reg=0x49f4 value=0x00040810 count=32
R350_PROBE write reg=0x49f8 value=0x00040810 count=32
R350_PROBE write reg=0x49fc value=0x00040810 count=32
R350_PROBE write reg=0x4a00 value=0x00040810 count=32
R350_PROBE write reg=0x47f4 value=0x00020820 count=32
R350_PROBE write reg=0x47f8 value=0x00020820 count=32
R350_PROBE write reg=0x47fc value=0x00020820 count=32
R350_PROBE write reg=0x4800 value=0x00020820 count=32
R350_PROBE write reg=0x4638 value=0x00008041 count=32
R350_PROBE write reg=0x463c value=0x00008082 count=32
R350_PROBE write reg=0x4640 value=0x000080c3 count=32
R350_PROBE write reg=0x2080 value=0x0030045a count=64
R350_PROBE write reg=0x4664 value=0x000080c3 count=8
R350_PROBE write reg=0x4230 value=0x01800006 count=128
R350_PROBE write reg=0x4f08 value=0x00ffff00 count=128
R350_PROBE write reg=0x20c4 value=0x08040804 count=128
R350_PROBE write reg=0x20c0 value=0x00000022 count=128
R350_PROBE write reg=0x4904 value=0x00010a80 count=32
R350_PROBE write reg=0x4908 value=0x0045048f count=32
R350_PROBE write reg=0x4704 value=0x03860101 count=32
R350_PROBE write reg=0x4708 value=0x038a0083 count=32
R350_PROBE write reg=0x4a04 value=0x0044030f count=32
R350_PROBE write reg=0x4a08 value=0x0042c38f count=32
R350_PROBE write reg=0x4804 value=0x008a0083 count=32
R350_PROBE write reg=0x4808 value=0x00842044 count=32
R350_PROBE write reg=0x4e04 value=0x27210006 count=256
R350_PROBE write reg=0x490c value=0x00010a80 count=32
R350_PROBE write reg=0x4910 value=0x00020300 count=32
R350_PROBE write reg=0x470c value=0x03820140 count=32
R350_PROBE write reg=0x4710 value=0x03842801 count=32
R350_PROBE write reg=0x4a0c value=0x0042c40f count=32
R350_PROBE write reg=0x4a10 value=0x00040810 count=32
R350_PROBE write reg=0x480c value=0x01001005 count=32
R350_PROBE write reg=0x4810 value=0x00020820 count=32
R350_PROBE write reg=0x2090 value=0x00000001 count=256
R350_PROBE write reg=0x20b0 value=0x0000043f count=256
R350_PROBE write reg=0x4288 value=0x00000000 count=128
R350_PROBE write reg=0x48c4 value=0x00050200 count=64
R350_PROBE write reg=0x48c8 value=0x00050200 count=64
R350_PROBE write reg=0x4914 value=0x00020380 count=32
R350_PROBE write reg=0x4918 value=0x00050a80 count=32
R350_PROBE write reg=0x46c4 value=0x018a0c02 count=64
R350_PROBE write reg=0x46c8 value=0x018e0c03 count=64
R350_PROBE write reg=0x4714 value=0x1c001800 count=32
R350_PROBE write reg=0x4718 value=0x1c020800 count=32
R350_PROBE write reg=0x49c4 value=0x00040810 count=64
R350_PROBE write reg=0x49c8 value=0x00040810 count=64
R350_PROBE write reg=0x4a14 value=0x00040810 count=32
R350_PROBE write reg=0x4a18 value=0x00040889 count=32
R350_PROBE write reg=0x47c4 value=0x00020820 count=64
R350_PROBE write reg=0x47c8 value=0x00020820 count=64
R350_PROBE write reg=0x4814 value=0x00020820 count=32
R350_PROBE write reg=0x4818 value=0x01020800 count=32
R350_PROBE write reg=0x4644 value=0x00008104 count=32
R350_PROBE write reg=0x4668 value=0x00008000 count=8
R350_PROBE write reg=0x4e18 value=0x00000000 count=128
R350_PROBE write reg=0x22d0 value=0x01e06416 count=256
R350_PROBE write reg=0x22d4 value=0x0006000b count=256
R350_PROBE write reg=0x22d8 value=0x0000001b count=256
R350_PROBE write reg=0x22dc value=0x00000000 count=256
R350_PROBE write reg=0x48cc value=0x00050200 count=64
R350_PROBE write reg=0x491c value=0x00050a80 count=32
R350_PROBE write reg=0x4920 value=0x00050a80 count=32
R350_PROBE write reg=0x4924 value=0x00050a80 count=32
R350_PROBE write reg=0x46cc value=0x01920c04 count=64
R350_PROBE write reg=0x471c value=0x1c020800 count=32
R350_PROBE write reg=0x4720 value=0x1c020800 count=32
R350_PROBE write reg=0x4724 value=0x1c020800 count=32
R350_PROBE write reg=0x49cc value=0x00040810 count=64
R350_PROBE write reg=0x4a1c value=0x00040889 count=32
R350_PROBE write reg=0x4a20 value=0x00040889 count=32
R350_PROBE write reg=0x4a24 value=0x00040889 count=32
R350_PROBE write reg=0x47cc value=0x00020820 count=64
R350_PROBE write reg=0x481c value=0x01020800 count=32
R350_PROBE write reg=0x4820 value=0x01020800 count=32
R350_PROBE write reg=0x4824 value=0x01020800 count=32
R350_PROBE write reg=0x4624 value=0x00008082 count=64
R350_PROBE write reg=0x48d0 value=0x00050200 count=64
R350_PROBE write reg=0x46d0 value=0x01820c00 count=64
R350_PROBE write reg=0x49d0 value=0x00040810 count=64
R350_PROBE write reg=0x47d0 value=0x00020820 count=64
R350_PROBE write reg=0x4648 value=0x00008000 count=32
R350_PROBE write reg=0x464c value=0x00008145 count=32
R350_PROBE write reg=0x466c value=0x00008000 count=6
R350_PROBE write reg=0x4e0c value=0x0000000f count=256
R350_PROBE write reg=0x421c value=0x00060006 count=256
R350_PROBE write reg=0x4928 value=0x00050a80 count=32
R350_PROBE write reg=0x4728 value=0x1c020800 count=32
R350_PROBE write reg=0x4a28 value=0x00040889 count=32
R350_PROBE write reg=0x4828 value=0x01020800 count=32
R350_PROBE write reg=0x466c value=0x00008000 count=7
R350_PROBE write reg=0x492c value=0x00050200 count=32
R350_PROBE write reg=0x472c value=0x01820c00 count=32
R350_PROBE write reg=0x4a2c value=0x00040810 count=32
R350_PROBE write reg=0x482c value=0x00020820 count=32
R350_PROBE write reg=0x4664 value=0x000080c3 count=16
R350_PROBE write reg=0x466c value=0x00008000 count=8
R350_PROBE write reg=0x42b8 value=0x00000004 count=256
R350_PROBE write reg=0x4650 value=0x00018000 count=32
R350_PROBE write reg=0x4290 value=0x00000000 count=64
R350_PROBE write reg=0x42b4 value=0x00000000 count=64
R350_PROBE write reg=0x428c value=0x00000001 count=64
R350_PROBE write reg=0x4214 value=0x00050005 count=64
R350_PROBE write reg=0x4260 value=0x00000000 count=64
R350_PROBE write reg=0x4264 value=0x00000000 count=64
R350_PROBE write reg=0x4e88 value=0x00000000 count=64
R350_PROBE write reg=0x4274 value=0x00000002 count=64
R350_PROBE write reg=0x42a0 value=0x00000000 count=64
R350_PROBE write reg=0x2288 value=0x0000ffff count=64
R350_PROBE write reg=0x21dc value=0xaaaaaaaa count=64
R350_PROBE write reg=0x2134 value=0x00ffffff count=64
R350_PROBE write reg=0x2138 value=0x00000000 count=64
R350_PROBE write reg=0x427c value=0x00000000 count=64
R350_PROBE write reg=0x4280 value=0x00000000 count=64
R350_PROBE write reg=0x48d4 value=0x00050200 count=64
R350_PROBE write reg=0x46d4 value=0x01960c05 count=64
R350_PROBE write reg=0x49d4 value=0x00040810 count=64
R350_PROBE write reg=0x47d4 value=0x00020820 count=64
R350_PROBE write reg=0x4628 value=0x000080c3 count=64
R350_PROBE write reg=0x20e0 value=0x00000000 count=64
R350_PROBE write reg=0x20e4 value=0x00000000 count=64
R350_PROBE write reg=0x20ec value=0x00000000 count=64
R350_PROBE write reg=0x20f0 value=0x00000000 count=64
R350_PROBE write reg=0x20f8 value=0x00000000 count=64
R350_PROBE write reg=0x20fc value=0x00000000 count=64
R350_PROBE write reg=0x2104 value=0x00000000 count=64
R350_PROBE write reg=0x2108 value=0x00000000 count=64
R350_PROBE write reg=0x2110 value=0x00000000 count=64
R350_PROBE write reg=0x2114 value=0x00000000 count=64
R350_PROBE write reg=0x211c value=0x00000000 count=64
R350_PROBE write reg=0x2120 value=0x00000000 count=64
R350_PROBE write reg=0x4bd8 value=0x00000000 count=128
R350_PROBE write reg=0x4300 value=0x00040008 count=512
R350_PROBE write reg=0x48d8 value=0x00010a80 count=64
R350_PROBE write reg=0x48dc value=0x0045048f count=64
R350_PROBE write reg=0x46d8 value=0x03860101 count=64
R350_PROBE write reg=0x46dc value=0x038a0083 count=64
R350_PROBE write reg=0x49d8 value=0x0044030f count=64
R350_PROBE write reg=0x49dc value=0x0042c38f count=64
R350_PROBE write reg=0x47d8 value=0x008a0083 count=64
R350_PROBE write reg=0x47dc value=0x00842044 count=64
R350_PROBE write reg=0x4654 value=0x00018000 count=32
R350_PROBE write reg=0x48e0 value=0x00010a80 count=64
R350_PROBE write reg=0x4930 value=0x00050200 count=32
R350_PROBE write reg=0x4934 value=0x00050200 count=32
R350_PROBE write reg=0x46e0 value=0x03820140 count=64
R350_PROBE write reg=0x4730 value=0x01860c01 count=32
R350_PROBE write reg=0x4734 value=0x018a0c02 count=32
R350_PROBE write reg=0x49e0 value=0x0042c40f count=64
R350_PROBE write reg=0x4a30 value=0x00040810 count=32
R350_PROBE write reg=0x4a34 value=0x00040810 count=32
R350_PROBE write reg=0x47e0 value=0x01001005 count=64
R350_PROBE write reg=0x4830 value=0x00020820 count=32
R350_PROBE write reg=0x4834 value=0x00020820 count=32
R350_PROBE write reg=0x462c value=0x00008104 count=64
R350_PROBE write reg=0x4668 value=0x00008000 count=16
R350_PROBE write reg=0x4e14 value=0x00000000 count=256
R350_PROBE write reg=0x4d00 value=0x003b2492 count=256
R350_PROBE write reg=0x4d04 value=0x003e0000 count=256
R350_PROBE write reg=0x4d08 value=0x00000000 count=256
R350_PROBE write reg=0x4d0c value=0x00000000 count=256
R350_PROBE write reg=0x4938 value=0x00050200 count=32
R350_PROBE write reg=0x493c value=0x0043ca88 count=32
R350_PROBE write reg=0x4940 value=0x28010a80 count=32
R350_PROBE write reg=0x4738 value=0x018e0c03 count=32
R350_PROBE write reg=0x473c value=0x03802001 count=32
R350_PROBE write reg=0x4740 value=0x1c020003 count=32
R350_PROBE write reg=0x4a38 value=0x00040810 count=32
R350_PROBE write reg=0x4a3c value=0x0043c88b count=32
R350_PROBE write reg=0x4a40 value=0x28028889 count=32
R350_PROBE write reg=0x4838 value=0x00020820 count=32
R350_PROBE write reg=0x483c value=0x00802001 count=32
R350_PROBE write reg=0x4840 value=0x01020003 count=32
R350_PROBE write reg=0x4944 value=0x00050a80 count=32
R350_PROBE write reg=0x4744 value=0x1c020800 count=32
R350_PROBE write reg=0x4a44 value=0x00040889 count=32
R350_PROBE write reg=0x4844 value=0x01020800 count=32
R350_PROBE write reg=0x4658 value=0x00008000 count=32
R350_PROBE write reg=0x465c value=0x00008041 count=32
R350_PROBE write reg=0x4660 value=0x00008082 count=32
R350_PROBE write reg=0x48e4 value=0x00020300 count=64
R350_PROBE write reg=0x46e4 value=0x03842801 count=64
R350_PROBE write reg=0x49e4 value=0x00040810 count=64
R350_PROBE write reg=0x47e4 value=0x00020820 count=64
R350_PROBE write reg=0x466c value=0x00008000 count=16
R350_PROBE write reg=0x2180 value=0x00000000 count=256
R350_PROBE write reg=0x4bc0 value=0x00000000 count=256
R350_PROBE write reg=0x48e8 value=0x00020380 count=64
R350_PROBE write reg=0x46e8 value=0x1c001800 count=64
R350_PROBE write reg=0x49e8 value=0x00040810 count=64
R350_PROBE write reg=0x47e8 value=0x00020820 count=64
R350_PROBE write reg=0x4630 value=0x00008000 count=64
R350_PROBE write reg=0x4c80 value=0x00000000 count=6
R350_PROBE write reg=0x4c84 value=0x00000000 count=6
R350_PROBE write reg=0x4c88 value=0x00000000 count=6
R350_PROBE write reg=0x4c8c value=0x003f0000 count=6
R350_PROBE write reg=0x4c90 value=0x00000000 count=6
R350_PROBE write reg=0x4c94 value=0x00000000 count=6
R350_PROBE write reg=0x4c98 value=0x00000000 count=6
R350_PROBE write reg=0x4c9c value=0x003f0000 count=6
R350_PROBE write reg=0x4ca0 value=0x00000000 count=6
R350_PROBE write reg=0x4ca4 value=0x00000000 count=6
R350_PROBE write reg=0x4ca8 value=0x00000000 count=6
R350_PROBE write reg=0x4cac value=0x003f0000 count=6
R350_PROBE write reg=0x4cb0 value=0x00000000 count=6
R350_PROBE write reg=0x4cb4 value=0x003d5555 count=6
R350_PROBE write reg=0x4cb8 value=0x003f0000 count=6
R350_PROBE write reg=0x4cbc value=0x00000000 count=6
R350_PROBE write reg=0x4cc0 value=0x00000000 count=6
R350_PROBE write reg=0x4cc4 value=0x00000000 count=6
R350_PROBE write reg=0x4cc8 value=0x00000000 count=6
R350_PROBE write reg=0x4ccc value=0x003f0000 count=6
R350_PROBE write reg=0x4cd0 value=0x00000000 count=6
R350_PROBE write reg=0x4cd4 value=0x00000000 count=6
R350_PROBE write reg=0x4cd8 value=0x00000000 count=6
R350_PROBE write reg=0x4cdc value=0x003f0000 count=6
R350_PROBE write reg=0x4ce0 value=0x00000000 count=6
R350_PROBE write reg=0x4ce4 value=0x00000000 count=6
R350_PROBE write reg=0x4ce8 value=0x00000000 count=6
R350_PROBE write reg=0x4cec value=0x003f0000 count=6
R350_PROBE write reg=0x4cf0 value=0x00000000 count=6
R350_PROBE write reg=0x4cf4 value=0x00000000 count=6
R350_PROBE write reg=0x4cf8 value=0x00000000 count=6
R350_PROBE write reg=0x4cfc value=0x003f0000 count=6
R350_PROBE write reg=0x4d10 value=0x003d5555 count=6
R350_PROBE write reg=0x4d14 value=0x003e0000 count=6
R350_PROBE write reg=0x4d18 value=0x00000000 count=6
R350_PROBE write reg=0x4d1c value=0x00000000 count=6
R350_PROBE write reg=0x48ec value=0x00020380 count=64
R350_PROBE write reg=0x46ec value=0x03841883 count=64
R350_PROBE write reg=0x49ec value=0x00040810 count=64
R350_PROBE write reg=0x47ec value=0x00020820 count=64
R350_PROBE write reg=0x4c80 value=0x00000000 count=7
R350_PROBE write reg=0x4c84 value=0x00000000 count=7
R350_PROBE write reg=0x4c88 value=0x00000000 count=7
R350_PROBE write reg=0x4c8c value=0x003f0000 count=7
R350_PROBE write reg=0x4c90 value=0x00000000 count=7
R350_PROBE write reg=0x4c94 value=0x00000000 count=7
R350_PROBE write reg=0x4c98 value=0x00000000 count=7
R350_PROBE write reg=0x4c9c value=0x003f0000 count=7
R350_PROBE write reg=0x4ca0 value=0x00000000 count=7
R350_PROBE write reg=0x4ca4 value=0x00000000 count=7
R350_PROBE write reg=0x4ca8 value=0x00000000 count=7
R350_PROBE write reg=0x4cac value=0x003f0000 count=7
R350_PROBE write reg=0x4cb0 value=0x00000000 count=7
R350_PROBE write reg=0x4cb4 value=0x003d5555 count=7
R350_PROBE write reg=0x4cb8 value=0x003f0000 count=7
R350_PROBE write reg=0x4cbc value=0x00000000 count=7
R350_PROBE write reg=0x4cc0 value=0x00000000 count=7
R350_PROBE write reg=0x4cc4 value=0x00000000 count=7
R350_PROBE write reg=0x4cc8 value=0x00000000 count=7
R350_PROBE write reg=0x4ccc value=0x003f0000 count=7
R350_PROBE write reg=0x4cd0 value=0x00000000 count=7
R350_PROBE write reg=0x4cd4 value=0x00000000 count=7
R350_PROBE write reg=0x4cd8 value=0x00000000 count=7
R350_PROBE write reg=0x4cdc value=0x003f0000 count=7
R350_PROBE write reg=0x4ce0 value=0x00000000 count=7
R350_PROBE write reg=0x4ce4 value=0x00000000 count=7
R350_PROBE write reg=0x4ce8 value=0x00000000 count=7
R350_PROBE write reg=0x4cec value=0x003f0000 count=7
R350_PROBE write reg=0x4cf0 value=0x00000000 count=7
R350_PROBE write reg=0x4cf4 value=0x00000000 count=7
R350_PROBE write reg=0x4cf8 value=0x00000000 count=7
R350_PROBE write reg=0x4cfc value=0x003f0000 count=7
R350_PROBE write reg=0x4d10 value=0x003d5555 count=7
R350_PROBE write reg=0x4d14 value=0x003e0000 count=7
R350_PROBE write reg=0x4d18 value=0x00000000 count=7
R350_PROBE write reg=0x4d1c value=0x00000000 count=7
R350_PROBE write reg=0x48f0 value=0x00050600 count=64
R350_PROBE write reg=0x46f0 value=0x03860801 count=64
R350_PROBE write reg=0x49f0 value=0x00040810 count=64
R350_PROBE write reg=0x47f0 value=0x00020807 count=64
R350_PROBE write reg=0x4634 value=0x00008186 count=64
R350_PROBE write reg=0x4c80 value=0x00000000 count=8
R350_PROBE write reg=0x4c84 value=0x00000000 count=8
R350_PROBE write reg=0x4c88 value=0x00000000 count=8
R350_PROBE write reg=0x4c8c value=0x003f0000 count=8
R350_PROBE write reg=0x4c90 value=0x00000000 count=8
R350_PROBE write reg=0x4c94 value=0x00000000 count=8
R350_PROBE write reg=0x4c98 value=0x00000000 count=8
R350_PROBE write reg=0x4c9c value=0x003f0000 count=8
R350_PROBE write reg=0x4ca0 value=0x00000000 count=8
R350_PROBE write reg=0x4ca4 value=0x00000000 count=8
R350_PROBE write reg=0x4ca8 value=0x00000000 count=8
R350_PROBE write reg=0x4cac value=0x003f0000 count=8
R350_PROBE write reg=0x4cb0 value=0x00000000 count=8
R350_PROBE write reg=0x4cb4 value=0x003d5555 count=8
R350_PROBE write reg=0x4cb8 value=0x003f0000 count=8
R350_PROBE write reg=0x4cbc value=0x00000000 count=8
R350_PROBE write reg=0x4cc0 value=0x00000000 count=8
R350_PROBE write reg=0x4cc4 value=0x00000000 count=8
R350_PROBE write reg=0x4cc8 value=0x00000000 count=8
R350_PROBE write reg=0x4ccc value=0x003f0000 count=8
R350_PROBE write reg=0x4cd0 value=0x00000000 count=8
R350_PROBE write reg=0x4cd4 value=0x00000000 count=8
R350_PROBE write reg=0x4cd8 value=0x00000000 count=8
R350_PROBE write reg=0x4cdc value=0x003f0000 count=8
R350_PROBE write reg=0x4ce0 value=0x00000000 count=8
R350_PROBE write reg=0x4ce4 value=0x00000000 count=8
R350_PROBE write reg=0x4ce8 value=0x00000000 count=8
R350_PROBE write reg=0x4cec value=0x003f0000 count=8
R350_PROBE write reg=0x4cf0 value=0x00000000 count=8
R350_PROBE write reg=0x4cf4 value=0x00000000 count=8
R350_PROBE write reg=0x4cf8 value=0x00000000 count=8
R350_PROBE write reg=0x4cfc value=0x003f0000 count=8
R350_PROBE write reg=0x4d10 value=0x003d5555 count=8
R350_PROBE write reg=0x4d14 value=0x003e0000 count=8
R350_PROBE write reg=0x4d18 value=0x00000000 count=8
R350_PROBE write reg=0x4d1c value=0x00000000 count=8
R350_PROBE write reg=0x4008 value=0x00000007 count=256
R350_PROBE write reg=0x15e0 value=0x000001fc count=512
R350_PROBE write reg=0x4334 value=0x00000049 count=64
R350_PROBE write reg=0x4f1c value=0x00000000 count=256
R350_PROBE write reg=0x43a4 value=0x00000000 count=256
R350_PROBE write reg=0x4348 value=0x0000018e count=32
R350_PROBE write reg=0x4948 value=0x00050a80 count=32
R350_PROBE write reg=0x494c value=0x00050a80 count=32
R350_PROBE write reg=0x4748 value=0x1c020800 count=32
R350_PROBE write reg=0x474c value=0x1c020800 count=32
R350_PROBE write reg=0x4a48 value=0x00040889 count=32
R350_PROBE write reg=0x4a4c value=0x00040889 count=32
R350_PROBE write reg=0x4848 value=0x01020800 count=32
R350_PROBE write reg=0x484c value=0x01020800 count=32
R350_PROBE write reg=0x4e50 value=0x00000005 count=256
R350_PROBE write reg=0x4c20 value=0x00000000 count=64
R350_PROBE write reg=0x4c24 value=0x00000000 count=64
R350_PROBE write reg=0x4c28 value=0x00000000 count=64
R350_PROBE write reg=0x4c2c value=0x00000000 count=64
R350_PROBE write reg=0x4c30 value=0x00000000 count=64
R350_PROBE write reg=0x4c34 value=0x00000000 count=64
R350_PROBE write reg=0x4c38 value=0x00000000 count=64
R350_PROBE write reg=0x4c3c value=0x00000000 count=64
R350_PROBE write reg=0x401c value=0x00000000 count=256
R350_PROBE write reg=0x2094 value=0x00924924 count=512
R350_PROBE write reg=0x4608 value=0x001d24e6 count=512
R350_PROBE write reg=0x4950 value=0x00050a80 count=32
R350_PROBE write reg=0x4750 value=0x1c020800 count=32
R350_PROBE write reg=0x4a50 value=0x00040889 count=32
R350_PROBE write reg=0x4850 value=0x01020800 count=32
R350_PROBE write reg=0x4954 value=0x00050200 count=32
R350_PROBE write reg=0x4754 value=0x01960170 count=32
R350_PROBE write reg=0x4a54 value=0x00040810 count=32
R350_PROBE write reg=0x4854 value=0x00020820 count=32
R350_PROBE write reg=0x4310 value=0x00d100c0 count=512
R350_PROBE write reg=0x4c80 value=0x00000000 count=16
R350_PROBE write reg=0x4c84 value=0x00000000 count=16
R350_PROBE write reg=0x4c88 value=0x00000000 count=16
R350_PROBE write reg=0x4c8c value=0x003f0000 count=16
R350_PROBE write reg=0x434c value=0x000001cf count=16
R350_PROBE write reg=0x495c value=0x00050200 count=16
R350_PROBE write reg=0x4960 value=0x00050200 count=16
R350_PROBE write reg=0x4964 value=0x0045048f count=16
R350_PROBE write reg=0x4968 value=0x00010a80 count=16
R350_PROBE write reg=0x496c value=0x00020300 count=16
R350_PROBE write reg=0x4970 value=0x00010a80 count=16
R350_PROBE write reg=0x4974 value=0x00020380 count=16
R350_PROBE write reg=0x4978 value=0x0042060f count=16
R350_PROBE write reg=0x475c value=0x018a0c02 count=16
R350_PROBE write reg=0x4760 value=0x019e0c07 count=16
R350_PROBE write reg=0x4764 value=0x03823004 count=16
R350_PROBE write reg=0x4768 value=0x038e3183 count=16
R350_PROBE write reg=0x476c value=0x038008c3 count=16
R350_PROBE write reg=0x4770 value=0x038a01c2 count=16
R350_PROBE write reg=0x4774 value=0x038008c2 count=16
R350_PROBE write reg=0x4778 value=0x03800141 count=16
R350_PROBE write reg=0x4a5c value=0x00040810 count=16
R350_PROBE write reg=0x4a60 value=0x00040810 count=16
R350_PROBE write reg=0x4a64 value=0x0044030f count=16
R350_PROBE write reg=0x4a68 value=0x0042c38f count=16
R350_PROBE write reg=0x4a6c value=0x0042c28f count=16
R350_PROBE write reg=0x4a70 value=0x00028889 count=16
R350_PROBE write reg=0x4a74 value=0x0002c509 count=16
R350_PROBE write reg=0x4a78 value=0x0504080a count=16
R350_PROBE write reg=0x485c value=0x00020820 count=16
R350_PROBE write reg=0x4860 value=0x00020820 count=16
R350_PROBE write reg=0x4864 value=0x00820004 count=16
R350_PROBE write reg=0x4868 value=0x008000c6 count=16
R350_PROBE write reg=0x486c value=0x00800087 count=16
R350_PROBE write reg=0x4870 value=0x00860045 count=16
R350_PROBE write reg=0x4874 value=0x008008c1 count=16
R350_PROBE write reg=0x4878 value=0x00860023 count=16
R350_PROBE write reg=0x4d10 value=0x003a0000 count=16
R350_PROBE write reg=0x4d14 value=0x003a745d count=16
R350_PROBE write reg=0x4d18 value=0x00000000 count=16
R350_PROBE write reg=0x4d1c value=0x00000000 count=16
R350_PROBE write reg=0x4670 value=0x00008000 count=2
R350_PROBE write reg=0x4670 value=0x00008000 count=3
R350_PROBE write reg=0x4e08 value=0x27210000 count=256
R350_PROBE write reg=0x4e10 value=0x00000000 count=256
R350_PROBE write reg=0x4674 value=0x00018041 count=2
R350_PROBE write reg=0x4678 value=0x00018041 count=2
R350_PROBE write reg=0x4314 value=0x00d10040 count=512
R350_PROBE write reg=0x4318 value=0x00d10080 count=512
R350_PROBE write reg=0x431c value=0x00d100c0 count=512
R350_PROBE write reg=0x4320 value=0x00d10000 count=512
R350_PROBE write reg=0x4324 value=0x00d10000 count=512
R350_PROBE write reg=0x4328 value=0x00d10000 count=512
R350_PROBE write reg=0x432c value=0x00d10000 count=512
R350_PROBE write reg=0x43e8 value=0x00ffffff count=512
R350_PROBE write reg=0x4c40 value=0x00000000 count=64
R350_PROBE write reg=0x4c44 value=0x00000000 count=64
R350_PROBE write reg=0x4c48 value=0x00000000 count=64
R350_PROBE write reg=0x4c4c value=0x00000000 count=64
R350_PROBE write reg=0x4670 value=0x00008000 count=4
R350_PROBE write reg=0x4674 value=0x00018041 count=3
R350_PROBE write reg=0x4678 value=0x00018041 count=3
R350_PROBE write reg=0x1d98 value=0x44520000 count=256
R350_PROBE write reg=0x1da0 value=0xc1300000 count=256
R350_PROBE write reg=0x467c value=0x00018041 count=2
R350_PROBE write reg=0x2184 value=0x00000405 count=256
R350_PROBE write reg=0x4680 value=0x00018041 count=2
R350_PROBE write reg=0x48f4 value=0x40050600 count=64
R350_PROBE write reg=0x48f8 value=0x00050200 count=64
R350_PROBE write reg=0x48fc value=0x40050600 count=64
R350_PROBE write reg=0x4900 value=0x00050a80 count=64
R350_PROBE write reg=0x46f4 value=0x1c020800 count=64
R350_PROBE write reg=0x46f8 value=0x1c020040 count=64
R350_PROBE write reg=0x46fc value=0x1c020800 count=64
R350_PROBE write reg=0x4700 value=0x1c020800 count=64
R350_PROBE write reg=0x49f4 value=0x4004058a count=64
R350_PROBE write reg=0x49f8 value=0x00040509 count=64
R350_PROBE write reg=0x49fc value=0x4004058a count=64
R350_PROBE write reg=0x4a00 value=0x00040889 count=64
R350_PROBE write reg=0x47f4 value=0x01001020 count=64
R350_PROBE write reg=0x47f8 value=0x01020040 count=64
R350_PROBE write reg=0x47fc value=0x01001020 count=64
R350_PROBE write reg=0x4800 value=0x01020800 count=64
R350_PROBE write reg=0x4638 value=0x00018041 count=64
R350_PROBE write reg=0x4670 value=0x00008000 count=5
R350_PROBE write reg=0x4674 value=0x00018041 count=4
R350_PROBE write reg=0x4678 value=0x00018041 count=4
R350_PROBE write reg=0x467c value=0x00018041 count=3
R350_PROBE write reg=0x4680 value=0x00018041 count=3
R350_PROBE write reg=0x4278 value=0x0003aaaa count=256
R350_PROBE write reg=0x4904 value=0x40050200 count=64
R350_PROBE write reg=0x4908 value=0x00050a80 count=64
R350_PROBE write reg=0x4704 value=0x1c020040 count=64
R350_PROBE write reg=0x4708 value=0x1c020800 count=64
R350_PROBE write reg=0x4a04 value=0x40040509 count=64
R350_PROBE write reg=0x4a08 value=0x00040889 count=64
R350_PROBE write reg=0x4804 value=0x01020800 count=64
R350_PROBE write reg=0x4808 value=0x01020800 count=64
R350_PROBE write reg=0x4670 value=0x00008000 count=6
R350_PROBE write reg=0x4674 value=0x00018041 count=5
R350_PROBE write reg=0x4678 value=0x00018041 count=5
R350_PROBE write reg=0x467c value=0x00018041 count=4
R350_PROBE write reg=0x4680 value=0x00018041 count=4
R350_PROBE write reg=0x16ec value=0x00000000 count=256
R350_PROBE write reg=0x16f0 value=0x0016002e count=256
R350_PROBE write reg=0x0218 value=0x4000041a count=16
R350_PROBE write reg=0x2150 value=0x21030003 count=256
R350_PROBE write reg=0x21e0 value=0xf688f688 count=256
R350_PROBE write reg=0x490c value=0x40050200 count=64
R350_PROBE write reg=0x4910 value=0x40050200 count=64
R350_PROBE write reg=0x470c value=0x1c020040 count=64
R350_PROBE write reg=0x4710 value=0x1c020040 count=64
R350_PROBE write reg=0x4a0c value=0x40040509 count=64
R350_PROBE write reg=0x4a10 value=0x40040509 count=64
R350_PROBE write reg=0x480c value=0x01020800 count=64
R350_PROBE write reg=0x4810 value=0x01020040 count=64
R350_PROBE write reg=0x4664 value=0x00018041 count=32
R350_PROBE write reg=0x4670 value=0x00008000 count=7
R350_PROBE write reg=0x4674 value=0x00018041 count=6
R350_PROBE write reg=0x4678 value=0x00018041 count=6
R350_PROBE write reg=0x467c value=0x00018041 count=5
R350_PROBE write reg=0x4680 value=0x00018041 count=5
R350_PROBE write reg=0x4018 value=0x00000017 count=256
R350_PROBE write reg=0x4e00 value=0x00000000 count=256
R350_PROBE write reg=0x4e28 value=0x00000000 count=256
R350_PROBE write reg=0x4e38 value=0x00d006c0 count=256
R350_PROBE write reg=0x43d0 value=0x0000ffff count=256
R350_PROBE write reg=0x20dc value=0x00000000 count=32
R350_PROBE write reg=0x20e8 value=0x00000000 count=32
R350_PROBE write reg=0x20f4 value=0x00000000 count=32
R350_PROBE write reg=0x2100 value=0x00000000 count=32
R350_PROBE write reg=0x210c value=0x00000000 count=32
R350_PROBE write reg=0x2118 value=0x00000000 count=32
R350_PROBE write reg=0x4914 value=0x40050600 count=64
R350_PROBE write reg=0x4918 value=0x00050200 count=64
R350_PROBE write reg=0x4714 value=0x1c020800 count=64
R350_PROBE write reg=0x4718 value=0x1c020040 count=64
R350_PROBE write reg=0x4a14 value=0x4004058a count=64
R350_PROBE write reg=0x4a18 value=0x00040509 count=64
R350_PROBE write reg=0x4814 value=0x01001020 count=64
R350_PROBE write reg=0x4818 value=0x01020040 count=64
R350_PROBE write reg=0x4670 value=0x00008000 count=8
R350_PROBE write reg=0x4674 value=0x00018041 count=7
R350_PROBE write reg=0x4678 value=0x00018041 count=7
R350_PROBE write reg=0x467c value=0x00018041 count=6
R350_PROBE write reg=0x4680 value=0x00018041 count=6
R350_PROBE write reg=0x221c value=0x00000000 count=512
R350_PROBE write reg=0x46a4 value=0x00001b00 count=256
R350_PROBE write reg=0x46a8 value=0x0000000f count=256
R350_PROBE write reg=0x46ac value=0x0000000f count=256
R350_PROBE write reg=0x46b0 value=0x0000000f count=256
R350_PROBE write reg=0x4c10 value=0x003f0000 count=256
R350_PROBE write reg=0x4c14 value=0x003f0000 count=256
R350_PROBE write reg=0x4c18 value=0x003f0000 count=256
R350_PROBE write reg=0x4c1c value=0x003f0000 count=256
R350_PROBE write reg=0x4200 value=0x00000000 count=256
R350_PROBE write reg=0x4204 value=0x00000000 count=256
R350_PROBE write reg=0x4208 value=0x3f800000 count=256
R350_PROBE write reg=0x420c value=0x3f800000 count=256
R350_PROBE write reg=0x497c value=0x00050600 count=16
R350_PROBE write reg=0x477c value=0x03820800 count=16
R350_PROBE write reg=0x4a7c value=0x00040810 count=16
R350_PROBE write reg=0x487c value=0x00020801 count=16
R350_PROBE write reg=0x4bd4 value=0x00000000 count=512
R350_PROBE write reg=0x491c value=0x00020203 count=64
R350_PROBE write reg=0x4920 value=0x0001000c count=64
R350_PROBE write reg=0x4924 value=0x00010a80 count=64
R350_PROBE write reg=0x4980 value=0x00050201 count=16
R350_PROBE write reg=0x471c value=0x03801980 count=64
R350_PROBE write reg=0x4720 value=0x03820027 count=64
R350_PROBE write reg=0x4724 value=0x03820a00 count=64
R350_PROBE write reg=0x4780 value=0x03860900 count=16
R350_PROBE write reg=0x4a1c value=0x00028482 count=64
R350_PROBE write reg=0x4a20 value=0x0002c509 count=64
R350_PROBE write reg=0x4a24 value=0x00028889 count=64
R350_PROBE write reg=0x4a80 value=0x00040480 count=16
R350_PROBE write reg=0x481c value=0x00860066 count=64
R350_PROBE write reg=0x4820 value=0x008019c0 count=64
R350_PROBE write reg=0x4824 value=0x00820a00 count=64
R350_PROBE write reg=0x4880 value=0x00860824 count=16
R350_PROBE write reg=0x463c value=0x000081c7 count=64
R350_PROBE write reg=0x4640 value=0x00008000 count=64
R350_PROBE write reg=0x4338 value=0x0000008b count=64
R350_PROBE write reg=0x433c value=0x000000cc count=64
R350_PROBE write reg=0x20d0 value=0x00000c04 count=128
R350_PROBE write reg=0x43b0 value=0x00b405a0 count=256
R350_PROBE write reg=0x43b4 value=0x00b70caf count=256
R350_PROBE write reg=0x4010 value=0x66666666 count=512
R350_PROBE write reg=0x4014 value=0x06666666 count=512
R350_PROBE write reg=0x42c0 value=0x4b7fffff count=256
R350_PROBE write reg=0x42c4 value=0x00000000 count=256
R350_PROBE write reg=0x4e2c value=0x00000000 count=256
R350_PROBE write reg=0x4e30 value=0x00000000 count=256
R350_PROBE write reg=0x4e34 value=0x00000000 count=256
R350_PROBE write reg=0x4e3c value=0x00000000 count=256
R350_PROBE write reg=0x4e40 value=0x00000000 count=256
R350_PROBE write reg=0x4e44 value=0x00000000 count=256
R350_PROBE write reg=0x4e54 value=0x00000001 count=256
R350_PROBE write reg=0x4e64 value=0x00000040 count=256
R350_PROBE write reg=0x4f20 value=0x00000000 count=256
R350_PROBE write reg=0x4f24 value=0x00000000 count=256
R350_PROBE write reg=0x4f60 value=0x00000000 count=256
R350_PROBE write reg=0x4f10 value=0x00000000 count=256
R350_PROBE write reg=0x4f28 value=0x00000000 count=256
R350_PROBE write reg=0x4f30 value=0x00000000 count=256
R350_PROBE write reg=0x4f34 value=0x00000000 count=256
R350_PROBE write reg=0x4f44 value=0x00000000 count=256
R350_PROBE write reg=0x4f54 value=0x00000000 count=256
R350_PROBE write reg=0x4020 value=0x00000000 count=512
R350_PROBE write reg=0x48c0 value=0x00050200 count=128
R350_PROBE write reg=0x46c0 value=0x01820c00 count=128
R350_PROBE write reg=0x49c0 value=0x00040810 count=128
R350_PROBE write reg=0x47c0 value=0x00020820 count=128
R350_PROBE write reg=0x4f14 value=0x00000000 count=256
R350_PROBE write reg=0x4644 value=0x00008000 count=64
R350_PROBE write reg=0x20b4 value=0x0000000c count=512
R350_PROBE write reg=0x4620 value=0x00008000 count=128
R350_PROBE write reg=0x4f18 value=0x00000003 count=512
R350_PROBE write reg=0x4600 value=0x00000000 count=512
R350_PROBE write reg=0x4604 value=0x00000000 count=512
R350_PROBE write reg=0x461c value=0x00400000 count=512
R350_PROBE write reg=0x4304 value=0x00000000 count=512
R350_PROBE write reg=0x4330 value=0x00000009 count=512
R350_PROBE write reg=0x4400 value=0x00001436 count=512
R350_PROBE write reg=0x4440 value=0x00000000 count=512
R350_PROBE write reg=0x4480 value=0x8000ae8f count=512
R350_PROBE write reg=0x44c0 value=0x0000a60c count=512
R350_PROBE write reg=0x4500 value=0x000006bf count=512
R350_PROBE write reg=0x4928 value=0x01050200 count=64
R350_PROBE write reg=0x4728 value=0x011a0889 count=64
R350_PROBE write reg=0x4a28 value=0x00840509 count=64
R350_PROBE write reg=0x4828 value=0x001a0889 count=64
R350_PROBE write reg=0x492c value=0x04080214 count=64
R350_PROBE write reg=0x472c value=0x038a00ad count=64
R350_PROBE write reg=0x4a2c value=0x004448af count=64
R350_PROBE write reg=0x482c value=0x009600ea count=64
R350_PROBE write reg=0x4d20 value=0x003f0000 count=6
R350_PROBE write reg=0x4d24 value=0x003f0000 count=6
R350_PROBE write reg=0x4d28 value=0x003f0000 count=6
R350_PROBE write reg=0x4d2c value=0x003f0000 count=6
R350_PROBE write reg=0x4d30 value=0x003d6666 count=6
R350_PROBE write reg=0x4d34 value=0x003c3333 count=6
R350_PROBE write reg=0x4d38 value=0x00000000 count=6
R350_PROBE write reg=0x4d3c value=0x003e8000 count=6
R350_PROBE write reg=0x4d40 value=0x003e2e14 count=6
R350_PROBE write reg=0x4d44 value=0x00000000 count=6
R350_PROBE write reg=0x4d48 value=0x00000000 count=6
R350_PROBE write reg=0x4d4c value=0x00000000 count=6
R350_PROBE write reg=0x4d50 value=0x003421d2 count=6
R350_PROBE write reg=0x4d54 value=0x003a5555 count=6
R350_PROBE write reg=0x4d58 value=0x00000000 count=6
R350_PROBE write reg=0x4d5c value=0x00000000 count=6
R350_PROBE write reg=0x4d60 value=0x003d5555 count=6
R350_PROBE write reg=0x4d64 value=0x003e0000 count=6
R350_PROBE write reg=0x4d68 value=0x00000000 count=6
R350_PROBE write reg=0x4d6c value=0x00000000 count=6
R350_PROBE write reg=0x4d20 value=0x003f0000 count=7
R350_PROBE write reg=0x4d24 value=0x003f0000 count=7
R350_PROBE write reg=0x4d28 value=0x003f0000 count=7
R350_PROBE write reg=0x4d2c value=0x003f0000 count=7
R350_PROBE write reg=0x4d30 value=0x003d6666 count=7
R350_PROBE write reg=0x4d34 value=0x003c3333 count=7
R350_PROBE write reg=0x4d38 value=0x00000000 count=7
R350_PROBE write reg=0x4d3c value=0x003e8000 count=7
R350_PROBE write reg=0x4d40 value=0x003e2e14 count=7
R350_PROBE write reg=0x4d44 value=0x00000000 count=7
R350_PROBE write reg=0x4d48 value=0x00000000 count=7
R350_PROBE write reg=0x4d4c value=0x00000000 count=7
R350_PROBE write reg=0x4d50 value=0x003421d2 count=7
R350_PROBE write reg=0x4d54 value=0x003a5555 count=7
R350_PROBE write reg=0x4d58 value=0x00000000 count=7
R350_PROBE write reg=0x4d5c value=0x00000000 count=7
R350_PROBE write reg=0x4d60 value=0x003d5555 count=7
R350_PROBE write reg=0x4d64 value=0x003e0000 count=7
R350_PROBE write reg=0x4d68 value=0x00000000 count=7
R350_PROBE write reg=0x4d6c value=0x00000000 count=7
R350_PROBE write reg=0x4544 value=0x00790008 count=16
R350_PROBE write reg=0x4d20 value=0x003f0000 count=8
R350_PROBE write reg=0x4d24 value=0x003f0000 count=8
R350_PROBE write reg=0x4d28 value=0x003f0000 count=8
R350_PROBE write reg=0x4d2c value=0x003f0000 count=8
R350_PROBE write reg=0x4d30 value=0x003d6666 count=8
R350_PROBE write reg=0x4d34 value=0x003c3333 count=8
R350_PROBE write reg=0x4d38 value=0x00000000 count=8
R350_PROBE write reg=0x4d3c value=0x003e8000 count=8
R350_PROBE write reg=0x4d40 value=0x003e2e14 count=8
R350_PROBE write reg=0x4d44 value=0x00000000 count=8
R350_PROBE write reg=0x4d48 value=0x00000000 count=8
R350_PROBE write reg=0x4d4c value=0x00000000 count=8
R350_PROBE write reg=0x4d50 value=0x003421d2 count=8
R350_PROBE write reg=0x4d54 value=0x003a5555 count=8
R350_PROBE write reg=0x4d58 value=0x00000000 count=8
R350_PROBE write reg=0x4d5c value=0x00000000 count=8
R350_PROBE write reg=0x4d60 value=0x003d5555 count=8
R350_PROBE write reg=0x4d64 value=0x003e0000 count=8
R350_PROBE write reg=0x4d68 value=0x00000000 count=8
R350_PROBE write reg=0x4d6c value=0x00000000 count=8
R350_PROBE write reg=0x4bc8 value=0x00000000 count=256
R350_PROBE write reg=0x4bcc value=0x00000000 count=256
R350_PROBE write reg=0x4bd0 value=0x00000000 count=256
R350_PROBE write reg=0x4294 value=0x00000000 count=256
R350_PROBE write reg=0x4298 value=0x00000000 count=256
R350_PROBE write reg=0x4104 value=0x00000001 count=1024
R350_PROBE write reg=0x4930 value=0x00850300 count=64
R350_PROBE write reg=0x4934 value=0x00450793 count=64
R350_PROBE write reg=0x4730 value=0x00830b82 count=64
R350_PROBE write reg=0x4734 value=0x0386006a count=64
R350_PROBE write reg=0x4a30 value=0x0043c38b count=64
R350_PROBE write reg=0x4a34 value=0x00440810 count=64
R350_PROBE write reg=0x4830 value=0x009450ea count=64
R350_PROBE write reg=0x4834 value=0x000200ea count=64
R350_PROBE write reg=0x4230 value=0x01800006 count=256
R350_PROBE write reg=0x46b4 value=0x00000001 count=512
R350_PROBE write reg=0x4610 value=0x00000000 count=512
R350_PROBE write reg=0x4614 value=0x00000000 count=512
R350_PROBE write reg=0x4618 value=0x00000000 count=512
R350_PROBE write reg=0x4938 value=0x00850300 count=64
R350_PROBE write reg=0x493c value=0x00024681 count=64
R350_PROBE write reg=0x4738 value=0x038a0b81 count=64
R350_PROBE write reg=0x473c value=0x01133c40 count=64
R350_PROBE write reg=0x4a38 value=0x00040810 count=64
R350_PROBE write reg=0x4a3c value=0x0000c480 count=64
R350_PROBE write reg=0x4838 value=0x00020820 count=64
R350_PROBE write reg=0x483c value=0x008a0080 count=64
R350_PROBE write reg=0x4984 value=0x00050200 count=16
R350_PROBE write reg=0x4988 value=0x00050200 count=16
R350_PROBE write reg=0x498c value=0x00050200 count=16
R350_PROBE write reg=0x4990 value=0x00050200 count=16
R350_PROBE write reg=0x4994 value=0x00050200 count=16
R350_PROBE write reg=0x4784 value=0x018a0c02 count=16
R350_PROBE write reg=0x4788 value=0x018e0c03 count=16
R350_PROBE write reg=0x478c value=0x01920c04 count=16
R350_PROBE write reg=0x4790 value=0x01860c01 count=16
R350_PROBE write reg=0x4794 value=0x01960c05 count=16
R350_PROBE write reg=0x4a84 value=0x00040810 count=16
R350_PROBE write reg=0x4a88 value=0x00040810 count=16
R350_PROBE write reg=0x4a8c value=0x00040810 count=16
R350_PROBE write reg=0x4a90 value=0x00040810 count=16
R350_PROBE write reg=0x4a94 value=0x00040810 count=16
R350_PROBE write reg=0x4884 value=0x00020820 count=16
R350_PROBE write reg=0x4888 value=0x00020820 count=16
R350_PROBE write reg=0x488c value=0x00020820 count=16
R350_PROBE write reg=0x4890 value=0x00020820 count=16
R350_PROBE write reg=0x4894 value=0x00020820 count=16
R350_PROBE write reg=0x4940 value=0x0020050f count=64
R350_PROBE write reg=0x4998 value=0x00050200 count=16
R350_PROBE write reg=0x499c value=0x00050200 count=16
R350_PROBE write reg=0x49a0 value=0x00010a80 count=16
R350_PROBE write reg=0x4740 value=0x038b0081 count=64
R350_PROBE write reg=0x4798 value=0x01820c00 count=16
R350_PROBE write reg=0x479c value=0x019a0c06 count=16
R350_PROBE write reg=0x47a0 value=0x038a0102 count=16
R350_PROBE write reg=0x4a40 value=0x0002c509 count=64
R350_PROBE write reg=0x4a98 value=0x00040810 count=16
R350_PROBE write reg=0x4a9c value=0x00040810 count=16
R350_PROBE write reg=0x4aa0 value=0x00040309 count=16
R350_PROBE write reg=0x4840 value=0x00830c82 count=64
R350_PROBE write reg=0x4898 value=0x00020820 count=16
R350_PROBE write reg=0x489c value=0x00020820 count=16
R350_PROBE write reg=0x48a0 value=0x008e0803 count=16
R350_PROBE write reg=0x2140 value=0x00000002 count=128
R350_PROBE write reg=0x43a8 value=0x2da49525 count=128
R350_PROBE write reg=0x49a4 value=0x00050280 count=16
R350_PROBE write reg=0x47a4 value=0x038e0803 count=16
R350_PROBE write reg=0x4aa4 value=0x0042c20f count=16
R350_PROBE write reg=0x48a4 value=0x00883084 count=16
R350_PROBE write reg=0x2208 value=0x00d10065 count=65536
R350_PROBE write reg=0x4f08 value=0x00ffff00 count=256
R350_PROBE write reg=0x4944 value=0x0001c00c count=64
R350_PROBE write reg=0x4744 value=0x03904c32 count=64
R350_PROBE write reg=0x4a44 value=0x00045507 count=64
R350_PROBE write reg=0x4844 value=0x00860042 count=64
R350_PROBE write reg=0x2080 value=0x00300458 count=128
R350_PROBE write reg=0x43e0 value=0x00b405a0 count=512
R350_PROBE write reg=0x43e4 value=0x00b6e5c2 count=512
R350_PROBE write reg=0x48c4 value=0x00050a83 count=128
R350_PROBE write reg=0x48c8 value=0x00250a8c count=128
R350_PROBE write reg=0x4958 value=0x4001000d count=32
R350_PROBE write reg=0x46c4 value=0x00a20c62 count=128
R350_PROBE write reg=0x46c8 value=0x0122b020 count=128
R350_PROBE write reg=0x4758 value=0x1c020001 count=32
R350_PROBE write reg=0x49c4 value=0x000108a3 count=128
R350_PROBE write reg=0x49c8 value=0x0004432d count=128
R350_PROBE write reg=0x4a58 value=0x4062478a count=32
R350_PROBE write reg=0x47c4 value=0x00820820 count=128
R350_PROBE write reg=0x47c8 value=0x00a20822 count=128
R350_PROBE write reg=0x4858 value=0x01020001 count=32
R350_PROBE write reg=0x4340 value=0x0000010d count=64
R350_PROBE write reg=0x4344 value=0x0000014e count=64
R350_PROBE write reg=0x45c0 value=0x00000000 count=512
R350_PROBE write reg=0x4580 value=0x00000000 count=512
R350_PROBE write reg=0x4648 value=0x00008082 count=64
R350_PROBE write reg=0x464c value=0x000080c3 count=64
R350_PROBE write reg=0x48cc value=0x00010a80 count=128
R350_PROBE write reg=0x49a8 value=0x00010a80 count=16
R350_PROBE write reg=0x49ac value=0x00020300 count=16
R350_PROBE write reg=0x49b0 value=0x00020380 count=16
R350_PROBE write reg=0x49b4 value=0x0042060f count=16
R350_PROBE write reg=0x46cc value=0x03a60200 count=128
R350_PROBE write reg=0x47a8 value=0x03860141 count=16
R350_PROBE write reg=0x47ac value=0x03883802 count=16
R350_PROBE write reg=0x47b0 value=0x03842801 count=16
R350_PROBE write reg=0x47b4 value=0x1c001006 count=16
R350_PROBE write reg=0x49cc value=0x04840849 count=128
R350_PROBE write reg=0x4aa8 value=0x0042c40f count=16
R350_PROBE write reg=0x4aac value=0x00028889 count=16
R350_PROBE write reg=0x4ab0 value=0x0002c509 count=16
R350_PROBE write reg=0x4ab4 value=0x00040810 count=16
R350_PROBE write reg=0x47cc value=0x00860808 count=128
R350_PROBE write reg=0x48a8 value=0x00842045 count=16
R350_PROBE write reg=0x48ac value=0x00820180 count=16
R350_PROBE write reg=0x48b0 value=0x01001800 count=16
R350_PROBE write reg=0x48b4 value=0x00020820 count=16
R350_PROBE write reg=0x4624 value=0x00008145 count=128
R350_PROBE write reg=0x20c8 value=0x00000000 count=256
R350_PROBE write reg=0x20cc value=0x00000000 count=256
R350_PROBE write reg=0x48d0 value=0x00050200 count=128
R350_PROBE write reg=0x46d0 value=0x01920d44 count=128
R350_PROBE write reg=0x49d0 value=0x00040509 count=128
R350_PROBE write reg=0x47d0 value=0x00860cc1 count=128
R350_PROBE write reg=0x4348 value=0x0000018f count=64
R350_PROBE write reg=0x4650 value=0x00008104 count=64
R350_PROBE write reg=0x0714 value=0x000001e0 count=2048
R350_PROBE write reg=0x48d4 value=0x00050200 count=128
R350_PROBE write reg=0x46d4 value=0x01960c05 count=128
R350_PROBE write reg=0x49d4 value=0x00040810 count=128
R350_PROBE write reg=0x47d4 value=0x00020820 count=128
R350_PROBE write reg=0x4628 value=0x000080c3 count=128
R350_PROBE write reg=0x1d9c value=0x445fc000 count=256
R350_PROBE write reg=0x1da4 value=0x41400000 count=256
R350_PROBE write reg=0x1da8 value=0x3f000000 count=256
R350_PROBE write reg=0x1dac value=0x3f000000 count=256
R350_PROBE write reg=0x2220 value=0x3f800000 count=256
R350_PROBE write reg=0x2224 value=0x3f800000 count=256
R350_PROBE write reg=0x2228 value=0x3f800000 count=256
R350_PROBE write reg=0x222c value=0x3f800000 count=256
R350_PROBE write reg=0x4e04 value=0x27210007 count=512
R350_PROBE write reg=0x4c50 value=0x00000000 count=64
R350_PROBE write reg=0x4c54 value=0x00000000 count=64
R350_PROBE write reg=0x4c58 value=0x00000000 count=64
R350_PROBE write reg=0x4c5c value=0x00000000 count=64
R350_PROBE write reg=0x4c60 value=0x00000000 count=64
R350_PROBE write reg=0x4c64 value=0x00000000 count=64
R350_PROBE write reg=0x4c68 value=0x00000000 count=64
R350_PROBE write reg=0x4c6c value=0x00000000 count=64
R350_PROBE write reg=0x4c70 value=0x00000000 count=64
R350_PROBE write reg=0x4c74 value=0x00000000 count=64
R350_PROBE write reg=0x4c78 value=0x00000000 count=64
R350_PROBE write reg=0x4c7c value=0x00000000 count=64
R350_PROBE write reg=0x48d8 value=0x00010a80 count=128
R350_PROBE write reg=0x48dc value=0x0045048f count=128
R350_PROBE write reg=0x46d8 value=0x03860101 count=128
R350_PROBE write reg=0x46dc value=0x038a0083 count=128
R350_PROBE write reg=0x49d8 value=0x0044030f count=128
R350_PROBE write reg=0x49dc value=0x0042c38f count=128
R350_PROBE write reg=0x47d8 value=0x008a0083 count=128
R350_PROBE write reg=0x47dc value=0x00842044 count=128
R350_PROBE write reg=0x4654 value=0x00018000 count=64
R350_PROBE write reg=0x48e0 value=0x00010a80 count=128
R350_PROBE write reg=0x46e0 value=0x03820140 count=128
R350_PROBE write reg=0x49e0 value=0x0042c40f count=128
R350_PROBE write reg=0x47e0 value=0x01001005 count=128
R350_PROBE write reg=0x462c value=0x00008104 count=128
R350_PROBE write reg=0x142c value=0x870023e8 count=512
R350_PROBE write reg=0x20b0 value=0x0000043f count=512
R350_PROBE write reg=0x2090 value=0x00000003 count=512
R350_PROBE write reg=0x4288 value=0x00000000 count=256
R350_PROBE write reg=0x48e4 value=0x00020300 count=128
R350_PROBE write reg=0x46e4 value=0x03842801 count=128
R350_PROBE write reg=0x49e4 value=0x00040810 count=128
R350_PROBE write reg=0x47e4 value=0x00020820 count=128
R350_PROBE write reg=0x4d00 value=0x00382492 count=512
R350_PROBE write reg=0x4d04 value=0x003d5555 count=512
R350_PROBE write reg=0x4d08 value=0x00000000 count=512
R350_PROBE write reg=0x4d0c value=0x00000000 count=512
R350_PROBE write reg=0x4540 value=0x00792008 count=512
R350_PROBE write reg=0x4e18 value=0x00000000 count=256
R350_PROBE write reg=0x48e8 value=0x00020380 count=128
R350_PROBE write reg=0x46e8 value=0x1c001800 count=128
R350_PROBE write reg=0x49e8 value=0x00040810 count=128
R350_PROBE write reg=0x47e8 value=0x00020820 count=128
R350_PROBE write reg=0x4630 value=0x00008000 count=128
R350_PROBE write reg=0x4658 value=0x00008000 count=64
R350_PROBE write reg=0x465c value=0x00008041 count=64
R350_PROBE write reg=0x4660 value=0x00008082 count=64
R350_PROBE write reg=0x22d0 value=0x0270881f count=512
R350_PROBE write reg=0x22d4 value=0x00060012 count=512
R350_PROBE write reg=0x22d8 value=0x00000024 count=512
R350_PROBE write reg=0x22dc value=0x00000000 count=512
R350_PROBE write reg=0x342c value=0x00000005 count=512
R350_PROBE write reg=0x48ec value=0x00050200 count=128
R350_PROBE write reg=0x46ec value=0x01860c01 count=128
R350_PROBE write reg=0x49ec value=0x00040810 count=128
R350_PROBE write reg=0x47ec value=0x00020820 count=128
R350_PROBE write reg=0x4668 value=0x00008000 count=32
R350_PROBE write reg=0x48f0 value=0x00050200 count=128
R350_PROBE write reg=0x46f0 value=0x018a0c02 count=128
R350_PROBE write reg=0x49f0 value=0x00040810 count=128
R350_PROBE write reg=0x47f0 value=0x00020820 count=128
R350_PROBE write reg=0x4634 value=0x00008145 count=128
R350_PROBE write reg=0x4948 value=0x00050200 count=64
R350_PROBE write reg=0x4748 value=0x01820c00 count=64
R350_PROBE write reg=0x4a48 value=0x00040810 count=64
R350_PROBE write reg=0x4848 value=0x00020820 count=64
R350_PROBE write reg=0x4290 value=0x00000000 count=128
R350_PROBE write reg=0x42b4 value=0x00000000 count=128
R350_PROBE write reg=0x428c value=0x00000001 count=128
R350_PROBE write reg=0x4214 value=0x00050005 count=128
R350_PROBE write reg=0x4260 value=0x00000000 count=128
R350_PROBE write reg=0x4264 value=0x00000000 count=128
R350_PROBE write reg=0x4e88 value=0x00000000 count=128
R350_PROBE write reg=0x4274 value=0x00000002 count=128
R350_PROBE write reg=0x42a0 value=0x00000000 count=128
R350_PROBE write reg=0x2288 value=0x0000ffff count=128
R350_PROBE write reg=0x21dc value=0xaaaaaaaa count=128
R350_PROBE write reg=0x2134 value=0x00ffffff count=128
R350_PROBE write reg=0x2138 value=0x00000000 count=128
R350_PROBE write reg=0x427c value=0x00000000 count=128
R350_PROBE write reg=0x4280 value=0x00000000 count=128
R350_PROBE write reg=0x494c value=0x00050a80 count=64
R350_PROBE write reg=0x474c value=0x1c020800 count=64
R350_PROBE write reg=0x4a4c value=0x00040889 count=64
R350_PROBE write reg=0x484c value=0x01020800 count=64
R350_PROBE write reg=0x20e0 value=0x00000000 count=128
R350_PROBE write reg=0x20e4 value=0x00000000 count=128
R350_PROBE write reg=0x20ec value=0x00000000 count=128
R350_PROBE write reg=0x20f0 value=0x00000000 count=128
R350_PROBE write reg=0x20f8 value=0x00000000 count=128
R350_PROBE write reg=0x20fc value=0x00000000 count=128
R350_PROBE write reg=0x2104 value=0x00000000 count=128
R350_PROBE write reg=0x2108 value=0x00000000 count=128
R350_PROBE write reg=0x2110 value=0x00000000 count=128
R350_PROBE write reg=0x2114 value=0x00000000 count=128
R350_PROBE write reg=0x211c value=0x00000000 count=128
R350_PROBE write reg=0x2120 value=0x00000000 count=128
R350_PROBE write reg=0x4e0c value=0x0000000f count=512
R350_PROBE write reg=0x1720 value=0x00008000 count=1024
R350_PROBE write reg=0x466c value=0x00008000 count=32
R350_PROBE write reg=0x2200 value=0x00000212 count=2048
R350_PROBE write reg=0x4bd8 value=0x00000000 count=256
R350_PROBE write reg=0x42b8 value=0x00000004 count=512
R350_PROBE write reg=0x421c value=0x0012000c count=512
R350_PROBE write reg=0x4c90 value=0x003fc5ed count=16
R350_PROBE write reg=0x4c94 value=0x00000000 count=16
R350_PROBE write reg=0x4c98 value=0x00000000 count=16
R350_PROBE write reg=0x4c9c value=0x00000000 count=16
R350_PROBE write reg=0x4ca0 value=0x003e0000 count=16
R350_PROBE write reg=0x4ca4 value=0x003e0000 count=16
R350_PROBE write reg=0x4ca8 value=0x003e0000 count=16
R350_PROBE write reg=0x4cac value=0x003e0000 count=16
R350_PROBE write reg=0x4cb0 value=0x00000000 count=16
R350_PROBE write reg=0x4cb4 value=0x003d5555 count=16
R350_PROBE write reg=0x4cb8 value=0x003f0000 count=16
R350_PROBE write reg=0x4cbc value=0x00000000 count=16
R350_PROBE write reg=0x4cc0 value=0x003d3333 count=16
R350_PROBE write reg=0x4cc4 value=0x003b3333 count=16
R350_PROBE write reg=0x4cc8 value=0x00000000 count=16
R350_PROBE write reg=0x4ccc value=0x00000000 count=16
R350_PROBE write reg=0x4cd0 value=0x003e8000 count=16
R350_PROBE write reg=0x4cd4 value=0x003e0000 count=16
R350_PROBE write reg=0x4cd8 value=0x003e0000 count=16
R350_PROBE write reg=0x4cdc value=0x003e8000 count=16
R350_PROBE write reg=0x4ce0 value=0x0041e000 count=16
R350_PROBE write reg=0x4ce4 value=0x00410000 count=16
R350_PROBE write reg=0x4ce8 value=0x00420000 count=16
R350_PROBE write reg=0x4cec value=0x00000000 count=16
R350_PROBE write reg=0x4cf0 value=0x003e3333 count=16
R350_PROBE write reg=0x4cf4 value=0x003eb333 count=16
R350_PROBE write reg=0x4cf8 value=0x00406000 count=16
R350_PROBE write reg=0x4cfc value=0x00000000 count=16
R350_PROBE write reg=0x4334 value=0x00000049 count=128
R350_PROBE write reg=0x4638 value=0x000089c7 count=128
R350_PROBE write reg=0x4d10 value=0x003d5555 count=32
R350_PROBE write reg=0x4d14 value=0x003e0000 count=32
R350_PROBE write reg=0x4d18 value=0x00000000 count=32
R350_PROBE write reg=0x4d1c value=0x00000000 count=32
R350_PROBE write reg=0x4e14 value=0x00000000 count=512
R350_PROBE write reg=0x48f4 value=0x002a0a8f count=128
R350_PROBE write reg=0x48f8 value=0x00050201 count=128
R350_PROBE write reg=0x46f4 value=0x018ae020 count=128
R350_PROBE write reg=0x46f8 value=0x038e08c1 count=128
R350_PROBE write reg=0x49f4 value=0x00040810 count=128
R350_PROBE write reg=0x49f8 value=0x00040480 count=128
R350_PROBE write reg=0x47f4 value=0x00020820 count=128
R350_PROBE write reg=0x47f8 value=0x009e0823 count=128
R350_PROBE write reg=0x4c20 value=0x00000000 count=128
R350_PROBE write reg=0x4c24 value=0x003f0000 count=128
R350_PROBE write reg=0x4c28 value=0x00000000 count=128
R350_PROBE write reg=0x4c2c value=0x00000000 count=128
R350_PROBE write reg=0x4c30 value=0x003d51af count=128
R350_PROBE write reg=0x4c34 value=0x003c41d6 count=128
R350_PROBE write reg=0x4c38 value=0x0038a4e0 count=128
R350_PROBE write reg=0x4c3c value=0x0032f2a3 count=128
R350_PROBE write reg=0x48fc value=0x00010a80 count=128
R350_PROBE write reg=0x4900 value=0x00020300 count=128
R350_PROBE write reg=0x46fc value=0x038e3183 count=128
R350_PROBE write reg=0x4700 value=0x038008c3 count=128
R350_PROBE write reg=0x49fc value=0x0042c38f count=128
R350_PROBE write reg=0x4a00 value=0x0042c28f count=128
R350_PROBE write reg=0x47fc value=0x008000c6 count=128
R350_PROBE write reg=0x4800 value=0x00800087 count=128
R350_PROBE write reg=0x495c value=0x00050200 count=32
R350_PROBE write reg=0x4960 value=0x00050200 count=32
R350_PROBE write reg=0x4964 value=0x0045048f count=32
R350_PROBE write reg=0x4968 value=0x00010a80 count=32
R350_PROBE write reg=0x496c value=0x00020300 count=32
R350_PROBE write reg=0x4970 value=0x00010a80 count=32
R350_PROBE write reg=0x4974 value=0x00020380 count=32
R350_PROBE write reg=0x4978 value=0x0042060f count=32
R350_PROBE write reg=0x475c value=0x018a0c02 count=32
R350_PROBE write reg=0x4760 value=0x019e0c07 count=32
R350_PROBE write reg=0x4764 value=0x03823004 count=32
R350_PROBE write reg=0x4768 value=0x038e3183 count=32
R350_PROBE write reg=0x476c value=0x038008c3 count=32
R350_PROBE write reg=0x4770 value=0x038a01c2 count=32
R350_PROBE write reg=0x4774 value=0x038008c2 count=32
R350_PROBE write reg=0x4778 value=0x03800141 count=32
R350_PROBE write reg=0x4a5c value=0x00040810 count=32
R350_PROBE write reg=0x4a60 value=0x00040810 count=32
R350_PROBE write reg=0x4a64 value=0x0044030f count=32
R350_PROBE write reg=0x4a68 value=0x0042c38f count=32
R350_PROBE write reg=0x4a6c value=0x0042c28f count=32
R350_PROBE write reg=0x4a70 value=0x00028889 count=32
R350_PROBE write reg=0x4a74 value=0x0002c509 count=32
R350_PROBE write reg=0x4a78 value=0x0504080a count=32
R350_PROBE write reg=0x485c value=0x00020820 count=32
R350_PROBE write reg=0x4860 value=0x00020820 count=32
R350_PROBE write reg=0x4864 value=0x00820004 count=32
R350_PROBE write reg=0x4868 value=0x008000c6 count=32
R350_PROBE write reg=0x486c value=0x00800087 count=32
R350_PROBE write reg=0x4870 value=0x00860045 count=32
R350_PROBE write reg=0x4874 value=0x008008c1 count=32
R350_PROBE write reg=0x4878 value=0x00860023 count=32
R350_PROBE write reg=0x497c value=0x00050600 count=32
R350_PROBE write reg=0x477c value=0x03820800 count=32
R350_PROBE write reg=0x4a7c value=0x00040810 count=32
R350_PROBE write reg=0x487c value=0x00020801 count=32
R350_PROBE write reg=0x4950 value=0x40050200 count=64
R350_PROBE write reg=0x4750 value=0x1c020040 count=64
R350_PROBE write reg=0x4a50 value=0x40040509 count=64
R350_PROBE write reg=0x4850 value=0x01020040 count=64
R350_PROBE write reg=0x4674 value=0x00018041 count=8
R350_PROBE write reg=0x4678 value=0x00018041 count=8
R350_PROBE write reg=0x467c value=0x00018041 count=7
R350_PROBE write reg=0x4680 value=0x00018041 count=7
R350_PROBE write reg=0x4684 value=0x00008000 count=2
R350_PROBE write reg=0x4300 value=0x00040084 count=1024
R350_PROBE write reg=0x463c value=0x00018041 count=128
R350_PROBE write reg=0x467c value=0x00018041 count=8
R350_PROBE write reg=0x4680 value=0x00018041 count=8
R350_PROBE write reg=0x4684 value=0x00008000 count=3
R350_PROBE write reg=0x4684 value=0x00008000 count=4
R350_PROBE write reg=0x4684 value=0x00008000 count=5
R350_PROBE write reg=0x4f00 value=0x00000010 count=1024
R350_PROBE write reg=0x4f04 value=0x00000000 count=1024
R350_PROBE write reg=0x4688 value=0x00018041 count=2
R350_PROBE write reg=0x468c value=0x00018041 count=2
R350_PROBE write reg=0x20d4 value=0x10c11c14 count=256
R350_PROBE write reg=0x20d8 value=0x10c11c1c count=256
R350_PROBE write reg=0x4690 value=0x00018041 count=2
R350_PROBE write reg=0x4694 value=0x00018882 count=2
R350_PROBE write reg=0x2154 value=0x23010201 count=64
R350_PROBE write reg=0x21e4 value=0xf688f688 count=64
R350_PROBE write reg=0x4404 value=0x10605e36 count=32
R350_PROBE write reg=0x4444 value=0x00001fc0 count=32
R350_PROBE write reg=0x4484 value=0x2007f8ff count=32
R350_PROBE write reg=0x44c4 value=0x18000000 count=32
R350_PROBE write reg=0x45c4 value=0x00000000 count=32
R350_PROBE write reg=0x4584 value=0x00000000 count=32
R350_PROBE write reg=0x4504 value=0x00003fff count=32
R350_PROBE write reg=0x20c4 value=0x07010704 count=256
R350_PROBE write reg=0x20c0 value=0x00000023 count=256
R350_PROBE write reg=0x4e4c value=0x00000000 count=2048
R350_PROBE write reg=0x4100 value=0x00000000 count=1024
R350_PROBE write reg=0x4bc0 value=0x00000000 count=512
R350_PROBE write reg=0x4684 value=0x00008000 count=6
R350_PROBE write reg=0x4688 value=0x00018041 count=3
R350_PROBE write reg=0x468c value=0x00018041 count=3
R350_PROBE write reg=0x4690 value=0x00018041 count=3
R350_PROBE write reg=0x4694 value=0x00018882 count=3
R350_PROBE write reg=0x20dc value=0x00000000 count=64
R350_PROBE write reg=0x20e8 value=0x00000000 count=64
R350_PROBE write reg=0x20f4 value=0x00000000 count=64
R350_PROBE write reg=0x2100 value=0x00000000 count=64
R350_PROBE write reg=0x210c value=0x00000000 count=64
R350_PROBE write reg=0x2118 value=0x00000000 count=64
R350_PROBE write reg=0x4640 value=0x00008000 count=128
R350_PROBE write reg=0x4008 value=0x00000007 count=512
R350_PROBE write reg=0x4980 value=0x00050201 count=32
R350_PROBE write reg=0x4780 value=0x03860900 count=32
R350_PROBE write reg=0x4a80 value=0x00040480 count=32
R350_PROBE write reg=0x4880 value=0x00860824 count=32
R350_PROBE write reg=0x401c value=0x00000000 count=512
R350_PROBE write reg=0x4338 value=0x0000008b count=128
R350_PROBE write reg=0x433c value=0x000000cc count=128
R350_PROBE write reg=0x2180 value=0x00000000 count=512
R350_PROBE write reg=0x4e50 value=0x00000005 count=512
R350_PROBE write reg=0x4f1c value=0x00000000 count=512
R350_PROBE write reg=0x43a4 value=0x00000000 count=512
R350_PROBE write reg=0x4e08 value=0x27210000 count=512
R350_PROBE write reg=0x4e10 value=0x00000000 count=512
R350_PROBE write reg=0x2094 value=0x00000024 count=1024
R350_PROBE write reg=0x4310 value=0x00d100c0 count=1024
R350_PROBE write reg=0x43e8 value=0x00ffffff count=1024
R350_PROBE write reg=0x4314 value=0x00d10004 count=1024
R350_PROBE write reg=0x4318 value=0x01648048 count=1024
R350_PROBE write reg=0x431c value=0x01648088 count=1024
R350_PROBE write reg=0x4320 value=0x01648008 count=1024
R350_PROBE write reg=0x4324 value=0x01648008 count=1024
R350_PROBE write reg=0x4328 value=0x01648008 count=1024
R350_PROBE write reg=0x432c value=0x01648008 count=1024
R350_PROBE write reg=0x4644 value=0x00008000 count=128
R350_PROBE write reg=0x2184 value=0x00000005 count=512
R350_PROBE write reg=0x4664 value=0x00008041 count=64
R350_PROBE write reg=0x434c value=0x000001cf count=32
R350_PROBE write reg=0x4c80 value=0x00000000 count=32
R350_PROBE write reg=0x4c84 value=0x00000000 count=32
R350_PROBE write reg=0x4c88 value=0x003f0000 count=32
R350_PROBE write reg=0x4c8c value=0x00000000 count=32
R350_PROBE write reg=0x4904 value=0x00020300 count=128
R350_PROBE write reg=0x4908 value=0x00010a80 count=128
R350_PROBE write reg=0x4954 value=0x000a0280 count=64
R350_PROBE write reg=0x4704 value=0x03841942 count=128
R350_PROBE write reg=0x4708 value=0x038a01cb count=128
R350_PROBE write reg=0x4754 value=0x03840d01 count=64
R350_PROBE write reg=0x4a04 value=0x0042c28f count=128
R350_PROBE write reg=0x4a08 value=0x00028889 count=128
R350_PROBE write reg=0x4a54 value=0x40028889 count=64
R350_PROBE write reg=0x4804 value=0x009c92c7 count=128
R350_PROBE write reg=0x4808 value=0x00a20288 count=128
R350_PROBE write reg=0x4854 value=0x00820b80 count=64
R350_PROBE write reg=0x490c value=0x00020380 count=128
R350_PROBE write reg=0x4910 value=0x0042060f count=128
R350_PROBE write reg=0x470c value=0x03841942 count=128
R350_PROBE write reg=0x4710 value=0x0384120a count=128
R350_PROBE write reg=0x4a0c value=0x0002c509 count=128
R350_PROBE write reg=0x4a10 value=0x0504080a count=128
R350_PROBE write reg=0x480c value=0x00a07948 count=128
R350_PROBE write reg=0x4810 value=0x00a60225 count=128
R350_PROBE write reg=0x4914 value=0x00250608 count=128
R350_PROBE write reg=0x4918 value=0x00050201 count=128
R350_PROBE write reg=0x4714 value=0x03841020 count=128
R350_PROBE write reg=0x4718 value=0x038a0981 count=128
R350_PROBE write reg=0x4a14 value=0x400288ad count=128
R350_PROBE write reg=0x4a18 value=0x00040480 count=128
R350_PROBE write reg=0x4814 value=0x00a60b89 count=128
R350_PROBE write reg=0x4818 value=0x008e0826 count=128
R350_PROBE write reg=0x1d98 value=0x418c0000 count=512
R350_PROBE write reg=0x1da0 value=0x41400000 count=512
R350_PROBE write reg=0x4984 value=0x00050200 count=32
R350_PROBE write reg=0x4988 value=0x00050200 count=32
R350_PROBE write reg=0x498c value=0x00050200 count=32
R350_PROBE write reg=0x4990 value=0x00050200 count=32
R350_PROBE write reg=0x4994 value=0x00050200 count=32
R350_PROBE write reg=0x4784 value=0x018a0c02 count=32
R350_PROBE write reg=0x4788 value=0x018e0c03 count=32
R350_PROBE write reg=0x478c value=0x01920c04 count=32
R350_PROBE write reg=0x4790 value=0x01860c01 count=32
R350_PROBE write reg=0x4794 value=0x01960c05 count=32
R350_PROBE write reg=0x4a84 value=0x00040810 count=32
R350_PROBE write reg=0x4a88 value=0x00040810 count=32
R350_PROBE write reg=0x4a8c value=0x00040810 count=32
R350_PROBE write reg=0x4a90 value=0x00040810 count=32
R350_PROBE write reg=0x4a94 value=0x00040810 count=32
R350_PROBE write reg=0x4884 value=0x00020820 count=32
R350_PROBE write reg=0x4888 value=0x00020820 count=32
R350_PROBE write reg=0x488c value=0x00020820 count=32
R350_PROBE write reg=0x4890 value=0x00020820 count=32
R350_PROBE write reg=0x4894 value=0x00020820 count=32
R350_PROBE write reg=0x4278 value=0x0003aaaa count=512
R350_PROBE write reg=0x491c value=0x00020202 count=128
R350_PROBE write reg=0x4920 value=0x00020203 count=128
R350_PROBE write reg=0x4998 value=0x00050200 count=32
R350_PROBE write reg=0x499c value=0x00050200 count=32
R350_PROBE write reg=0x49a0 value=0x00010a80 count=32
R350_PROBE write reg=0x471c value=0x038829c1 count=128
R350_PROBE write reg=0x4720 value=0x03842a01 count=128
R350_PROBE write reg=0x4798 value=0x01820c00 count=32
R350_PROBE write reg=0x479c value=0x019a0c06 count=32
R350_PROBE write reg=0x47a0 value=0x038a0102 count=32
R350_PROBE write reg=0x4a1c value=0x00028481 count=128
R350_PROBE write reg=0x4a20 value=0x00028482 count=128
R350_PROBE write reg=0x4a98 value=0x00040810 count=32
R350_PROBE write reg=0x4a9c value=0x00040810 count=32
R350_PROBE write reg=0x4aa0 value=0x00040309 count=32
R350_PROBE write reg=0x481c value=0x008e00e7 count=128
R350_PROBE write reg=0x4820 value=0x008e00e8 count=128
R350_PROBE write reg=0x4898 value=0x00020820 count=32
R350_PROBE write reg=0x489c value=0x00020820 count=32
R350_PROBE write reg=0x48a0 value=0x008e0803 count=32
R350_PROBE write reg=0x4924 value=0x0001000c count=128
R350_PROBE write reg=0x4724 value=0x03860069 count=128
R350_PROBE write reg=0x4a24 value=0x0002c509 count=128
R350_PROBE write reg=0x4824 value=0x008c3a48 count=128
R350_PROBE write reg=0x49a4 value=0x00050280 count=32
R350_PROBE write reg=0x47a4 value=0x038e0803 count=32
R350_PROBE write reg=0x4aa4 value=0x0042c20f count=32
R350_PROBE write reg=0x48a4 value=0x00883084 count=32
R350_PROBE write reg=0x221c value=0x00000000 count=1024
R350_PROBE write reg=0x4bd4 value=0x00000000 count=1024
R350_PROBE unsupported_3d_draw count=1024; R200 renderer deliberately not used
R350_PROBE write reg=0x4928 value=0x00050280 count=128
R350_PROBE write reg=0x4728 value=0x038a0b09 count=128
R350_PROBE write reg=0x4a28 value=0x00040509 count=128
R350_PROBE write reg=0x4828 value=0x00920809 count=128
R350_PROBE write reg=0x492c value=0x04080214 count=128
R350_PROBE write reg=0x472c value=0x038a00ad count=128
R350_PROBE write reg=0x4a2c value=0x004448af count=128
R350_PROBE write reg=0x482c value=0x009600ea count=128
R350_PROBE write reg=0x4608 value=0x00018016 count=1024
R350_PROBE write reg=0x16ec value=0x00000000 count=512
R350_PROBE write reg=0x16f0 value=0x00180023 count=512
R350_PROBE write reg=0x2150 value=0x01030003 count=512
R350_PROBE write reg=0x21e0 value=0xf688f688 count=512
R350_PROBE write reg=0x4018 value=0x00000017 count=512
R350_PROBE write reg=0x4e28 value=0x00750000 count=512
R350_PROBE write reg=0x4e38 value=0x02d3c040 count=512
R350_PROBE write reg=0x4e00 value=0x00000000 count=512
R350_PROBE write reg=0x43d0 value=0x0000aaaa count=512
R350_PROBE write reg=0x46a4 value=0x00001b00 count=512
R350_PROBE write reg=0x46a8 value=0x0000000f count=512
R350_PROBE write reg=0x46ac value=0x0000000f count=512
R350_PROBE write reg=0x46b0 value=0x0000000f count=512
R350_PROBE write reg=0x4c00 value=0x003d0000 count=1024
R350_PROBE write reg=0x4c04 value=0x00000000 count=1024
R350_PROBE write reg=0x4c08 value=0x00000000 count=1024
R350_PROBE write reg=0x4c0c value=0x00000000 count=1024
R350_PROBE write reg=0x4930 value=0x00050200 count=128
R350_PROBE write reg=0x4934 value=0x00050200 count=128
R350_PROBE write reg=0x4730 value=0x018a0c02 count=128
R350_PROBE write reg=0x4734 value=0x018e0c03 count=128
R350_PROBE write reg=0x4a30 value=0x00040810 count=128
R350_PROBE write reg=0x4a34 value=0x00040810 count=128
R350_PROBE write reg=0x4830 value=0x00020820 count=128
R350_PROBE write reg=0x4834 value=0x00020820 count=128
R350_PROBE write reg=0x4200 value=0x00000000 count=512
R350_PROBE write reg=0x4204 value=0x00000000 count=512
R350_PROBE write reg=0x4208 value=0x3f800000 count=512
R350_PROBE write reg=0x420c value=0x3f800000 count=512
R350_PROBE write reg=0x4938 value=0x0043ca88 count=128
R350_PROBE write reg=0x493c value=0x28010a80 count=128
R350_PROBE write reg=0x4738 value=0x03802001 count=128
R350_PROBE write reg=0x473c value=0x1c020003 count=128
R350_PROBE write reg=0x4a38 value=0x0043c88b count=128
R350_PROBE write reg=0x4a3c value=0x28028889 count=128
R350_PROBE write reg=0x4838 value=0x00802001 count=128
R350_PROBE write reg=0x483c value=0x01020003 count=128
R350_PROBE write reg=0x4234 value=0x00020006 count=1024
R350_PROBE write reg=0x4238 value=0x00000000 count=1024
R350_PROBE write reg=0x4268 value=0x3f800000 count=1024
R350_PROBE write reg=0x4010 value=0x66666666 count=1024
R350_PROBE write reg=0x4014 value=0x06666666 count=1024
R350_PROBE write reg=0x43b0 value=0x00b405a0 count=512
R350_PROBE write reg=0x43b4 value=0x00b445ae count=512
R350_PROBE write reg=0x4020 value=0x00000000 count=1024
R350_PROBE write reg=0x42c4 value=0x00000000 count=512
R350_PROBE write reg=0x42c0 value=0x4b7fffff count=512
R350_PROBE write reg=0x4e2c value=0x00000000 count=512
R350_PROBE write reg=0x4e30 value=0x00000000 count=512
R350_PROBE write reg=0x4e34 value=0x00000000 count=512
R350_PROBE write reg=0x4e3c value=0x00000000 count=512
R350_PROBE write reg=0x4e40 value=0x00000000 count=512
R350_PROBE write reg=0x4e44 value=0x00000000 count=512
R350_PROBE write reg=0x4e54 value=0x00000001 count=512
R350_PROBE write reg=0x4e64 value=0x00000040 count=512
R350_PROBE write reg=0x4f20 value=0x00000000 count=512
R350_PROBE write reg=0x4f24 value=0x00000000 count=512
R350_PROBE write reg=0x4f60 value=0x00000000 count=512
R350_PROBE write reg=0x4f10 value=0x00000000 count=512
R350_PROBE write reg=0x4f28 value=0x00000000 count=512
R350_PROBE write reg=0x4f30 value=0x00000000 count=512
R350_PROBE write reg=0x4f34 value=0x00000000 count=512
R350_PROBE write reg=0x4f44 value=0x00000000 count=512
R350_PROBE write reg=0x4f54 value=0x00000000 count=512
R350_PROBE write reg=0x4648 value=0x00008000 count=128
R350_PROBE write reg=0x464c value=0x00008145 count=128
R350_PROBE write reg=0x4940 value=0x00050200 count=128
R350_PROBE write reg=0x4740 value=0x01820c00 count=128
R350_PROBE write reg=0x4a40 value=0x00040810 count=128
R350_PROBE write reg=0x4840 value=0x00020820 count=128
R350_PROBE write reg=0x4944 value=0x00050a80 count=128
R350_PROBE write reg=0x4744 value=0x1c020800 count=128
R350_PROBE write reg=0x4a44 value=0x00040889 count=128
R350_PROBE write reg=0x4844 value=0x01020800 count=128
R350_PROBE write reg=0x4c40 value=0x00000000 count=128
R350_PROBE write reg=0x4c44 value=0x003f0000 count=128
R350_PROBE write reg=0x4c48 value=0x00000000 count=128
R350_PROBE write reg=0x4c4c value=0x00000000 count=128
R350_PROBE write reg=0x4f14 value=0x00000000 count=512
R350_PROBE write reg=0x48c0 value=0x00050200 count=256
R350_PROBE write reg=0x46c0 value=0x018edc03 count=256
R350_PROBE write reg=0x49c0 value=0x0001c8a6 count=256
R350_PROBE write reg=0x47c0 value=0x00820820 count=256
R350_PROBE write reg=0x4340 value=0x0000010c count=128
R350_PROBE write reg=0x4344 value=0x0000014d count=128
R350_PROBE write reg=0x4650 value=0x00008145 count=128
R350_PROBE write reg=0x4958 value=0x00050200 count=64
R350_PROBE write reg=0x4758 value=0x01860c01 count=64
R350_PROBE write reg=0x4a58 value=0x00040810 count=64
R350_PROBE write reg=0x4858 value=0x00020820 count=64
R350_PROBE write reg=0x4654 value=0x00008041 count=128
R350_PROBE write reg=0x4620 value=0x00018041 count=256
R350_PROBE write reg=0x4684 value=0x00008000 count=7
R350_PROBE write reg=0x4688 value=0x00018041 count=4
R350_PROBE write reg=0x468c value=0x00018041 count=4
R350_PROBE write reg=0x4690 value=0x00018041 count=4
R350_PROBE write reg=0x4694 value=0x00018882 count=4
R350_PROBE write reg=0x4684 value=0x00008000 count=8
R350_PROBE write reg=0x4688 value=0x00018041 count=5
R350_PROBE write reg=0x468c value=0x00018041 count=5
R350_PROBE write reg=0x4690 value=0x00018041 count=5
R350_PROBE write reg=0x4694 value=0x00018882 count=5
R350_PROBE write reg=0x4bc8 value=0x00000000 count=512
R350_PROBE write reg=0x4bcc value=0x00000000 count=512
R350_PROBE write reg=0x4bd0 value=0x00000000 count=512
R350_PROBE write reg=0x4294 value=0x00000000 count=512
R350_PROBE write reg=0x4298 value=0x00000000 count=512
R350_PROBE write reg=0x4668 value=0x00018882 count=64
R350_PROBE write reg=0x4670 value=0x00008000 count=16
R350_PROBE write reg=0x4688 value=0x00018041 count=6
R350_PROBE write reg=0x468c value=0x00018041 count=6
R350_PROBE write reg=0x4690 value=0x00018041 count=6
R350_PROBE write reg=0x4694 value=0x00018882 count=6
R350_PROBE write reg=0x4674 value=0x00018041 count=16
R350_PROBE write reg=0x4678 value=0x00018041 count=16
R350_PROBE write reg=0x4688 value=0x00018041 count=7
R350_PROBE write reg=0x468c value=0x00018041 count=7
R350_PROBE write reg=0x4690 value=0x00018041 count=7
R350_PROBE write reg=0x4694 value=0x00018882 count=7
R350_PROBE write reg=0x4f18 value=0x00000003 count=1024
R350_PROBE write reg=0x467c value=0x00018041 count=16
R350_PROBE write reg=0x4680 value=0x00018041 count=16
R350_PROBE write reg=0x4688 value=0x00018041 count=8
R350_PROBE write reg=0x468c value=0x00018041 count=8
R350_PROBE write reg=0x4690 value=0x00018041 count=8
R350_PROBE write reg=0x4694 value=0x00018882 count=8
R350_PROBE write reg=0x20b4 value=0x0000000c count=1024
R350_PROBE write reg=0x4230 value=0x01800006 count=512
R350_PROBE write reg=0x2284 value=0x00000000 count=2048
R350_PROBE write reg=0x4658 value=0x00018041 count=128
R350_PROBE write reg=0x465c value=0x00018041 count=128
R350_PROBE write reg=0x4948 value=0x00050a80 count=128
R350_PROBE write reg=0x495c value=0x00050a80 count=64
R350_PROBE write reg=0x4960 value=0x00050a80 count=64
R350_PROBE write reg=0x4748 value=0x1c020800 count=128
R350_PROBE write reg=0x475c value=0x1c020800 count=64
R350_PROBE write reg=0x4760 value=0x1c020800 count=64
R350_PROBE write reg=0x4a48 value=0x00040889 count=128
R350_PROBE write reg=0x4a5c value=0x00040889 count=64
R350_PROBE write reg=0x4a60 value=0x00040889 count=64
R350_PROBE write reg=0x4848 value=0x01020800 count=128
R350_PROBE write reg=0x485c value=0x01020800 count=64
R350_PROBE write reg=0x4860 value=0x01020800 count=64
R350_PROBE write reg=0x4c10 value=0x003f0000 count=512
R350_PROBE write reg=0x4c14 value=0x003f0000 count=512
R350_PROBE write reg=0x4c18 value=0x003f0000 count=512
R350_PROBE write reg=0x4c1c value=0x003f0000 count=512
R350_PROBE write reg=0x4698 value=0x00018041 count=2
R350_PROBE write reg=0x20d0 value=0x09020702 count=256
R350_PROBE write reg=0x4600 value=0x00000000 count=1024
R350_PROBE write reg=0x4604 value=0x00000000 count=1024
R350_PROBE write reg=0x461c value=0x00400000 count=1024
R350_PROBE write reg=0x4304 value=0x00000000 count=1024
R350_PROBE write reg=0x4330 value=0x00004000 count=1024
R350_PROBE write reg=0x4544 value=0x0088700c count=32
R350_PROBE write reg=0x4c50 value=0x00000000 count=128
R350_PROBE write reg=0x4c54 value=0x00000000 count=128
R350_PROBE write reg=0x4c58 value=0x00000000 count=128
R350_PROBE write reg=0x4c5c value=0x00000000 count=128
R350_PROBE write reg=0x4c60 value=0x00000000 count=128
R350_PROBE write reg=0x4c64 value=0x00000000 count=128
R350_PROBE write reg=0x4c68 value=0x00000000 count=128
R350_PROBE write reg=0x4c6c value=0x00000000 count=128
R350_PROBE write reg=0x4c70 value=0x00000000 count=128
R350_PROBE write reg=0x4c74 value=0x00000000 count=128
R350_PROBE write reg=0x4c78 value=0x00000000 count=128
R350_PROBE write reg=0x4c7c value=0x00000000 count=128
R350_PROBE write reg=0x2080 value=0x0030045a count=256
R350_PROBE write reg=0x46b4 value=0x00000001 count=1024
R350_PROBE write reg=0x4610 value=0x00000000 count=1024
R350_PROBE write reg=0x4614 value=0x00000000 count=1024
R350_PROBE write reg=0x4618 value=0x00000000 count=1024
R350_PROBE write reg=0x4f08 value=0x00ffff00 count=512
R350_PROBE write reg=0x48c4 value=0x4005000c count=256
R350_PROBE write reg=0x48c8 value=0x00050200 count=256
R350_PROBE write reg=0x46c4 value=0x1c020802 count=256
R350_PROBE write reg=0x46c8 value=0x038a0040 count=256
R350_PROBE write reg=0x49c4 value=0x40040509 count=256
R350_PROBE write reg=0x49c8 value=0x00040509 count=256
R350_PROBE write reg=0x47c4 value=0x01020002 count=256
R350_PROBE write reg=0x47c8 value=0x00820040 count=256
R350_PROBE write reg=0x2208 value=0x016da025 count=131072
R350_PROBE write reg=0x48cc value=0x4005000c count=256
R350_PROBE write reg=0x46cc value=0x1c020802 count=256
R350_PROBE write reg=0x49cc value=0x40040509 count=256
R350_PROBE write reg=0x47cc value=0x01020002 count=256
R350_PROBE write reg=0x4624 value=0x00018882 count=256
R350_PROBE write reg=0x20c8 value=0x00000000 count=512
R350_PROBE write reg=0x20cc value=0x00000000 count=512
R350_PROBE write reg=0x2140 value=0x00000002 count=256
R350_PROBE write reg=0x43a8 value=0x2da49525 count=256
R350_PROBE write reg=0x48d0 value=0x40050600 count=256
R350_PROBE write reg=0x46d0 value=0x1c020800 count=256
R350_PROBE write reg=0x49d0 value=0x4004058a count=256
R350_PROBE write reg=0x47d0 value=0x01001020 count=256
R350_PROBE write reg=0x2154 value=0x23032201 count=128
R350_PROBE write reg=0x21e4 value=0xf688f688 count=128
R350_PROBE write reg=0x0218 value=0x4000041a count=32
R350_PROBE write reg=0x48d4 value=0x00050200 count=256
R350_PROBE write reg=0x46d4 value=0x1c020040 count=256
R350_PROBE write reg=0x49d4 value=0x00040509 count=256
R350_PROBE write reg=0x47d4 value=0x01020040 count=256
R350_PROBE write reg=0x4628 value=0x00018041 count=256
R350_PROBE write reg=0x1d9c value=0x41e80000 count=512
R350_PROBE write reg=0x1da4 value=0x422e0000 count=512
R350_PROBE write reg=0x1da8 value=0x3f000000 count=512
R350_PROBE write reg=0x1dac value=0x3f000000 count=512
R350_PROBE write reg=0x2220 value=0x3f800000 count=512
R350_PROBE write reg=0x2224 value=0x3f800000 count=512
R350_PROBE write reg=0x2228 value=0x3f800000 count=512
R350_PROBE write reg=0x222c value=0x3f800000 count=512
R350_PROBE write reg=0x48d8 value=0x00050a80 count=256
R350_PROBE write reg=0x46d8 value=0x1c020800 count=256
R350_PROBE write reg=0x49d8 value=0x00040889 count=256
R350_PROBE write reg=0x47d8 value=0x01020800 count=256
R350_PROBE write reg=0x48dc value=0x40050200 count=256
R350_PROBE write reg=0x46dc value=0x1c020040 count=256
R350_PROBE write reg=0x49dc value=0x40040509 count=256
R350_PROBE write reg=0x47dc value=0x01020800 count=256
R350_PROBE write reg=0x462c value=0x00018882 count=256
R350_PROBE write reg=0x4e04 value=0x27210007 count=1024
R350_PROBE write reg=0x48e0 value=0x00050a80 count=256
R350_PROBE write reg=0x46e0 value=0x1c020800 count=256
R350_PROBE write reg=0x49e0 value=0x00040889 count=256
R350_PROBE write reg=0x47e0 value=0x01020800 count=256
R350_PROBE write reg=0x43e0 value=0x00b405a0 count=1024
R350_PROBE write reg=0x43e4 value=0x00bbe5df count=1024
R350_PROBE write reg=0x4404 value=0x10605e36 count=64
R350_PROBE write reg=0x4444 value=0x00001fc0 count=64
R350_PROBE write reg=0x4484 value=0x2007f8ff count=64
R350_PROBE write reg=0x44c4 value=0x18000000 count=64
R350_PROBE write reg=0x45c4 value=0x00000000 count=64
R350_PROBE write reg=0x4584 value=0x00000000 count=64
R350_PROBE write reg=0x4504 value=0x00003fff count=64
R350_PROBE write reg=0x2090 value=0x00000001 count=1024
R350_PROBE write reg=0x4630 value=0x00018041 count=256
R350_PROBE write reg=0x48e4 value=0x40050200 count=256
R350_PROBE write reg=0x46e4 value=0x1c020040 count=256
R350_PROBE write reg=0x49e4 value=0x40040509 count=256
R350_PROBE write reg=0x47e4 value=0x01020040 count=256
R350_PROBE write reg=0x4104 value=0x00000001 count=2048
R350_PROBE write reg=0x48e8 value=0x00050a80 count=256
R350_PROBE write reg=0x46e8 value=0x1c020800 count=256
R350_PROBE write reg=0x49e8 value=0x00040889 count=256
R350_PROBE write reg=0x47e8 value=0x01020800 count=256
R350_PROBE write reg=0x4634 value=0x00018041 count=256
R350_PROBE write reg=0x20b0 value=0x00000405 count=1024
R350_PROBE write reg=0x48ec value=0x00050a80 count=256
R350_PROBE write reg=0x46ec value=0x1c020800 count=256
R350_PROBE write reg=0x49ec value=0x00040889 count=256
R350_PROBE write reg=0x47ec value=0x01020800 count=256
R350_PROBE write reg=0x22d0 value=0x08420c80 count=1024
R350_PROBE write reg=0x22d4 value=0x00040080 count=1024
R350_PROBE write reg=0x22d8 value=0x00000084 count=1024
R350_PROBE write reg=0x22dc value=0x00000000 count=1024
R350_PROBE write reg=0x4400 value=0x00001412 count=1024
R350_PROBE write reg=0x4440 value=0x00000000 count=1024
R350_PROBE write reg=0x4480 value=0x8001f83f count=1024
R350_PROBE write reg=0x44c0 value=0x0000a60c count=1024
R350_PROBE write reg=0x4500 value=0x0000003f count=1024
R350_PROBE write reg=0x4e0c value=0x0000000f count=1024
R350_PROBE write reg=0x4288 value=0x00000000 count=512
R350_PROBE write reg=0x4f00 value=0x00000010 count=2048
R350_PROBE write reg=0x4f04 value=0x00000000 count=2048
R350_PROBE write reg=0x4e18 value=0x00000000 count=512
R350_PROBE write reg=0x2200 value=0x00000280 count=4096
R350_PROBE write reg=0x15e0 value=0x000003fc count=1024
R350_PROBE write reg=0x45c0 value=0x00000000 count=1024
R350_PROBE write reg=0x4580 value=0x00000000 count=1024
R350_PROBE write reg=0x4638 value=0x00018041 count=256
R350_PROBE write reg=0x20d4 value=0x10c51114 count=512
R350_PROBE write reg=0x20d8 value=0x10c5111c count=512
R350_PROBE write reg=0x42b8 value=0x00000000 count=1024
R350_PROBE write reg=0x4540 value=0x0074c000 count=1024
R350_PROBE write reg=0x4290 value=0x00000000 count=256
R350_PROBE write reg=0x42b4 value=0x00000000 count=256
R350_PROBE write reg=0x428c value=0x00000001 count=256
R350_PROBE write reg=0x4214 value=0x00050005 count=256
R350_PROBE write reg=0x4260 value=0x00000000 count=256
R350_PROBE write reg=0x4264 value=0x00000000 count=256
R350_PROBE write reg=0x4e88 value=0x00000000 count=256
R350_PROBE write reg=0x4274 value=0x00000002 count=256
R350_PROBE write reg=0x42a0 value=0x00000000 count=256
R350_PROBE write reg=0x2288 value=0x0000ffff count=256
R350_PROBE write reg=0x21dc value=0xaaaaaaaa count=256
R350_PROBE write reg=0x2134 value=0x00ffffff count=256
R350_PROBE write reg=0x2138 value=0x00000000 count=256
R350_PROBE write reg=0x427c value=0x00000000 count=256
R350_PROBE write reg=0x4280 value=0x00000000 count=256
R350_PROBE write reg=0x20e0 value=0x00000000 count=256
R350_PROBE write reg=0x20e4 value=0x00000000 count=256
R350_PROBE write reg=0x20ec value=0x00000000 count=256
R350_PROBE write reg=0x20f0 value=0x00000000 count=256
R350_PROBE write reg=0x20f8 value=0x00000000 count=256
R350_PROBE write reg=0x20fc value=0x00000000 count=256
R350_PROBE write reg=0x2104 value=0x00000000 count=256
R350_PROBE write reg=0x2108 value=0x00000000 count=256
R350_PROBE write reg=0x2110 value=0x00000000 count=256
R350_PROBE write reg=0x2114 value=0x00000000 count=256
R350_PROBE write reg=0x211c value=0x00000000 count=256
R350_PROBE write reg=0x2120 value=0x00000000 count=256
R350_PROBE write reg=0x4234 value=0x00020006 count=2048
R350_PROBE write reg=0x4238 value=0x00000000 count=2048
R350_PROBE write reg=0x4268 value=0x3f800000 count=2048
R350_PROBE write reg=0x142c value=0x41001d60 count=1024
R350_PROBE write reg=0x4e14 value=0x00000000 count=1024
R350_PROBE unsupported_3d_draw count=2048; R200 renderer deliberately not used
R350_PROBE write reg=0x2180 value=0x00000000 count=1024
R350_PROBE write reg=0x463c value=0x00018041 count=256
R350_PROBE write reg=0x4300 value=0x00040080 count=2048
R350_PROBE write reg=0x4c20 value=0x00000000 count=256
R350_PROBE write reg=0x4c24 value=0x00000000 count=256
R350_PROBE write reg=0x4c28 value=0x00000000 count=256
R350_PROBE write reg=0x4c2c value=0x00000000 count=256
R350_PROBE write reg=0x4c30 value=0x00000000 count=256
R350_PROBE write reg=0x4c34 value=0x00000000 count=256
R350_PROBE write reg=0x4c38 value=0x00000000 count=256
R350_PROBE write reg=0x4c3c value=0x00000000 count=256
R350_PROBE write reg=0x4bd8 value=0x00000000 count=512
R350_PROBE write reg=0x4c10 value=0x003f0000 count=1024
R350_PROBE write reg=0x4c14 value=0x003f0000 count=1024
R350_PROBE write reg=0x4c18 value=0x003f0000 count=1024
R350_PROBE write reg=0x4c1c value=0x003f0000 count=1024
R350_PROBE write reg=0x2154 value=0x23032203 count=256
R350_PROBE write reg=0x21e4 value=0xf688f688 count=256
R350_PROBE write reg=0x4e4c value=0x0000000a count=4096
R350_PROBE write reg=0x48f0 value=0x00050a80 count=256
R350_PROBE write reg=0x46f0 value=0x1c020800 count=256
R350_PROBE write reg=0x49f0 value=0x00040889 count=256
R350_PROBE write reg=0x47f0 value=0x01020800 count=256
R350_PROBE write reg=0x4e50 value=0x00000005 count=1024
R350_PROBE write reg=0x20c4 value=0x07010704 count=512
R350_PROBE write reg=0x20c0 value=0x00000023 count=512
R350_PROBE write reg=0x0738 value=0x10be0020 count=4096
R350_PROBE write reg=0x073c value=0x000002b0 count=4096
R350_PROBE write reg=0x4f1c value=0x00000000 count=1024
R350_PROBE write reg=0x43a4 value=0x00000000 count=1024
R350_PROBE write reg=0x4544 value=0x0088700c count=64
R350_PROBE write reg=0x342c value=0x00000005 count=1024
R350_PROBE write reg=0x2284 value=0x00000000 count=4096
R350_PROBE write reg=0x421c value=0x015c020a count=1024
R350_PROBE write reg=0x4e08 value=0x27210000 count=1024
R350_PROBE write reg=0x4e10 value=0x00000000 count=1024
R350_PROBE write reg=0x2184 value=0x00000005 count=1024
R350_PROBE write reg=0x4278 value=0x0003aaaa count=1024
R350_PROBE write reg=0x2150 value=0x26000001 count=1024
R350_PROBE write reg=0x21e0 value=0xfb24fb08 count=1024
R350_PROBE write reg=0x0218 value=0x4000041a count=64
R350_PROBE write reg=0x1d98 value=0x41e80000 count=1024
R350_PROBE write reg=0x1da0 value=0xc18c0000 count=1024
R350_PROBE write reg=0x4310 value=0x00d10000 count=2048
R350_PROBE write reg=0x2094 value=0x00000000 count=2048
R350_PROBE write reg=0x4bc0 value=0x00000000 count=1024
GPU MODE: 1680x1050 bpp=32 stride=6720 offset=0x0 pitch_reg=0xd2 crtc_gen=0x3000600
[STRIDE_CHANGE] update_display_mode: 0 -> 6720 (override=no val=0)
qemu-system-ppc: terminating on signal 15 from pid 66033 (<unknown process>)
