[000000] CFG_RD off=0x00 len=2 val=0x1002
[000001] CFG_RD off=0x02 len=2 val=0x4e48
[000002] CFG_RD off=0x0a len=2 val=0x300
[000003] CFG_RD off=0x09 len=1 val=0x0
[000004] CFG_RD off=0x0e len=1 val=0x0
[000005] CFG_RD off=0x3d len=1 val=0x1
[000006] CFG_WR off=0x3c len=1 val=0x1d
[000007] CFG_RD off=0x10 len=4 val=0x8
[000008] CFG_WR off=0x10 len=4 val=0xffffffff
[000009] CFG_RD off=0x10 len=4 val=0xf8000008
[000010] CFG_WR off=0x10 len=4 val=0x88000008
[000011] CFG_RD off=0x14 len=4 val=0x1
[000012] CFG_WR off=0x14 len=4 val=0xffffffff
[000013] CFG_RD off=0x14 len=4 val=0xffffff01
[000014] CFG_WR off=0x14 len=4 val=0x1001
[000015] CFG_RD off=0x18 len=4 val=0x0
[000016] CFG_WR off=0x18 len=4 val=0xffffffff
[000017] CFG_RD off=0x18 len=4 val=0xffff0000
[000018] CFG_WR off=0x18 len=4 val=0x90000000
[000019] CFG_RD off=0x1c len=4 val=0x0
[000020] CFG_WR off=0x1c len=4 val=0xffffffff
[000021] CFG_RD off=0x1c len=4 val=0x0
[000022] CFG_RD off=0x20 len=4 val=0x0
[000023] CFG_WR off=0x20 len=4 val=0xffffffff
[000024] CFG_RD off=0x20 len=4 val=0x0
[000025] CFG_RD off=0x24 len=4 val=0x0
[000026] CFG_WR off=0x24 len=4 val=0xffffffff
[000027] CFG_RD off=0x24 len=4 val=0x0
[000028] CFG_RD off=0x30 len=4 val=0x0
[000029] CFG_WR off=0x30 len=4 val=0xffffffff
[000030] CFG_RD off=0x30 len=4 val=0x0
[000031] CFG_RD off=0x04 len=2 val=0x0
[000032] CFG_WR off=0x04 len=2 val=0x3
[000033] CFG_RD off=0x00 len=2 val=0x1002
[000034] CFG_RD off=0x02 len=2 val=0x4e48
[000035] CFG_RD off=0x08 len=1 val=0x1
[000036] CFG_RD off=0x09 len=1 val=0x0
[000037] CFG_RD off=0x0a len=2 val=0x300
[000038] CFG_RD off=0x3e len=1 val=0x0
[000039] CFG_RD off=0x3f len=1 val=0x0
[000040] CFG_RD off=0x06 len=2 val=0x10
[000041] CFG_RD off=0x2c len=2 val=0x1002
[000042] CFG_RD off=0x2e len=2 val=0x4e48
[000043] CFG_RD off=0x0c len=2 val=0x0
[000044] CFG_RD off=0x04 len=4 val=0x100003
[000045] CFG_RD off=0x34 len=4 val=0x50
[000046] CFG_RD off=0x50 len=4 val=0x6015801
[000047] CFG_RD off=0x58 len=4 val=0x200002
[000048] CFG_RD off=0x04 len=4 val=0x100003
[000049] CFG_RD off=0x34 len=4 val=0x50
[000050] CFG_RD off=0x50 len=4 val=0x6015801
[000051] CFG_RD off=0x58 len=4 val=0x200002
[000052] CFG_RD off=0x04 len=4 val=0x100003
[000053] CFG_RD off=0x34 len=4 val=0x50
[000054] CFG_RD off=0x50 len=4 val=0x6015801
[000055] CFG_RD off=0x58 len=4 val=0x200002
[000056] CFG_RD off=0x00 len=4 val=0x4e481002
[000057] CFG_RD off=0x08 len=4 val=0x3000001
[000058] CFG_RD off=0x2c len=4 val=0x4e481002
[000059] CFG_RD off=0x04 len=4 val=0x100003
[000060] CFG_RD off=0x34 len=4 val=0x50
[000061] CFG_RD off=0x50 len=4 val=0x6015801
[000062] CFG_RD off=0x58 len=4 val=0x200002
[000063] CFG_WR off=0x60 len=4 val=0x0
[000064] CFG_RD off=0x60 len=4 val=0x0
[000065] CFG_RD off=0x5c len=4 val=0x1f000207
[000066] CFG_WR off=0x60 len=4 val=0x1f000304
[000067] CFG_RD off=0x60 len=4 val=0x1f000304
[000068] CFG_RD off=0x60 len=4 val=0x1f000304
[000069] CFG_RD off=0x04 len=4 val=0x100003
[000070] CFG_WR off=0x04 len=4 val=0x100003
[000071] CFG_RD off=0x04 len=4 val=0x100003
[000072] CFG_RD off=0x04 len=4 val=0x100003
[000073] CFG_WR off=0x04 len=4 val=0x100007
[000074] CFG_RD off=0x04 len=4 val=0x100007
[000075] MMIO_RD size=2 addr=0x0f02 (PCI_MIRROR)
[000076] MMIO_RD size=2 addr=0x0f0a (PCI_MIRROR)
[000077] MMIO_WR size=4 addr=0x4018 val=0x17 (UNKNOWN)
[000078] MMIO_WR size=4 addr=0x429c val=0x400 (UNKNOWN)
[000079] MMIO_RD size=4 addr=0x0e40 (RBBM_STATUS)
[000080] STATUS_RD RBBM_STATUS -> 0x00000040 (idle, 64 free)
[000081] MMIO_WR size=4 addr=0x4018 val=0x17 (UNKNOWN)
[000082] MMIO_RD size=4 addr=0x0e40 (RBBM_STATUS)
[000083] STATUS_RD RBBM_STATUS -> 0x00000040 (idle, 64 free)
[000084] MMIO_RD size=4 addr=0x1720 (WAIT_UNTIL)
[000085] MMIO_RD size=4 addr=0x0e40 (RBBM_STATUS)
[000086] STATUS_RD RBBM_STATUS -> 0x00000040 (idle, 64 free)
[000087] MMIO_RD size=4 addr=0x1720 (WAIT_UNTIL)
[000088] MMIO_RD size=4 addr=0x0e40 (RBBM_STATUS)
[000089] STATUS_RD RBBM_STATUS -> 0x00000040 (idle, 64 free)
[000090] MMIO_RD size=4 addr=0x1720 (WAIT_UNTIL)
[000091] MMIO_RD size=4 addr=0x0e40 (RBBM_STATUS)
[000092] STATUS_RD RBBM_STATUS -> 0x00000040 (idle, 64 free)
[000093] MMIO_RD size=4 addr=0x1720 (WAIT_UNTIL)
[000094] MMIO_RD size=4 addr=0x0e40 (RBBM_STATUS)
[000095] STATUS_RD RBBM_STATUS -> 0x00000040 (idle, 64 free)
[000096] MMIO_RD size=4 addr=0x1720 (WAIT_UNTIL)
[000097] MMIO_RD size=4 addr=0x0e40 (RBBM_STATUS)
[000098] STATUS_RD RBBM_STATUS -> 0x00000040 (idle, 64 free)
[000099] MMIO_RD size=4 addr=0x1720 (WAIT_UNTIL)
[000100] MMIO_RD size=4 addr=0x0e40 (RBBM_STATUS)
[000101] STATUS_RD RBBM_STATUS -> 0x00000040 (idle, 64 free)
[000102] MMIO_RD size=4 addr=0x1720 (WAIT_UNTIL)
[000103] MMIO_RD size=4 addr=0x0e40 (RBBM_STATUS)
[000104] STATUS_RD RBBM_STATUS -> 0x00000040 (idle, 64 free)
[000105] MMIO_RD size=4 addr=0x1720 (WAIT_UNTIL)
[000106] MMIO_RD size=4 addr=0x0e40 (RBBM_STATUS)
[000107] STATUS_RD RBBM_STATUS -> 0x00000040 (idle, 64 free)
[000108] MMIO_RD size=4 addr=0x1720 (WAIT_UNTIL)
[000109] MMIO_RD size=4 addr=0x0e40 (RBBM_STATUS)
[000110] STATUS_RD RBBM_STATUS -> 0x00000040 (idle, 64 free)
[000111] MMIO_RD size=4 addr=0x1720 (WAIT_UNTIL)
[000112] MMIO_RD size=4 addr=0x0e40 (RBBM_STATUS)
[000113] STATUS_RD RBBM_STATUS -> 0x00000040 (idle, 64 free)
[000114] MMIO_RD size=4 addr=0x1720 (WAIT_UNTIL)
[000115] MMIO_RD size=4 addr=0x0e40 (RBBM_STATUS)
[000116] STATUS_RD RBBM_STATUS -> 0x00000040 (idle, 64 free)
[000117] MMIO_RD size=4 addr=0x1720 (WAIT_UNTIL)
[000118] MMIO_RD size=4 addr=0x0e40 (RBBM_STATUS)
[000119] STATUS_RD RBBM_STATUS -> 0x00000040 (idle, 64 free)
[000120] MMIO_RD size=4 addr=0x1720 (WAIT_UNTIL)
[000121] MMIO_RD size=4 addr=0x0e40 (RBBM_STATUS)
[000122] STATUS_RD RBBM_STATUS -> 0x00000040 (idle, 64 free)
[000123] MMIO_RD size=4 addr=0x1720 (WAIT_UNTIL)
[000124] MMIO_RD size=4 addr=0x0e40 (RBBM_STATUS)
[000125] STATUS_RD RBBM_STATUS -> 0x00000040 (idle, 64 free)
[000126] MMIO_RD size=4 addr=0x1720 (WAIT_UNTIL)
[000127] MMIO_RD size=4 addr=0x0e40 (RBBM_STATUS)
[000128] STATUS_RD RBBM_STATUS -> 0x00000040 (idle, 64 free)
[000129] MMIO_RD size=4 addr=0x1720 (WAIT_UNTIL)
[000130] MMIO_RD size=4 addr=0x0e40 (RBBM_STATUS)
[000131] STATUS_RD RBBM_STATUS -> 0x00000040 (idle, 64 free)
[000132] MMIO_RD size=4 addr=0x1720 (WAIT_UNTIL)
[000133] MMIO_RD size=4 addr=0x0e40 (RBBM_STATUS)
[000134] STATUS_RD RBBM_STATUS -> 0x00000040 (idle, 64 free)
[000135] MMIO_RD size=4 addr=0x1720 (WAIT_UNTIL)
[000136] MMIO_RD size=4 addr=0x0e40 (RBBM_STATUS)
[000137] STATUS_RD RBBM_STATUS -> 0x00000040 (idle, 64 free)
[000138] MMIO_RD size=4 addr=0x1720 (WAIT_UNTIL)
[000139] MMIO_RD size=4 addr=0x0e40 (RBBM_STATUS)
[000140] STATUS_RD RBBM_STATUS -> 0x00000040 (idle, 64 free)
[000141] MMIO_RD size=4 addr=0x1720 (WAIT_UNTIL)
[000142] MMIO_RD size=4 addr=0x0e40 (RBBM_STATUS)
[000143] STATUS_RD RBBM_STATUS -> 0x00000040 (idle, 64 free)
[000144] MMIO_RD size=4 addr=0x1720 (WAIT_UNTIL)
[000145] MMIO_RD size=4 addr=0x0e40 (RBBM_STATUS)
[000146] STATUS_RD RBBM_STATUS -> 0x00000040 (idle, 64 free)
[000147] MMIO_RD size=4 addr=0x1720 (WAIT_UNTIL)
[000148] MMIO_RD size=4 addr=0x0e40 (RBBM_STATUS)
[000149] STATUS_RD RBBM_STATUS -> 0x00000040 (idle, 64 free)
[000150] MMIO_RD size=4 addr=0x1720 (WAIT_UNTIL)
[000151] MMIO_RD size=4 addr=0x0e40 (RBBM_STATUS)
[000152] STATUS_RD RBBM_STATUS -> 0x00000040 (idle, 64 free)
[000153] MMIO_RD size=4 addr=0x1720 (WAIT_UNTIL)
[000154] MMIO_RD size=4 addr=0x0e40 (RBBM_STATUS)
[000155] STATUS_RD RBBM_STATUS -> 0x00000040 (idle, 64 free)
[000156] MMIO_RD size=4 addr=0x1720 (WAIT_UNTIL)
[000157] MMIO_RD size=4 addr=0x0e40 (RBBM_STATUS)
[000158] STATUS_RD RBBM_STATUS -> 0x00000040 (idle, 64 free)
[000159] MMIO_RD size=4 addr=0x1720 (WAIT_UNTIL)
[000160] MMIO_RD size=4 addr=0x0e40 (RBBM_STATUS)
[000161] STATUS_RD RBBM_STATUS -> 0x00000040 (idle, 64 free)
[000162] MMIO_RD size=4 addr=0x1720 (WAIT_UNTIL)
[000163] MMIO_RD size=4 addr=0x0e40 (RBBM_STATUS)
[000164] STATUS_RD RBBM_STATUS -> 0x00000040 (idle, 64 free)
[000165] MMIO_RD size=4 addr=0x1720 (WAIT_UNTIL)
[000166] MMIO_RD size=4 addr=0x0e40 (RBBM_STATUS)
[000167] STATUS_RD RBBM_STATUS -> 0x00000040 (idle, 64 free)
[000168] MMIO_RD size=4 addr=0x1720 (WAIT_UNTIL)
[000169] MMIO_RD size=4 addr=0x0e40 (RBBM_STATUS)
[000170] STATUS_RD RBBM_STATUS -> 0x00000040 (idle, 64 free)
[000171] MMIO_RD size=4 addr=0x1720 (WAIT_UNTIL)
[000172] MMIO_RD size=4 addr=0x0e40 (RBBM_STATUS)
[000173] STATUS_RD RBBM_STATUS -> 0x00000040 (idle, 64 free)
[000174] MMIO_RD size=4 addr=0x1720 (WAIT_UNTIL)
[000175] MMIO_RD size=4 addr=0x0e40 (RBBM_STATUS)
[000176] STATUS_RD RBBM_STATUS -> 0x00000040 (idle, 64 free)
[000177] MMIO_RD size=4 addr=0x1720 (WAIT_UNTIL)
[000178] MMIO_RD size=4 addr=0x0e40 (RBBM_STATUS)
[000179] STATUS_RD RBBM_STATUS -> 0x00000040 (idle, 64 free)
[000180] MMIO_RD size=4 addr=0x1720 (WAIT_UNTIL)
[000181] MMIO_RD size=4 addr=0x0e40 (RBBM_STATUS)
[000182] STATUS_RD RBBM_STATUS -> 0x00000040 (idle, 64 free)
[000183] MMIO_RD size=4 addr=0x1720 (WAIT_UNTIL)
[000184] MMIO_RD size=4 addr=0x0e40 (RBBM_STATUS)
[000185] STATUS_RD RBBM_STATUS -> 0x00000040 (idle, 64 free)
[000186] MMIO_RD size=4 addr=0x1720 (WAIT_UNTIL)
[000187] MMIO_RD size=4 addr=0x0e40 (RBBM_STATUS)
[000188] STATUS_RD RBBM_STATUS -> 0x00000040 (idle, 64 free)
[000189] MMIO_RD size=4 addr=0x1720 (WAIT_UNTIL)
[000190] MMIO_RD size=4 addr=0x0e40 (RBBM_STATUS)
[000191] STATUS_RD RBBM_STATUS -> 0x00000040 (idle, 64 free)
[000192] MMIO_RD size=4 addr=0x1720 (WAIT_UNTIL)
[000193] MMIO_RD size=4 addr=0x0e40 (RBBM_STATUS)
[000194] STATUS_RD RBBM_STATUS -> 0x00000040 (idle, 64 free)
[000195] MMIO_RD size=4 addr=0x1720 (WAIT_UNTIL)
[000196] MMIO_RD size=4 addr=0x0e40 (RBBM_STATUS)
[000197] STATUS_RD RBBM_STATUS -> 0x00000040 (idle, 64 free)
[000198] MMIO_RD size=4 addr=0x1720 (WAIT_UNTIL)
[000199] MMIO_RD size=4 addr=0x0e40 (RBBM_STATUS)
[000200] STATUS_RD RBBM_STATUS -> 0x00000040 (idle, 64 free)
[000201] MMIO_RD size=4 addr=0x1720 (WAIT_UNTIL)
[000202] MMIO_RD size=4 addr=0x0e40 (RBBM_STATUS)
[000203] STATUS_RD RBBM_STATUS -> 0x00000040 (idle, 64 free)
[000204] MMIO_RD size=4 addr=0x1720 (WAIT_UNTIL)
[000205] MMIO_RD size=4 addr=0x0e40 (RBBM_STATUS)
[000206] STATUS_RD RBBM_STATUS -> 0x00000040 (idle, 64 free)
[000207] MMIO_RD size=4 addr=0x1720 (WAIT_UNTIL)
[000208] MMIO_RD size=4 addr=0x0e40 (RBBM_STATUS)
[000209] STATUS_RD RBBM_STATUS -> 0x00000040 (idle, 64 free)
[000210] MMIO_RD size=4 addr=0x1720 (WAIT_UNTIL)
[000211] MMIO_RD size=4 addr=0x0e40 (RBBM_STATUS)
[000212] STATUS_RD RBBM_STATUS -> 0x00000040 (idle, 64 free)
[000213] MMIO_RD size=4 addr=0x1720 (WAIT_UNTIL)
[000214] MMIO_RD size=4 addr=0x0e40 (RBBM_STATUS)
[000215] STATUS_RD RBBM_STATUS -> 0x00000040 (idle, 64 free)
[000216] MMIO_RD size=4 addr=0x1720 (WAIT_UNTIL)
[000217] MMIO_RD size=4 addr=0x0e40 (RBBM_STATUS)
[000218] STATUS_RD RBBM_STATUS -> 0x00000040 (idle, 64 free)
[000219] MMIO_RD size=4 addr=0x1720 (WAIT_UNTIL)
[000220] MMIO_RD size=4 addr=0x0e40 (RBBM_STATUS)
[000221] STATUS_RD RBBM_STATUS -> 0x00000040 (idle, 64 free)
[000222] MMIO_RD size=4 addr=0x1720 (WAIT_UNTIL)
[000223] MMIO_RD size=4 addr=0x0e40 (RBBM_STATUS)
[000224] STATUS_RD RBBM_STATUS -> 0x00000040 (idle, 64 free)
[000225] MMIO_RD size=4 addr=0x1720 (WAIT_UNTIL)
[000226] MMIO_RD size=4 addr=0x0e40 (RBBM_STATUS)
[000227] STATUS_RD RBBM_STATUS -> 0x00000040 (idle, 64 free)
[000228] MMIO_RD size=4 addr=0x1720 (WAIT_UNTIL)
[000229] MMIO_RD size=4 addr=0x0e40 (RBBM_STATUS)
[000230] STATUS_RD RBBM_STATUS -> 0x00000040 (idle, 64 free)
[000231] MMIO_RD size=4 addr=0x1720 (WAIT_UNTIL)
[000232] MMIO_RD size=4 addr=0x0e40 (RBBM_STATUS)
[000233] STATUS_RD RBBM_STATUS -> 0x00000040 (idle, 64 free)
[000234] MMIO_RD size=4 addr=0x1720 (WAIT_UNTIL)
[000235] MMIO_RD size=4 addr=0x0e40 (RBBM_STATUS)
[000236] STATUS_RD RBBM_STATUS -> 0x00000040 (idle, 64 free)
[000237] MMIO_RD size=4 addr=0x1720 (WAIT_UNTIL)
[000238] MMIO_RD size=4 addr=0x0e40 (RBBM_STATUS)
[000239] STATUS_RD RBBM_STATUS -> 0x00000040 (idle, 64 free)
[000240] MMIO_RD size=4 addr=0x1720 (WAIT_UNTIL)
[000241] MMIO_RD size=4 addr=0x0e40 (RBBM_STATUS)
[000242] STATUS_RD RBBM_STATUS -> 0x00000040 (idle, 64 free)
[000243] MMIO_RD size=4 addr=0x1720 (WAIT_UNTIL)
[000244] MMIO_RD size=4 addr=0x0e40 (RBBM_STATUS)
[000245] STATUS_RD RBBM_STATUS -> 0x00000040 (idle, 64 free)
[000246] MMIO_RD size=4 addr=0x1720 (WAIT_UNTIL)
[000247] MMIO_RD size=4 addr=0x0e40 (RBBM_STATUS)
[000248] STATUS_RD RBBM_STATUS -> 0x00000040 (idle, 64 free)
[000249] MMIO_RD size=4 addr=0x1720 (WAIT_UNTIL)
[000250] MMIO_RD size=4 addr=0x0e40 (RBBM_STATUS)
[000251] STATUS_RD RBBM_STATUS -> 0x00000040 (idle, 64 free)
[000252] MMIO_RD size=4 addr=0x1720 (WAIT_UNTIL)
[000253] MMIO_RD size=4 addr=0x0e40 (RBBM_STATUS)
[000254] STATUS_RD RBBM_STATUS -> 0x00000040 (idle, 64 free)
[000255] MMIO_RD size=4 addr=0x1720 (WAIT_UNTIL)
[000256] MMIO_RD size=4 addr=0x0e40 (RBBM_STATUS)
[000257] STATUS_RD RBBM_STATUS -> 0x00000040 (idle, 64 free)
[000258] MMIO_RD size=4 addr=0x1720 (WAIT_UNTIL)
[000259] MMIO_RD size=4 addr=0x0e40 (RBBM_STATUS)
[000260] STATUS_RD RBBM_STATUS -> 0x00000040 (idle, 64 free)
[000261] MMIO_RD size=4 addr=0x1720 (WAIT_UNTIL)
[000262] MMIO_RD size=4 addr=0x0e40 (RBBM_STATUS)
[000263] STATUS_RD RBBM_STATUS -> 0x00000040 (idle, 64 free)
[000264] MMIO_RD size=4 addr=0x1720 (WAIT_UNTIL)
[000265] MMIO_RD size=4 addr=0x0e40 (RBBM_STATUS)
[000266] STATUS_RD RBBM_STATUS -> 0x00000040 (idle, 64 free)
[000267] MMIO_RD size=4 addr=0x1720 (WAIT_UNTIL)
[000268] MMIO_RD size=4 addr=0x0e40 (RBBM_STATUS)
[000269] STATUS_RD RBBM_STATUS -> 0x00000040 (idle, 64 free)
[000270] MMIO_RD size=4 addr=0x1720 (WAIT_UNTIL)
[000271] MMIO_RD size=4 addr=0x0e40 (RBBM_STATUS)
[000272] STATUS_RD RBBM_STATUS -> 0x00000040 (idle, 64 free)
[000273] MMIO_RD size=4 addr=0x1720 (WAIT_UNTIL)
[000274] MMIO_RD size=4 addr=0x0e40 (RBBM_STATUS)
[000275] STATUS_RD RBBM_STATUS -> 0x00000040 (idle, 64 free)
[000276] MMIO_RD size=4 addr=0x1720 (WAIT_UNTIL)
[000277] MMIO_RD size=4 addr=0x0e40 (RBBM_STATUS)
[000278] STATUS_RD RBBM_STATUS -> 0x00000040 (idle, 64 free)
[000279] MMIO_RD size=4 addr=0x1720 (WAIT_UNTIL)
[000280] MMIO_RD size=4 addr=0x0e40 (RBBM_STATUS)
[000281] STATUS_RD RBBM_STATUS -> 0x00000040 (idle, 64 free)
[000282] MMIO_RD size=4 addr=0x1720 (WAIT_UNTIL)
[000283] MMIO_RD size=4 addr=0x0e40 (RBBM_STATUS)
[000284] STATUS_RD RBBM_STATUS -> 0x00000040 (idle, 64 free)
[000285] MMIO_RD size=4 addr=0x1720 (WAIT_UNTIL)
[000286] MMIO_RD size=4 addr=0x0e40 (RBBM_STATUS)
[000287] STATUS_RD RBBM_STATUS -> 0x00000040 (idle, 64 free)
[000288] MMIO_RD size=4 addr=0x1720 (WAIT_UNTIL)
[000289] MMIO_RD size=4 addr=0x0e40 (RBBM_STATUS)
[000290] STATUS_RD RBBM_STATUS -> 0x00000040 (idle, 64 free)
[000291] MMIO_RD size=4 addr=0x1720 (WAIT_UNTIL)
[000292] MMIO_RD size=4 addr=0x0e40 (RBBM_STATUS)
[000293] STATUS_RD RBBM_STATUS -> 0x00000040 (idle, 64 free)
[000294] MMIO_RD size=4 addr=0x1720 (WAIT_UNTIL)
[000295] MMIO_RD size=4 addr=0x0e40 (RBBM_STATUS)
[000296] STATUS_RD RBBM_STATUS -> 0x00000040 (idle, 64 free)
[000297] MMIO_RD size=4 addr=0x1720 (WAIT_UNTIL)
[000298] MMIO_RD size=4 addr=0x0e40 (RBBM_STATUS)
[000299] STATUS_RD RBBM_STATUS -> 0x00000040 (idle, 64 free)
[000300] MMIO_RD size=4 addr=0x1720 (WAIT_UNTIL)
[000301] MMIO_RD size=4 addr=0x0e40 (RBBM_STATUS)
[000302] STATUS_RD RBBM_STATUS -> 0x00000040 (idle, 64 free)
[000303] MMIO_RD size=4 addr=0x1720 (WAIT_UNTIL)
[000304] MMIO_RD size=4 addr=0x0e40 (RBBM_STATUS)
[000305] STATUS_RD RBBM_STATUS -> 0x00000040 (idle, 64 free)
[000306] MMIO_RD size=4 addr=0x1720 (WAIT_UNTIL)
[000307] MMIO_RD size=4 addr=0x0e40 (RBBM_STATUS)
[000308] STATUS_RD RBBM_STATUS -> 0x00000040 (idle, 64 free)
[000309] MMIO_RD size=4 addr=0x1720 (WAIT_UNTIL)
[000310] MMIO_RD size=4 addr=0x0e40 (RBBM_STATUS)
[000311] STATUS_RD RBBM_STATUS -> 0x00000040 (idle, 64 free)
[000312] MMIO_RD size=4 addr=0x1720 (WAIT_UNTIL)
[000313] MMIO_RD size=4 addr=0x0e40 (RBBM_STATUS)
[000314] STATUS_RD RBBM_STATUS -> 0x00000040 (idle, 64 free)
[000315] MMIO_RD size=4 addr=0x1720 (WAIT_UNTIL)
[000316] MMIO_RD size=4 addr=0x0e40 (RBBM_STATUS)
[000317] STATUS_RD RBBM_STATUS -> 0x00000040 (idle, 64 free)
[000318] MMIO_RD size=4 addr=0x1720 (WAIT_UNTIL)
[000319] MMIO_RD size=4 addr=0x0e40 (RBBM_STATUS)
[000320] STATUS_RD RBBM_STATUS -> 0x00000040 (idle, 64 free)
[000321] MMIO_RD size=4 addr=0x1720 (WAIT_UNTIL)
[000322] MMIO_RD size=4 addr=0x0e40 (RBBM_STATUS)
[000323] STATUS_RD RBBM_STATUS -> 0x00000040 (idle, 64 free)
[000324] MMIO_RD size=4 addr=0x1720 (WAIT_UNTIL)
[000325] MMIO_RD size=4 addr=0x0e40 (RBBM_STATUS)
[000326] STATUS_RD RBBM_STATUS -> 0x00000040 (idle, 64 free)
[000327] MMIO_RD size=4 addr=0x1720 (WAIT_UNTIL)
[000328] MMIO_RD size=4 addr=0x0e40 (RBBM_STATUS)
[000329] STATUS_RD RBBM_STATUS -> 0x00000040 (idle, 64 free)
[000330] MMIO_RD size=4 addr=0x1720 (WAIT_UNTIL)
[000331] MMIO_RD size=4 addr=0x0e40 (RBBM_STATUS)
[000332] STATUS_RD RBBM_STATUS -> 0x00000040 (idle, 64 free)
[000333] MMIO_RD size=4 addr=0x1720 (WAIT_UNTIL)
[000334] MMIO_RD size=4 addr=0x0e40 (RBBM_STATUS)
[000335] STATUS_RD RBBM_STATUS -> 0x00000040 (idle, 64 free)
[000336] MMIO_RD size=4 addr=0x1720 (WAIT_UNTIL)
[000337] MMIO_RD size=4 addr=0x0e40 (RBBM_STATUS)
[000338] STATUS_RD RBBM_STATUS -> 0x00000040 (idle, 64 free)
[000339] MMIO_RD size=4 addr=0x1720 (WAIT_UNTIL)
[000340] MMIO_RD size=4 addr=0x0e40 (RBBM_STATUS)
[000341] STATUS_RD RBBM_STATUS -> 0x00000040 (idle, 64 free)
[000342] MMIO_RD size=4 addr=0x1720 (WAIT_UNTIL)
[000343] MMIO_RD size=4 addr=0x0e40 (RBBM_STATUS)
[000344] STATUS_RD RBBM_STATUS -> 0x00000040 (idle, 64 free)
[000345] MMIO_RD size=4 addr=0x1720 (WAIT_UNTIL)
[000346] MMIO_RD size=4 addr=0x0e40 (RBBM_STATUS)
[000347] STATUS_RD RBBM_STATUS -> 0x00000040 (idle, 64 free)
[000348] MMIO_RD size=4 addr=0x1720 (WAIT_UNTIL)
[000349] MMIO_RD size=4 addr=0x0e40 (RBBM_STATUS)
[000350] STATUS_RD RBBM_STATUS -> 0x00000040 (idle, 64 free)
[000351] MMIO_RD size=4 addr=0x1720 (WAIT_UNTIL)
[000352] MMIO_RD size=4 addr=0x0e40 (RBBM_STATUS)
[000353] STATUS_RD RBBM_STATUS -> 0x00000040 (idle, 64 free)
[000354] MMIO_RD size=4 addr=0x1720 (WAIT_UNTIL)
[000355] MMIO_RD size=4 addr=0x0e40 (RBBM_STATUS)
[000356] STATUS_RD RBBM_STATUS -> 0x00000040 (idle, 64 free)
[000357] MMIO_RD size=4 addr=0x1720 (WAIT_UNTIL)
[000358] MMIO_RD size=4 addr=0x0e40 (RBBM_STATUS)
[000359] STATUS_RD RBBM_STATUS -> 0x00000040 (idle, 64 free)
[000360] MMIO_RD size=4 addr=0x1720 (WAIT_UNTIL)
[000361] MMIO_RD size=4 addr=0x0e40 (RBBM_STATUS)
[000362] STATUS_RD RBBM_STATUS -> 0x00000040 (idle, 64 free)
[000363] MMIO_RD size=4 addr=0x1720 (WAIT_UNTIL)
[000364] MMIO_RD size=4 addr=0x0e40 (RBBM_STATUS)
[000365] STATUS_RD RBBM_STATUS -> 0x00000040 (idle, 64 free)
[000366] MMIO_RD size=4 addr=0x1720 (WAIT_UNTIL)
[000367] MMIO_RD size=4 addr=0x0e40 (RBBM_STATUS)
[000368] STATUS_RD RBBM_STATUS -> 0x00000040 (idle, 64 free)
[000369] MMIO_RD size=4 addr=0x1720 (WAIT_UNTIL)
[000370] MMIO_RD size=4 addr=0x0e40 (RBBM_STATUS)
[000371] STATUS_RD RBBM_STATUS -> 0x00000040 (idle, 64 free)
[000372] MMIO_RD size=4 addr=0x1720 (WAIT_UNTIL)
[000373] MMIO_RD size=4 addr=0x0e40 (RBBM_STATUS)
[000374] STATUS_RD RBBM_STATUS -> 0x00000040 (idle, 64 free)
[000375] MMIO_RD size=4 addr=0x1720 (WAIT_UNTIL)
[000376] MMIO_RD size=4 addr=0x0e40 (RBBM_STATUS)
[000377] STATUS_RD RBBM_STATUS -> 0x00000040 (idle, 64 free)
[000378] MMIO_RD size=4 addr=0x1720 (WAIT_UNTIL)
[000379] MMIO_RD size=4 addr=0x0e40 (RBBM_STATUS)
[000380] STATUS_RD RBBM_STATUS -> 0x00000040 (idle, 64 free)
[000381] MMIO_RD size=4 addr=0x1720 (WAIT_UNTIL)
[000382] MMIO_RD size=4 addr=0x0e40 (RBBM_STATUS)
[000383] STATUS_RD RBBM_STATUS -> 0x00000040 (idle, 64 free)
[000384] MMIO_RD size=4 addr=0x1720 (WAIT_UNTIL)
[000385] MMIO_RD size=4 addr=0x0e40 (RBBM_STATUS)
[000386] STATUS_RD RBBM_STATUS -> 0x00000040 (idle, 64 free)
[000387] MMIO_RD size=4 addr=0x1720 (WAIT_UNTIL)
[000388] MMIO_RD size=4 addr=0x0e40 (RBBM_STATUS)
[000389] STATUS_RD RBBM_STATUS -> 0x00000040 (idle, 64 free)
[000390] MMIO_RD size=4 addr=0x1720 (WAIT_UNTIL)
[000391] MMIO_RD size=4 addr=0x0e40 (RBBM_STATUS)
[000392] STATUS_RD RBBM_STATUS -> 0x00000040 (idle, 64 free)
[000393] MMIO_RD size=4 addr=0x1720 (WAIT_UNTIL)
[000394] MMIO_RD size=4 addr=0x0e40 (RBBM_STATUS)
[000395] STATUS_RD RBBM_STATUS -> 0x00000040 (idle, 64 free)
[000396] MMIO_RD size=4 addr=0x1720 (WAIT_UNTIL)
[000397] MMIO_RD size=4 addr=0x0e40 (RBBM_STATUS)
[000398] STATUS_RD RBBM_STATUS -> 0x00000040 (idle, 64 free)
[000399] MMIO_RD size=4 addr=0x1720 (WAIT_UNTIL)
[000400] MMIO_RD size=4 addr=0x0e40 (RBBM_STATUS)
[000401] STATUS_RD RBBM_STATUS -> 0x00000040 (idle, 64 free)
[000402] MMIO_RD size=4 addr=0x1720 (WAIT_UNTIL)
[000403] MMIO_RD size=4 addr=0x0e40 (RBBM_STATUS)
[000404] STATUS_RD RBBM_STATUS -> 0x00000040 (idle, 64 free)
[000405] MMIO_RD size=4 addr=0x1720 (WAIT_UNTIL)
[000406] MMIO_RD size=4 addr=0x0e40 (RBBM_STATUS)
[000407] STATUS_RD RBBM_STATUS -> 0x00000040 (idle, 64 free)
[000408] MMIO_RD size=4 addr=0x1720 (WAIT_UNTIL)
[000409] MMIO_RD size=4 addr=0x0e40 (RBBM_STATUS)
[000410] STATUS_RD RBBM_STATUS -> 0x00000040 (idle, 64 free)
[000411] MMIO_RD size=4 addr=0x1720 (WAIT_UNTIL)
[000412] MMIO_RD size=4 addr=0x0e40 (RBBM_STATUS)
[000413] STATUS_RD RBBM_STATUS -> 0x00000040 (idle, 64 free)
[000414] MMIO_RD size=4 addr=0x1720 (WAIT_UNTIL)
[000415] MMIO_RD size=4 addr=0x0e40 (RBBM_STATUS)
[000416] STATUS_RD RBBM_STATUS -> 0x00000040 (idle, 64 free)
[000417] MMIO_RD size=4 addr=0x1720 (WAIT_UNTIL)
[000418] MMIO_RD size=4 addr=0x0e40 (RBBM_STATUS)
[000419] STATUS_RD RBBM_STATUS -> 0x00000040 (idle, 64 free)
[000420] MMIO_RD size=4 addr=0x1720 (WAIT_UNTIL)
[000421] MMIO_RD size=4 addr=0x0e40 (RBBM_STATUS)
[000422] STATUS_RD RBBM_STATUS -> 0x00000040 (idle, 64 free)
[000423] MMIO_RD size=4 addr=0x1720 (WAIT_UNTIL)
[000424] MMIO_RD size=4 addr=0x0e40 (RBBM_STATUS)
[000425] STATUS_RD RBBM_STATUS -> 0x00000040 (idle, 64 free)
[000426] MMIO_RD size=4 addr=0x1720 (WAIT_UNTIL)
[000427] MMIO_RD size=4 addr=0x0e40 (RBBM_STATUS)
[000428] STATUS_RD RBBM_STATUS -> 0x00000040 (idle, 64 free)
[000429] MMIO_RD size=4 addr=0x1720 (WAIT_UNTIL)
[000430] MMIO_RD size=4 addr=0x0e40 (RBBM_STATUS)
[000431] STATUS_RD RBBM_STATUS -> 0x00000040 (idle, 64 free)
[000432] MMIO_RD size=4 addr=0x1720 (WAIT_UNTIL)
[000433] MMIO_RD size=4 addr=0x0e40 (RBBM_STATUS)
[000434] STATUS_RD RBBM_STATUS -> 0x00000040 (idle, 64 free)
[000435] MMIO_RD size=4 addr=0x1720 (WAIT_UNTIL)
[000436] MMIO_RD size=4 addr=0x0e40 (RBBM_STATUS)
[000437] STATUS_RD RBBM_STATUS -> 0x00000040 (idle, 64 free)
[000438] MMIO_RD size=4 addr=0x1720 (WAIT_UNTIL)
[000439] MMIO_RD size=4 addr=0x0e40 (RBBM_STATUS)
[000440] STATUS_RD RBBM_STATUS -> 0x00000040 (idle, 64 free)
[000441] MMIO_RD size=4 addr=0x1720 (WAIT_UNTIL)
[000442] MMIO_RD size=4 addr=0x0e40 (RBBM_STATUS)
[000443] STATUS_RD RBBM_STATUS -> 0x00000040 (idle, 64 free)
[000444] MMIO_RD size=4 addr=0x1720 (WAIT_UNTIL)
[000445] MMIO_RD size=4 addr=0x0e40 (RBBM_STATUS)
[000446] STATUS_RD RBBM_STATUS -> 0x00000040 (idle, 64 free)
[000447] MMIO_RD size=4 addr=0x1720 (WAIT_UNTIL)
[000448] MMIO_RD size=4 addr=0x0e40 (RBBM_STATUS)
[000449] STATUS_RD RBBM_STATUS -> 0x00000040 (idle, 64 free)
[000450] MMIO_RD size=4 addr=0x1720 (WAIT_UNTIL)
[000451] MMIO_RD size=4 addr=0x0e40 (RBBM_STATUS)
[000452] STATUS_RD RBBM_STATUS -> 0x00000040 (idle, 64 free)
[000453] MMIO_RD size=4 addr=0x1720 (WAIT_UNTIL)
[000454] MMIO_RD size=4 addr=0x0e40 (RBBM_STATUS)
[000455] STATUS_RD RBBM_STATUS -> 0x00000040 (idle, 64 free)
[000456] MMIO_RD size=4 addr=0x1720 (WAIT_UNTIL)
[000457] MMIO_RD size=4 addr=0x0e40 (RBBM_STATUS)
[000458] STATUS_RD RBBM_STATUS -> 0x00000040 (idle, 64 free)
[000459] MMIO_RD size=4 addr=0x1720 (WAIT_UNTIL)
[000460] MMIO_RD size=4 addr=0x0e40 (RBBM_STATUS)
[000461] STATUS_RD RBBM_STATUS -> 0x00000040 (idle, 64 free)
[000462] MMIO_RD size=4 addr=0x1720 (WAIT_UNTIL)
[000463] MMIO_RD size=4 addr=0x0e40 (RBBM_STATUS)
[000464] STATUS_RD RBBM_STATUS -> 0x00000040 (idle, 64 free)
[000465] MMIO_RD size=4 addr=0x1720 (WAIT_UNTIL)
[000466] MMIO_RD size=4 addr=0x0e40 (RBBM_STATUS)
[000467] STATUS_RD RBBM_STATUS -> 0x00000040 (idle, 64 free)
[000468] MMIO_RD size=4 addr=0x1720 (WAIT_UNTIL)
[000469] MMIO_RD size=4 addr=0x0e40 (RBBM_STATUS)
[000470] STATUS_RD RBBM_STATUS -> 0x00000040 (idle, 64 free)
[000471] MMIO_RD size=4 addr=0x1720 (WAIT_UNTIL)
[000472] MMIO_RD size=4 addr=0x0e40 (RBBM_STATUS)
[000473] STATUS_RD RBBM_STATUS -> 0x00000040 (idle, 64 free)
[000474] MMIO_RD size=4 addr=0x1720 (WAIT_UNTIL)
[000475] MMIO_RD size=4 addr=0x0e40 (RBBM_STATUS)
[000476] STATUS_RD RBBM_STATUS -> 0x00000040 (idle, 64 free)
[000477] MMIO_RD size=4 addr=0x1720 (WAIT_UNTIL)
[000478] MMIO_RD size=4 addr=0x0e40 (RBBM_STATUS)
[000479] STATUS_RD RBBM_STATUS -> 0x00000040 (idle, 64 free)
[000480] MMIO_RD size=4 addr=0x1720 (WAIT_UNTIL)
[000481] MMIO_RD size=4 addr=0x0e40 (RBBM_STATUS)
[000482] STATUS_RD RBBM_STATUS -> 0x00000040 (idle, 64 free)
[000483] MMIO_RD size=4 addr=0x1720 (WAIT_UNTIL)
[000484] MMIO_RD size=4 addr=0x0e40 (RBBM_STATUS)
[000485] STATUS_RD RBBM_STATUS -> 0x00000040 (idle, 64 free)
[000486] MMIO_RD size=4 addr=0x1720 (WAIT_UNTIL)
[000487] MMIO_RD size=4 addr=0x0e40 (RBBM_STATUS)
[000488] STATUS_RD RBBM_STATUS -> 0x00000040 (idle, 64 free)
[000489] MMIO_RD size=4 addr=0x1720 (WAIT_UNTIL)
[000490] MMIO_RD size=4 addr=0x0e40 (RBBM_STATUS)
[000491] STATUS_RD RBBM_STATUS -> 0x00000040 (idle, 64 free)
[000492] MMIO_RD size=4 addr=0x1720 (WAIT_UNTIL)
[000493] MMIO_RD size=4 addr=0x0e40 (RBBM_STATUS)
[000494] STATUS_RD RBBM_STATUS -> 0x00000040 (idle, 64 free)
[000495] MMIO_RD size=4 addr=0x1720 (WAIT_UNTIL)
[000496] MMIO_RD size=4 addr=0x0e40 (RBBM_STATUS)
[000497] STATUS_RD RBBM_STATUS -> 0x00000040 (idle, 64 free)
[000498] MMIO_RD size=4 addr=0x1720 (WAIT_UNTIL)
[000499] MMIO_RD size=4 addr=0x0e40 (RBBM_STATUS)
[000500] STATUS_RD RBBM_STATUS -> 0x00000040 (idle, 64 free)
[000501] MMIO_RD size=4 addr=0x1720 (WAIT_UNTIL)
[000502] MMIO_RD size=4 addr=0x0e40 (RBBM_STATUS)
[000503] STATUS_RD RBBM_STATUS -> 0x00000040 (idle, 64 free)
[000504] MMIO_RD size=4 addr=0x1720 (WAIT_UNTIL)
[000505] MMIO_RD size=4 addr=0x0e40 (RBBM_STATUS)
[000506] STATUS_RD RBBM_STATUS -> 0x00000040 (idle, 64 free)
[000507] MMIO_RD size=4 addr=0x1720 (WAIT_UNTIL)
[000508] MMIO_RD size=4 addr=0x0e40 (RBBM_STATUS)
[000509] STATUS_RD RBBM_STATUS -> 0x00000040 (idle, 64 free)
[000510] MMIO_RD size=4 addr=0x1720 (WAIT_UNTIL)
[000511] MMIO_RD size=4 addr=0x0e40 (RBBM_STATUS)
[000512] STATUS_RD RBBM_STATUS -> 0x00000040 (idle, 64 free)
[000513] MMIO_RD size=4 addr=0x1720 (WAIT_UNTIL)
[000514] MMIO_RD size=4 addr=0x0e40 (RBBM_STATUS)
[000515] STATUS_RD RBBM_STATUS -> 0x00000040 (idle, 64 free)
[000516] MMIO_RD size=4 addr=0x1720 (WAIT_UNTIL)
[000517] MMIO_RD size=4 addr=0x0e40 (RBBM_STATUS)
[000518] STATUS_RD RBBM_STATUS -> 0x00000040 (idle, 64 free)
[000519] MMIO_RD size=4 addr=0x1720 (WAIT_UNTIL)
[000520] MMIO_RD size=4 addr=0x0e40 (RBBM_STATUS)
[000521] STATUS_RD RBBM_STATUS -> 0x00000040 (idle, 64 free)
[000522] MMIO_RD size=4 addr=0x1720 (WAIT_UNTIL)
[000523] MMIO_RD size=4 addr=0x0e40 (RBBM_STATUS)
[000524] STATUS_RD RBBM_STATUS -> 0x00000040 (idle, 64 free)
[000525] MMIO_RD size=4 addr=0x1720 (WAIT_UNTIL)
[000526] MMIO_RD size=4 addr=0x0e40 (RBBM_STATUS)
[000527] STATUS_RD RBBM_STATUS -> 0x00000040 (idle, 64 free)
[000528] MMIO_RD size=4 addr=0x1720 (WAIT_UNTIL)
[000529] MMIO_RD size=4 addr=0x0e40 (RBBM_STATUS)
[000530] STATUS_RD RBBM_STATUS -> 0x00000040 (idle, 64 free)
[000531] MMIO_RD size=4 addr=0x1720 (WAIT_UNTIL)
[000532] MMIO_RD size=4 addr=0x0e40 (RBBM_STATUS)
[000533] STATUS_RD RBBM_STATUS -> 0x00000040 (idle, 64 free)
[000534] MMIO_RD size=4 addr=0x1720 (WAIT_UNTIL)
[000535] MMIO_RD size=4 addr=0x0e40 (RBBM_STATUS)
[000536] STATUS_RD RBBM_STATUS -> 0x00000040 (idle, 64 free)
[000537] MMIO_RD size=4 addr=0x1720 (WAIT_UNTIL)
[000538] MMIO_RD size=4 addr=0x0e40 (RBBM_STATUS)
[000539] STATUS_RD RBBM_STATUS -> 0x00000040 (idle, 64 free)
[000540] MMIO_RD size=4 addr=0x1720 (WAIT_UNTIL)
[000541] MMIO_RD size=4 addr=0x0e40 (RBBM_STATUS)
[000542] STATUS_RD RBBM_STATUS -> 0x00000040 (idle, 64 free)
[000543] MMIO_RD size=4 addr=0x1720 (WAIT_UNTIL)
[000544] MMIO_RD size=4 addr=0x0e40 (RBBM_STATUS)
[000545] STATUS_RD RBBM_STATUS -> 0x00000040 (idle, 64 free)
[000546] MMIO_RD size=4 addr=0x1720 (WAIT_UNTIL)
[000547] MMIO_RD size=4 addr=0x0e40 (RBBM_STATUS)
[000548] STATUS_RD RBBM_STATUS -> 0x00000040 (idle, 64 free)
[000549] MMIO_RD size=4 addr=0x1720 (WAIT_UNTIL)
[000550] MMIO_RD size=4 addr=0x0e40 (RBBM_STATUS)
[000551] STATUS_RD RBBM_STATUS -> 0x00000040 (idle, 64 free)
[000552] MMIO_RD size=4 addr=0x1720 (WAIT_UNTIL)
[000553] MMIO_RD size=4 addr=0x0e40 (RBBM_STATUS)
[000554] STATUS_RD RBBM_STATUS -> 0x00000040 (idle, 64 free)
[000555] MMIO_RD size=4 addr=0x1720 (WAIT_UNTIL)
[000556] MMIO_RD size=4 addr=0x0e40 (RBBM_STATUS)
[000557] STATUS_RD RBBM_STATUS -> 0x00000040 (idle, 64 free)
[000558] MMIO_RD size=4 addr=0x1720 (WAIT_UNTIL)
[000559] MMIO_RD size=4 addr=0x0e40 (RBBM_STATUS)
[000560] STATUS_RD RBBM_STATUS -> 0x00000040 (idle, 64 free)
[000561] MMIO_RD size=4 addr=0x1720 (WAIT_UNTIL)
[000562] MMIO_RD size=4 addr=0x0e40 (RBBM_STATUS)
[000563] STATUS_RD RBBM_STATUS -> 0x00000040 (idle, 64 free)
[000564] MMIO_RD size=4 addr=0x1720 (WAIT_UNTIL)
[000565] MMIO_RD size=4 addr=0x0e40 (RBBM_STATUS)
[000566] STATUS_RD RBBM_STATUS -> 0x00000040 (idle, 64 free)
[000567] MMIO_RD size=4 addr=0x1720 (WAIT_UNTIL)
[000568] MMIO_RD size=4 addr=0x0e40 (RBBM_STATUS)
[000569] STATUS_RD RBBM_STATUS -> 0x00000040 (idle, 64 free)
[000570] MMIO_RD size=4 addr=0x1720 (WAIT_UNTIL)
[000571] MMIO_RD size=4 addr=0x0e40 (RBBM_STATUS)
[000572] STATUS_RD RBBM_STATUS -> 0x00000040 (idle, 64 free)
[000573] MMIO_RD size=4 addr=0x1720 (WAIT_UNTIL)
[000574] MMIO_RD size=4 addr=0x0e40 (RBBM_STATUS)
[000575] STATUS_RD RBBM_STATUS -> 0x00000040 (idle, 64 free)
[000576] MMIO_RD size=4 addr=0x1720 (WAIT_UNTIL)
[000577] MMIO_RD size=4 addr=0x0e40 (RBBM_STATUS)
[000578] STATUS_RD RBBM_STATUS -> 0x00000040 (idle, 64 free)
[000579] MMIO_RD size=4 addr=0x1720 (WAIT_UNTIL)
[000580] MMIO_RD size=4 addr=0x0e40 (RBBM_STATUS)
[000581] STATUS_RD RBBM_STATUS -> 0x00000040 (idle, 64 free)
[000582] MMIO_RD size=4 addr=0x1720 (WAIT_UNTIL)
[000583] MMIO_RD size=4 addr=0x0e40 (RBBM_STATUS)
[000584] STATUS_RD RBBM_STATUS -> 0x00000040 (idle, 64 free)
[000585] MMIO_RD size=4 addr=0x1720 (WAIT_UNTIL)
[000586] MMIO_RD size=4 addr=0x0e40 (RBBM_STATUS)
[000587] STATUS_RD RBBM_STATUS -> 0x00000040 (idle, 64 free)
[000588] MMIO_RD size=4 addr=0x1720 (WAIT_UNTIL)
[000589] MMIO_RD size=4 addr=0x0e40 (RBBM_STATUS)
[000590] STATUS_RD RBBM_STATUS -> 0x00000040 (idle, 64 free)
[000591] MMIO_RD size=4 addr=0x1720 (WAIT_UNTIL)
[000592] MMIO_RD size=4 addr=0x0e40 (RBBM_STATUS)
[000593] STATUS_RD RBBM_STATUS -> 0x00000040 (idle, 64 free)
[000594] MMIO_RD size=4 addr=0x1720 (WAIT_UNTIL)
[000595] MMIO_RD size=4 addr=0x0e40 (RBBM_STATUS)
[000596] STATUS_RD RBBM_STATUS -> 0x00000040 (idle, 64 free)
[000597] MMIO_RD size=4 addr=0x1720 (WAIT_UNTIL)
[000598] MMIO_RD size=4 addr=0x0e40 (RBBM_STATUS)
[000599] STATUS_RD RBBM_STATUS -> 0x00000040 (idle, 64 free)
[000600] MMIO_RD size=4 addr=0x1720 (WAIT_UNTIL)
[000601] MMIO_RD size=4 addr=0x0e40 (RBBM_STATUS)
[000602] STATUS_RD RBBM_STATUS -> 0x00000040 (idle, 64 free)
[000603] MMIO_RD size=4 addr=0x1720 (WAIT_UNTIL)
[000604] MMIO_RD size=4 addr=0x0e40 (RBBM_STATUS)
[000605] STATUS_RD RBBM_STATUS -> 0x00000040 (idle, 64 free)
[000606] MMIO_RD size=4 addr=0x1720 (WAIT_UNTIL)
[000607] MMIO_RD size=4 addr=0x0e40 (RBBM_STATUS)
[000608] STATUS_RD RBBM_STATUS -> 0x00000040 (idle, 64 free)
[000609] MMIO_RD size=4 addr=0x1720 (WAIT_UNTIL)
[000610] MMIO_RD size=4 addr=0x0e40 (RBBM_STATUS)
[000611] STATUS_RD RBBM_STATUS -> 0x00000040 (idle, 64 free)
[000612] MMIO_RD size=4 addr=0x1720 (WAIT_UNTIL)
[000613] MMIO_RD size=4 addr=0x0e40 (RBBM_STATUS)
[000614] STATUS_RD RBBM_STATUS -> 0x00000040 (idle, 64 free)
[000615] MMIO_RD size=4 addr=0x1720 (WAIT_UNTIL)
[000616] MMIO_RD size=4 addr=0x0e40 (RBBM_STATUS)
[000617] STATUS_RD RBBM_STATUS -> 0x00000040 (idle, 64 free)
[000618] MMIO_RD size=4 addr=0x1720 (WAIT_UNTIL)
[000619] MMIO_RD size=4 addr=0x0e40 (RBBM_STATUS)
[000620] STATUS_RD RBBM_STATUS -> 0x00000040 (idle, 64 free)
[000621] MMIO_RD size=4 addr=0x1720 (WAIT_UNTIL)
[000622] MMIO_RD size=4 addr=0x0e40 (RBBM_STATUS)
[000623] STATUS_RD RBBM_STATUS -> 0x00000040 (idle, 64 free)
[000624] MMIO_RD size=4 addr=0x1720 (WAIT_UNTIL)
[000625] MMIO_RD size=4 addr=0x0e40 (RBBM_STATUS)
[000626] STATUS_RD RBBM_STATUS -> 0x00000040 (idle, 64 free)
[000627] MMIO_RD size=4 addr=0x1720 (WAIT_UNTIL)
[000628] MMIO_RD size=4 addr=0x0e40 (RBBM_STATUS)
[000629] STATUS_RD RBBM_STATUS -> 0x00000040 (idle, 64 free)
[000630] MMIO_RD size=4 addr=0x1720 (WAIT_UNTIL)
[000631] MMIO_RD size=4 addr=0x0e40 (RBBM_STATUS)
[000632] STATUS_RD RBBM_STATUS -> 0x00000040 (idle, 64 free)
[000633] MMIO_RD size=4 addr=0x1720 (WAIT_UNTIL)
[000634] MMIO_RD size=4 addr=0x0e40 (RBBM_STATUS)
[000635] STATUS_RD RBBM_STATUS -> 0x00000040 (idle, 64 free)
[000636] MMIO_RD size=4 addr=0x1720 (WAIT_UNTIL)
[000637] MMIO_RD size=4 addr=0x0e40 (RBBM_STATUS)
[000638] STATUS_RD RBBM_STATUS -> 0x00000040 (idle, 64 free)
[000639] MMIO_RD size=4 addr=0x1720 (WAIT_UNTIL)
[000640] MMIO_RD size=4 addr=0x0e40 (RBBM_STATUS)
[000641] STATUS_RD RBBM_STATUS -> 0x00000040 (idle, 64 free)
[000642] MMIO_RD size=4 addr=0x1720 (WAIT_UNTIL)
[000643] MMIO_RD size=4 addr=0x0e40 (RBBM_STATUS)
[000644] STATUS_RD RBBM_STATUS -> 0x00000040 (idle, 64 free)
[000645] MMIO_RD size=4 addr=0x1720 (WAIT_UNTIL)
[000646] MMIO_RD size=4 addr=0x0e40 (RBBM_STATUS)
[000647] STATUS_RD RBBM_STATUS -> 0x00000040 (idle, 64 free)
[000648] MMIO_RD size=4 addr=0x1720 (WAIT_UNTIL)
[000649] MMIO_RD size=4 addr=0x0e40 (RBBM_STATUS)
[000650] STATUS_RD RBBM_STATUS -> 0x00000040 (idle, 64 free)
[000651] MMIO_RD size=4 addr=0x1720 (WAIT_UNTIL)
[000652] MMIO_RD size=4 addr=0x0e40 (RBBM_STATUS)
[000653] STATUS_RD RBBM_STATUS -> 0x00000040 (idle, 64 free)
[000654] MMIO_RD size=4 addr=0x1720 (WAIT_UNTIL)
[000655] MMIO_RD size=4 addr=0x0e40 (RBBM_STATUS)
[000656] STATUS_RD RBBM_STATUS -> 0x00000040 (idle, 64 free)
[000657] MMIO_RD size=4 addr=0x1720 (WAIT_UNTIL)
[000658] MMIO_RD size=4 addr=0x0e40 (RBBM_STATUS)
[000659] STATUS_RD RBBM_STATUS -> 0x00000040 (idle, 64 free)
[000660] MMIO_RD size=4 addr=0x1720 (WAIT_UNTIL)
[000661] MMIO_RD size=4 addr=0x0e40 (RBBM_STATUS)
[000662] STATUS_RD RBBM_STATUS -> 0x00000040 (idle, 64 free)
[000663] MMIO_RD size=4 addr=0x1720 (WAIT_UNTIL)
[000664] MMIO_RD size=4 addr=0x0e40 (RBBM_STATUS)
[000665] STATUS_RD RBBM_STATUS -> 0x00000040 (idle, 64 free)
[000666] MMIO_RD size=4 addr=0x1720 (WAIT_UNTIL)
[000667] MMIO_RD size=4 addr=0x0e40 (RBBM_STATUS)
[000668] STATUS_RD RBBM_STATUS -> 0x00000040 (idle, 64 free)
[000669] MMIO_RD size=4 addr=0x1720 (WAIT_UNTIL)
[000670] MMIO_RD size=4 addr=0x0e40 (RBBM_STATUS)
[000671] STATUS_RD RBBM_STATUS -> 0x00000040 (idle, 64 free)
[000672] MMIO_RD size=4 addr=0x1720 (WAIT_UNTIL)
[000673] MMIO_RD size=4 addr=0x0e40 (RBBM_STATUS)
[000674] STATUS_RD RBBM_STATUS -> 0x00000040 (idle, 64 free)
[000675] MMIO_RD size=4 addr=0x1720 (WAIT_UNTIL)
[000676] MMIO_RD size=4 addr=0x0e40 (RBBM_STATUS)
[000677] STATUS_RD RBBM_STATUS -> 0x00000040 (idle, 64 free)
[000678] MMIO_RD size=4 addr=0x1720 (WAIT_UNTIL)
[000679] MMIO_RD size=4 addr=0x0e40 (RBBM_STATUS)
[000680] STATUS_RD RBBM_STATUS -> 0x00000040 (idle, 64 free)
[000681] MMIO_RD size=4 addr=0x1720 (WAIT_UNTIL)
[000682] MMIO_RD size=4 addr=0x0e40 (RBBM_STATUS)
[000683] STATUS_RD RBBM_STATUS -> 0x00000040 (idle, 64 free)
[000684] MMIO_RD size=4 addr=0x1720 (WAIT_UNTIL)
[000685] MMIO_RD size=4 addr=0x0e40 (RBBM_STATUS)
[000686] STATUS_RD RBBM_STATUS -> 0x00000040 (idle, 64 free)
[000687] MMIO_RD size=4 addr=0x1720 (WAIT_UNTIL)
[000688] MMIO_RD size=4 addr=0x0e40 (RBBM_STATUS)
[000689] STATUS_RD RBBM_STATUS -> 0x00000040 (idle, 64 free)
[000690] MMIO_RD size=4 addr=0x1720 (WAIT_UNTIL)
[000691] MMIO_RD size=4 addr=0x0e40 (RBBM_STATUS)
[000692] STATUS_RD RBBM_STATUS -> 0x00000040 (idle, 64 free)
[000693] MMIO_RD size=4 addr=0x1720 (WAIT_UNTIL)
[000694] MMIO_RD size=4 addr=0x0e40 (RBBM_STATUS)
[000695] STATUS_RD RBBM_STATUS -> 0x00000040 (idle, 64 free)
[000696] MMIO_RD size=4 addr=0x1720 (WAIT_UNTIL)
[000697] MMIO_RD size=4 addr=0x0e40 (RBBM_STATUS)
[000698] STATUS_RD RBBM_STATUS -> 0x00000040 (idle, 64 free)
[000699] MMIO_RD size=4 addr=0x1720 (WAIT_UNTIL)
[000700] MMIO_RD size=4 addr=0x0e40 (RBBM_STATUS)
[000701] STATUS_RD RBBM_STATUS -> 0x00000040 (idle, 64 free)
[000702] MMIO_RD size=4 addr=0x1720 (WAIT_UNTIL)
[000703] MMIO_RD size=4 addr=0x0e40 (RBBM_STATUS)
[000704] STATUS_RD RBBM_STATUS -> 0x00000040 (idle, 64 free)
[000705] MMIO_RD size=4 addr=0x1720 (WAIT_UNTIL)
[000706] MMIO_RD size=4 addr=0x0e40 (RBBM_STATUS)
[000707] STATUS_RD RBBM_STATUS -> 0x00000040 (idle, 64 free)
[000708] MMIO_RD size=4 addr=0x1720 (WAIT_UNTIL)
[000709] MMIO_RD size=4 addr=0x0e40 (RBBM_STATUS)
[000710] STATUS_RD RBBM_STATUS -> 0x00000040 (idle, 64 free)
[000711] MMIO_RD size=4 addr=0x1720 (WAIT_UNTIL)
[000712] MMIO_RD size=4 addr=0x0e40 (RBBM_STATUS)
[000713] STATUS_RD RBBM_STATUS -> 0x00000040 (idle, 64 free)
[000714] MMIO_RD size=4 addr=0x1720 (WAIT_UNTIL)
[000715] MMIO_RD size=4 addr=0x0e40 (RBBM_STATUS)
[000716] STATUS_RD RBBM_STATUS -> 0x00000040 (idle, 64 free)
[000717] MMIO_RD size=4 addr=0x1720 (WAIT_UNTIL)
[000718] MMIO_RD size=4 addr=0x0e40 (RBBM_STATUS)
[000719] STATUS_RD RBBM_STATUS -> 0x00000040 (idle, 64 free)
[000720] MMIO_RD size=4 addr=0x1720 (WAIT_UNTIL)
[000721] MMIO_RD size=4 addr=0x0e40 (RBBM_STATUS)
[000722] STATUS_RD RBBM_STATUS -> 0x00000040 (idle, 64 free)
[000723] MMIO_RD size=4 addr=0x1720 (WAIT_UNTIL)
[000724] MMIO_RD size=4 addr=0x0e40 (RBBM_STATUS)
[000725] STATUS_RD RBBM_STATUS -> 0x00000040 (idle, 64 free)
[000726] MMIO_RD size=4 addr=0x1720 (WAIT_UNTIL)
[000727] MMIO_RD size=4 addr=0x0e40 (RBBM_STATUS)
[000728] STATUS_RD RBBM_STATUS -> 0x00000040 (idle, 64 free)
[000729] MMIO_RD size=4 addr=0x1720 (WAIT_UNTIL)
[000730] MMIO_RD size=4 addr=0x0e40 (RBBM_STATUS)
[000731] STATUS_RD RBBM_STATUS -> 0x00000040 (idle, 64 free)
[000732] MMIO_RD size=4 addr=0x1720 (WAIT_UNTIL)
[000733] MMIO_RD size=4 addr=0x0e40 (RBBM_STATUS)
[000734] STATUS_RD RBBM_STATUS -> 0x00000040 (idle, 64 free)
[000735] MMIO_RD size=4 addr=0x1720 (WAIT_UNTIL)
[000736] MMIO_RD size=4 addr=0x0e40 (RBBM_STATUS)
[000737] STATUS_RD RBBM_STATUS -> 0x00000040 (idle, 64 free)
[000738] MMIO_RD size=4 addr=0x1720 (WAIT_UNTIL)
[000739] MMIO_RD size=4 addr=0x0e40 (RBBM_STATUS)
[000740] STATUS_RD RBBM_STATUS -> 0x00000040 (idle, 64 free)
[000741] MMIO_RD size=4 addr=0x1720 (WAIT_UNTIL)
[000742] MMIO_RD size=4 addr=0x0e40 (RBBM_STATUS)
[000743] STATUS_RD RBBM_STATUS -> 0x00000040 (idle, 64 free)
[000744] MMIO_RD size=4 addr=0x1720 (WAIT_UNTIL)
[000745] MMIO_RD size=4 addr=0x0e40 (RBBM_STATUS)
[000746] STATUS_RD RBBM_STATUS -> 0x00000040 (idle, 64 free)
[000747] MMIO_RD size=4 addr=0x1720 (WAIT_UNTIL)
[000748] MMIO_RD size=4 addr=0x0e40 (RBBM_STATUS)
[000749] STATUS_RD RBBM_STATUS -> 0x00000040 (idle, 64 free)
[000750] MMIO_RD size=4 addr=0x1720 (WAIT_UNTIL)
[000751] MMIO_RD size=4 addr=0x0e40 (RBBM_STATUS)
[000752] STATUS_RD RBBM_STATUS -> 0x00000040 (idle, 64 free)
[000753] MMIO_RD size=4 addr=0x1720 (WAIT_UNTIL)
[000754] MMIO_RD size=4 addr=0x0e40 (RBBM_STATUS)
[000755] STATUS_RD RBBM_STATUS -> 0x00000040 (idle, 64 free)
[000756] MMIO_RD size=4 addr=0x1720 (WAIT_UNTIL)
[000757] MMIO_RD size=4 addr=0x0e40 (RBBM_STATUS)
[000758] STATUS_RD RBBM_STATUS -> 0x00000040 (idle, 64 free)
[000759] MMIO_RD size=4 addr=0x1720 (WAIT_UNTIL)
[000760] MMIO_RD size=4 addr=0x0e40 (RBBM_STATUS)
[000761] STATUS_RD RBBM_STATUS -> 0x00000040 (idle, 64 free)
[000762] MMIO_RD size=4 addr=0x1720 (WAIT_UNTIL)
[000763] MMIO_RD size=4 addr=0x0e40 (RBBM_STATUS)
[000764] STATUS_RD RBBM_STATUS -> 0x00000040 (idle, 64 free)
[000765] MMIO_RD size=4 addr=0x1720 (WAIT_UNTIL)
[000766] MMIO_RD size=4 addr=0x0e40 (RBBM_STATUS)
[000767] STATUS_RD RBBM_STATUS -> 0x00000040 (idle, 64 free)
[000768] MMIO_RD size=4 addr=0x1720 (WAIT_UNTIL)
[000769] MMIO_RD size=4 addr=0x0e40 (RBBM_STATUS)
[000770] STATUS_RD RBBM_STATUS -> 0x00000040 (idle, 64 free)
[000771] MMIO_RD size=4 addr=0x1720 (WAIT_UNTIL)
[000772] MMIO_RD size=4 addr=0x0e40 (RBBM_STATUS)
[000773] STATUS_RD RBBM_STATUS -> 0x00000040 (idle, 64 free)
[000774] MMIO_RD size=4 addr=0x1720 (WAIT_UNTIL)
[000775] MMIO_RD size=4 addr=0x0e40 (RBBM_STATUS)
[000776] STATUS_RD RBBM_STATUS -> 0x00000040 (idle, 64 free)
[000777] MMIO_RD size=4 addr=0x1720 (WAIT_UNTIL)
[000778] MMIO_RD size=4 addr=0x0e40 (RBBM_STATUS)
[000779] STATUS_RD RBBM_STATUS -> 0x00000040 (idle, 64 free)
[000780] MMIO_RD size=4 addr=0x1720 (WAIT_UNTIL)
[000781] MMIO_RD size=4 addr=0x0e40 (RBBM_STATUS)
[000782] STATUS_RD RBBM_STATUS -> 0x00000040 (idle, 64 free)
[000783] MMIO_RD size=4 addr=0x1720 (WAIT_UNTIL)
[000784] MMIO_RD size=4 addr=0x0e40 (RBBM_STATUS)
[000785] STATUS_RD RBBM_STATUS -> 0x00000040 (idle, 64 free)
[000786] MMIO_RD size=4 addr=0x1720 (WAIT_UNTIL)
[000787] MMIO_RD size=4 addr=0x0e40 (RBBM_STATUS)
[000788] STATUS_RD RBBM_STATUS -> 0x00000040 (idle, 64 free)
[000789] MMIO_RD size=4 addr=0x1720 (WAIT_UNTIL)
[000790] MMIO_RD size=4 addr=0x0e40 (RBBM_STATUS)
[000791] STATUS_RD RBBM_STATUS -> 0x00000040 (idle, 64 free)
[000792] MMIO_RD size=4 addr=0x1720 (WAIT_UNTIL)
[000793] MMIO_RD size=4 addr=0x0e40 (RBBM_STATUS)
[000794] STATUS_RD RBBM_STATUS -> 0x00000040 (idle, 64 free)
[000795] MMIO_RD size=4 addr=0x1720 (WAIT_UNTIL)
[000796] MMIO_RD size=4 addr=0x0e40 (RBBM_STATUS)
[000797] STATUS_RD RBBM_STATUS -> 0x00000040 (idle, 64 free)
[000798] MMIO_RD size=4 addr=0x1720 (WAIT_UNTIL)
[000799] MMIO_RD size=4 addr=0x0e40 (RBBM_STATUS)
[000800] STATUS_RD RBBM_STATUS -> 0x00000040 (idle, 64 free)
[000801] MMIO_RD size=4 addr=0x1720 (WAIT_UNTIL)
[000802] MMIO_RD size=4 addr=0x0e40 (RBBM_STATUS)
[000803] STATUS_RD RBBM_STATUS -> 0x00000040 (idle, 64 free)
[000804] MMIO_RD size=4 addr=0x1720 (WAIT_UNTIL)
[000805] MMIO_RD size=4 addr=0x0e40 (RBBM_STATUS)
[000806] STATUS_RD RBBM_STATUS -> 0x00000040 (idle, 64 free)
[000807] MMIO_RD size=4 addr=0x1720 (WAIT_UNTIL)
[000808] MMIO_RD size=4 addr=0x0e40 (RBBM_STATUS)
[000809] STATUS_RD RBBM_STATUS -> 0x00000040 (idle, 64 free)
[000810] MMIO_RD size=4 addr=0x1720 (WAIT_UNTIL)
[000811] MMIO_RD size=4 addr=0x0e40 (RBBM_STATUS)
[000812] STATUS_RD RBBM_STATUS -> 0x00000040 (idle, 64 free)
[000813] MMIO_RD size=4 addr=0x1720 (WAIT_UNTIL)
[000814] MMIO_RD size=4 addr=0x0e40 (RBBM_STATUS)
[000815] STATUS_RD RBBM_STATUS -> 0x00000040 (idle, 64 free)
[000816] MMIO_RD size=4 addr=0x1720 (WAIT_UNTIL)
[000817] MMIO_RD size=4 addr=0x0e40 (RBBM_STATUS)
[000818] STATUS_RD RBBM_STATUS -> 0x00000040 (idle, 64 free)
[000819] MMIO_RD size=4 addr=0x1720 (WAIT_UNTIL)
[000820] MMIO_RD size=4 addr=0x0e40 (RBBM_STATUS)
[000821] STATUS_RD RBBM_STATUS -> 0x00000040 (idle, 64 free)
[000822] MMIO_RD size=4 addr=0x1720 (WAIT_UNTIL)
[000823] MMIO_RD size=4 addr=0x0e40 (RBBM_STATUS)
[000824] STATUS_RD RBBM_STATUS -> 0x00000040 (idle, 64 free)
[000825] MMIO_RD size=4 addr=0x1720 (WAIT_UNTIL)
[000826] MMIO_RD size=4 addr=0x0e40 (RBBM_STATUS)
[000827] STATUS_RD RBBM_STATUS -> 0x00000040 (idle, 64 free)
[000828] MMIO_RD size=4 addr=0x1720 (WAIT_UNTIL)
[000829] MMIO_RD size=4 addr=0x0e40 (RBBM_STATUS)
[000830] STATUS_RD RBBM_STATUS -> 0x00000040 (idle, 64 free)
[000831] MMIO_RD size=4 addr=0x1720 (WAIT_UNTIL)
[000832] MMIO_RD size=4 addr=0x0e40 (RBBM_STATUS)
[000833] STATUS_RD RBBM_STATUS -> 0x00000040 (idle, 64 free)
[000834] MMIO_RD size=4 addr=0x1720 (WAIT_UNTIL)
[000835] MMIO_RD size=4 addr=0x0e40 (RBBM_STATUS)
[000836] STATUS_RD RBBM_STATUS -> 0x00000040 (idle, 64 free)
[000837] MMIO_RD size=4 addr=0x1720 (WAIT_UNTIL)
[000838] MMIO_RD size=4 addr=0x0e40 (RBBM_STATUS)
[000839] STATUS_RD RBBM_STATUS -> 0x00000040 (idle, 64 free)
[000840] MMIO_RD size=4 addr=0x1720 (WAIT_UNTIL)
[000841] MMIO_RD size=4 addr=0x0e40 (RBBM_STATUS)
[000842] STATUS_RD RBBM_STATUS -> 0x00000040 (idle, 64 free)
[000843] MMIO_RD size=4 addr=0x1720 (WAIT_UNTIL)
[000844] MMIO_RD size=4 addr=0x0e40 (RBBM_STATUS)
[000845] STATUS_RD RBBM_STATUS -> 0x00000040 (idle, 64 free)
[000846] MMIO_RD size=4 addr=0x1720 (WAIT_UNTIL)
[000847] MMIO_RD size=4 addr=0x0e40 (RBBM_STATUS)
[000848] STATUS_RD RBBM_STATUS -> 0x00000040 (idle, 64 free)
[000849] MMIO_RD size=4 addr=0x1720 (WAIT_UNTIL)
[000850] MMIO_RD size=4 addr=0x0e40 (RBBM_STATUS)
[000851] STATUS_RD RBBM_STATUS -> 0x00000040 (idle, 64 free)
[000852] MMIO_RD size=4 addr=0x1720 (WAIT_UNTIL)
[000853] MMIO_RD size=4 addr=0x0e40 (RBBM_STATUS)
[000854] STATUS_RD RBBM_STATUS -> 0x00000040 (idle, 64 free)
[000855] MMIO_RD size=4 addr=0x1720 (WAIT_UNTIL)
[000856] MMIO_RD size=4 addr=0x0e40 (RBBM_STATUS)
[000857] STATUS_RD RBBM_STATUS -> 0x00000040 (idle, 64 free)
[000858] MMIO_RD size=4 addr=0x1720 (WAIT_UNTIL)
[000859] MMIO_RD size=4 addr=0x0e40 (RBBM_STATUS)
[000860] STATUS_RD RBBM_STATUS -> 0x00000040 (idle, 64 free)
[000861] MMIO_RD size=4 addr=0x1720 (WAIT_UNTIL)
[000862] MMIO_RD size=4 addr=0x0e40 (RBBM_STATUS)
[000863] STATUS_RD RBBM_STATUS -> 0x00000040 (idle, 64 free)
[000864] MMIO_RD size=4 addr=0x1720 (WAIT_UNTIL)
[000865] MMIO_RD size=4 addr=0x0e40 (RBBM_STATUS)
[000866] STATUS_RD RBBM_STATUS -> 0x00000040 (idle, 64 free)
[000867] MMIO_RD size=4 addr=0x1720 (WAIT_UNTIL)
[000868] MMIO_RD size=4 addr=0x0e40 (RBBM_STATUS)
[000869] STATUS_RD RBBM_STATUS -> 0x00000040 (idle, 64 free)
[000870] MMIO_RD size=4 addr=0x1720 (WAIT_UNTIL)
[000871] MMIO_RD size=4 addr=0x0e40 (RBBM_STATUS)
[000872] STATUS_RD RBBM_STATUS -> 0x00000040 (idle, 64 free)
[000873] MMIO_RD size=4 addr=0x1720 (WAIT_UNTIL)
[000874] MMIO_RD size=4 addr=0x0e40 (RBBM_STATUS)
[000875] STATUS_RD RBBM_STATUS -> 0x00000040 (idle, 64 free)
[000876] MMIO_RD size=4 addr=0x1720 (WAIT_UNTIL)
[000877] MMIO_RD size=4 addr=0x0e40 (RBBM_STATUS)
[000878] STATUS_RD RBBM_STATUS -> 0x00000040 (idle, 64 free)
[000879] MMIO_RD size=4 addr=0x1720 (WAIT_UNTIL)
[000880] MMIO_RD size=4 addr=0x0e40 (RBBM_STATUS)
[000881] STATUS_RD RBBM_STATUS -> 0x00000040 (idle, 64 free)
[000882] MMIO_RD size=4 addr=0x1720 (WAIT_UNTIL)
[000883] MMIO_RD size=4 addr=0x0e40 (RBBM_STATUS)
[000884] STATUS_RD RBBM_STATUS -> 0x00000040 (idle, 64 free)
[000885] MMIO_RD size=4 addr=0x1720 (WAIT_UNTIL)
[000886] MMIO_RD size=4 addr=0x0e40 (RBBM_STATUS)
[000887] STATUS_RD RBBM_STATUS -> 0x00000040 (idle, 64 free)
[000888] MMIO_RD size=4 addr=0x1720 (WAIT_UNTIL)
[000889] MMIO_RD size=4 addr=0x0e40 (RBBM_STATUS)
[000890] STATUS_RD RBBM_STATUS -> 0x00000040 (idle, 64 free)
[000891] MMIO_RD size=4 addr=0x1720 (WAIT_UNTIL)
[000892] MMIO_RD size=4 addr=0x0e40 (RBBM_STATUS)
[000893] STATUS_RD RBBM_STATUS -> 0x00000040 (idle, 64 free)
[000894] MMIO_RD size=4 addr=0x1720 (WAIT_UNTIL)
[000895] MMIO_RD size=4 addr=0x0e40 (RBBM_STATUS)
[000896] STATUS_RD RBBM_STATUS -> 0x00000040 (idle, 64 free)
[000897] MMIO_RD size=4 addr=0x1720 (WAIT_UNTIL)
[000898] MMIO_RD size=4 addr=0x0e40 (RBBM_STATUS)
[000899] STATUS_RD RBBM_STATUS -> 0x00000040 (idle, 64 free)
[000900] MMIO_RD size=4 addr=0x1720 (WAIT_UNTIL)
[000901] MMIO_RD size=4 addr=0x0e40 (RBBM_STATUS)
[000902] STATUS_RD RBBM_STATUS -> 0x00000040 (idle, 64 free)
[000903] MMIO_RD size=4 addr=0x1720 (WAIT_UNTIL)
[000904] MMIO_RD size=4 addr=0x0e40 (RBBM_STATUS)
[000905] STATUS_RD RBBM_STATUS -> 0x00000040 (idle, 64 free)
[000906] MMIO_RD size=4 addr=0x1720 (WAIT_UNTIL)
[000907] MMIO_RD size=4 addr=0x0e40 (RBBM_STATUS)
[000908] STATUS_RD RBBM_STATUS -> 0x00000040 (idle, 64 free)
[000909] MMIO_RD size=4 addr=0x1720 (WAIT_UNTIL)
[000910] MMIO_RD size=4 addr=0x0e40 (RBBM_STATUS)
[000911] STATUS_RD RBBM_STATUS -> 0x00000040 (idle, 64 free)
[000912] MMIO_RD size=4 addr=0x1720 (WAIT_UNTIL)
[000913] MMIO_RD size=4 addr=0x0e40 (RBBM_STATUS)
[000914] STATUS_RD RBBM_STATUS -> 0x00000040 (idle, 64 free)
[000915] MMIO_RD size=4 addr=0x1720 (WAIT_UNTIL)
[000916] MMIO_RD size=4 addr=0x0e40 (RBBM_STATUS)
[000917] STATUS_RD RBBM_STATUS -> 0x00000040 (idle, 64 free)
[000918] MMIO_RD size=4 addr=0x1720 (WAIT_UNTIL)
[000919] MMIO_RD size=4 addr=0x0e40 (RBBM_STATUS)
[000920] STATUS_RD RBBM_STATUS -> 0x00000040 (idle, 64 free)
[000921] MMIO_RD size=4 addr=0x1720 (WAIT_UNTIL)
[000922] MMIO_RD size=4 addr=0x0e40 (RBBM_STATUS)
[000923] STATUS_RD RBBM_STATUS -> 0x00000040 (idle, 64 free)
[000924] MMIO_RD size=4 addr=0x1720 (WAIT_UNTIL)
[000925] MMIO_RD size=4 addr=0x0e40 (RBBM_STATUS)
[000926] STATUS_RD RBBM_STATUS -> 0x00000040 (idle, 64 free)
[000927] MMIO_RD size=4 addr=0x1720 (WAIT_UNTIL)
[000928] MMIO_RD size=4 addr=0x0e40 (RBBM_STATUS)
[000929] STATUS_RD RBBM_STATUS -> 0x00000040 (idle, 64 free)
[000930] MMIO_RD size=4 addr=0x1720 (WAIT_UNTIL)
[000931] MMIO_RD size=4 addr=0x0e40 (RBBM_STATUS)
[000932] STATUS_RD RBBM_STATUS -> 0x00000040 (idle, 64 free)
[000933] MMIO_RD size=4 addr=0x1720 (WAIT_UNTIL)
[000934] MMIO_RD size=4 addr=0x0e40 (RBBM_STATUS)
[000935] STATUS_RD RBBM_STATUS -> 0x00000040 (idle, 64 free)
[000936] MMIO_RD size=4 addr=0x1720 (WAIT_UNTIL)
[000937] MMIO_RD size=4 addr=0x0e40 (RBBM_STATUS)
[000938] STATUS_RD RBBM_STATUS -> 0x00000040 (idle, 64 free)
[000939] MMIO_RD size=4 addr=0x1720 (WAIT_UNTIL)
[000940] MMIO_RD size=4 addr=0x0e40 (RBBM_STATUS)
[000941] STATUS_RD RBBM_STATUS -> 0x00000040 (idle, 64 free)
[000942] MMIO_RD size=4 addr=0x1720 (WAIT_UNTIL)
[000943] MMIO_RD size=4 addr=0x0e40 (RBBM_STATUS)
[000944] STATUS_RD RBBM_STATUS -> 0x00000040 (idle, 64 free)
[000945] MMIO_RD size=4 addr=0x1720 (WAIT_UNTIL)
[000946] MMIO_RD size=4 addr=0x0e40 (RBBM_STATUS)
[000947] STATUS_RD RBBM_STATUS -> 0x00000040 (idle, 64 free)
[000948] MMIO_RD size=4 addr=0x1720 (WAIT_UNTIL)
[000949] MMIO_RD size=4 addr=0x0e40 (RBBM_STATUS)
[000950] STATUS_RD RBBM_STATUS -> 0x00000040 (idle, 64 free)
[000951] MMIO_RD size=4 addr=0x1720 (WAIT_UNTIL)
[000952] MMIO_RD size=4 addr=0x0e40 (RBBM_STATUS)
[000953] STATUS_RD RBBM_STATUS -> 0x00000040 (idle, 64 free)
[000954] MMIO_RD size=4 addr=0x1720 (WAIT_UNTIL)
[000955] MMIO_RD size=4 addr=0x0e40 (RBBM_STATUS)
[000956] STATUS_RD RBBM_STATUS -> 0x00000040 (idle, 64 free)
[000957] MMIO_RD size=4 addr=0x1720 (WAIT_UNTIL)
[000958] MMIO_RD size=4 addr=0x0e40 (RBBM_STATUS)
[000959] STATUS_RD RBBM_STATUS -> 0x00000040 (idle, 64 free)
[000960] MMIO_RD size=4 addr=0x1720 (WAIT_UNTIL)
[000961] MMIO_RD size=4 addr=0x0e40 (RBBM_STATUS)
[000962] STATUS_RD RBBM_STATUS -> 0x00000040 (idle, 64 free)
[000963] MMIO_RD size=4 addr=0x1720 (WAIT_UNTIL)
[000964] MMIO_RD size=4 addr=0x0e40 (RBBM_STATUS)
[000965] STATUS_RD RBBM_STATUS -> 0x00000040 (idle, 64 free)
[000966] MMIO_RD size=4 addr=0x1720 (WAIT_UNTIL)
[000967] MMIO_RD size=4 addr=0x0e40 (RBBM_STATUS)
[000968] STATUS_RD RBBM_STATUS -> 0x00000040 (idle, 64 free)
[000969] MMIO_RD size=4 addr=0x1720 (WAIT_UNTIL)
[000970] MMIO_RD size=4 addr=0x0e40 (RBBM_STATUS)
[000971] STATUS_RD RBBM_STATUS -> 0x00000040 (idle, 64 free)
[000972] MMIO_RD size=4 addr=0x1720 (WAIT_UNTIL)
[000973] MMIO_RD size=4 addr=0x0e40 (RBBM_STATUS)
[000974] STATUS_RD RBBM_STATUS -> 0x00000040 (idle, 64 free)
[000975] MMIO_RD size=4 addr=0x1720 (WAIT_UNTIL)
[000976] MMIO_RD size=4 addr=0x0e40 (RBBM_STATUS)
[000977] STATUS_RD RBBM_STATUS -> 0x00000040 (idle, 64 free)
[000978] MMIO_RD size=4 addr=0x1720 (WAIT_UNTIL)
[000979] MMIO_RD size=4 addr=0x0e40 (RBBM_STATUS)
[000980] STATUS_RD RBBM_STATUS -> 0x00000040 (idle, 64 free)
[000981] MMIO_RD size=4 addr=0x1720 (WAIT_UNTIL)
[000982] MMIO_RD size=4 addr=0x0e40 (RBBM_STATUS)
[000983] STATUS_RD RBBM_STATUS -> 0x00000040 (idle, 64 free)
[000984] MMIO_RD size=4 addr=0x1720 (WAIT_UNTIL)
[000985] MMIO_RD size=4 addr=0x0e40 (RBBM_STATUS)
[000986] STATUS_RD RBBM_STATUS -> 0x00000040 (idle, 64 free)
[000987] MMIO_RD size=4 addr=0x1720 (WAIT_UNTIL)
[000988] MMIO_RD size=4 addr=0x0e40 (RBBM_STATUS)
[000989] STATUS_RD RBBM_STATUS -> 0x00000040 (idle, 64 free)
[000990] MMIO_RD size=4 addr=0x1720 (WAIT_UNTIL)
[000991] MMIO_RD size=4 addr=0x0e40 (RBBM_STATUS)
[000992] STATUS_RD RBBM_STATUS -> 0x00000040 (idle, 64 free)
[000993] MMIO_RD size=4 addr=0x1720 (WAIT_UNTIL)
[000994] MMIO_RD size=4 addr=0x0e40 (RBBM_STATUS)
[000995] STATUS_RD RBBM_STATUS -> 0x00000040 (idle, 64 free)
[000996] MMIO_RD size=4 addr=0x1720 (WAIT_UNTIL)
[000997] MMIO_RD size=4 addr=0x0e40 (RBBM_STATUS)
[000998] STATUS_RD RBBM_STATUS -> 0x00000040 (idle, 64 free)
[000999] MMIO_RD size=4 addr=0x1720 (WAIT_UNTIL)
[001000] MMIO_RD size=4 addr=0x0e40 (RBBM_STATUS)
[001001] STATUS_RD RBBM_STATUS -> 0x00000040 (idle, 64 free)
[001002] MMIO_RD size=4 addr=0x1720 (WAIT_UNTIL)
[001003] MMIO_RD size=4 addr=0x0e40 (RBBM_STATUS)
[001004] STATUS_RD RBBM_STATUS -> 0x00000040 (idle, 64 free)
[001005] MMIO_RD size=4 addr=0x1720 (WAIT_UNTIL)
[001006] MMIO_RD size=4 addr=0x0e40 (RBBM_STATUS)
[001007] STATUS_RD RBBM_STATUS -> 0x00000040 (idle, 64 free)
[001008] MMIO_RD size=4 addr=0x1720 (WAIT_UNTIL)
[001009] MMIO_RD size=4 addr=0x0e40 (RBBM_STATUS)
[001010] STATUS_RD RBBM_STATUS -> 0x00000040 (idle, 64 free)
[001011] MMIO_RD size=4 addr=0x1720 (WAIT_UNTIL)
[001012] MMIO_RD size=4 addr=0x0e40 (RBBM_STATUS)
[001013] STATUS_RD RBBM_STATUS -> 0x00000040 (idle, 64 free)
[001014] MMIO_RD size=4 addr=0x1720 (WAIT_UNTIL)
[001015] MMIO_RD size=4 addr=0x0e40 (RBBM_STATUS)
[001016] STATUS_RD RBBM_STATUS -> 0x00000040 (idle, 64 free)
[001017] MMIO_RD size=4 addr=0x1720 (WAIT_UNTIL)
[001018] MMIO_RD size=4 addr=0x0e40 (RBBM_STATUS)
[001019] STATUS_RD RBBM_STATUS -> 0x00000040 (idle, 64 free)
[001020] MMIO_RD size=4 addr=0x1720 (WAIT_UNTIL)
[001021] MMIO_RD size=4 addr=0x0e40 (RBBM_STATUS)
[001022] STATUS_RD RBBM_STATUS -> 0x00000040 (idle, 64 free)
[001023] MMIO_RD size=4 addr=0x1720 (WAIT_UNTIL)
[001024] MMIO_RD size=4 addr=0x0e40 (RBBM_STATUS)
[001025] STATUS_RD RBBM_STATUS -> 0x00000040 (idle, 64 free)
[001026] MMIO_RD size=4 addr=0x1720 (WAIT_UNTIL)
[001027] MMIO_RD size=4 addr=0x0e40 (RBBM_STATUS)
[001028] STATUS_RD RBBM_STATUS -> 0x00000040 (idle, 64 free)
[001029] MMIO_RD size=4 addr=0x1720 (WAIT_UNTIL)
[001030] MMIO_RD size=4 addr=0x0e40 (RBBM_STATUS)
[001031] STATUS_RD RBBM_STATUS -> 0x00000040 (idle, 64 free)
[001032] MMIO_RD size=4 addr=0x1720 (WAIT_UNTIL)
[001033] MMIO_RD size=4 addr=0x0e40 (RBBM_STATUS)
[001034] STATUS_RD RBBM_STATUS -> 0x00000040 (idle, 64 free)
[001035] MMIO_RD size=4 addr=0x1720 (WAIT_UNTIL)
[001036] MMIO_RD size=4 addr=0x0e40 (RBBM_STATUS)
[001037] STATUS_RD RBBM_STATUS -> 0x00000040 (idle, 64 free)
[001038] MMIO_RD size=4 addr=0x1720 (WAIT_UNTIL)
[001039] MMIO_RD size=4 addr=0x0e40 (RBBM_STATUS)
[001040] STATUS_RD RBBM_STATUS -> 0x00000040 (idle, 64 free)
[001041] MMIO_RD size=4 addr=0x1720 (WAIT_UNTIL)
[001042] MMIO_RD size=4 addr=0x0e40 (RBBM_STATUS)
[001043] STATUS_RD RBBM_STATUS -> 0x00000040 (idle, 64 free)
[001044] MMIO_RD size=4 addr=0x1720 (WAIT_UNTIL)
[001045] MMIO_RD size=4 addr=0x0e40 (RBBM_STATUS)
[001046] STATUS_RD RBBM_STATUS -> 0x00000040 (idle, 64 free)
[001047] MMIO_RD size=4 addr=0x1720 (WAIT_UNTIL)
[001048] MMIO_RD size=4 addr=0x0e40 (RBBM_STATUS)
[001049] STATUS_RD RBBM_STATUS -> 0x00000040 (idle, 64 free)
[001050] MMIO_RD size=4 addr=0x1720 (WAIT_UNTIL)
[001051] MMIO_RD size=4 addr=0x0e40 (RBBM_STATUS)
[001052] STATUS_RD RBBM_STATUS -> 0x00000040 (idle, 64 free)
[001053] MMIO_RD size=4 addr=0x1720 (WAIT_UNTIL)
[001054] MMIO_RD size=4 addr=0x0e40 (RBBM_STATUS)
[001055] STATUS_RD RBBM_STATUS -> 0x00000040 (idle, 64 free)
[001056] MMIO_RD size=4 addr=0x1720 (WAIT_UNTIL)
[001057] MMIO_RD size=4 addr=0x0e40 (RBBM_STATUS)
[001058] STATUS_RD RBBM_STATUS -> 0x00000040 (idle, 64 free)
[001059] MMIO_RD size=4 addr=0x1720 (WAIT_UNTIL)
[001060] MMIO_RD size=4 addr=0x0e40 (RBBM_STATUS)
[001061] STATUS_RD RBBM_STATUS -> 0x00000040 (idle, 64 free)
[001062] MMIO_RD size=4 addr=0x1720 (WAIT_UNTIL)
[001063] MMIO_RD size=4 addr=0x0e40 (RBBM_STATUS)
[001064] STATUS_RD RBBM_STATUS -> 0x00000040 (idle, 64 free)
[001065] MMIO_RD size=4 addr=0x1720 (WAIT_UNTIL)
[001066] MMIO_RD size=4 addr=0x0e40 (RBBM_STATUS)
[001067] STATUS_RD RBBM_STATUS -> 0x00000040 (idle, 64 free)
[001068] MMIO_RD size=4 addr=0x1720 (WAIT_UNTIL)
[001069] MMIO_RD size=4 addr=0x0e40 (RBBM_STATUS)
[001070] STATUS_RD RBBM_STATUS -> 0x00000040 (idle, 64 free)
[001071] MMIO_RD size=4 addr=0x1720 (WAIT_UNTIL)
[001072] MMIO_RD size=4 addr=0x0e40 (RBBM_STATUS)
[001073] STATUS_RD RBBM_STATUS -> 0x00000040 (idle, 64 free)
[001074] MMIO_RD size=4 addr=0x1720 (WAIT_UNTIL)
[001075] MMIO_RD size=4 addr=0x0e40 (RBBM_STATUS)
[001076] STATUS_RD RBBM_STATUS -> 0x00000040 (idle, 64 free)
[001077] MMIO_RD size=4 addr=0x1720 (WAIT_UNTIL)
[001078] MMIO_RD size=4 addr=0x0e40 (RBBM_STATUS)
[001079] STATUS_RD RBBM_STATUS -> 0x00000040 (idle, 64 free)
[001080] MMIO_RD size=4 addr=0x1720 (WAIT_UNTIL)
[001081] MMIO_RD size=4 addr=0x0e40 (RBBM_STATUS)
[001082] STATUS_RD RBBM_STATUS -> 0x00000040 (idle, 64 free)
[001083] MMIO_RD size=4 addr=0x1720 (WAIT_UNTIL)
[001084] MMIO_RD size=4 addr=0x0e40 (RBBM_STATUS)
[001085] STATUS_RD RBBM_STATUS -> 0x00000040 (idle, 64 free)
[001086] MMIO_RD size=4 addr=0x1720 (WAIT_UNTIL)
[001087] MMIO_RD size=4 addr=0x0e40 (RBBM_STATUS)
[001088] STATUS_RD RBBM_STATUS -> 0x00000040 (idle, 64 free)
[001089] MMIO_RD size=4 addr=0x1720 (WAIT_UNTIL)
[001090] MMIO_RD size=4 addr=0x0e40 (RBBM_STATUS)
[001091] STATUS_RD RBBM_STATUS -> 0x00000040 (idle, 64 free)
[001092] MMIO_RD size=4 addr=0x1720 (WAIT_UNTIL)
[001093] MMIO_RD size=4 addr=0x0e40 (RBBM_STATUS)
[001094] STATUS_RD RBBM_STATUS -> 0x00000040 (idle, 64 free)
[001095] MMIO_RD size=4 addr=0x1720 (WAIT_UNTIL)
[001096] MMIO_RD size=4 addr=0x0e40 (RBBM_STATUS)
[001097] STATUS_RD RBBM_STATUS -> 0x00000040 (idle, 64 free)
[001098] MMIO_RD size=4 addr=0x1720 (WAIT_UNTIL)
[001099] MMIO_RD size=4 addr=0x0e40 (RBBM_STATUS)
[001100] STATUS_RD RBBM_STATUS -> 0x00000040 (idle, 64 free)
[001101] MMIO_RD size=4 addr=0x1720 (WAIT_UNTIL)
[001102] MMIO_RD size=4 addr=0x0e40 (RBBM_STATUS)
[001103] STATUS_RD RBBM_STATUS -> 0x00000040 (idle, 64 free)
[001104] MMIO_RD size=4 addr=0x1720 (WAIT_UNTIL)
[001105] MMIO_RD size=4 addr=0x0e40 (RBBM_STATUS)
[001106] STATUS_RD RBBM_STATUS -> 0x00000040 (idle, 64 free)
[001107] MMIO_RD size=4 addr=0x1720 (WAIT_UNTIL)
[001108] MMIO_RD size=4 addr=0x0e40 (RBBM_STATUS)
[001109] STATUS_RD RBBM_STATUS -> 0x00000040 (idle, 64 free)
[001110] MMIO_RD size=4 addr=0x1720 (WAIT_UNTIL)
[001111] MMIO_RD size=4 addr=0x0e40 (RBBM_STATUS)
[001112] STATUS_RD RBBM_STATUS -> 0x00000040 (idle, 64 free)
[001113] MMIO_RD size=4 addr=0x1720 (WAIT_UNTIL)
[001114] MMIO_RD size=4 addr=0x0e40 (RBBM_STATUS)
[001115] STATUS_RD RBBM_STATUS -> 0x00000040 (idle, 64 free)
[001116] MMIO_RD size=4 addr=0x1720 (WAIT_UNTIL)
[001117] MMIO_RD size=4 addr=0x0e40 (RBBM_STATUS)
[001118] STATUS_RD RBBM_STATUS -> 0x00000040 (idle, 64 free)
[001119] MMIO_RD size=4 addr=0x1720 (WAIT_UNTIL)
[001120] MMIO_RD size=4 addr=0x0e40 (RBBM_STATUS)
[001121] STATUS_RD RBBM_STATUS -> 0x00000040 (idle, 64 free)
[001122] MMIO_RD size=4 addr=0x1720 (WAIT_UNTIL)
[001123] MMIO_RD size=4 addr=0x0e40 (RBBM_STATUS)
[001124] STATUS_RD RBBM_STATUS -> 0x00000040 (idle, 64 free)
[001125] MMIO_RD size=4 addr=0x1720 (WAIT_UNTIL)
[001126] MMIO_RD size=4 addr=0x0e40 (RBBM_STATUS)
[001127] STATUS_RD RBBM_STATUS -> 0x00000040 (idle, 64 free)
[001128] MMIO_RD size=4 addr=0x1720 (WAIT_UNTIL)
[001129] MMIO_RD size=4 addr=0x0e40 (RBBM_STATUS)
[001130] STATUS_RD RBBM_STATUS -> 0x00000040 (idle, 64 free)
[001131] MMIO_RD size=4 addr=0x1720 (WAIT_UNTIL)
[001132] MMIO_RD size=4 addr=0x0e40 (RBBM_STATUS)
[001133] STATUS_RD RBBM_STATUS -> 0x00000040 (idle, 64 free)
[001134] MMIO_RD size=4 addr=0x1720 (WAIT_UNTIL)
[001135] MMIO_RD size=4 addr=0x0e40 (RBBM_STATUS)
[001136] STATUS_RD RBBM_STATUS -> 0x00000040 (idle, 64 free)
[001137] MMIO_RD size=4 addr=0x1720 (WAIT_UNTIL)
[001138] MMIO_RD size=4 addr=0x0e40 (RBBM_STATUS)
[001139] STATUS_RD RBBM_STATUS -> 0x00000040 (idle, 64 free)
[001140] MMIO_RD size=4 addr=0x1720 (WAIT_UNTIL)
[001141] MMIO_RD size=4 addr=0x0e40 (RBBM_STATUS)
[001142] STATUS_RD RBBM_STATUS -> 0x00000040 (idle, 64 free)
[001143] MMIO_RD size=4 addr=0x1720 (WAIT_UNTIL)
[001144] MMIO_RD size=4 addr=0x0e40 (RBBM_STATUS)
[001145] STATUS_RD RBBM_STATUS -> 0x00000040 (idle, 64 free)
[001146] MMIO_RD size=4 addr=0x1720 (WAIT_UNTIL)
[001147] MMIO_RD size=4 addr=0x0e40 (RBBM_STATUS)
[001148] STATUS_RD RBBM_STATUS -> 0x00000040 (idle, 64 free)
[001149] MMIO_RD size=4 addr=0x1720 (WAIT_UNTIL)
[001150] MMIO_RD size=4 addr=0x0e40 (RBBM_STATUS)
[001151] STATUS_RD RBBM_STATUS -> 0x00000040 (idle, 64 free)
[001152] MMIO_RD size=4 addr=0x1720 (WAIT_UNTIL)
[001153] MMIO_RD size=4 addr=0x0e40 (RBBM_STATUS)
[001154] STATUS_RD RBBM_STATUS -> 0x00000040 (idle, 64 free)
[001155] MMIO_RD size=4 addr=0x1720 (WAIT_UNTIL)
[001156] MMIO_RD size=4 addr=0x0e40 (RBBM_STATUS)
[001157] STATUS_RD RBBM_STATUS -> 0x00000040 (idle, 64 free)
[001158] MMIO_RD size=4 addr=0x1720 (WAIT_UNTIL)
[001159] MMIO_RD size=4 addr=0x0e40 (RBBM_STATUS)
[001160] STATUS_RD RBBM_STATUS -> 0x00000040 (idle, 64 free)
[001161] MMIO_RD size=4 addr=0x1720 (WAIT_UNTIL)
[001162] MMIO_RD size=4 addr=0x0e40 (RBBM_STATUS)
[001163] STATUS_RD RBBM_STATUS -> 0x00000040 (idle, 64 free)
[001164] MMIO_RD size=4 addr=0x1720 (WAIT_UNTIL)
[001165] MMIO_RD size=4 addr=0x0e40 (RBBM_STATUS)
[001166] STATUS_RD RBBM_STATUS -> 0x00000040 (idle, 64 free)
[001167] MMIO_RD size=4 addr=0x1720 (WAIT_UNTIL)
[001168] MMIO_RD size=4 addr=0x0e40 (RBBM_STATUS)
[001169] STATUS_RD RBBM_STATUS -> 0x00000040 (idle, 64 free)
[001170] MMIO_RD size=4 addr=0x1720 (WAIT_UNTIL)
[001171] MMIO_RD size=4 addr=0x0e40 (RBBM_STATUS)
[001172] STATUS_RD RBBM_STATUS -> 0x00000040 (idle, 64 free)
[001173] MMIO_RD size=4 addr=0x1720 (WAIT_UNTIL)
[001174] MMIO_RD size=4 addr=0x0e40 (RBBM_STATUS)
[001175] STATUS_RD RBBM_STATUS -> 0x00000040 (idle, 64 free)
[001176] MMIO_RD size=4 addr=0x1720 (WAIT_UNTIL)
[001177] MMIO_RD size=4 addr=0x0e40 (RBBM_STATUS)
[001178] STATUS_RD RBBM_STATUS -> 0x00000040 (idle, 64 free)
[001179] MMIO_RD size=4 addr=0x1720 (WAIT_UNTIL)
[001180] MMIO_RD size=4 addr=0x0e40 (RBBM_STATUS)
[001181] STATUS_RD RBBM_STATUS -> 0x00000040 (idle, 64 free)
[001182] MMIO_RD size=4 addr=0x1720 (WAIT_UNTIL)
[001183] MMIO_RD size=4 addr=0x0e40 (RBBM_STATUS)
[001184] STATUS_RD RBBM_STATUS -> 0x00000040 (idle, 64 free)
[001185] MMIO_RD size=4 addr=0x1720 (WAIT_UNTIL)
[001186] MMIO_RD size=4 addr=0x0e40 (RBBM_STATUS)
[001187] STATUS_RD RBBM_STATUS -> 0x00000040 (idle, 64 free)
[001188] MMIO_RD size=4 addr=0x1720 (WAIT_UNTIL)
[001189] MMIO_RD size=4 addr=0x0e40 (RBBM_STATUS)
[001190] STATUS_RD RBBM_STATUS -> 0x00000040 (idle, 64 free)
[001191] MMIO_RD size=4 addr=0x1720 (WAIT_UNTIL)
[001192] MMIO_RD size=4 addr=0x0e40 (RBBM_STATUS)
[001193] STATUS_RD RBBM_STATUS -> 0x00000040 (idle, 64 free)
[001194] MMIO_RD size=4 addr=0x1720 (WAIT_UNTIL)
[001195] MMIO_RD size=4 addr=0x0e40 (RBBM_STATUS)
[001196] STATUS_RD RBBM_STATUS -> 0x00000040 (idle, 64 free)
[001197] MMIO_RD size=4 addr=0x1720 (WAIT_UNTIL)
[001198] MMIO_RD size=4 addr=0x0e40 (RBBM_STATUS)
[001199] STATUS_RD RBBM_STATUS -> 0x00000040 (idle, 64 free)
[001200] MMIO_RD size=4 addr=0x1720 (WAIT_UNTIL)
[001201] MMIO_RD size=4 addr=0x0e40 (RBBM_STATUS)
[001202] STATUS_RD RBBM_STATUS -> 0x00000040 (idle, 64 free)
[001203] MMIO_RD size=4 addr=0x1720 (WAIT_UNTIL)
[001204] MMIO_RD size=4 addr=0x0e40 (RBBM_STATUS)
[001205] STATUS_RD RBBM_STATUS -> 0x00000040 (idle, 64 free)
[001206] MMIO_RD size=4 addr=0x1720 (WAIT_UNTIL)
[001207] MMIO_RD size=4 addr=0x0e40 (RBBM_STATUS)
[001208] STATUS_RD RBBM_STATUS -> 0x00000040 (idle, 64 free)
[001209] MMIO_RD size=4 addr=0x1720 (WAIT_UNTIL)
[001210] MMIO_RD size=4 addr=0x0e40 (RBBM_STATUS)
[001211] STATUS_RD RBBM_STATUS -> 0x00000040 (idle, 64 free)
[001212] MMIO_RD size=4 addr=0x1720 (WAIT_UNTIL)
[001213] MMIO_RD size=4 addr=0x0e40 (RBBM_STATUS)
[001214] STATUS_RD RBBM_STATUS -> 0x00000040 (idle, 64 free)
[001215] MMIO_RD size=4 addr=0x1720 (WAIT_UNTIL)
[001216] MMIO_RD size=4 addr=0x0e40 (RBBM_STATUS)
[001217] STATUS_RD RBBM_STATUS -> 0x00000040 (idle, 64 free)
[001218] MMIO_RD size=4 addr=0x1720 (WAIT_UNTIL)
[001219] MMIO_RD size=4 addr=0x0e40 (RBBM_STATUS)
[001220] STATUS_RD RBBM_STATUS -> 0x00000040 (idle, 64 free)
[001221] MMIO_RD size=4 addr=0x1720 (WAIT_UNTIL)
[001222] MMIO_RD size=4 addr=0x0e40 (RBBM_STATUS)
[001223] STATUS_RD RBBM_STATUS -> 0x00000040 (idle, 64 free)
[001224] MMIO_RD size=4 addr=0x1720 (WAIT_UNTIL)
[001225] MMIO_RD size=4 addr=0x0e40 (RBBM_STATUS)
[001226] STATUS_RD RBBM_STATUS -> 0x00000040 (idle, 64 free)
[001227] MMIO_RD size=4 addr=0x1720 (WAIT_UNTIL)
[001228] MMIO_RD size=4 addr=0x0e40 (RBBM_STATUS)
[001229] STATUS_RD RBBM_STATUS -> 0x00000040 (idle, 64 free)
[001230] MMIO_RD size=4 addr=0x1720 (WAIT_UNTIL)
[001231] MMIO_RD size=4 addr=0x0e40 (RBBM_STATUS)
[001232] STATUS_RD RBBM_STATUS -> 0x00000040 (idle, 64 free)
[001233] MMIO_RD size=4 addr=0x1720 (WAIT_UNTIL)
[001234] MMIO_RD size=4 addr=0x0e40 (RBBM_STATUS)
[001235] STATUS_RD RBBM_STATUS -> 0x00000040 (idle, 64 free)
[001236] MMIO_RD size=4 addr=0x1720 (WAIT_UNTIL)
[001237] MMIO_RD size=4 addr=0x0e40 (RBBM_STATUS)
[001238] STATUS_RD RBBM_STATUS -> 0x00000040 (idle, 64 free)
[001239] MMIO_RD size=4 addr=0x1720 (WAIT_UNTIL)
[001240] MMIO_RD size=4 addr=0x0e40 (RBBM_STATUS)
[001241] STATUS_RD RBBM_STATUS -> 0x00000040 (idle, 64 free)
[001242] MMIO_RD size=4 addr=0x1720 (WAIT_UNTIL)
[001243] MMIO_RD size=4 addr=0x0e40 (RBBM_STATUS)
[001244] STATUS_RD RBBM_STATUS -> 0x00000040 (idle, 64 free)
[001245] MMIO_RD size=4 addr=0x1720 (WAIT_UNTIL)
[001246] MMIO_RD size=4 addr=0x0e40 (RBBM_STATUS)
[001247] STATUS_RD RBBM_STATUS -> 0x00000040 (idle, 64 free)
[001248] MMIO_RD size=4 addr=0x1720 (WAIT_UNTIL)
[001249] MMIO_RD size=4 addr=0x0e40 (RBBM_STATUS)
[001250] STATUS_RD RBBM_STATUS -> 0x00000040 (idle, 64 free)
[001251] MMIO_RD size=4 addr=0x1720 (WAIT_UNTIL)
[001252] MMIO_RD size=4 addr=0x0e40 (RBBM_STATUS)
[001253] STATUS_RD RBBM_STATUS -> 0x00000040 (idle, 64 free)
[001254] MMIO_RD size=4 addr=0x1720 (WAIT_UNTIL)
[001255] MMIO_RD size=4 addr=0x0e40 (RBBM_STATUS)
[001256] STATUS_RD RBBM_STATUS -> 0x00000040 (idle, 64 free)
[001257] MMIO_RD size=4 addr=0x1720 (WAIT_UNTIL)
[001258] MMIO_RD size=4 addr=0x0e40 (RBBM_STATUS)
[001259] STATUS_RD RBBM_STATUS -> 0x00000040 (idle, 64 free)
[001260] MMIO_RD size=4 addr=0x1720 (WAIT_UNTIL)
[001261] MMIO_RD size=4 addr=0x0e40 (RBBM_STATUS)
[001262] STATUS_RD RBBM_STATUS -> 0x00000040 (idle, 64 free)
[001263] MMIO_RD size=4 addr=0x1720 (WAIT_UNTIL)
[001264] MMIO_RD size=4 addr=0x0e40 (RBBM_STATUS)
[001265] STATUS_RD RBBM_STATUS -> 0x00000040 (idle, 64 free)
[001266] MMIO_RD size=4 addr=0x1720 (WAIT_UNTIL)
[001267] MMIO_RD size=4 addr=0x0e40 (RBBM_STATUS)
[001268] STATUS_RD RBBM_STATUS -> 0x00000040 (idle, 64 free)
[001269] MMIO_RD size=4 addr=0x1720 (WAIT_UNTIL)
[001270] MMIO_RD size=4 addr=0x0e40 (RBBM_STATUS)
[001271] STATUS_RD RBBM_STATUS -> 0x00000040 (idle, 64 free)
[001272] MMIO_RD size=4 addr=0x1720 (WAIT_UNTIL)
[001273] MMIO_RD size=4 addr=0x0e40 (RBBM_STATUS)
[001274] STATUS_RD RBBM_STATUS -> 0x00000040 (idle, 64 free)
[001275] MMIO_RD size=4 addr=0x1720 (WAIT_UNTIL)
[001276] MMIO_RD size=4 addr=0x0e40 (RBBM_STATUS)
[001277] STATUS_RD RBBM_STATUS -> 0x00000040 (idle, 64 free)
[001278] MMIO_RD size=4 addr=0x1720 (WAIT_UNTIL)
[001279] MMIO_RD size=4 addr=0x0e40 (RBBM_STATUS)
[001280] STATUS_RD RBBM_STATUS -> 0x00000040 (idle, 64 free)
[001281] MMIO_RD size=4 addr=0x1720 (WAIT_UNTIL)
[001282] MMIO_RD size=4 addr=0x0e40 (RBBM_STATUS)
[001283] STATUS_RD RBBM_STATUS -> 0x00000040 (idle, 64 free)
[001284] MMIO_RD size=4 addr=0x1720 (WAIT_UNTIL)
[001285] MMIO_RD size=4 addr=0x0e40 (RBBM_STATUS)
[001286] STATUS_RD RBBM_STATUS -> 0x00000040 (idle, 64 free)
[001287] MMIO_RD size=4 addr=0x1720 (WAIT_UNTIL)
[001288] MMIO_RD size=4 addr=0x0e40 (RBBM_STATUS)
[001289] STATUS_RD RBBM_STATUS -> 0x00000040 (idle, 64 free)
[001290] MMIO_RD size=4 addr=0x1720 (WAIT_UNTIL)
[001291] MMIO_RD size=4 addr=0x0e40 (RBBM_STATUS)
[001292] STATUS_RD RBBM_STATUS -> 0x00000040 (idle, 64 free)
[001293] MMIO_RD size=4 addr=0x1720 (WAIT_UNTIL)
[001294] MMIO_RD size=4 addr=0x0e40 (RBBM_STATUS)
[001295] STATUS_RD RBBM_STATUS -> 0x00000040 (idle, 64 free)
[001296] MMIO_RD size=4 addr=0x1720 (WAIT_UNTIL)
[001297] MMIO_RD size=4 addr=0x0e40 (RBBM_STATUS)
[001298] STATUS_RD RBBM_STATUS -> 0x00000040 (idle, 64 free)
[001299] MMIO_RD size=4 addr=0x1720 (WAIT_UNTIL)
[001300] MMIO_RD size=4 addr=0x0e40 (RBBM_STATUS)
[001301] STATUS_RD RBBM_STATUS -> 0x00000040 (idle, 64 free)
[001302] MMIO_RD size=4 addr=0x1720 (WAIT_UNTIL)
[001303] MMIO_RD size=4 addr=0x0e40 (RBBM_STATUS)
[001304] STATUS_RD RBBM_STATUS -> 0x00000040 (idle, 64 free)
[001305] MMIO_RD size=4 addr=0x1720 (WAIT_UNTIL)
[001306] MMIO_RD size=4 addr=0x0e40 (RBBM_STATUS)
[001307] STATUS_RD RBBM_STATUS -> 0x00000040 (idle, 64 free)
[001308] MMIO_RD size=4 addr=0x1720 (WAIT_UNTIL)
[001309] MMIO_RD size=4 addr=0x0e40 (RBBM_STATUS)
[001310] STATUS_RD RBBM_STATUS -> 0x00000040 (idle, 64 free)
[001311] MMIO_RD size=4 addr=0x1720 (WAIT_UNTIL)
[001312] MMIO_RD size=4 addr=0x0e40 (RBBM_STATUS)
[001313] STATUS_RD RBBM_STATUS -> 0x00000040 (idle, 64 free)
[001314] MMIO_RD size=4 addr=0x1720 (WAIT_UNTIL)
[001315] MMIO_RD size=4 addr=0x0e40 (RBBM_STATUS)
[001316] STATUS_RD RBBM_STATUS -> 0x00000040 (idle, 64 free)
[001317] MMIO_RD size=4 addr=0x1720 (WAIT_UNTIL)
[001318] MMIO_RD size=4 addr=0x0e40 (RBBM_STATUS)
[001319] STATUS_RD RBBM_STATUS -> 0x00000040 (idle, 64 free)
[001320] MMIO_RD size=4 addr=0x1720 (WAIT_UNTIL)
[001321] MMIO_RD size=4 addr=0x0e40 (RBBM_STATUS)
[001322] STATUS_RD RBBM_STATUS -> 0x00000040 (idle, 64 free)
[001323] MMIO_RD size=4 addr=0x1720 (WAIT_UNTIL)
[001324] MMIO_RD size=4 addr=0x0e40 (RBBM_STATUS)
[001325] STATUS_RD RBBM_STATUS -> 0x00000040 (idle, 64 free)
[001326] MMIO_RD size=4 addr=0x1720 (WAIT_UNTIL)
[001327] MMIO_RD size=4 addr=0x0e40 (RBBM_STATUS)
[001328] STATUS_RD RBBM_STATUS -> 0x00000040 (idle, 64 free)
[001329] MMIO_RD size=4 addr=0x1720 (WAIT_UNTIL)
[001330] MMIO_RD size=4 addr=0x0e40 (RBBM_STATUS)
[001331] STATUS_RD RBBM_STATUS -> 0x00000040 (idle, 64 free)
[001332] MMIO_RD size=4 addr=0x1720 (WAIT_UNTIL)
[001333] MMIO_RD size=4 addr=0x0e40 (RBBM_STATUS)
[001334] STATUS_RD RBBM_STATUS -> 0x00000040 (idle, 64 free)
[001335] MMIO_RD size=4 addr=0x1720 (WAIT_UNTIL)
[001336] MMIO_RD size=4 addr=0x0e40 (RBBM_STATUS)
[001337] STATUS_RD RBBM_STATUS -> 0x00000040 (idle, 64 free)
[001338] MMIO_RD size=4 addr=0x1720 (WAIT_UNTIL)
[001339] MMIO_RD size=4 addr=0x0e40 (RBBM_STATUS)
[001340] STATUS_RD RBBM_STATUS -> 0x00000040 (idle, 64 free)
[001341] MMIO_RD size=4 addr=0x1720 (WAIT_UNTIL)
[001342] MMIO_RD size=4 addr=0x0e40 (RBBM_STATUS)
[001343] STATUS_RD RBBM_STATUS -> 0x00000040 (idle, 64 free)
[001344] MMIO_RD size=4 addr=0x1720 (WAIT_UNTIL)
[001345] MMIO_RD size=4 addr=0x0e40 (RBBM_STATUS)
[001346] STATUS_RD RBBM_STATUS -> 0x00000040 (idle, 64 free)
[001347] MMIO_RD size=4 addr=0x1720 (WAIT_UNTIL)
[001348] MMIO_RD size=4 addr=0x0e40 (RBBM_STATUS)
[001349] STATUS_RD RBBM_STATUS -> 0x00000040 (idle, 64 free)
[001350] MMIO_RD size=4 addr=0x1720 (WAIT_UNTIL)
[001351] MMIO_RD size=4 addr=0x0e40 (RBBM_STATUS)
[001352] STATUS_RD RBBM_STATUS -> 0x00000040 (idle, 64 free)
[001353] MMIO_RD size=4 addr=0x1720 (WAIT_UNTIL)
[001354] MMIO_RD size=4 addr=0x0e40 (RBBM_STATUS)
[001355] STATUS_RD RBBM_STATUS -> 0x00000040 (idle, 64 free)
[001356] MMIO_RD size=4 addr=0x1720 (WAIT_UNTIL)
[001357] MMIO_RD size=4 addr=0x0e40 (RBBM_STATUS)
[001358] STATUS_RD RBBM_STATUS -> 0x00000040 (idle, 64 free)
[001359] MMIO_RD size=4 addr=0x1720 (WAIT_UNTIL)
[001360] MMIO_RD size=4 addr=0x0e40 (RBBM_STATUS)
[001361] STATUS_RD RBBM_STATUS -> 0x00000040 (idle, 64 free)
[001362] MMIO_RD size=4 addr=0x1720 (WAIT_UNTIL)
[001363] MMIO_RD size=4 addr=0x0e40 (RBBM_STATUS)
[001364] STATUS_RD RBBM_STATUS -> 0x00000040 (idle, 64 free)
[001365] MMIO_RD size=4 addr=0x1720 (WAIT_UNTIL)
[001366] MMIO_RD size=4 addr=0x0e40 (RBBM_STATUS)
[001367] STATUS_RD RBBM_STATUS -> 0x00000040 (idle, 64 free)
[001368] MMIO_RD size=4 addr=0x1720 (WAIT_UNTIL)
[001369] MMIO_RD size=4 addr=0x0e40 (RBBM_STATUS)
[001370] STATUS_RD RBBM_STATUS -> 0x00000040 (idle, 64 free)
[001371] MMIO_RD size=4 addr=0x1720 (WAIT_UNTIL)
[001372] MMIO_RD size=4 addr=0x0e40 (RBBM_STATUS)
[001373] STATUS_RD RBBM_STATUS -> 0x00000040 (idle, 64 free)
[001374] MMIO_RD size=4 addr=0x1720 (WAIT_UNTIL)
[001375] MMIO_RD size=4 addr=0x0e40 (RBBM_STATUS)
[001376] STATUS_RD RBBM_STATUS -> 0x00000040 (idle, 64 free)
[001377] MMIO_RD size=4 addr=0x1720 (WAIT_UNTIL)
[001378] MMIO_RD size=4 addr=0x0e40 (RBBM_STATUS)
[001379] STATUS_RD RBBM_STATUS -> 0x00000040 (idle, 64 free)
[001380] MMIO_RD size=4 addr=0x1720 (WAIT_UNTIL)
[001381] MMIO_RD size=4 addr=0x0e40 (RBBM_STATUS)
[001382] STATUS_RD RBBM_STATUS -> 0x00000040 (idle, 64 free)
[001383] MMIO_RD size=4 addr=0x1720 (WAIT_UNTIL)
[001384] MMIO_RD size=4 addr=0x0e40 (RBBM_STATUS)
[001385] STATUS_RD RBBM_STATUS -> 0x00000040 (idle, 64 free)
[001386] MMIO_RD size=4 addr=0x1720 (WAIT_UNTIL)
[001387] MMIO_RD size=4 addr=0x0e40 (RBBM_STATUS)
[001388] STATUS_RD RBBM_STATUS -> 0x00000040 (idle, 64 free)
[001389] MMIO_RD size=4 addr=0x1720 (WAIT_UNTIL)
[001390] MMIO_RD size=4 addr=0x0e40 (RBBM_STATUS)
[001391] STATUS_RD RBBM_STATUS -> 0x00000040 (idle, 64 free)
[001392] MMIO_RD size=4 addr=0x1720 (WAIT_UNTIL)
[001393] MMIO_RD size=4 addr=0x0e40 (RBBM_STATUS)
[001394] STATUS_RD RBBM_STATUS -> 0x00000040 (idle, 64 free)
[001395] MMIO_RD size=4 addr=0x1720 (WAIT_UNTIL)
[001396] MMIO_RD size=4 addr=0x0e40 (RBBM_STATUS)
[001397] STATUS_RD RBBM_STATUS -> 0x00000040 (idle, 64 free)
[001398] MMIO_RD size=4 addr=0x1720 (WAIT_UNTIL)
[001399] MMIO_RD size=4 addr=0x0e40 (RBBM_STATUS)
[001400] STATUS_RD RBBM_STATUS -> 0x00000040 (idle, 64 free)
[001401] MMIO_RD size=4 addr=0x1720 (WAIT_UNTIL)
[001402] MMIO_RD size=4 addr=0x0e40 (RBBM_STATUS)
[001403] STATUS_RD RBBM_STATUS -> 0x00000040 (idle, 64 free)
[001404] MMIO_RD size=4 addr=0x1720 (WAIT_UNTIL)
[001405] MMIO_RD size=4 addr=0x0e40 (RBBM_STATUS)
[001406] STATUS_RD RBBM_STATUS -> 0x00000040 (idle, 64 free)
[001407] MMIO_RD size=4 addr=0x1720 (WAIT_UNTIL)
[001408] MMIO_RD size=4 addr=0x0e40 (RBBM_STATUS)
[001409] STATUS_RD RBBM_STATUS -> 0x00000040 (idle, 64 free)
[001410] MMIO_RD size=4 addr=0x1720 (WAIT_UNTIL)
[001411] MMIO_RD size=4 addr=0x0e40 (RBBM_STATUS)
[001412] STATUS_RD RBBM_STATUS -> 0x00000040 (idle, 64 free)
[001413] MMIO_RD size=4 addr=0x1720 (WAIT_UNTIL)
[001414] MMIO_RD size=4 addr=0x0e40 (RBBM_STATUS)
[001415] STATUS_RD RBBM_STATUS -> 0x00000040 (idle, 64 free)
[001416] MMIO_RD size=4 addr=0x1720 (WAIT_UNTIL)
[001417] MMIO_RD size=4 addr=0x0e40 (RBBM_STATUS)
[001418] STATUS_RD RBBM_STATUS -> 0x00000040 (idle, 64 free)
[001419] MMIO_RD size=4 addr=0x1720 (WAIT_UNTIL)
[001420] MMIO_RD size=4 addr=0x0e40 (RBBM_STATUS)
[001421] STATUS_RD RBBM_STATUS -> 0x00000040 (idle, 64 free)
[001422] MMIO_RD size=4 addr=0x1720 (WAIT_UNTIL)
[001423] MMIO_RD size=4 addr=0x0e40 (RBBM_STATUS)
[001424] STATUS_RD RBBM_STATUS -> 0x00000040 (idle, 64 free)
[001425] MMIO_RD size=4 addr=0x1720 (WAIT_UNTIL)
[001426] MMIO_RD size=4 addr=0x0e40 (RBBM_STATUS)
[001427] STATUS_RD RBBM_STATUS -> 0x00000040 (idle, 64 free)
[001428] MMIO_RD size=4 addr=0x1720 (WAIT_UNTIL)
[001429] MMIO_RD size=4 addr=0x0e40 (RBBM_STATUS)
[001430] STATUS_RD RBBM_STATUS -> 0x00000040 (idle, 64 free)
[001431] MMIO_RD size=4 addr=0x1720 (WAIT_UNTIL)
[001432] MMIO_RD size=4 addr=0x0e40 (RBBM_STATUS)
[001433] STATUS_RD RBBM_STATUS -> 0x00000040 (idle, 64 free)
[001434] MMIO_RD size=4 addr=0x1720 (WAIT_UNTIL)
[001435] MMIO_RD size=4 addr=0x0e40 (RBBM_STATUS)
[001436] STATUS_RD RBBM_STATUS -> 0x00000040 (idle, 64 free)
[001437] MMIO_RD size=4 addr=0x1720 (WAIT_UNTIL)
[001438] MMIO_RD size=4 addr=0x0e40 (RBBM_STATUS)
[001439] STATUS_RD RBBM_STATUS -> 0x00000040 (idle, 64 free)
[001440] MMIO_RD size=4 addr=0x1720 (WAIT_UNTIL)
[001441] MMIO_RD size=4 addr=0x0e40 (RBBM_STATUS)
[001442] STATUS_RD RBBM_STATUS -> 0x00000040 (idle, 64 free)
[001443] MMIO_RD size=4 addr=0x1720 (WAIT_UNTIL)
[001444] MMIO_RD size=4 addr=0x0e40 (RBBM_STATUS)
[001445] STATUS_RD RBBM_STATUS -> 0x00000040 (idle, 64 free)
[001446] MMIO_RD size=4 addr=0x1720 (WAIT_UNTIL)
[001447] MMIO_RD size=4 addr=0x0e40 (RBBM_STATUS)
[001448] STATUS_RD RBBM_STATUS -> 0x00000040 (idle, 64 free)
[001449] MMIO_RD size=4 addr=0x1720 (WAIT_UNTIL)
[001450] MMIO_RD size=4 addr=0x0e40 (RBBM_STATUS)
[001451] STATUS_RD RBBM_STATUS -> 0x00000040 (idle, 64 free)
[001452] MMIO_RD size=4 addr=0x1720 (WAIT_UNTIL)
[001453] MMIO_RD size=4 addr=0x0e40 (RBBM_STATUS)
[001454] STATUS_RD RBBM_STATUS -> 0x00000040 (idle, 64 free)
[001455] MMIO_RD size=4 addr=0x1720 (WAIT_UNTIL)
[001456] MMIO_RD size=4 addr=0x0e40 (RBBM_STATUS)
[001457] STATUS_RD RBBM_STATUS -> 0x00000040 (idle, 64 free)
[001458] MMIO_RD size=4 addr=0x1720 (WAIT_UNTIL)
[001459] MMIO_RD size=4 addr=0x0e40 (RBBM_STATUS)
[001460] STATUS_RD RBBM_STATUS -> 0x00000040 (idle, 64 free)
[001461] MMIO_RD size=4 addr=0x1720 (WAIT_UNTIL)
[001462] MMIO_RD size=4 addr=0x0e40 (RBBM_STATUS)
[001463] STATUS_RD RBBM_STATUS -> 0x00000040 (idle, 64 free)
[001464] MMIO_RD size=4 addr=0x1720 (WAIT_UNTIL)
[001465] MMIO_RD size=4 addr=0x0e40 (RBBM_STATUS)
[001466] STATUS_RD RBBM_STATUS -> 0x00000040 (idle, 64 free)
[001467] MMIO_RD size=4 addr=0x1720 (WAIT_UNTIL)
[001468] MMIO_RD size=4 addr=0x0e40 (RBBM_STATUS)
[001469] STATUS_RD RBBM_STATUS -> 0x00000040 (idle, 64 free)
[001470] MMIO_RD size=4 addr=0x1720 (WAIT_UNTIL)
[001471] MMIO_RD size=4 addr=0x0e40 (RBBM_STATUS)
[001472] STATUS_RD RBBM_STATUS -> 0x00000040 (idle, 64 free)
[001473] MMIO_RD size=4 addr=0x1720 (WAIT_UNTIL)
[001474] MMIO_RD size=4 addr=0x0e40 (RBBM_STATUS)
[001475] STATUS_RD RBBM_STATUS -> 0x00000040 (idle, 64 free)
[001476] MMIO_RD size=4 addr=0x1720 (WAIT_UNTIL)
[001477] MMIO_RD size=4 addr=0x0e40 (RBBM_STATUS)
[001478] STATUS_RD RBBM_STATUS -> 0x00000040 (idle, 64 free)
[001479] MMIO_RD size=4 addr=0x1720 (WAIT_UNTIL)
[001480] MMIO_RD size=4 addr=0x0e40 (RBBM_STATUS)
[001481] STATUS_RD RBBM_STATUS -> 0x00000040 (idle, 64 free)
[001482] MMIO_RD size=4 addr=0x1720 (WAIT_UNTIL)
[001483] MMIO_RD size=4 addr=0x0e40 (RBBM_STATUS)
[001484] STATUS_RD RBBM_STATUS -> 0x00000040 (idle, 64 free)
[001485] MMIO_RD size=4 addr=0x1720 (WAIT_UNTIL)
[001486] MMIO_RD size=4 addr=0x0e40 (RBBM_STATUS)
[001487] STATUS_RD RBBM_STATUS -> 0x00000040 (idle, 64 free)
[001488] MMIO_RD size=4 addr=0x1720 (WAIT_UNTIL)
[001489] MMIO_RD size=4 addr=0x0e40 (RBBM_STATUS)
[001490] STATUS_RD RBBM_STATUS -> 0x00000040 (idle, 64 free)
[001491] MMIO_RD size=4 addr=0x1720 (WAIT_UNTIL)
[001492] MMIO_RD size=4 addr=0x0e40 (RBBM_STATUS)
[001493] STATUS_RD RBBM_STATUS -> 0x00000040 (idle, 64 free)
[001494] MMIO_RD size=4 addr=0x1720 (WAIT_UNTIL)
[001495] MMIO_RD size=4 addr=0x0e40 (RBBM_STATUS)
[001496] STATUS_RD RBBM_STATUS -> 0x00000040 (idle, 64 free)
[001497] MMIO_RD size=4 addr=0x1720 (WAIT_UNTIL)
[001498] MMIO_RD size=4 addr=0x0e40 (RBBM_STATUS)
[001499] STATUS_RD RBBM_STATUS -> 0x00000040 (idle, 64 free)
[001500] MMIO_RD size=4 addr=0x1720 (WAIT_UNTIL)
[001501] MMIO_RD size=4 addr=0x0e40 (RBBM_STATUS)
[001502] STATUS_RD RBBM_STATUS -> 0x00000040 (idle, 64 free)
[001503] MMIO_RD size=4 addr=0x1720 (WAIT_UNTIL)
[001504] MMIO_RD size=4 addr=0x0e40 (RBBM_STATUS)
[001505] STATUS_RD RBBM_STATUS -> 0x00000040 (idle, 64 free)
[001506] MMIO_RD size=4 addr=0x1720 (WAIT_UNTIL)
[001507] MMIO_RD size=4 addr=0x0e40 (RBBM_STATUS)
[001508] STATUS_RD RBBM_STATUS -> 0x00000040 (idle, 64 free)
[001509] MMIO_RD size=4 addr=0x1720 (WAIT_UNTIL)
[001510] MMIO_RD size=4 addr=0x0e40 (RBBM_STATUS)
[001511] STATUS_RD RBBM_STATUS -> 0x00000040 (idle, 64 free)
[001512] MMIO_RD size=4 addr=0x1720 (WAIT_UNTIL)
[001513] MMIO_RD size=4 addr=0x0e40 (RBBM_STATUS)
[001514] STATUS_RD RBBM_STATUS -> 0x00000040 (idle, 64 free)
[001515] MMIO_RD size=4 addr=0x1720 (WAIT_UNTIL)
[001516] MMIO_RD size=4 addr=0x0e40 (RBBM_STATUS)
[001517] STATUS_RD RBBM_STATUS -> 0x00000040 (idle, 64 free)
[001518] MMIO_RD size=4 addr=0x1720 (WAIT_UNTIL)
[001519] MMIO_RD size=4 addr=0x0e40 (RBBM_STATUS)
[001520] STATUS_RD RBBM_STATUS -> 0x00000040 (idle, 64 free)
[001521] MMIO_RD size=4 addr=0x1720 (WAIT_UNTIL)
[001522] MMIO_RD size=4 addr=0x0e40 (RBBM_STATUS)
[001523] STATUS_RD RBBM_STATUS -> 0x00000040 (idle, 64 free)
[001524] MMIO_RD size=4 addr=0x1720 (WAIT_UNTIL)
[001525] MMIO_RD size=4 addr=0x0e40 (RBBM_STATUS)
[001526] STATUS_RD RBBM_STATUS -> 0x00000040 (idle, 64 free)
[001527] MMIO_RD size=4 addr=0x1720 (WAIT_UNTIL)
[001528] MMIO_RD size=4 addr=0x0e40 (RBBM_STATUS)
[001529] STATUS_RD RBBM_STATUS -> 0x00000040 (idle, 64 free)
[001530] MMIO_RD size=4 addr=0x1720 (WAIT_UNTIL)
[001531] MMIO_RD size=4 addr=0x0e40 (RBBM_STATUS)
[001532] STATUS_RD RBBM_STATUS -> 0x00000040 (idle, 64 free)
[001533] MMIO_RD size=4 addr=0x1720 (WAIT_UNTIL)
[001534] MMIO_RD size=4 addr=0x0e40 (RBBM_STATUS)
[001535] STATUS_RD RBBM_STATUS -> 0x00000040 (idle, 64 free)
[001536] MMIO_RD size=4 addr=0x1720 (WAIT_UNTIL)
[001537] MMIO_RD size=4 addr=0x0e40 (RBBM_STATUS)
[001538] STATUS_RD RBBM_STATUS -> 0x00000040 (idle, 64 free)
[001539] MMIO_RD size=4 addr=0x1720 (WAIT_UNTIL)
[001540] MMIO_RD size=4 addr=0x0e40 (RBBM_STATUS)
[001541] STATUS_RD RBBM_STATUS -> 0x00000040 (idle, 64 free)
[001542] MMIO_RD size=4 addr=0x1720 (WAIT_UNTIL)
[001543] MMIO_RD size=4 addr=0x0e40 (RBBM_STATUS)
[001544] STATUS_RD RBBM_STATUS -> 0x00000040 (idle, 64 free)
[001545] MMIO_RD size=4 addr=0x1720 (WAIT_UNTIL)
[001546] MMIO_RD size=4 addr=0x0e40 (RBBM_STATUS)
[001547] STATUS_RD RBBM_STATUS -> 0x00000040 (idle, 64 free)
[001548] MMIO_RD size=4 addr=0x1720 (WAIT_UNTIL)
[001549] MMIO_RD size=4 addr=0x0e40 (RBBM_STATUS)
[001550] STATUS_RD RBBM_STATUS -> 0x00000040 (idle, 64 free)
[001551] MMIO_RD size=4 addr=0x1720 (WAIT_UNTIL)
[001552] MMIO_RD size=4 addr=0x0e40 (RBBM_STATUS)
[001553] STATUS_RD RBBM_STATUS -> 0x00000040 (idle, 64 free)
[001554] MMIO_RD size=4 addr=0x1720 (WAIT_UNTIL)
[001555] MMIO_RD size=4 addr=0x0e40 (RBBM_STATUS)
[001556] STATUS_RD RBBM_STATUS -> 0x00000040 (idle, 64 free)
[001557] MMIO_RD size=4 addr=0x1720 (WAIT_UNTIL)
[001558] MMIO_RD size=4 addr=0x0e40 (RBBM_STATUS)
[001559] STATUS_RD RBBM_STATUS -> 0x00000040 (idle, 64 free)
[001560] MMIO_RD size=4 addr=0x1720 (WAIT_UNTIL)
[001561] MMIO_RD size=4 addr=0x0e40 (RBBM_STATUS)
[001562] STATUS_RD RBBM_STATUS -> 0x00000040 (idle, 64 free)
[001563] MMIO_RD size=4 addr=0x1720 (WAIT_UNTIL)
[001564] MMIO_RD size=4 addr=0x0e40 (RBBM_STATUS)
[001565] STATUS_RD RBBM_STATUS -> 0x00000040 (idle, 64 free)
[001566] MMIO_RD size=4 addr=0x1720 (WAIT_UNTIL)
[001567] MMIO_RD size=4 addr=0x0e40 (RBBM_STATUS)
[001568] STATUS_RD RBBM_STATUS -> 0x00000040 (idle, 64 free)
[001569] MMIO_RD size=4 addr=0x1720 (WAIT_UNTIL)
[001570] MMIO_RD size=4 addr=0x0e40 (RBBM_STATUS)
[001571] STATUS_RD RBBM_STATUS -> 0x00000040 (idle, 64 free)
[001572] MMIO_RD size=4 addr=0x1720 (WAIT_UNTIL)
[001573] MMIO_RD size=4 addr=0x0e40 (RBBM_STATUS)
[001574] STATUS_RD RBBM_STATUS -> 0x00000040 (idle, 64 free)
[001575] MMIO_RD size=4 addr=0x1720 (WAIT_UNTIL)
[001576] MMIO_RD size=4 addr=0x0e40 (RBBM_STATUS)
[001577] STATUS_RD RBBM_STATUS -> 0x00000040 (idle, 64 free)
[001578] MMIO_RD size=4 addr=0x1720 (WAIT_UNTIL)
[001579] MMIO_RD size=4 addr=0x0e40 (RBBM_STATUS)
[001580] STATUS_RD RBBM_STATUS -> 0x00000040 (idle, 64 free)
[001581] MMIO_RD size=4 addr=0x1720 (WAIT_UNTIL)
[001582] MMIO_RD size=4 addr=0x0e40 (RBBM_STATUS)
[001583] STATUS_RD RBBM_STATUS -> 0x00000040 (idle, 64 free)
[001584] MMIO_RD size=4 addr=0x1720 (WAIT_UNTIL)
[001585] MMIO_RD size=4 addr=0x0e40 (RBBM_STATUS)
[001586] STATUS_RD RBBM_STATUS -> 0x00000040 (idle, 64 free)
[001587] MMIO_RD size=4 addr=0x1720 (WAIT_UNTIL)
[001588] MMIO_RD size=4 addr=0x0e40 (RBBM_STATUS)
[001589] STATUS_RD RBBM_STATUS -> 0x00000040 (idle, 64 free)
[001590] MMIO_RD size=4 addr=0x1720 (WAIT_UNTIL)
[001591] MMIO_RD size=4 addr=0x0e40 (RBBM_STATUS)
[001592] STATUS_RD RBBM_STATUS -> 0x00000040 (idle, 64 free)
[001593] MMIO_RD size=4 addr=0x1720 (WAIT_UNTIL)
[001594] MMIO_RD size=4 addr=0x0e40 (RBBM_STATUS)
[001595] STATUS_RD RBBM_STATUS -> 0x00000040 (idle, 64 free)
[001596] MMIO_RD size=4 addr=0x1720 (WAIT_UNTIL)
[001597] MMIO_RD size=4 addr=0x0e40 (RBBM_STATUS)
[001598] STATUS_RD RBBM_STATUS -> 0x00000040 (idle, 64 free)
[001599] MMIO_RD size=4 addr=0x1720 (WAIT_UNTIL)
[001600] MMIO_RD size=4 addr=0x0e40 (RBBM_STATUS)
[001601] STATUS_RD RBBM_STATUS -> 0x00000040 (idle, 64 free)
[001602] MMIO_RD size=4 addr=0x1720 (WAIT_UNTIL)
[001603] MMIO_RD size=4 addr=0x0e40 (RBBM_STATUS)
[001604] STATUS_RD RBBM_STATUS -> 0x00000040 (idle, 64 free)
[001605] MMIO_RD size=4 addr=0x1720 (WAIT_UNTIL)
[001606] MMIO_RD size=4 addr=0x0e40 (RBBM_STATUS)
[001607] STATUS_RD RBBM_STATUS -> 0x00000040 (idle, 64 free)
[001608] MMIO_RD size=4 addr=0x1720 (WAIT_UNTIL)
[001609] MMIO_RD size=4 addr=0x0e40 (RBBM_STATUS)
[001610] STATUS_RD RBBM_STATUS -> 0x00000040 (idle, 64 free)
[001611] MMIO_RD size=4 addr=0x1720 (WAIT_UNTIL)
[001612] MMIO_RD size=4 addr=0x0e40 (RBBM_STATUS)
[001613] STATUS_RD RBBM_STATUS -> 0x00000040 (idle, 64 free)
[001614] MMIO_RD size=4 addr=0x1720 (WAIT_UNTIL)
[001615] MMIO_RD size=4 addr=0x0e40 (RBBM_STATUS)
[001616] STATUS_RD RBBM_STATUS -> 0x00000040 (idle, 64 free)
[001617] MMIO_RD size=4 addr=0x1720 (WAIT_UNTIL)
[001618] MMIO_RD size=4 addr=0x0e40 (RBBM_STATUS)
[001619] STATUS_RD RBBM_STATUS -> 0x00000040 (idle, 64 free)
[001620] MMIO_RD size=4 addr=0x1720 (WAIT_UNTIL)
[001621] MMIO_RD size=4 addr=0x0e40 (RBBM_STATUS)
[001622] STATUS_RD RBBM_STATUS -> 0x00000040 (idle, 64 free)
[001623] MMIO_RD size=4 addr=0x1720 (WAIT_UNTIL)
[001624] MMIO_RD size=4 addr=0x0e40 (RBBM_STATUS)
[001625] STATUS_RD RBBM_STATUS -> 0x00000040 (idle, 64 free)
[001626] MMIO_RD size=4 addr=0x1720 (WAIT_UNTIL)
[001627] MMIO_RD size=4 addr=0x0e40 (RBBM_STATUS)
[001628] STATUS_RD RBBM_STATUS -> 0x00000040 (idle, 64 free)
[001629] MMIO_RD size=4 addr=0x1720 (WAIT_UNTIL)
[001630] MMIO_RD size=4 addr=0x0e40 (RBBM_STATUS)
[001631] STATUS_RD RBBM_STATUS -> 0x00000040 (idle, 64 free)
[001632] MMIO_RD size=4 addr=0x1720 (WAIT_UNTIL)
[001633] MMIO_RD size=4 addr=0x0e40 (RBBM_STATUS)
[001634] STATUS_RD RBBM_STATUS -> 0x00000040 (idle, 64 free)
[001635] MMIO_RD size=4 addr=0x1720 (WAIT_UNTIL)
[001636] MMIO_RD size=4 addr=0x0e40 (RBBM_STATUS)
[001637] STATUS_RD RBBM_STATUS -> 0x00000040 (idle, 64 free)
[001638] MMIO_RD size=4 addr=0x1720 (WAIT_UNTIL)
[001639] MMIO_RD size=4 addr=0x0e40 (RBBM_STATUS)
[001640] STATUS_RD RBBM_STATUS -> 0x00000040 (idle, 64 free)
[001641] MMIO_RD size=4 addr=0x1720 (WAIT_UNTIL)
[001642] MMIO_RD size=4 addr=0x0e40 (RBBM_STATUS)
[001643] STATUS_RD RBBM_STATUS -> 0x00000040 (idle, 64 free)
[001644] MMIO_RD size=4 addr=0x1720 (WAIT_UNTIL)
[001645] MMIO_RD size=4 addr=0x0e40 (RBBM_STATUS)
[001646] STATUS_RD RBBM_STATUS -> 0x00000040 (idle, 64 free)
[001647] MMIO_RD size=4 addr=0x1720 (WAIT_UNTIL)
[001648] MMIO_RD size=4 addr=0x0e40 (RBBM_STATUS)
[001649] STATUS_RD RBBM_STATUS -> 0x00000040 (idle, 64 free)
[001650] MMIO_RD size=4 addr=0x1720 (WAIT_UNTIL)
[001651] MMIO_RD size=4 addr=0x0e40 (RBBM_STATUS)
[001652] STATUS_RD RBBM_STATUS -> 0x00000040 (idle, 64 free)
[001653] MMIO_RD size=4 addr=0x1720 (WAIT_UNTIL)
[001654] MMIO_RD size=4 addr=0x0e40 (RBBM_STATUS)
[001655] STATUS_RD RBBM_STATUS -> 0x00000040 (idle, 64 free)
[001656] MMIO_RD size=4 addr=0x1720 (WAIT_UNTIL)
[001657] MMIO_RD size=4 addr=0x0e40 (RBBM_STATUS)
[001658] STATUS_RD RBBM_STATUS -> 0x00000040 (idle, 64 free)
[001659] MMIO_RD size=4 addr=0x1720 (WAIT_UNTIL)
[001660] MMIO_RD size=4 addr=0x0e40 (RBBM_STATUS)
[001661] STATUS_RD RBBM_STATUS -> 0x00000040 (idle, 64 free)
[001662] MMIO_RD size=4 addr=0x1720 (WAIT_UNTIL)
[001663] MMIO_RD size=4 addr=0x0e40 (RBBM_STATUS)
[001664] STATUS_RD RBBM_STATUS -> 0x00000040 (idle, 64 free)
[001665] MMIO_RD size=4 addr=0x1720 (WAIT_UNTIL)
[001666] MMIO_RD size=4 addr=0x0e40 (RBBM_STATUS)
[001667] STATUS_RD RBBM_STATUS -> 0x00000040 (idle, 64 free)
[001668] MMIO_RD size=4 addr=0x1720 (WAIT_UNTIL)
[001669] MMIO_RD size=4 addr=0x0e40 (RBBM_STATUS)
[001670] STATUS_RD RBBM_STATUS -> 0x00000040 (idle, 64 free)
[001671] MMIO_RD size=4 addr=0x1720 (WAIT_UNTIL)
[001672] MMIO_RD size=4 addr=0x0e40 (RBBM_STATUS)
[001673] STATUS_RD RBBM_STATUS -> 0x00000040 (idle, 64 free)
[001674] MMIO_RD size=4 addr=0x1720 (WAIT_UNTIL)
[001675] MMIO_RD size=4 addr=0x0e40 (RBBM_STATUS)
[001676] STATUS_RD RBBM_STATUS -> 0x00000040 (idle, 64 free)
[001677] MMIO_RD size=4 addr=0x1720 (WAIT_UNTIL)
[001678] MMIO_RD size=4 addr=0x0e40 (RBBM_STATUS)
[001679] STATUS_RD RBBM_STATUS -> 0x00000040 (idle, 64 free)
[001680] MMIO_RD size=4 addr=0x1720 (WAIT_UNTIL)
[001681] MMIO_RD size=4 addr=0x0e40 (RBBM_STATUS)
[001682] STATUS_RD RBBM_STATUS -> 0x00000040 (idle, 64 free)
[001683] MMIO_RD size=4 addr=0x1720 (WAIT_UNTIL)
[001684] MMIO_RD size=4 addr=0x0e40 (RBBM_STATUS)
[001685] STATUS_RD RBBM_STATUS -> 0x00000040 (idle, 64 free)
[001686] MMIO_RD size=4 addr=0x1720 (WAIT_UNTIL)
[001687] MMIO_RD size=4 addr=0x0e40 (RBBM_STATUS)
[001688] STATUS_RD RBBM_STATUS -> 0x00000040 (idle, 64 free)
[001689] MMIO_RD size=4 addr=0x1720 (WAIT_UNTIL)
[001690] MMIO_RD size=4 addr=0x0e40 (RBBM_STATUS)
[001691] STATUS_RD RBBM_STATUS -> 0x00000040 (idle, 64 free)
[001692] MMIO_RD size=4 addr=0x1720 (WAIT_UNTIL)
[001693] MMIO_RD size=4 addr=0x0e40 (RBBM_STATUS)
[001694] STATUS_RD RBBM_STATUS -> 0x00000040 (idle, 64 free)
[001695] MMIO_RD size=4 addr=0x1720 (WAIT_UNTIL)
[001696] MMIO_RD size=4 addr=0x0e40 (RBBM_STATUS)
[001697] STATUS_RD RBBM_STATUS -> 0x00000040 (idle, 64 free)
[001698] MMIO_RD size=4 addr=0x1720 (WAIT_UNTIL)
[001699] MMIO_RD size=4 addr=0x0e40 (RBBM_STATUS)
[001700] STATUS_RD RBBM_STATUS -> 0x00000040 (idle, 64 free)
[001701] MMIO_RD size=4 addr=0x1720 (WAIT_UNTIL)
[001702] MMIO_RD size=4 addr=0x0e40 (RBBM_STATUS)
[001703] STATUS_RD RBBM_STATUS -> 0x00000040 (idle, 64 free)
[001704] MMIO_RD size=4 addr=0x1720 (WAIT_UNTIL)
[001705] MMIO_RD size=4 addr=0x0e40 (RBBM_STATUS)
[001706] STATUS_RD RBBM_STATUS -> 0x00000040 (idle, 64 free)
[001707] MMIO_RD size=4 addr=0x1720 (WAIT_UNTIL)
[001708] MMIO_RD size=4 addr=0x0e40 (RBBM_STATUS)
[001709] STATUS_RD RBBM_STATUS -> 0x00000040 (idle, 64 free)
[001710] MMIO_RD size=4 addr=0x1720 (WAIT_UNTIL)
[001711] MMIO_RD size=4 addr=0x0e40 (RBBM_STATUS)
[001712] STATUS_RD RBBM_STATUS -> 0x00000040 (idle, 64 free)
[001713] MMIO_RD size=4 addr=0x1720 (WAIT_UNTIL)
[001714] MMIO_RD size=4 addr=0x0e40 (RBBM_STATUS)
[001715] STATUS_RD RBBM_STATUS -> 0x00000040 (idle, 64 free)
[001716] MMIO_RD size=4 addr=0x1720 (WAIT_UNTIL)
[001717] MMIO_RD size=4 addr=0x0e40 (RBBM_STATUS)
[001718] STATUS_RD RBBM_STATUS -> 0x00000040 (idle, 64 free)
[001719] MMIO_RD size=4 addr=0x1720 (WAIT_UNTIL)
[001720] MMIO_RD size=4 addr=0x0e40 (RBBM_STATUS)
[001721] STATUS_RD RBBM_STATUS -> 0x00000040 (idle, 64 free)
[001722] MMIO_RD size=4 addr=0x1720 (WAIT_UNTIL)
[001723] MMIO_RD size=4 addr=0x0e40 (RBBM_STATUS)
[001724] STATUS_RD RBBM_STATUS -> 0x00000040 (idle, 64 free)
[001725] MMIO_RD size=4 addr=0x1720 (WAIT_UNTIL)
[001726] MMIO_RD size=4 addr=0x0e40 (RBBM_STATUS)
[001727] STATUS_RD RBBM_STATUS -> 0x00000040 (idle, 64 free)
[001728] MMIO_RD size=4 addr=0x1720 (WAIT_UNTIL)
[001729] MMIO_RD size=4 addr=0x0e40 (RBBM_STATUS)
[001730] STATUS_RD RBBM_STATUS -> 0x00000040 (idle, 64 free)
[001731] MMIO_RD size=4 addr=0x1720 (WAIT_UNTIL)
[001732] MMIO_RD size=4 addr=0x0e40 (RBBM_STATUS)
[001733] STATUS_RD RBBM_STATUS -> 0x00000040 (idle, 64 free)
[001734] MMIO_RD size=4 addr=0x1720 (WAIT_UNTIL)
[001735] MMIO_RD size=4 addr=0x0e40 (RBBM_STATUS)
[001736] STATUS_RD RBBM_STATUS -> 0x00000040 (idle, 64 free)
[001737] MMIO_RD size=4 addr=0x1720 (WAIT_UNTIL)
[001738] MMIO_RD size=4 addr=0x0e40 (RBBM_STATUS)
[001739] STATUS_RD RBBM_STATUS -> 0x00000040 (idle, 64 free)
[001740] MMIO_RD size=4 addr=0x1720 (WAIT_UNTIL)
[001741] MMIO_RD size=4 addr=0x0e40 (RBBM_STATUS)
[001742] STATUS_RD RBBM_STATUS -> 0x00000040 (idle, 64 free)
[001743] MMIO_RD size=4 addr=0x1720 (WAIT_UNTIL)
[001744] MMIO_RD size=4 addr=0x0e40 (RBBM_STATUS)
[001745] STATUS_RD RBBM_STATUS -> 0x00000040 (idle, 64 free)
[001746] MMIO_RD size=4 addr=0x1720 (WAIT_UNTIL)
[001747] MMIO_RD size=4 addr=0x0e40 (RBBM_STATUS)
[001748] STATUS_RD RBBM_STATUS -> 0x00000040 (idle, 64 free)
[001749] MMIO_RD size=4 addr=0x1720 (WAIT_UNTIL)
[001750] MMIO_RD size=4 addr=0x0e40 (RBBM_STATUS)
[001751] STATUS_RD RBBM_STATUS -> 0x00000040 (idle, 64 free)
[001752] MMIO_RD size=4 addr=0x1720 (WAIT_UNTIL)
[001753] MMIO_RD size=4 addr=0x0e40 (RBBM_STATUS)
[001754] STATUS_RD RBBM_STATUS -> 0x00000040 (idle, 64 free)
[001755] MMIO_RD size=4 addr=0x1720 (WAIT_UNTIL)
[001756] MMIO_RD size=4 addr=0x0e40 (RBBM_STATUS)
[001757] STATUS_RD RBBM_STATUS -> 0x00000040 (idle, 64 free)
[001758] MMIO_RD size=4 addr=0x1720 (WAIT_UNTIL)
[001759] MMIO_RD size=4 addr=0x0e40 (RBBM_STATUS)
[001760] STATUS_RD RBBM_STATUS -> 0x00000040 (idle, 64 free)
[001761] MMIO_RD size=4 addr=0x1720 (WAIT_UNTIL)
[001762] MMIO_RD size=4 addr=0x0e40 (RBBM_STATUS)
[001763] STATUS_RD RBBM_STATUS -> 0x00000040 (idle, 64 free)
[001764] MMIO_RD size=4 addr=0x1720 (WAIT_UNTIL)
[001765] MMIO_RD size=4 addr=0x0e40 (RBBM_STATUS)
[001766] STATUS_RD RBBM_STATUS -> 0x00000040 (idle, 64 free)
[001767] MMIO_RD size=4 addr=0x1720 (WAIT_UNTIL)
[001768] MMIO_RD size=4 addr=0x0e40 (RBBM_STATUS)
[001769] STATUS_RD RBBM_STATUS -> 0x00000040 (idle, 64 free)
[001770] MMIO_RD size=4 addr=0x1720 (WAIT_UNTIL)
[001771] MMIO_RD size=4 addr=0x0e40 (RBBM_STATUS)
[001772] STATUS_RD RBBM_STATUS -> 0x00000040 (idle, 64 free)
[001773] MMIO_RD size=4 addr=0x1720 (WAIT_UNTIL)
[001774] MMIO_RD size=4 addr=0x0e40 (RBBM_STATUS)
[001775] STATUS_RD RBBM_STATUS -> 0x00000040 (idle, 64 free)
[001776] MMIO_RD size=4 addr=0x1720 (WAIT_UNTIL)
[001777] MMIO_RD size=4 addr=0x0e40 (RBBM_STATUS)
[001778] STATUS_RD RBBM_STATUS -> 0x00000040 (idle, 64 free)
[001779] MMIO_RD size=4 addr=0x1720 (WAIT_UNTIL)
[001780] MMIO_RD size=4 addr=0x0e40 (RBBM_STATUS)
[001781] STATUS_RD RBBM_STATUS -> 0x00000040 (idle, 64 free)
[001782] MMIO_RD size=4 addr=0x1720 (WAIT_UNTIL)
[001783] MMIO_RD size=4 addr=0x0e40 (RBBM_STATUS)
[001784] STATUS_RD RBBM_STATUS -> 0x00000040 (idle, 64 free)
[001785] MMIO_RD size=4 addr=0x1720 (WAIT_UNTIL)
[001786] MMIO_RD size=4 addr=0x0e40 (RBBM_STATUS)
[001787] STATUS_RD RBBM_STATUS -> 0x00000040 (idle, 64 free)
[001788] MMIO_RD size=4 addr=0x1720 (WAIT_UNTIL)
[001789] MMIO_RD size=4 addr=0x0e40 (RBBM_STATUS)
[001790] STATUS_RD RBBM_STATUS -> 0x00000040 (idle, 64 free)
[001791] MMIO_RD size=4 addr=0x1720 (WAIT_UNTIL)
[001792] MMIO_RD size=4 addr=0x0e40 (RBBM_STATUS)
[001793] STATUS_RD RBBM_STATUS -> 0x00000040 (idle, 64 free)
[001794] MMIO_RD size=4 addr=0x1720 (WAIT_UNTIL)
[001795] MMIO_RD size=4 addr=0x0e40 (RBBM_STATUS)
[001796] STATUS_RD RBBM_STATUS -> 0x00000040 (idle, 64 free)
[001797] MMIO_RD size=4 addr=0x1720 (WAIT_UNTIL)
[001798] MMIO_RD size=4 addr=0x0e40 (RBBM_STATUS)
[001799] STATUS_RD RBBM_STATUS -> 0x00000040 (idle, 64 free)
[001800] MMIO_RD size=4 addr=0x1720 (WAIT_UNTIL)
[001801] MMIO_RD size=4 addr=0x0e40 (RBBM_STATUS)
[001802] STATUS_RD RBBM_STATUS -> 0x00000040 (idle, 64 free)
[001803] MMIO_RD size=4 addr=0x1720 (WAIT_UNTIL)
[001804] MMIO_RD size=4 addr=0x0e40 (RBBM_STATUS)
[001805] STATUS_RD RBBM_STATUS -> 0x00000040 (idle, 64 free)
[001806] MMIO_RD size=4 addr=0x1720 (WAIT_UNTIL)
[001807] MMIO_RD size=4 addr=0x0e40 (RBBM_STATUS)
[001808] STATUS_RD RBBM_STATUS -> 0x00000040 (idle, 64 free)
[001809] MMIO_RD size=4 addr=0x1720 (WAIT_UNTIL)
[001810] MMIO_RD size=4 addr=0x0e40 (RBBM_STATUS)
[001811] STATUS_RD RBBM_STATUS -> 0x00000040 (idle, 64 free)
[001812] MMIO_RD size=4 addr=0x1720 (WAIT_UNTIL)
[001813] MMIO_RD size=4 addr=0x0e40 (RBBM_STATUS)
[001814] STATUS_RD RBBM_STATUS -> 0x00000040 (idle, 64 free)
[001815] MMIO_RD size=4 addr=0x1720 (WAIT_UNTIL)
[001816] MMIO_RD size=4 addr=0x0e40 (RBBM_STATUS)
[001817] STATUS_RD RBBM_STATUS -> 0x00000040 (idle, 64 free)
[001818] MMIO_RD size=4 addr=0x1720 (WAIT_UNTIL)
[001819] MMIO_RD size=4 addr=0x0e40 (RBBM_STATUS)
[001820] STATUS_RD RBBM_STATUS -> 0x00000040 (idle, 64 free)
[001821] MMIO_RD size=4 addr=0x1720 (WAIT_UNTIL)
[001822] MMIO_RD size=4 addr=0x0e40 (RBBM_STATUS)
[001823] STATUS_RD RBBM_STATUS -> 0x00000040 (idle, 64 free)
[001824] MMIO_RD size=4 addr=0x1720 (WAIT_UNTIL)
[001825] MMIO_RD size=4 addr=0x0e40 (RBBM_STATUS)
[001826] STATUS_RD RBBM_STATUS -> 0x00000040 (idle, 64 free)
[001827] MMIO_RD size=4 addr=0x1720 (WAIT_UNTIL)
[001828] MMIO_RD size=4 addr=0x0e40 (RBBM_STATUS)
[001829] STATUS_RD RBBM_STATUS -> 0x00000040 (idle, 64 free)
[001830] MMIO_RD size=4 addr=0x1720 (WAIT_UNTIL)
[001831] MMIO_RD size=4 addr=0x0e40 (RBBM_STATUS)
[001832] STATUS_RD RBBM_STATUS -> 0x00000040 (idle, 64 free)
[001833] MMIO_RD size=4 addr=0x1720 (WAIT_UNTIL)
[001834] MMIO_RD size=4 addr=0x0e40 (RBBM_STATUS)
[001835] STATUS_RD RBBM_STATUS -> 0x00000040 (idle, 64 free)
[001836] MMIO_RD size=4 addr=0x1720 (WAIT_UNTIL)
[001837] MMIO_RD size=4 addr=0x0e40 (RBBM_STATUS)
[001838] STATUS_RD RBBM_STATUS -> 0x00000040 (idle, 64 free)
[001839] MMIO_RD size=4 addr=0x1720 (WAIT_UNTIL)
[001840] MMIO_RD size=4 addr=0x0e40 (RBBM_STATUS)
[001841] STATUS_RD RBBM_STATUS -> 0x00000040 (idle, 64 free)
[001842] MMIO_RD size=4 addr=0x1720 (WAIT_UNTIL)
[001843] MMIO_RD size=4 addr=0x0e40 (RBBM_STATUS)
[001844] STATUS_RD RBBM_STATUS -> 0x00000040 (idle, 64 free)
[001845] MMIO_RD size=4 addr=0x1720 (WAIT_UNTIL)
[001846] MMIO_RD size=4 addr=0x0e40 (RBBM_STATUS)
[001847] STATUS_RD RBBM_STATUS -> 0x00000040 (idle, 64 free)
[001848] MMIO_RD size=4 addr=0x1720 (WAIT_UNTIL)
[001849] MMIO_RD size=4 addr=0x0e40 (RBBM_STATUS)
[001850] STATUS_RD RBBM_STATUS -> 0x00000040 (idle, 64 free)
[001851] MMIO_RD size=4 addr=0x1720 (WAIT_UNTIL)
[001852] MMIO_RD size=4 addr=0x0e40 (RBBM_STATUS)
[001853] STATUS_RD RBBM_STATUS -> 0x00000040 (idle, 64 free)
[001854] MMIO_RD size=4 addr=0x1720 (WAIT_UNTIL)
[001855] MMIO_RD size=4 addr=0x0e40 (RBBM_STATUS)
[001856] STATUS_RD RBBM_STATUS -> 0x00000040 (idle, 64 free)
[001857] MMIO_RD size=4 addr=0x1720 (WAIT_UNTIL)
[001858] MMIO_RD size=4 addr=0x0e40 (RBBM_STATUS)
[001859] STATUS_RD RBBM_STATUS -> 0x00000040 (idle, 64 free)
[001860] MMIO_RD size=4 addr=0x1720 (WAIT_UNTIL)
[001861] MMIO_RD size=4 addr=0x0e40 (RBBM_STATUS)
[001862] STATUS_RD RBBM_STATUS -> 0x00000040 (idle, 64 free)
[001863] MMIO_RD size=4 addr=0x1720 (WAIT_UNTIL)
[001864] MMIO_RD size=4 addr=0x0e40 (RBBM_STATUS)
[001865] STATUS_RD RBBM_STATUS -> 0x00000040 (idle, 64 free)
[001866] MMIO_RD size=4 addr=0x1720 (WAIT_UNTIL)
[001867] MMIO_RD size=4 addr=0x0e40 (RBBM_STATUS)
[001868] STATUS_RD RBBM_STATUS -> 0x00000040 (idle, 64 free)
[001869] MMIO_RD size=4 addr=0x1720 (WAIT_UNTIL)
[001870] MMIO_RD size=4 addr=0x0e40 (RBBM_STATUS)
[001871] STATUS_RD RBBM_STATUS -> 0x00000040 (idle, 64 free)
[001872] MMIO_RD size=4 addr=0x1720 (WAIT_UNTIL)
[001873] MMIO_RD size=4 addr=0x0e40 (RBBM_STATUS)
[001874] STATUS_RD RBBM_STATUS -> 0x00000040 (idle, 64 free)
[001875] MMIO_RD size=4 addr=0x1720 (WAIT_UNTIL)
[001876] MMIO_RD size=4 addr=0x0e40 (RBBM_STATUS)
[001877] STATUS_RD RBBM_STATUS -> 0x00000040 (idle, 64 free)
[001878] MMIO_RD size=4 addr=0x1720 (WAIT_UNTIL)
[001879] MMIO_RD size=4 addr=0x0e40 (RBBM_STATUS)
[001880] STATUS_RD RBBM_STATUS -> 0x00000040 (idle, 64 free)
[001881] MMIO_RD size=4 addr=0x1720 (WAIT_UNTIL)
[001882] MMIO_RD size=4 addr=0x0e40 (RBBM_STATUS)
[001883] STATUS_RD RBBM_STATUS -> 0x00000040 (idle, 64 free)
[001884] MMIO_RD size=4 addr=0x1720 (WAIT_UNTIL)
[001885] MMIO_RD size=4 addr=0x0e40 (RBBM_STATUS)
[001886] STATUS_RD RBBM_STATUS -> 0x00000040 (idle, 64 free)
[001887] MMIO_RD size=4 addr=0x1720 (WAIT_UNTIL)
[001888] MMIO_RD size=4 addr=0x0e40 (RBBM_STATUS)
[001889] STATUS_RD RBBM_STATUS -> 0x00000040 (idle, 64 free)
[001890] MMIO_RD size=4 addr=0x1720 (WAIT_UNTIL)
[001891] MMIO_RD size=4 addr=0x0e40 (RBBM_STATUS)
[001892] STATUS_RD RBBM_STATUS -> 0x00000040 (idle, 64 free)
[001893] MMIO_RD size=4 addr=0x1720 (WAIT_UNTIL)
[001894] MMIO_RD size=4 addr=0x0e40 (RBBM_STATUS)
[001895] STATUS_RD RBBM_STATUS -> 0x00000040 (idle, 64 free)
[001896] MMIO_RD size=4 addr=0x1720 (WAIT_UNTIL)
[001897] MMIO_RD size=4 addr=0x0e40 (RBBM_STATUS)
[001898] STATUS_RD RBBM_STATUS -> 0x00000040 (idle, 64 free)
[001899] MMIO_RD size=4 addr=0x1720 (WAIT_UNTIL)
[001900] MMIO_RD size=4 addr=0x0e40 (RBBM_STATUS)
[001901] STATUS_RD RBBM_STATUS -> 0x00000040 (idle, 64 free)
[001902] MMIO_RD size=4 addr=0x1720 (WAIT_UNTIL)
[001903] MMIO_RD size=4 addr=0x0e40 (RBBM_STATUS)
[001904] STATUS_RD RBBM_STATUS -> 0x00000040 (idle, 64 free)
[001905] MMIO_RD size=4 addr=0x1720 (WAIT_UNTIL)
[001906] MMIO_RD size=4 addr=0x0e40 (RBBM_STATUS)
[001907] STATUS_RD RBBM_STATUS -> 0x00000040 (idle, 64 free)
[001908] MMIO_RD size=4 addr=0x1720 (WAIT_UNTIL)
[001909] MMIO_RD size=4 addr=0x0e40 (RBBM_STATUS)
[001910] STATUS_RD RBBM_STATUS -> 0x00000040 (idle, 64 free)
[001911] MMIO_RD size=4 addr=0x1720 (WAIT_UNTIL)
[001912] MMIO_RD size=4 addr=0x0e40 (RBBM_STATUS)
[001913] STATUS_RD RBBM_STATUS -> 0x00000040 (idle, 64 free)
[001914] MMIO_RD size=4 addr=0x1720 (WAIT_UNTIL)
[001915] MMIO_RD size=4 addr=0x0e40 (RBBM_STATUS)
[001916] STATUS_RD RBBM_STATUS -> 0x00000040 (idle, 64 free)
[001917] MMIO_RD size=4 addr=0x1720 (WAIT_UNTIL)
[001918] MMIO_RD size=4 addr=0x0e40 (RBBM_STATUS)
[001919] STATUS_RD RBBM_STATUS -> 0x00000040 (idle, 64 free)
[001920] MMIO_RD size=4 addr=0x1720 (WAIT_UNTIL)
[001921] MMIO_RD size=4 addr=0x0e40 (RBBM_STATUS)
[001922] STATUS_RD RBBM_STATUS -> 0x00000040 (idle, 64 free)
[001923] MMIO_RD size=4 addr=0x1720 (WAIT_UNTIL)
[001924] MMIO_RD size=4 addr=0x0e40 (RBBM_STATUS)
[001925] STATUS_RD RBBM_STATUS -> 0x00000040 (idle, 64 free)
[001926] MMIO_RD size=4 addr=0x1720 (WAIT_UNTIL)
[001927] MMIO_RD size=4 addr=0x0e40 (RBBM_STATUS)
[001928] STATUS_RD RBBM_STATUS -> 0x00000040 (idle, 64 free)
[001929] MMIO_RD size=4 addr=0x1720 (WAIT_UNTIL)
[001930] MMIO_RD size=4 addr=0x0e40 (RBBM_STATUS)
[001931] STATUS_RD RBBM_STATUS -> 0x00000040 (idle, 64 free)
[001932] MMIO_RD size=4 addr=0x1720 (WAIT_UNTIL)
[001933] MMIO_RD size=4 addr=0x0e40 (RBBM_STATUS)
[001934] STATUS_RD RBBM_STATUS -> 0x00000040 (idle, 64 free)
[001935] MMIO_RD size=4 addr=0x1720 (WAIT_UNTIL)
[001936] MMIO_RD size=4 addr=0x0e40 (RBBM_STATUS)
[001937] STATUS_RD RBBM_STATUS -> 0x00000040 (idle, 64 free)
[001938] MMIO_RD size=4 addr=0x1720 (WAIT_UNTIL)
[001939] MMIO_RD size=4 addr=0x0e40 (RBBM_STATUS)
[001940] STATUS_RD RBBM_STATUS -> 0x00000040 (idle, 64 free)
[001941] MMIO_RD size=4 addr=0x1720 (WAIT_UNTIL)
[001942] MMIO_RD size=4 addr=0x0e40 (RBBM_STATUS)
[001943] STATUS_RD RBBM_STATUS -> 0x00000040 (idle, 64 free)
[001944] MMIO_RD size=4 addr=0x1720 (WAIT_UNTIL)
[001945] MMIO_RD size=4 addr=0x0e40 (RBBM_STATUS)
[001946] STATUS_RD RBBM_STATUS -> 0x00000040 (idle, 64 free)
[001947] MMIO_RD size=4 addr=0x1720 (WAIT_UNTIL)
[001948] MMIO_RD size=4 addr=0x0e40 (RBBM_STATUS)
[001949] STATUS_RD RBBM_STATUS -> 0x00000040 (idle, 64 free)
[001950] MMIO_RD size=4 addr=0x1720 (WAIT_UNTIL)
[001951] MMIO_RD size=4 addr=0x0e40 (RBBM_STATUS)
[001952] STATUS_RD RBBM_STATUS -> 0x00000040 (idle, 64 free)
[001953] MMIO_RD size=4 addr=0x1720 (WAIT_UNTIL)
[001954] MMIO_RD size=4 addr=0x0e40 (RBBM_STATUS)
[001955] STATUS_RD RBBM_STATUS -> 0x00000040 (idle, 64 free)
[001956] MMIO_RD size=4 addr=0x1720 (WAIT_UNTIL)
[001957] MMIO_RD size=4 addr=0x0e40 (RBBM_STATUS)
[001958] STATUS_RD RBBM_STATUS -> 0x00000040 (idle, 64 free)
[001959] MMIO_RD size=4 addr=0x1720 (WAIT_UNTIL)
[001960] MMIO_RD size=4 addr=0x0e40 (RBBM_STATUS)
[001961] STATUS_RD RBBM_STATUS -> 0x00000040 (idle, 64 free)
[001962] MMIO_RD size=4 addr=0x1720 (WAIT_UNTIL)
[001963] MMIO_RD size=4 addr=0x0e40 (RBBM_STATUS)
[001964] STATUS_RD RBBM_STATUS -> 0x00000040 (idle, 64 free)
[001965] MMIO_RD size=4 addr=0x1720 (WAIT_UNTIL)
[001966] MMIO_RD size=4 addr=0x0e40 (RBBM_STATUS)
[001967] STATUS_RD RBBM_STATUS -> 0x00000040 (idle, 64 free)
[001968] MMIO_RD size=4 addr=0x1720 (WAIT_UNTIL)
[001969] MMIO_RD size=4 addr=0x0e40 (RBBM_STATUS)
[001970] STATUS_RD RBBM_STATUS -> 0x00000040 (idle, 64 free)
[001971] MMIO_RD size=4 addr=0x1720 (WAIT_UNTIL)
[001972] MMIO_RD size=4 addr=0x0e40 (RBBM_STATUS)
[001973] STATUS_RD RBBM_STATUS -> 0x00000040 (idle, 64 free)
[001974] MMIO_RD size=4 addr=0x1720 (WAIT_UNTIL)
[001975] MMIO_RD size=4 addr=0x0e40 (RBBM_STATUS)
[001976] STATUS_RD RBBM_STATUS -> 0x00000040 (idle, 64 free)
[001977] MMIO_RD size=4 addr=0x1720 (WAIT_UNTIL)
[001978] MMIO_RD size=4 addr=0x0e40 (RBBM_STATUS)
[001979] STATUS_RD RBBM_STATUS -> 0x00000040 (idle, 64 free)
[001980] MMIO_RD size=4 addr=0x1720 (WAIT_UNTIL)
[001981] MMIO_RD size=4 addr=0x0e40 (RBBM_STATUS)
[001982] STATUS_RD RBBM_STATUS -> 0x00000040 (idle, 64 free)
[001983] MMIO_RD size=4 addr=0x1720 (WAIT_UNTIL)
[001984] MMIO_RD size=4 addr=0x0e40 (RBBM_STATUS)
[001985] STATUS_RD RBBM_STATUS -> 0x00000040 (idle, 64 free)
[001986] MMIO_RD size=4 addr=0x1720 (WAIT_UNTIL)
[001987] MMIO_RD size=4 addr=0x0e40 (RBBM_STATUS)
[001988] STATUS_RD RBBM_STATUS -> 0x00000040 (idle, 64 free)
[001989] MMIO_RD size=4 addr=0x1720 (WAIT_UNTIL)
[001990] MMIO_RD size=4 addr=0x0e40 (RBBM_STATUS)
[001991] STATUS_RD RBBM_STATUS -> 0x00000040 (idle, 64 free)
[001992] MMIO_RD size=4 addr=0x1720 (WAIT_UNTIL)
[001993] MMIO_RD size=4 addr=0x0e40 (RBBM_STATUS)
[001994] STATUS_RD RBBM_STATUS -> 0x00000040 (idle, 64 free)
[001995] MMIO_RD size=4 addr=0x1720 (WAIT_UNTIL)
[001996] MMIO_RD size=4 addr=0x0e40 (RBBM_STATUS)
[001997] STATUS_RD RBBM_STATUS -> 0x00000040 (idle, 64 free)
[001998] MMIO_RD size=4 addr=0x1720 (WAIT_UNTIL)
[001999] MMIO_RD size=4 addr=0x0e40 (RBBM_STATUS)
[002000] STATUS_RD RBBM_STATUS -> 0x00000040 (idle, 64 free)
[002001] MMIO_RD size=4 addr=0x1720 (WAIT_UNTIL)
[002002] MMIO_RD size=4 addr=0x0e40 (RBBM_STATUS)
[002003] STATUS_RD RBBM_STATUS -> 0x00000040 (idle, 64 free)
[002004] MMIO_RD size=4 addr=0x1720 (WAIT_UNTIL)
[002005] MMIO_RD size=4 addr=0x0e40 (RBBM_STATUS)
[002006] STATUS_RD RBBM_STATUS -> 0x00000040 (idle, 64 free)
[002007] MMIO_RD size=4 addr=0x1720 (WAIT_UNTIL)
[002008] MMIO_RD size=4 addr=0x0e40 (RBBM_STATUS)
[002009] STATUS_RD RBBM_STATUS -> 0x00000040 (idle, 64 free)
[002010] MMIO_RD size=4 addr=0x1720 (WAIT_UNTIL)
[002011] MMIO_RD size=4 addr=0x0e40 (RBBM_STATUS)
[002012] STATUS_RD RBBM_STATUS -> 0x00000040 (idle, 64 free)
[002013] MMIO_RD size=4 addr=0x1720 (WAIT_UNTIL)
[002014] MMIO_RD size=4 addr=0x0e40 (RBBM_STATUS)
[002015] STATUS_RD RBBM_STATUS -> 0x00000040 (idle, 64 free)
[002016] MMIO_RD size=4 addr=0x1720 (WAIT_UNTIL)
[002017] MMIO_RD size=4 addr=0x0e40 (RBBM_STATUS)
[002018] STATUS_RD RBBM_STATUS -> 0x00000040 (idle, 64 free)
[002019] MMIO_RD size=4 addr=0x1720 (WAIT_UNTIL)
[002020] MMIO_RD size=4 addr=0x0e40 (RBBM_STATUS)
[002021] STATUS_RD RBBM_STATUS -> 0x00000040 (idle, 64 free)
[002022] MMIO_RD size=4 addr=0x1720 (WAIT_UNTIL)
[002023] MMIO_RD size=4 addr=0x0e40 (RBBM_STATUS)
[002024] STATUS_RD RBBM_STATUS -> 0x00000040 (idle, 64 free)
[002025] MMIO_RD size=4 addr=0x1720 (WAIT_UNTIL)
[002026] MMIO_RD size=4 addr=0x0e40 (RBBM_STATUS)
[002027] STATUS_RD RBBM_STATUS -> 0x00000040 (idle, 64 free)
[002028] MMIO_RD size=4 addr=0x1720 (WAIT_UNTIL)
[002029] MMIO_RD size=4 addr=0x0e40 (RBBM_STATUS)
[002030] STATUS_RD RBBM_STATUS -> 0x00000040 (idle, 64 free)
[002031] MMIO_RD size=4 addr=0x1720 (WAIT_UNTIL)
[002032] MMIO_RD size=4 addr=0x0e40 (RBBM_STATUS)
[002033] STATUS_RD RBBM_STATUS -> 0x00000040 (idle, 64 free)
[002034] MMIO_RD size=4 addr=0x1720 (WAIT_UNTIL)
[002035] MMIO_RD size=4 addr=0x0e40 (RBBM_STATUS)
[002036] STATUS_RD RBBM_STATUS -> 0x00000040 (idle, 64 free)
[002037] MMIO_RD size=4 addr=0x1720 (WAIT_UNTIL)
[002038] MMIO_RD size=4 addr=0x0e40 (RBBM_STATUS)
[002039] STATUS_RD RBBM_STATUS -> 0x00000040 (idle, 64 free)
[002040] MMIO_RD size=4 addr=0x1720 (WAIT_UNTIL)
[002041] MMIO_RD size=4 addr=0x0e40 (RBBM_STATUS)
[002042] STATUS_RD RBBM_STATUS -> 0x00000040 (idle, 64 free)
[002043] MMIO_RD size=4 addr=0x1720 (WAIT_UNTIL)
[002044] MMIO_RD size=4 addr=0x0e40 (RBBM_STATUS)
[002045] STATUS_RD RBBM_STATUS -> 0x00000040 (idle, 64 free)
[002046] MMIO_RD size=4 addr=0x1720 (WAIT_UNTIL)
[002047] MMIO_RD size=4 addr=0x0e40 (RBBM_STATUS)
[002048] STATUS_RD RBBM_STATUS -> 0x00000040 (idle, 64 free)
[002049] MMIO_RD size=4 addr=0x1720 (WAIT_UNTIL)
[002050] MMIO_RD size=4 addr=0x0e40 (RBBM_STATUS)
[002051] STATUS_RD RBBM_STATUS -> 0x00000040 (idle, 64 free)
[002052] MMIO_RD size=4 addr=0x1720 (WAIT_UNTIL)
[002053] MMIO_RD size=4 addr=0x0e40 (RBBM_STATUS)
[002054] STATUS_RD RBBM_STATUS -> 0x00000040 (idle, 64 free)
[002055] MMIO_RD size=4 addr=0x1720 (WAIT_UNTIL)
[002056] MMIO_RD size=4 addr=0x0e40 (RBBM_STATUS)
[002057] STATUS_RD RBBM_STATUS -> 0x00000040 (idle, 64 free)
[002058] MMIO_RD size=4 addr=0x1720 (WAIT_UNTIL)
[002059] MMIO_RD size=4 addr=0x0e40 (RBBM_STATUS)
[002060] STATUS_RD RBBM_STATUS -> 0x00000040 (idle, 64 free)
[002061] MMIO_RD size=4 addr=0x1720 (WAIT_UNTIL)
[002062] MMIO_RD size=4 addr=0x0e40 (RBBM_STATUS)
[002063] STATUS_RD RBBM_STATUS -> 0x00000040 (idle, 64 free)
[002064] MMIO_RD size=4 addr=0x1720 (WAIT_UNTIL)
[002065] MMIO_RD size=4 addr=0x0e40 (RBBM_STATUS)
[002066] STATUS_RD RBBM_STATUS -> 0x00000040 (idle, 64 free)
[002067] MMIO_RD size=4 addr=0x1720 (WAIT_UNTIL)
[002068] MMIO_RD size=4 addr=0x0e40 (RBBM_STATUS)
[002069] STATUS_RD RBBM_STATUS -> 0x00000040 (idle, 64 free)
[002070] MMIO_RD size=4 addr=0x1720 (WAIT_UNTIL)
[002071] MMIO_RD size=4 addr=0x0e40 (RBBM_STATUS)
[002072] STATUS_RD RBBM_STATUS -> 0x00000040 (idle, 64 free)
[002073] MMIO_RD size=4 addr=0x1720 (WAIT_UNTIL)
[002074] MMIO_RD size=4 addr=0x0e40 (RBBM_STATUS)
[002075] STATUS_RD RBBM_STATUS -> 0x00000040 (idle, 64 free)
[002076] MMIO_RD size=4 addr=0x1720 (WAIT_UNTIL)
[002077] MMIO_RD size=4 addr=0x0e40 (RBBM_STATUS)
[002078] STATUS_RD RBBM_STATUS -> 0x00000040 (idle, 64 free)
[002079] MMIO_RD size=4 addr=0x1720 (WAIT_UNTIL)
[002080] MMIO_RD size=4 addr=0x0e40 (RBBM_STATUS)
[002081] STATUS_RD RBBM_STATUS -> 0x00000040 (idle, 64 free)
[002082] MMIO_RD size=4 addr=0x1720 (WAIT_UNTIL)
[002083] MMIO_RD size=4 addr=0x0e40 (RBBM_STATUS)
[002084] STATUS_RD RBBM_STATUS -> 0x00000040 (idle, 64 free)
[002085] MMIO_RD size=4 addr=0x1720 (WAIT_UNTIL)
[002086] MMIO_RD size=4 addr=0x0e40 (RBBM_STATUS)
[002087] STATUS_RD RBBM_STATUS -> 0x00000040 (idle, 64 free)
[002088] MMIO_RD size=4 addr=0x1720 (WAIT_UNTIL)
[002089] MMIO_RD size=4 addr=0x0e40 (RBBM_STATUS)
[002090] STATUS_RD RBBM_STATUS -> 0x00000040 (idle, 64 free)
[002091] MMIO_RD size=4 addr=0x1720 (WAIT_UNTIL)
[002092] MMIO_RD size=4 addr=0x0e40 (RBBM_STATUS)
[002093] STATUS_RD RBBM_STATUS -> 0x00000040 (idle, 64 free)
[002094] MMIO_RD size=4 addr=0x1720 (WAIT_UNTIL)
[002095] MMIO_RD size=4 addr=0x0e40 (RBBM_STATUS)
[002096] STATUS_RD RBBM_STATUS -> 0x00000040 (idle, 64 free)
[002097] MMIO_RD size=4 addr=0x1720 (WAIT_UNTIL)
[002098] MMIO_RD size=4 addr=0x0e40 (RBBM_STATUS)
[002099] STATUS_RD RBBM_STATUS -> 0x00000040 (idle, 64 free)
[002100] MMIO_RD size=4 addr=0x1720 (WAIT_UNTIL)
[002101] MMIO_RD size=4 addr=0x0e40 (RBBM_STATUS)
[002102] STATUS_RD RBBM_STATUS -> 0x00000040 (idle, 64 free)
[002103] MMIO_RD size=4 addr=0x1720 (WAIT_UNTIL)
[002104] MMIO_RD size=4 addr=0x0e40 (RBBM_STATUS)
[002105] STATUS_RD RBBM_STATUS -> 0x00000040 (idle, 64 free)
[002106] MMIO_RD size=4 addr=0x1720 (WAIT_UNTIL)
[002107] MMIO_RD size=4 addr=0x0e40 (RBBM_STATUS)
[002108] STATUS_RD RBBM_STATUS -> 0x00000040 (idle, 64 free)
[002109] MMIO_RD size=4 addr=0x1720 (WAIT_UNTIL)
[002110] MMIO_RD size=4 addr=0x0e40 (RBBM_STATUS)
[002111] STATUS_RD RBBM_STATUS -> 0x00000040 (idle, 64 free)
[002112] MMIO_RD size=4 addr=0x1720 (WAIT_UNTIL)
[002113] MMIO_RD size=4 addr=0x0e40 (RBBM_STATUS)
[002114] STATUS_RD RBBM_STATUS -> 0x00000040 (idle, 64 free)
[002115] MMIO_RD size=4 addr=0x1720 (WAIT_UNTIL)
[002116] MMIO_RD size=4 addr=0x0e40 (RBBM_STATUS)
[002117] STATUS_RD RBBM_STATUS -> 0x00000040 (idle, 64 free)
[002118] MMIO_RD size=4 addr=0x1720 (WAIT_UNTIL)
[002119] MMIO_RD size=4 addr=0x0e40 (RBBM_STATUS)
[002120] STATUS_RD RBBM_STATUS -> 0x00000040 (idle, 64 free)
[002121] MMIO_RD size=4 addr=0x1720 (WAIT_UNTIL)
[002122] MMIO_RD size=4 addr=0x0e40 (RBBM_STATUS)
[002123] STATUS_RD RBBM_STATUS -> 0x00000040 (idle, 64 free)
[002124] MMIO_RD size=4 addr=0x1720 (WAIT_UNTIL)
[002125] MMIO_RD size=4 addr=0x0e40 (RBBM_STATUS)
[002126] STATUS_RD RBBM_STATUS -> 0x00000040 (idle, 64 free)
[002127] MMIO_RD size=4 addr=0x1720 (WAIT_UNTIL)
[002128] MMIO_RD size=4 addr=0x0e40 (RBBM_STATUS)
[002129] STATUS_RD RBBM_STATUS -> 0x00000040 (idle, 64 free)
[002130] MMIO_RD size=4 addr=0x1720 (WAIT_UNTIL)
[002131] MMIO_RD size=4 addr=0x0e40 (RBBM_STATUS)
[002132] STATUS_RD RBBM_STATUS -> 0x00000040 (idle, 64 free)
[002133] MMIO_RD size=4 addr=0x1720 (WAIT_UNTIL)
[002134] MMIO_RD size=4 addr=0x0e40 (RBBM_STATUS)
[002135] STATUS_RD RBBM_STATUS -> 0x00000040 (idle, 64 free)
[002136] MMIO_RD size=4 addr=0x1720 (WAIT_UNTIL)
[002137] MMIO_RD size=4 addr=0x0e40 (RBBM_STATUS)
[002138] STATUS_RD RBBM_STATUS -> 0x00000040 (idle, 64 free)
[002139] MMIO_RD size=4 addr=0x1720 (WAIT_UNTIL)
[002140] MMIO_RD size=4 addr=0x0e40 (RBBM_STATUS)
[002141] STATUS_RD RBBM_STATUS -> 0x00000040 (idle, 64 free)
[002142] MMIO_RD size=4 addr=0x1720 (WAIT_UNTIL)
[002143] MMIO_RD size=4 addr=0x0e40 (RBBM_STATUS)
[002144] STATUS_RD RBBM_STATUS -> 0x00000040 (idle, 64 free)
[002145] MMIO_RD size=4 addr=0x1720 (WAIT_UNTIL)
[002146] MMIO_RD size=4 addr=0x0e40 (RBBM_STATUS)
[002147] STATUS_RD RBBM_STATUS -> 0x00000040 (idle, 64 free)
[002148] MMIO_RD size=4 addr=0x1720 (WAIT_UNTIL)
[002149] MMIO_RD size=4 addr=0x0e40 (RBBM_STATUS)
[002150] STATUS_RD RBBM_STATUS -> 0x00000040 (idle, 64 free)
[002151] MMIO_RD size=4 addr=0x1720 (WAIT_UNTIL)
[002152] MMIO_RD size=4 addr=0x0e40 (RBBM_STATUS)
[002153] STATUS_RD RBBM_STATUS -> 0x00000040 (idle, 64 free)
[002154] MMIO_RD size=4 addr=0x1720 (WAIT_UNTIL)
[002155] MMIO_RD size=4 addr=0x0e40 (RBBM_STATUS)
[002156] STATUS_RD RBBM_STATUS -> 0x00000040 (idle, 64 free)
[002157] MMIO_RD size=4 addr=0x1720 (WAIT_UNTIL)
[002158] MMIO_RD size=4 addr=0x0e40 (RBBM_STATUS)
[002159] STATUS_RD RBBM_STATUS -> 0x00000040 (idle, 64 free)
[002160] MMIO_RD size=4 addr=0x1720 (WAIT_UNTIL)
[002161] MMIO_RD size=4 addr=0x0e40 (RBBM_STATUS)
[002162] STATUS_RD RBBM_STATUS -> 0x00000040 (idle, 64 free)
[002163] MMIO_RD size=4 addr=0x1720 (WAIT_UNTIL)
[002164] MMIO_RD size=4 addr=0x0e40 (RBBM_STATUS)
[002165] STATUS_RD RBBM_STATUS -> 0x00000040 (idle, 64 free)
[002166] MMIO_RD size=4 addr=0x1720 (WAIT_UNTIL)
[002167] MMIO_RD size=4 addr=0x0e40 (RBBM_STATUS)
[002168] STATUS_RD RBBM_STATUS -> 0x00000040 (idle, 64 free)
[002169] MMIO_RD size=4 addr=0x1720 (WAIT_UNTIL)
[002170] MMIO_RD size=4 addr=0x0e40 (RBBM_STATUS)
[002171] STATUS_RD RBBM_STATUS -> 0x00000040 (idle, 64 free)
[002172] MMIO_RD size=4 addr=0x1720 (WAIT_UNTIL)
[002173] MMIO_RD size=4 addr=0x0e40 (RBBM_STATUS)
[002174] STATUS_RD RBBM_STATUS -> 0x00000040 (idle, 64 free)
[002175] MMIO_RD size=4 addr=0x1720 (WAIT_UNTIL)
[002176] MMIO_RD size=4 addr=0x0e40 (RBBM_STATUS)
[002177] STATUS_RD RBBM_STATUS -> 0x00000040 (idle, 64 free)
[002178] MMIO_RD size=4 addr=0x1720 (WAIT_UNTIL)
[002179] MMIO_RD size=4 addr=0x0e40 (RBBM_STATUS)
[002180] STATUS_RD RBBM_STATUS -> 0x00000040 (idle, 64 free)
[002181] MMIO_RD size=4 addr=0x1720 (WAIT_UNTIL)
[002182] MMIO_RD size=4 addr=0x0e40 (RBBM_STATUS)
[002183] STATUS_RD RBBM_STATUS -> 0x00000040 (idle, 64 free)
[002184] MMIO_RD size=4 addr=0x1720 (WAIT_UNTIL)
[002185] MMIO_RD size=4 addr=0x0e40 (RBBM_STATUS)
[002186] STATUS_RD RBBM_STATUS -> 0x00000040 (idle, 64 free)
[002187] MMIO_RD size=4 addr=0x1720 (WAIT_UNTIL)
[002188] MMIO_RD size=4 addr=0x0e40 (RBBM_STATUS)
[002189] STATUS_RD RBBM_STATUS -> 0x00000040 (idle, 64 free)
[002190] MMIO_RD size=4 addr=0x1720 (WAIT_UNTIL)
[002191] MMIO_RD size=4 addr=0x0e40 (RBBM_STATUS)
[002192] STATUS_RD RBBM_STATUS -> 0x00000040 (idle, 64 free)
[002193] MMIO_RD size=4 addr=0x1720 (WAIT_UNTIL)
[002194] MMIO_RD size=4 addr=0x0e40 (RBBM_STATUS)
[002195] STATUS_RD RBBM_STATUS -> 0x00000040 (idle, 64 free)
[002196] MMIO_RD size=4 addr=0x1720 (WAIT_UNTIL)
[002197] MMIO_RD size=4 addr=0x0e40 (RBBM_STATUS)
[002198] STATUS_RD RBBM_STATUS -> 0x00000040 (idle, 64 free)
[002199] MMIO_RD size=4 addr=0x1720 (WAIT_UNTIL)
[002200] MMIO_RD size=4 addr=0x0e40 (RBBM_STATUS)
[002201] STATUS_RD RBBM_STATUS -> 0x00000040 (idle, 64 free)
[002202] MMIO_RD size=4 addr=0x1720 (WAIT_UNTIL)
[002203] MMIO_RD size=4 addr=0x0e40 (RBBM_STATUS)
[002204] STATUS_RD RBBM_STATUS -> 0x00000040 (idle, 64 free)
[002205] MMIO_RD size=4 addr=0x1720 (WAIT_UNTIL)
[002206] MMIO_RD size=4 addr=0x0e40 (RBBM_STATUS)
[002207] STATUS_RD RBBM_STATUS -> 0x00000040 (idle, 64 free)
[002208] MMIO_RD size=4 addr=0x1720 (WAIT_UNTIL)
[002209] MMIO_RD size=4 addr=0x0e40 (RBBM_STATUS)
[002210] STATUS_RD RBBM_STATUS -> 0x00000040 (idle, 64 free)
[002211] MMIO_RD size=4 addr=0x1720 (WAIT_UNTIL)
[002212] MMIO_RD size=4 addr=0x0e40 (RBBM_STATUS)
[002213] STATUS_RD RBBM_STATUS -> 0x00000040 (idle, 64 free)
[002214] MMIO_RD size=4 addr=0x1720 (WAIT_UNTIL)
[002215] MMIO_RD size=4 addr=0x0e40 (RBBM_STATUS)
[002216] STATUS_RD RBBM_STATUS -> 0x00000040 (idle, 64 free)
[002217] MMIO_RD size=4 addr=0x1720 (WAIT_UNTIL)
[002218] MMIO_RD size=4 addr=0x0e40 (RBBM_STATUS)
[002219] STATUS_RD RBBM_STATUS -> 0x00000040 (idle, 64 free)
[002220] MMIO_RD size=4 addr=0x1720 (WAIT_UNTIL)
[002221] MMIO_RD size=4 addr=0x0e40 (RBBM_STATUS)
[002222] STATUS_RD RBBM_STATUS -> 0x00000040 (idle, 64 free)
[002223] MMIO_RD size=4 addr=0x1720 (WAIT_UNTIL)
[002224] MMIO_RD size=4 addr=0x0e40 (RBBM_STATUS)
[002225] STATUS_RD RBBM_STATUS -> 0x00000040 (idle, 64 free)
[002226] MMIO_RD size=4 addr=0x1720 (WAIT_UNTIL)
[002227] MMIO_RD size=4 addr=0x0e40 (RBBM_STATUS)
[002228] STATUS_RD RBBM_STATUS -> 0x00000040 (idle, 64 free)
[002229] MMIO_RD size=4 addr=0x1720 (WAIT_UNTIL)
[002230] MMIO_RD size=4 addr=0x0e40 (RBBM_STATUS)
[002231] STATUS_RD RBBM_STATUS -> 0x00000040 (idle, 64 free)
[002232] MMIO_RD size=4 addr=0x1720 (WAIT_UNTIL)
[002233] MMIO_RD size=4 addr=0x0e40 (RBBM_STATUS)
[002234] STATUS_RD RBBM_STATUS -> 0x00000040 (idle, 64 free)
[002235] MMIO_RD size=4 addr=0x1720 (WAIT_UNTIL)
[002236] MMIO_RD size=4 addr=0x0e40 (RBBM_STATUS)
[002237] STATUS_RD RBBM_STATUS -> 0x00000040 (idle, 64 free)
[002238] MMIO_RD size=4 addr=0x1720 (WAIT_UNTIL)
[002239] MMIO_RD size=4 addr=0x0e40 (RBBM_STATUS)
[002240] STATUS_RD RBBM_STATUS -> 0x00000040 (idle, 64 free)
[002241] MMIO_RD size=4 addr=0x1720 (WAIT_UNTIL)
[002242] MMIO_RD size=4 addr=0x0e40 (RBBM_STATUS)
[002243] STATUS_RD RBBM_STATUS -> 0x00000040 (idle, 64 free)
[002244] MMIO_RD size=4 addr=0x1720 (WAIT_UNTIL)
[002245] MMIO_RD size=4 addr=0x0e40 (RBBM_STATUS)
[002246] STATUS_RD RBBM_STATUS -> 0x00000040 (idle, 64 free)
[002247] MMIO_RD size=4 addr=0x1720 (WAIT_UNTIL)
[002248] MMIO_RD size=4 addr=0x0e40 (RBBM_STATUS)
[002249] STATUS_RD RBBM_STATUS -> 0x00000040 (idle, 64 free)
[002250] MMIO_RD size=4 addr=0x1720 (WAIT_UNTIL)
[002251] MMIO_RD size=4 addr=0x0e40 (RBBM_STATUS)
[002252] STATUS_RD RBBM_STATUS -> 0x00000040 (idle, 64 free)
[002253] MMIO_RD size=4 addr=0x1720 (WAIT_UNTIL)
[002254] MMIO_RD size=4 addr=0x0e40 (RBBM_STATUS)
[002255] STATUS_RD RBBM_STATUS -> 0x00000040 (idle, 64 free)
[002256] MMIO_RD size=4 addr=0x1720 (WAIT_UNTIL)
[002257] MMIO_RD size=4 addr=0x0e40 (RBBM_STATUS)
[002258] STATUS_RD RBBM_STATUS -> 0x00000040 (idle, 64 free)
[002259] MMIO_RD size=4 addr=0x1720 (WAIT_UNTIL)
[002260] MMIO_RD size=4 addr=0x0e40 (RBBM_STATUS)
[002261] STATUS_RD RBBM_STATUS -> 0x00000040 (idle, 64 free)
[002262] MMIO_RD size=4 addr=0x1720 (WAIT_UNTIL)
[002263] MMIO_RD size=4 addr=0x0e40 (RBBM_STATUS)
[002264] STATUS_RD RBBM_STATUS -> 0x00000040 (idle, 64 free)
[002265] MMIO_RD size=4 addr=0x1720 (WAIT_UNTIL)
[002266] MMIO_RD size=4 addr=0x0e40 (RBBM_STATUS)
[002267] STATUS_RD RBBM_STATUS -> 0x00000040 (idle, 64 free)
[002268] MMIO_RD size=4 addr=0x1720 (WAIT_UNTIL)
[002269] MMIO_RD size=4 addr=0x0e40 (RBBM_STATUS)
[002270] STATUS_RD RBBM_STATUS -> 0x00000040 (idle, 64 free)
[002271] MMIO_RD size=4 addr=0x1720 (WAIT_UNTIL)
[002272] MMIO_RD size=4 addr=0x0e40 (RBBM_STATUS)
[002273] STATUS_RD RBBM_STATUS -> 0x00000040 (idle, 64 free)
[002274] MMIO_RD size=4 addr=0x1720 (WAIT_UNTIL)
[002275] MMIO_RD size=4 addr=0x0e40 (RBBM_STATUS)
[002276] STATUS_RD RBBM_STATUS -> 0x00000040 (idle, 64 free)
[002277] MMIO_RD size=4 addr=0x1720 (WAIT_UNTIL)
[002278] MMIO_RD size=4 addr=0x0e40 (RBBM_STATUS)
[002279] STATUS_RD RBBM_STATUS -> 0x00000040 (idle, 64 free)
[002280] MMIO_RD size=4 addr=0x1720 (WAIT_UNTIL)
[002281] MMIO_RD size=4 addr=0x0e40 (RBBM_STATUS)
[002282] STATUS_RD RBBM_STATUS -> 0x00000040 (idle, 64 free)
[002283] MMIO_RD size=4 addr=0x1720 (WAIT_UNTIL)
[002284] MMIO_RD size=4 addr=0x0e40 (RBBM_STATUS)
[002285] STATUS_RD RBBM_STATUS -> 0x00000040 (idle, 64 free)
[002286] MMIO_RD size=4 addr=0x1720 (WAIT_UNTIL)
[002287] MMIO_RD size=4 addr=0x0e40 (RBBM_STATUS)
[002288] STATUS_RD RBBM_STATUS -> 0x00000040 (idle, 64 free)
[002289] MMIO_RD size=4 addr=0x1720 (WAIT_UNTIL)
[002290] MMIO_RD size=4 addr=0x0e40 (RBBM_STATUS)
[002291] STATUS_RD RBBM_STATUS -> 0x00000040 (idle, 64 free)
[002292] MMIO_RD size=4 addr=0x1720 (WAIT_UNTIL)
[002293] MMIO_RD size=4 addr=0x0e40 (RBBM_STATUS)
[002294] STATUS_RD RBBM_STATUS -> 0x00000040 (idle, 64 free)
[002295] MMIO_RD size=4 addr=0x1720 (WAIT_UNTIL)
[002296] MMIO_RD size=4 addr=0x0e40 (RBBM_STATUS)
[002297] STATUS_RD RBBM_STATUS -> 0x00000040 (idle, 64 free)
[002298] MMIO_RD size=4 addr=0x1720 (WAIT_UNTIL)
[002299] MMIO_RD size=4 addr=0x0e40 (RBBM_STATUS)
[002300] STATUS_RD RBBM_STATUS -> 0x00000040 (idle, 64 free)
[002301] MMIO_RD size=4 addr=0x1720 (WAIT_UNTIL)
[002302] MMIO_RD size=4 addr=0x0e40 (RBBM_STATUS)
[002303] STATUS_RD RBBM_STATUS -> 0x00000040 (idle, 64 free)
[002304] MMIO_RD size=4 addr=0x1720 (WAIT_UNTIL)
[002305] MMIO_RD size=4 addr=0x0e40 (RBBM_STATUS)
[002306] STATUS_RD RBBM_STATUS -> 0x00000040 (idle, 64 free)
[002307] MMIO_RD size=4 addr=0x1720 (WAIT_UNTIL)
[002308] MMIO_RD size=4 addr=0x0e40 (RBBM_STATUS)
[002309] STATUS_RD RBBM_STATUS -> 0x00000040 (idle, 64 free)
[002310] MMIO_RD size=4 addr=0x1720 (WAIT_UNTIL)
[002311] MMIO_RD size=4 addr=0x0e40 (RBBM_STATUS)
[002312] STATUS_RD RBBM_STATUS -> 0x00000040 (idle, 64 free)
[002313] MMIO_RD size=4 addr=0x1720 (WAIT_UNTIL)
[002314] MMIO_RD size=4 addr=0x0e40 (RBBM_STATUS)
[002315] STATUS_RD RBBM_STATUS -> 0x00000040 (idle, 64 free)
[002316] MMIO_RD size=4 addr=0x1720 (WAIT_UNTIL)
[002317] MMIO_RD size=4 addr=0x0e40 (RBBM_STATUS)
[002318] STATUS_RD RBBM_STATUS -> 0x00000040 (idle, 64 free)
[002319] MMIO_RD size=4 addr=0x1720 (WAIT_UNTIL)
[002320] MMIO_RD size=4 addr=0x0e40 (RBBM_STATUS)
[002321] STATUS_RD RBBM_STATUS -> 0x00000040 (idle, 64 free)
[002322] MMIO_RD size=4 addr=0x1720 (WAIT_UNTIL)
[002323] MMIO_RD size=4 addr=0x0e40 (RBBM_STATUS)
[002324] STATUS_RD RBBM_STATUS -> 0x00000040 (idle, 64 free)
[002325] MMIO_RD size=4 addr=0x1720 (WAIT_UNTIL)
[002326] MMIO_RD size=4 addr=0x0e40 (RBBM_STATUS)
[002327] STATUS_RD RBBM_STATUS -> 0x00000040 (idle, 64 free)
[002328] MMIO_RD size=4 addr=0x1720 (WAIT_UNTIL)
[002329] MMIO_RD size=4 addr=0x0e40 (RBBM_STATUS)
[002330] STATUS_RD RBBM_STATUS -> 0x00000040 (idle, 64 free)
[002331] MMIO_RD size=4 addr=0x1720 (WAIT_UNTIL)
[002332] MMIO_RD size=4 addr=0x0e40 (RBBM_STATUS)
[002333] STATUS_RD RBBM_STATUS -> 0x00000040 (idle, 64 free)
[002334] MMIO_RD size=4 addr=0x1720 (WAIT_UNTIL)
[002335] MMIO_RD size=4 addr=0x0e40 (RBBM_STATUS)
[002336] STATUS_RD RBBM_STATUS -> 0x00000040 (idle, 64 free)
[002337] MMIO_RD size=4 addr=0x1720 (WAIT_UNTIL)
[002338] MMIO_RD size=4 addr=0x0e40 (RBBM_STATUS)
[002339] STATUS_RD RBBM_STATUS -> 0x00000040 (idle, 64 free)
[002340] MMIO_RD size=4 addr=0x1720 (WAIT_UNTIL)
[002341] MMIO_RD size=4 addr=0x0e40 (RBBM_STATUS)
[002342] STATUS_RD RBBM_STATUS -> 0x00000040 (idle, 64 free)
[002343] MMIO_RD size=4 addr=0x1720 (WAIT_UNTIL)
[002344] MMIO_RD size=4 addr=0x0e40 (RBBM_STATUS)
[002345] STATUS_RD RBBM_STATUS -> 0x00000040 (idle, 64 free)
[002346] MMIO_RD size=4 addr=0x1720 (WAIT_UNTIL)
[002347] MMIO_RD size=4 addr=0x0e40 (RBBM_STATUS)
[002348] STATUS_RD RBBM_STATUS -> 0x00000040 (idle, 64 free)
[002349] MMIO_RD size=4 addr=0x1720 (WAIT_UNTIL)
[002350] MMIO_RD size=4 addr=0x0e40 (RBBM_STATUS)
[002351] STATUS_RD RBBM_STATUS -> 0x00000040 (idle, 64 free)
[002352] MMIO_RD size=4 addr=0x1720 (WAIT_UNTIL)
[002353] MMIO_RD size=4 addr=0x0e40 (RBBM_STATUS)
[002354] STATUS_RD RBBM_STATUS -> 0x00000040 (idle, 64 free)
[002355] MMIO_RD size=4 addr=0x1720 (WAIT_UNTIL)
[002356] MMIO_RD size=4 addr=0x0e40 (RBBM_STATUS)
[002357] STATUS_RD RBBM_STATUS -> 0x00000040 (idle, 64 free)
[002358] MMIO_RD size=4 addr=0x1720 (WAIT_UNTIL)
[002359] MMIO_RD size=4 addr=0x0e40 (RBBM_STATUS)
[002360] STATUS_RD RBBM_STATUS -> 0x00000040 (idle, 64 free)
[002361] MMIO_RD size=4 addr=0x1720 (WAIT_UNTIL)
[002362] MMIO_RD size=4 addr=0x0e40 (RBBM_STATUS)
[002363] STATUS_RD RBBM_STATUS -> 0x00000040 (idle, 64 free)
[002364] MMIO_RD size=4 addr=0x1720 (WAIT_UNTIL)
[002365] MMIO_RD size=4 addr=0x0e40 (RBBM_STATUS)
[002366] STATUS_RD RBBM_STATUS -> 0x00000040 (idle, 64 free)
[002367] MMIO_RD size=4 addr=0x1720 (WAIT_UNTIL)
[002368] MMIO_RD size=4 addr=0x0e40 (RBBM_STATUS)
[002369] STATUS_RD RBBM_STATUS -> 0x00000040 (idle, 64 free)
[002370] MMIO_RD size=4 addr=0x1720 (WAIT_UNTIL)
[002371] MMIO_RD size=4 addr=0x0e40 (RBBM_STATUS)
[002372] STATUS_RD RBBM_STATUS -> 0x00000040 (idle, 64 free)
[002373] MMIO_RD size=4 addr=0x1720 (WAIT_UNTIL)
[002374] MMIO_RD size=4 addr=0x0e40 (RBBM_STATUS)
[002375] STATUS_RD RBBM_STATUS -> 0x00000040 (idle, 64 free)
[002376] MMIO_RD size=4 addr=0x1720 (WAIT_UNTIL)
[002377] MMIO_RD size=4 addr=0x0e40 (RBBM_STATUS)
[002378] STATUS_RD RBBM_STATUS -> 0x00000040 (idle, 64 free)
[002379] MMIO_RD size=4 addr=0x1720 (WAIT_UNTIL)
[002380] MMIO_RD size=4 addr=0x0e40 (RBBM_STATUS)
[002381] STATUS_RD RBBM_STATUS -> 0x00000040 (idle, 64 free)
[002382] MMIO_RD size=4 addr=0x1720 (WAIT_UNTIL)
[002383] MMIO_RD size=4 addr=0x0e40 (RBBM_STATUS)
[002384] STATUS_RD RBBM_STATUS -> 0x00000040 (idle, 64 free)
[002385] MMIO_RD size=4 addr=0x1720 (WAIT_UNTIL)
[002386] MMIO_RD size=4 addr=0x0e40 (RBBM_STATUS)
[002387] STATUS_RD RBBM_STATUS -> 0x00000040 (idle, 64 free)
[002388] MMIO_RD size=4 addr=0x1720 (WAIT_UNTIL)
[002389] MMIO_RD size=4 addr=0x0e40 (RBBM_STATUS)
[002390] STATUS_RD RBBM_STATUS -> 0x00000040 (idle, 64 free)
[002391] MMIO_RD size=4 addr=0x1720 (WAIT_UNTIL)
[002392] MMIO_RD size=4 addr=0x0e40 (RBBM_STATUS)
[002393] STATUS_RD RBBM_STATUS -> 0x00000040 (idle, 64 free)
[002394] MMIO_RD size=4 addr=0x1720 (WAIT_UNTIL)
[002395] MMIO_RD size=4 addr=0x0e40 (RBBM_STATUS)
[002396] STATUS_RD RBBM_STATUS -> 0x00000040 (idle, 64 free)
[002397] MMIO_RD size=4 addr=0x1720 (WAIT_UNTIL)
[002398] MMIO_RD size=4 addr=0x0e40 (RBBM_STATUS)
[002399] STATUS_RD RBBM_STATUS -> 0x00000040 (idle, 64 free)
[002400] MMIO_RD size=4 addr=0x1720 (WAIT_UNTIL)
[002401] MMIO_RD size=4 addr=0x0e40 (RBBM_STATUS)
[002402] STATUS_RD RBBM_STATUS -> 0x00000040 (idle, 64 free)
[002403] MMIO_RD size=4 addr=0x1720 (WAIT_UNTIL)
[002404] MMIO_RD size=4 addr=0x0e40 (RBBM_STATUS)
[002405] STATUS_RD RBBM_STATUS -> 0x00000040 (idle, 64 free)
[002406] MMIO_RD size=4 addr=0x1720 (WAIT_UNTIL)
[002407] MMIO_RD size=4 addr=0x0e40 (RBBM_STATUS)
[002408] STATUS_RD RBBM_STATUS -> 0x00000040 (idle, 64 free)
[002409] MMIO_RD size=4 addr=0x1720 (WAIT_UNTIL)
[002410] MMIO_RD size=4 addr=0x0e40 (RBBM_STATUS)
[002411] STATUS_RD RBBM_STATUS -> 0x00000040 (idle, 64 free)
[002412] MMIO_RD size=4 addr=0x1720 (WAIT_UNTIL)
[002413] MMIO_RD size=4 addr=0x0e40 (RBBM_STATUS)
[002414] STATUS_RD RBBM_STATUS -> 0x00000040 (idle, 64 free)
[002415] MMIO_RD size=4 addr=0x1720 (WAIT_UNTIL)
[002416] MMIO_RD size=4 addr=0x0e40 (RBBM_STATUS)
[002417] STATUS_RD RBBM_STATUS -> 0x00000040 (idle, 64 free)
[002418] MMIO_RD size=4 addr=0x1720 (WAIT_UNTIL)
[002419] MMIO_RD size=4 addr=0x0e40 (RBBM_STATUS)
[002420] STATUS_RD RBBM_STATUS -> 0x00000040 (idle, 64 free)
[002421] MMIO_RD size=4 addr=0x1720 (WAIT_UNTIL)
[002422] MMIO_RD size=4 addr=0x0e40 (RBBM_STATUS)
[002423] STATUS_RD RBBM_STATUS -> 0x00000040 (idle, 64 free)
[002424] MMIO_RD size=4 addr=0x1720 (WAIT_UNTIL)
[002425] MMIO_RD size=4 addr=0x0e40 (RBBM_STATUS)
[002426] STATUS_RD RBBM_STATUS -> 0x00000040 (idle, 64 free)
[002427] MMIO_RD size=4 addr=0x1720 (WAIT_UNTIL)
[002428] MMIO_RD size=4 addr=0x0e40 (RBBM_STATUS)
[002429] STATUS_RD RBBM_STATUS -> 0x00000040 (idle, 64 free)
[002430] MMIO_RD size=4 addr=0x1720 (WAIT_UNTIL)
[002431] MMIO_RD size=4 addr=0x0e40 (RBBM_STATUS)
[002432] STATUS_RD RBBM_STATUS -> 0x00000040 (idle, 64 free)
[002433] MMIO_RD size=4 addr=0x1720 (WAIT_UNTIL)
[002434] MMIO_RD size=4 addr=0x0e40 (RBBM_STATUS)
[002435] STATUS_RD RBBM_STATUS -> 0x00000040 (idle, 64 free)
[002436] MMIO_RD size=4 addr=0x1720 (WAIT_UNTIL)
[002437] MMIO_RD size=4 addr=0x0e40 (RBBM_STATUS)
[002438] STATUS_RD RBBM_STATUS -> 0x00000040 (idle, 64 free)
[002439] MMIO_RD size=4 addr=0x1720 (WAIT_UNTIL)
[002440] MMIO_RD size=4 addr=0x0e40 (RBBM_STATUS)
[002441] STATUS_RD RBBM_STATUS -> 0x00000040 (idle, 64 free)
[002442] MMIO_RD size=4 addr=0x1720 (WAIT_UNTIL)
[002443] MMIO_RD size=4 addr=0x0e40 (RBBM_STATUS)
[002444] STATUS_RD RBBM_STATUS -> 0x00000040 (idle, 64 free)
[002445] MMIO_RD size=4 addr=0x1720 (WAIT_UNTIL)
[002446] MMIO_RD size=4 addr=0x0e40 (RBBM_STATUS)
[002447] STATUS_RD RBBM_STATUS -> 0x00000040 (idle, 64 free)
[002448] MMIO_RD size=4 addr=0x1720 (WAIT_UNTIL)
[002449] MMIO_RD size=4 addr=0x0e40 (RBBM_STATUS)
[002450] STATUS_RD RBBM_STATUS -> 0x00000040 (idle, 64 free)
[002451] MMIO_RD size=4 addr=0x1720 (WAIT_UNTIL)
[002452] MMIO_RD size=4 addr=0x0e40 (RBBM_STATUS)
[002453] STATUS_RD RBBM_STATUS -> 0x00000040 (idle, 64 free)
[002454] MMIO_RD size=4 addr=0x1720 (WAIT_UNTIL)
[002455] MMIO_RD size=4 addr=0x0e40 (RBBM_STATUS)
[002456] STATUS_RD RBBM_STATUS -> 0x00000040 (idle, 64 free)
[002457] MMIO_RD size=4 addr=0x1720 (WAIT_UNTIL)
[002458] MMIO_RD size=4 addr=0x0e40 (RBBM_STATUS)
[002459] STATUS_RD RBBM_STATUS -> 0x00000040 (idle, 64 free)
[002460] MMIO_RD size=4 addr=0x1720 (WAIT_UNTIL)
[002461] MMIO_RD size=4 addr=0x0e40 (RBBM_STATUS)
[002462] STATUS_RD RBBM_STATUS -> 0x00000040 (idle, 64 free)
[002463] MMIO_RD size=4 addr=0x1720 (WAIT_UNTIL)
[002464] MMIO_RD size=4 addr=0x0e40 (RBBM_STATUS)
[002465] STATUS_RD RBBM_STATUS -> 0x00000040 (idle, 64 free)
[002466] MMIO_RD size=4 addr=0x1720 (WAIT_UNTIL)
[002467] MMIO_RD size=4 addr=0x0e40 (RBBM_STATUS)
[002468] STATUS_RD RBBM_STATUS -> 0x00000040 (idle, 64 free)
[002469] MMIO_RD size=4 addr=0x1720 (WAIT_UNTIL)
[002470] MMIO_RD size=4 addr=0x0e40 (RBBM_STATUS)
[002471] STATUS_RD RBBM_STATUS -> 0x00000040 (idle, 64 free)
[002472] MMIO_RD size=4 addr=0x1720 (WAIT_UNTIL)
[002473] MMIO_RD size=4 addr=0x0e40 (RBBM_STATUS)
[002474] STATUS_RD RBBM_STATUS -> 0x00000040 (idle, 64 free)
[002475] MMIO_RD size=4 addr=0x1720 (WAIT_UNTIL)
[002476] MMIO_RD size=4 addr=0x0e40 (RBBM_STATUS)
[002477] STATUS_RD RBBM_STATUS -> 0x00000040 (idle, 64 free)
[002478] MMIO_RD size=4 addr=0x1720 (WAIT_UNTIL)
[002479] MMIO_RD size=4 addr=0x0e40 (RBBM_STATUS)
[002480] STATUS_RD RBBM_STATUS -> 0x00000040 (idle, 64 free)
[002481] MMIO_RD size=4 addr=0x1720 (WAIT_UNTIL)
[002482] MMIO_RD size=4 addr=0x0e40 (RBBM_STATUS)
[002483] STATUS_RD RBBM_STATUS -> 0x00000040 (idle, 64 free)
[002484] MMIO_RD size=4 addr=0x1720 (WAIT_UNTIL)
[002485] MMIO_RD size=4 addr=0x0e40 (RBBM_STATUS)
[002486] STATUS_RD RBBM_STATUS -> 0x00000040 (idle, 64 free)
[002487] MMIO_RD size=4 addr=0x1720 (WAIT_UNTIL)
[002488] MMIO_RD size=4 addr=0x0e40 (RBBM_STATUS)
[002489] STATUS_RD RBBM_STATUS -> 0x00000040 (idle, 64 free)
[002490] MMIO_RD size=4 addr=0x1720 (WAIT_UNTIL)
[002491] MMIO_RD size=4 addr=0x0e40 (RBBM_STATUS)
[002492] STATUS_RD RBBM_STATUS -> 0x00000040 (idle, 64 free)
[002493] MMIO_RD size=4 addr=0x1720 (WAIT_UNTIL)
[002494] MMIO_RD size=4 addr=0x0e40 (RBBM_STATUS)
[002495] STATUS_RD RBBM_STATUS -> 0x00000040 (idle, 64 free)
[002496] MMIO_RD size=4 addr=0x1720 (WAIT_UNTIL)
[002497] MMIO_RD size=4 addr=0x0e40 (RBBM_STATUS)
[002498] STATUS_RD RBBM_STATUS -> 0x00000040 (idle, 64 free)
[002499] MMIO_RD size=4 addr=0x1720 (WAIT_UNTIL)
[002500] MMIO_RD size=4 addr=0x0e40 (RBBM_STATUS)
[002501] STATUS_RD RBBM_STATUS -> 0x00000040 (idle, 64 free)
[002502] MMIO_RD size=4 addr=0x1720 (WAIT_UNTIL)
[002503] MMIO_RD size=4 addr=0x0e40 (RBBM_STATUS)
[002504] STATUS_RD RBBM_STATUS -> 0x00000040 (idle, 64 free)
[002505] MMIO_RD size=4 addr=0x1720 (WAIT_UNTIL)
[002506] MMIO_RD size=4 addr=0x0e40 (RBBM_STATUS)
[002507] STATUS_RD RBBM_STATUS -> 0x00000040 (idle, 64 free)
[002508] MMIO_RD size=4 addr=0x1720 (WAIT_UNTIL)
[002509] MMIO_RD size=4 addr=0x0e40 (RBBM_STATUS)
[002510] STATUS_RD RBBM_STATUS -> 0x00000040 (idle, 64 free)
[002511] MMIO_RD size=4 addr=0x1720 (WAIT_UNTIL)
[002512] MMIO_RD size=4 addr=0x0e40 (RBBM_STATUS)
[002513] STATUS_RD RBBM_STATUS -> 0x00000040 (idle, 64 free)
[002514] MMIO_RD size=4 addr=0x1720 (WAIT_UNTIL)
[002515] MMIO_RD size=4 addr=0x0e40 (RBBM_STATUS)
[002516] STATUS_RD RBBM_STATUS -> 0x00000040 (idle, 64 free)
[002517] MMIO_RD size=4 addr=0x1720 (WAIT_UNTIL)
[002518] MMIO_RD size=4 addr=0x0e40 (RBBM_STATUS)
[002519] STATUS_RD RBBM_STATUS -> 0x00000040 (idle, 64 free)
[002520] MMIO_RD size=4 addr=0x1720 (WAIT_UNTIL)
[002521] MMIO_RD size=4 addr=0x0e40 (RBBM_STATUS)
[002522] STATUS_RD RBBM_STATUS -> 0x00000040 (idle, 64 free)
[002523] MMIO_RD size=4 addr=0x1720 (WAIT_UNTIL)
[002524] MMIO_RD size=4 addr=0x0e40 (RBBM_STATUS)
[002525] STATUS_RD RBBM_STATUS -> 0x00000040 (idle, 64 free)
[002526] MMIO_RD size=4 addr=0x1720 (WAIT_UNTIL)
[002527] MMIO_RD size=4 addr=0x0e40 (RBBM_STATUS)
[002528] STATUS_RD RBBM_STATUS -> 0x00000040 (idle, 64 free)
[002529] MMIO_RD size=4 addr=0x1720 (WAIT_UNTIL)
[002530] MMIO_RD size=4 addr=0x0e40 (RBBM_STATUS)
[002531] STATUS_RD RBBM_STATUS -> 0x00000040 (idle, 64 free)
[002532] MMIO_RD size=4 addr=0x1720 (WAIT_UNTIL)
[002533] MMIO_RD size=4 addr=0x0e40 (RBBM_STATUS)
[002534] STATUS_RD RBBM_STATUS -> 0x00000040 (idle, 64 free)
[002535] MMIO_RD size=4 addr=0x1720 (WAIT_UNTIL)
[002536] MMIO_RD size=4 addr=0x0e40 (RBBM_STATUS)
[002537] STATUS_RD RBBM_STATUS -> 0x00000040 (idle, 64 free)
[002538] MMIO_RD size=4 addr=0x1720 (WAIT_UNTIL)
[002539] MMIO_RD size=4 addr=0x0e40 (RBBM_STATUS)
[002540] STATUS_RD RBBM_STATUS -> 0x00000040 (idle, 64 free)
[002541] MMIO_RD size=4 addr=0x1720 (WAIT_UNTIL)
[002542] MMIO_RD size=4 addr=0x0e40 (RBBM_STATUS)
[002543] STATUS_RD RBBM_STATUS -> 0x00000040 (idle, 64 free)
[002544] MMIO_RD size=4 addr=0x1720 (WAIT_UNTIL)
[002545] MMIO_RD size=4 addr=0x0e40 (RBBM_STATUS)
[002546] STATUS_RD RBBM_STATUS -> 0x00000040 (idle, 64 free)
[002547] MMIO_RD size=4 addr=0x1720 (WAIT_UNTIL)
[002548] MMIO_RD size=4 addr=0x0e40 (RBBM_STATUS)
[002549] STATUS_RD RBBM_STATUS -> 0x00000040 (idle, 64 free)
[002550] MMIO_RD size=4 addr=0x1720 (WAIT_UNTIL)
[002551] MMIO_RD size=4 addr=0x0e40 (RBBM_STATUS)
[002552] STATUS_RD RBBM_STATUS -> 0x00000040 (idle, 64 free)
[002553] MMIO_RD size=4 addr=0x1720 (WAIT_UNTIL)
[002554] MMIO_RD size=4 addr=0x0e40 (RBBM_STATUS)
[002555] STATUS_RD RBBM_STATUS -> 0x00000040 (idle, 64 free)
[002556] MMIO_RD size=4 addr=0x1720 (WAIT_UNTIL)
[002557] MMIO_RD size=4 addr=0x0e40 (RBBM_STATUS)
[002558] STATUS_RD RBBM_STATUS -> 0x00000040 (idle, 64 free)
[002559] MMIO_RD size=4 addr=0x1720 (WAIT_UNTIL)
[002560] MMIO_RD size=4 addr=0x0e40 (RBBM_STATUS)
[002561] STATUS_RD RBBM_STATUS -> 0x00000040 (idle, 64 free)
[002562] MMIO_RD size=4 addr=0x1720 (WAIT_UNTIL)
[002563] MMIO_RD size=4 addr=0x0e40 (RBBM_STATUS)
[002564] STATUS_RD RBBM_STATUS -> 0x00000040 (idle, 64 free)
[002565] MMIO_RD size=4 addr=0x1720 (WAIT_UNTIL)
[002566] MMIO_RD size=4 addr=0x0e40 (RBBM_STATUS)
[002567] STATUS_RD RBBM_STATUS -> 0x00000040 (idle, 64 free)
[002568] MMIO_RD size=4 addr=0x1720 (WAIT_UNTIL)
[002569] MMIO_RD size=4 addr=0x0e40 (RBBM_STATUS)
[002570] STATUS_RD RBBM_STATUS -> 0x00000040 (idle, 64 free)
[002571] MMIO_RD size=4 addr=0x1720 (WAIT_UNTIL)
[002572] MMIO_RD size=4 addr=0x0e40 (RBBM_STATUS)
[002573] STATUS_RD RBBM_STATUS -> 0x00000040 (idle, 64 free)
[002574] MMIO_RD size=4 addr=0x1720 (WAIT_UNTIL)
[002575] MMIO_RD size=4 addr=0x0e40 (RBBM_STATUS)
[002576] STATUS_RD RBBM_STATUS -> 0x00000040 (idle, 64 free)
[002577] MMIO_RD size=4 addr=0x1720 (WAIT_UNTIL)
[002578] MMIO_RD size=4 addr=0x0e40 (RBBM_STATUS)
[002579] STATUS_RD RBBM_STATUS -> 0x00000040 (idle, 64 free)
[002580] MMIO_RD size=4 addr=0x1720 (WAIT_UNTIL)
[002581] MMIO_RD size=4 addr=0x0e40 (RBBM_STATUS)
[002582] STATUS_RD RBBM_STATUS -> 0x00000040 (idle, 64 free)
[002583] MMIO_RD size=4 addr=0x1720 (WAIT_UNTIL)
[002584] MMIO_RD size=4 addr=0x0e40 (RBBM_STATUS)
[002585] STATUS_RD RBBM_STATUS -> 0x00000040 (idle, 64 free)
[002586] MMIO_RD size=4 addr=0x1720 (WAIT_UNTIL)
[002587] MMIO_RD size=4 addr=0x0e40 (RBBM_STATUS)
[002588] STATUS_RD RBBM_STATUS -> 0x00000040 (idle, 64 free)
[002589] MMIO_RD size=4 addr=0x1720 (WAIT_UNTIL)
[002590] MMIO_RD size=4 addr=0x0e40 (RBBM_STATUS)
[002591] STATUS_RD RBBM_STATUS -> 0x00000040 (idle, 64 free)
[002592] MMIO_RD size=4 addr=0x1720 (WAIT_UNTIL)
[002593] MMIO_RD size=4 addr=0x0e40 (RBBM_STATUS)
[002594] STATUS_RD RBBM_STATUS -> 0x00000040 (idle, 64 free)
[002595] MMIO_RD size=4 addr=0x1720 (WAIT_UNTIL)
[002596] MMIO_RD size=4 addr=0x0e40 (RBBM_STATUS)
[002597] STATUS_RD RBBM_STATUS -> 0x00000040 (idle, 64 free)
[002598] MMIO_RD size=4 addr=0x1720 (WAIT_UNTIL)
[002599] MMIO_RD size=4 addr=0x0e40 (RBBM_STATUS)
[002600] STATUS_RD RBBM_STATUS -> 0x00000040 (idle, 64 free)
[002601] MMIO_RD size=4 addr=0x1720 (WAIT_UNTIL)
[002602] MMIO_RD size=4 addr=0x0e40 (RBBM_STATUS)
[002603] STATUS_RD RBBM_STATUS -> 0x00000040 (idle, 64 free)
[002604] MMIO_RD size=4 addr=0x1720 (WAIT_UNTIL)
[002605] MMIO_RD size=4 addr=0x0e40 (RBBM_STATUS)
[002606] STATUS_RD RBBM_STATUS -> 0x00000040 (idle, 64 free)
[002607] MMIO_RD size=4 addr=0x1720 (WAIT_UNTIL)
[002608] MMIO_RD size=4 addr=0x0e40 (RBBM_STATUS)
[002609] STATUS_RD RBBM_STATUS -> 0x00000040 (idle, 64 free)
[002610] MMIO_RD size=4 addr=0x1720 (WAIT_UNTIL)
[002611] MMIO_RD size=4 addr=0x0e40 (RBBM_STATUS)
[002612] STATUS_RD RBBM_STATUS -> 0x00000040 (idle, 64 free)
[002613] MMIO_RD size=4 addr=0x1720 (WAIT_UNTIL)
[002614] MMIO_RD size=4 addr=0x0e40 (RBBM_STATUS)
[002615] STATUS_RD RBBM_STATUS -> 0x00000040 (idle, 64 free)
[002616] MMIO_RD size=4 addr=0x1720 (WAIT_UNTIL)
[002617] MMIO_RD size=4 addr=0x0e40 (RBBM_STATUS)
[002618] STATUS_RD RBBM_STATUS -> 0x00000040 (idle, 64 free)
[002619] MMIO_RD size=4 addr=0x1720 (WAIT_UNTIL)
[002620] MMIO_RD size=4 addr=0x0e40 (RBBM_STATUS)
[002621] STATUS_RD RBBM_STATUS -> 0x00000040 (idle, 64 free)
[002622] MMIO_RD size=4 addr=0x1720 (WAIT_UNTIL)
[002623] MMIO_RD size=4 addr=0x0e40 (RBBM_STATUS)
[002624] STATUS_RD RBBM_STATUS -> 0x00000040 (idle, 64 free)
[002625] MMIO_RD size=4 addr=0x1720 (WAIT_UNTIL)
[002626] MMIO_RD size=4 addr=0x0e40 (RBBM_STATUS)
[002627] STATUS_RD RBBM_STATUS -> 0x00000040 (idle, 64 free)
[002628] MMIO_RD size=4 addr=0x1720 (WAIT_UNTIL)
[002629] MMIO_RD size=4 addr=0x0e40 (RBBM_STATUS)
[002630] STATUS_RD RBBM_STATUS -> 0x00000040 (idle, 64 free)
[002631] MMIO_RD size=4 addr=0x1720 (WAIT_UNTIL)
[002632] MMIO_RD size=4 addr=0x0e40 (RBBM_STATUS)
[002633] STATUS_RD RBBM_STATUS -> 0x00000040 (idle, 64 free)
[002634] MMIO_RD size=4 addr=0x1720 (WAIT_UNTIL)
[002635] MMIO_RD size=4 addr=0x0e40 (RBBM_STATUS)
[002636] STATUS_RD RBBM_STATUS -> 0x00000040 (idle, 64 free)
[002637] MMIO_RD size=4 addr=0x1720 (WAIT_UNTIL)
[002638] MMIO_RD size=4 addr=0x0e40 (RBBM_STATUS)
[002639] STATUS_RD RBBM_STATUS -> 0x00000040 (idle, 64 free)
[002640] MMIO_RD size=4 addr=0x1720 (WAIT_UNTIL)
[002641] MMIO_RD size=4 addr=0x0e40 (RBBM_STATUS)
[002642] STATUS_RD RBBM_STATUS -> 0x00000040 (idle, 64 free)
[002643] MMIO_RD size=4 addr=0x1720 (WAIT_UNTIL)
[002644] MMIO_RD size=4 addr=0x0e40 (RBBM_STATUS)
[002645] STATUS_RD RBBM_STATUS -> 0x00000040 (idle, 64 free)
[002646] MMIO_RD size=4 addr=0x1720 (WAIT_UNTIL)
[002647] MMIO_RD size=4 addr=0x0e40 (RBBM_STATUS)
[002648] STATUS_RD RBBM_STATUS -> 0x00000040 (idle, 64 free)
[002649] MMIO_RD size=4 addr=0x1720 (WAIT_UNTIL)
[002650] MMIO_RD size=4 addr=0x0e40 (RBBM_STATUS)
[002651] STATUS_RD RBBM_STATUS -> 0x00000040 (idle, 64 free)
[002652] MMIO_RD size=4 addr=0x1720 (WAIT_UNTIL)
[002653] MMIO_RD size=4 addr=0x0e40 (RBBM_STATUS)
[002654] STATUS_RD RBBM_STATUS -> 0x00000040 (idle, 64 free)
[002655] MMIO_RD size=4 addr=0x1720 (WAIT_UNTIL)
[002656] MMIO_RD size=4 addr=0x0e40 (RBBM_STATUS)
[002657] STATUS_RD RBBM_STATUS -> 0x00000040 (idle, 64 free)
[002658] MMIO_RD size=4 addr=0x1720 (WAIT_UNTIL)
[002659] MMIO_RD size=4 addr=0x0e40 (RBBM_STATUS)
[002660] STATUS_RD RBBM_STATUS -> 0x00000040 (idle, 64 free)
[002661] MMIO_RD size=4 addr=0x1720 (WAIT_UNTIL)
[002662] MMIO_RD size=4 addr=0x0e40 (RBBM_STATUS)
[002663] STATUS_RD RBBM_STATUS -> 0x00000040 (idle, 64 free)
[002664] MMIO_RD size=4 addr=0x1720 (WAIT_UNTIL)
[002665] MMIO_RD size=4 addr=0x0e40 (RBBM_STATUS)
[002666] STATUS_RD RBBM_STATUS -> 0x00000040 (idle, 64 free)
[002667] MMIO_RD size=4 addr=0x1720 (WAIT_UNTIL)
[002668] MMIO_RD size=4 addr=0x0e40 (RBBM_STATUS)
[002669] STATUS_RD RBBM_STATUS -> 0x00000040 (idle, 64 free)
[002670] MMIO_RD size=4 addr=0x1720 (WAIT_UNTIL)
[002671] MMIO_RD size=4 addr=0x0e40 (RBBM_STATUS)
[002672] STATUS_RD RBBM_STATUS -> 0x00000040 (idle, 64 free)
[002673] MMIO_RD size=4 addr=0x1720 (WAIT_UNTIL)
[002674] MMIO_RD size=4 addr=0x0e40 (RBBM_STATUS)
[002675] STATUS_RD RBBM_STATUS -> 0x00000040 (idle, 64 free)
[002676] MMIO_RD size=4 addr=0x1720 (WAIT_UNTIL)
[002677] MMIO_RD size=4 addr=0x0e40 (RBBM_STATUS)
[002678] STATUS_RD RBBM_STATUS -> 0x00000040 (idle, 64 free)
[002679] MMIO_RD size=4 addr=0x1720 (WAIT_UNTIL)
[002680] MMIO_RD size=4 addr=0x0e40 (RBBM_STATUS)
[002681] STATUS_RD RBBM_STATUS -> 0x00000040 (idle, 64 free)
[002682] MMIO_RD size=4 addr=0x1720 (WAIT_UNTIL)
[002683] MMIO_RD size=4 addr=0x0e40 (RBBM_STATUS)
[002684] STATUS_RD RBBM_STATUS -> 0x00000040 (idle, 64 free)
[002685] MMIO_RD size=4 addr=0x1720 (WAIT_UNTIL)
[002686] MMIO_RD size=4 addr=0x0e40 (RBBM_STATUS)
[002687] STATUS_RD RBBM_STATUS -> 0x00000040 (idle, 64 free)
[002688] MMIO_RD size=4 addr=0x1720 (WAIT_UNTIL)
[002689] MMIO_RD size=4 addr=0x0e40 (RBBM_STATUS)
[002690] STATUS_RD RBBM_STATUS -> 0x00000040 (idle, 64 free)
[002691] MMIO_RD size=4 addr=0x1720 (WAIT_UNTIL)
[002692] MMIO_RD size=4 addr=0x0e40 (RBBM_STATUS)
[002693] STATUS_RD RBBM_STATUS -> 0x00000040 (idle, 64 free)
[002694] MMIO_RD size=4 addr=0x1720 (WAIT_UNTIL)
[002695] MMIO_RD size=4 addr=0x0e40 (RBBM_STATUS)
[002696] STATUS_RD RBBM_STATUS -> 0x00000040 (idle, 64 free)
[002697] MMIO_RD size=4 addr=0x1720 (WAIT_UNTIL)
[002698] MMIO_RD size=4 addr=0x0e40 (RBBM_STATUS)
[002699] STATUS_RD RBBM_STATUS -> 0x00000040 (idle, 64 free)
[002700] MMIO_RD size=4 addr=0x1720 (WAIT_UNTIL)
[002701] MMIO_RD size=4 addr=0x0e40 (RBBM_STATUS)
[002702] STATUS_RD RBBM_STATUS -> 0x00000040 (idle, 64 free)
[002703] MMIO_RD size=4 addr=0x1720 (WAIT_UNTIL)
[002704] MMIO_RD size=4 addr=0x0e40 (RBBM_STATUS)
[002705] STATUS_RD RBBM_STATUS -> 0x00000040 (idle, 64 free)
[002706] MMIO_RD size=4 addr=0x1720 (WAIT_UNTIL)
[002707] MMIO_RD size=4 addr=0x0e40 (RBBM_STATUS)
[002708] STATUS_RD RBBM_STATUS -> 0x00000040 (idle, 64 free)
[002709] MMIO_RD size=4 addr=0x1720 (WAIT_UNTIL)
[002710] MMIO_RD size=4 addr=0x0e40 (RBBM_STATUS)
[002711] STATUS_RD RBBM_STATUS -> 0x00000040 (idle, 64 free)
[002712] MMIO_RD size=4 addr=0x1720 (WAIT_UNTIL)
[002713] MMIO_RD size=4 addr=0x0e40 (RBBM_STATUS)
[002714] STATUS_RD RBBM_STATUS -> 0x00000040 (idle, 64 free)
[002715] MMIO_RD size=4 addr=0x1720 (WAIT_UNTIL)
[002716] MMIO_RD size=4 addr=0x0e40 (RBBM_STATUS)
[002717] STATUS_RD RBBM_STATUS -> 0x00000040 (idle, 64 free)
[002718] MMIO_RD size=4 addr=0x1720 (WAIT_UNTIL)
[002719] MMIO_RD size=4 addr=0x0e40 (RBBM_STATUS)
[002720] STATUS_RD RBBM_STATUS -> 0x00000040 (idle, 64 free)
[002721] MMIO_RD size=4 addr=0x1720 (WAIT_UNTIL)
[002722] MMIO_RD size=4 addr=0x0e40 (RBBM_STATUS)
[002723] STATUS_RD RBBM_STATUS -> 0x00000040 (idle, 64 free)
[002724] MMIO_RD size=4 addr=0x1720 (WAIT_UNTIL)
[002725] MMIO_RD size=4 addr=0x0e40 (RBBM_STATUS)
[002726] STATUS_RD RBBM_STATUS -> 0x00000040 (idle, 64 free)
[002727] MMIO_RD size=4 addr=0x1720 (WAIT_UNTIL)
[002728] MMIO_RD size=4 addr=0x0e40 (RBBM_STATUS)
[002729] STATUS_RD RBBM_STATUS -> 0x00000040 (idle, 64 free)
[002730] MMIO_RD size=4 addr=0x1720 (WAIT_UNTIL)
[002731] MMIO_RD size=4 addr=0x0e40 (RBBM_STATUS)
[002732] STATUS_RD RBBM_STATUS -> 0x00000040 (idle, 64 free)
[002733] MMIO_RD size=4 addr=0x1720 (WAIT_UNTIL)
[002734] MMIO_RD size=4 addr=0x0e40 (RBBM_STATUS)
[002735] STATUS_RD RBBM_STATUS -> 0x00000040 (idle, 64 free)
[002736] MMIO_RD size=4 addr=0x1720 (WAIT_UNTIL)
[002737] MMIO_RD size=4 addr=0x0e40 (RBBM_STATUS)
[002738] STATUS_RD RBBM_STATUS -> 0x00000040 (idle, 64 free)
[002739] MMIO_RD size=4 addr=0x1720 (WAIT_UNTIL)
[002740] MMIO_RD size=4 addr=0x0e40 (RBBM_STATUS)
[002741] STATUS_RD RBBM_STATUS -> 0x00000040 (idle, 64 free)
[002742] MMIO_RD size=4 addr=0x1720 (WAIT_UNTIL)
[002743] MMIO_RD size=4 addr=0x0e40 (RBBM_STATUS)
[002744] STATUS_RD RBBM_STATUS -> 0x00000040 (idle, 64 free)
[002745] MMIO_RD size=4 addr=0x1720 (WAIT_UNTIL)
[002746] MMIO_RD size=4 addr=0x0e40 (RBBM_STATUS)
[002747] STATUS_RD RBBM_STATUS -> 0x00000040 (idle, 64 free)
[002748] MMIO_RD size=4 addr=0x1720 (WAIT_UNTIL)
[002749] MMIO_RD size=4 addr=0x0e40 (RBBM_STATUS)
[002750] STATUS_RD RBBM_STATUS -> 0x00000040 (idle, 64 free)
[002751] MMIO_RD size=4 addr=0x1720 (WAIT_UNTIL)
[002752] MMIO_RD size=4 addr=0x0e40 (RBBM_STATUS)
[002753] STATUS_RD RBBM_STATUS -> 0x00000040 (idle, 64 free)
[002754] MMIO_RD size=4 addr=0x1720 (WAIT_UNTIL)
[002755] MMIO_RD size=4 addr=0x0e40 (RBBM_STATUS)
[002756] STATUS_RD RBBM_STATUS -> 0x00000040 (idle, 64 free)
[002757] MMIO_RD size=4 addr=0x1720 (WAIT_UNTIL)
[002758] MMIO_RD size=4 addr=0x0e40 (RBBM_STATUS)
[002759] STATUS_RD RBBM_STATUS -> 0x00000040 (idle, 64 free)
[002760] MMIO_RD size=4 addr=0x1720 (WAIT_UNTIL)
[002761] MMIO_RD size=4 addr=0x0e40 (RBBM_STATUS)
[002762] STATUS_RD RBBM_STATUS -> 0x00000040 (idle, 64 free)
[002763] MMIO_RD size=4 addr=0x1720 (WAIT_UNTIL)
[002764] MMIO_RD size=4 addr=0x0e40 (RBBM_STATUS)
[002765] STATUS_RD RBBM_STATUS -> 0x00000040 (idle, 64 free)
[002766] MMIO_RD size=4 addr=0x1720 (WAIT_UNTIL)
[002767] MMIO_RD size=4 addr=0x0e40 (RBBM_STATUS)
[002768] STATUS_RD RBBM_STATUS -> 0x00000040 (idle, 64 free)
[002769] MMIO_RD size=4 addr=0x1720 (WAIT_UNTIL)
[002770] MMIO_RD size=4 addr=0x0e40 (RBBM_STATUS)
[002771] STATUS_RD RBBM_STATUS -> 0x00000040 (idle, 64 free)
[002772] MMIO_RD size=4 addr=0x1720 (WAIT_UNTIL)
[002773] MMIO_RD size=4 addr=0x0e40 (RBBM_STATUS)
[002774] STATUS_RD RBBM_STATUS -> 0x00000040 (idle, 64 free)
[002775] MMIO_RD size=4 addr=0x1720 (WAIT_UNTIL)
[002776] MMIO_RD size=4 addr=0x0e40 (RBBM_STATUS)
[002777] STATUS_RD RBBM_STATUS -> 0x00000040 (idle, 64 free)
[002778] MMIO_RD size=4 addr=0x1720 (WAIT_UNTIL)
[002779] MMIO_RD size=4 addr=0x0e40 (RBBM_STATUS)
[002780] STATUS_RD RBBM_STATUS -> 0x00000040 (idle, 64 free)
[002781] MMIO_RD size=4 addr=0x1720 (WAIT_UNTIL)
[002782] MMIO_RD size=4 addr=0x0e40 (RBBM_STATUS)
[002783] STATUS_RD RBBM_STATUS -> 0x00000040 (idle, 64 free)
[002784] MMIO_RD size=4 addr=0x1720 (WAIT_UNTIL)
[002785] MMIO_RD size=4 addr=0x0e40 (RBBM_STATUS)
[002786] STATUS_RD RBBM_STATUS -> 0x00000040 (idle, 64 free)
[002787] MMIO_RD size=4 addr=0x1720 (WAIT_UNTIL)
[002788] MMIO_RD size=4 addr=0x0e40 (RBBM_STATUS)
[002789] STATUS_RD RBBM_STATUS -> 0x00000040 (idle, 64 free)
[002790] MMIO_RD size=4 addr=0x1720 (WAIT_UNTIL)
[002791] MMIO_RD size=4 addr=0x0e40 (RBBM_STATUS)
[002792] STATUS_RD RBBM_STATUS -> 0x00000040 (idle, 64 free)
[002793] MMIO_RD size=4 addr=0x1720 (WAIT_UNTIL)
[002794] MMIO_RD size=4 addr=0x0e40 (RBBM_STATUS)
[002795] STATUS_RD RBBM_STATUS -> 0x00000040 (idle, 64 free)
[002796] MMIO_RD size=4 addr=0x1720 (WAIT_UNTIL)
[002797] MMIO_RD size=4 addr=0x0e40 (RBBM_STATUS)
[002798] STATUS_RD RBBM_STATUS -> 0x00000040 (idle, 64 free)
[002799] MMIO_RD size=4 addr=0x1720 (WAIT_UNTIL)
[002800] MMIO_RD size=4 addr=0x0e40 (RBBM_STATUS)
[002801] STATUS_RD RBBM_STATUS -> 0x00000040 (idle, 64 free)
[002802] MMIO_RD size=4 addr=0x1720 (WAIT_UNTIL)
[002803] MMIO_RD size=4 addr=0x0e40 (RBBM_STATUS)
[002804] STATUS_RD RBBM_STATUS -> 0x00000040 (idle, 64 free)
[002805] MMIO_RD size=4 addr=0x1720 (WAIT_UNTIL)
[002806] MMIO_RD size=4 addr=0x0e40 (RBBM_STATUS)
[002807] STATUS_RD RBBM_STATUS -> 0x00000040 (idle, 64 free)
[002808] MMIO_RD size=4 addr=0x1720 (WAIT_UNTIL)
[002809] MMIO_RD size=4 addr=0x0e40 (RBBM_STATUS)
[002810] STATUS_RD RBBM_STATUS -> 0x00000040 (idle, 64 free)
[002811] MMIO_RD size=4 addr=0x1720 (WAIT_UNTIL)
[002812] MMIO_RD size=4 addr=0x0e40 (RBBM_STATUS)
[002813] STATUS_RD RBBM_STATUS -> 0x00000040 (idle, 64 free)
[002814] MMIO_RD size=4 addr=0x1720 (WAIT_UNTIL)
[002815] MMIO_RD size=4 addr=0x0e40 (RBBM_STATUS)
[002816] STATUS_RD RBBM_STATUS -> 0x00000040 (idle, 64 free)
[002817] MMIO_RD size=4 addr=0x1720 (WAIT_UNTIL)
[002818] MMIO_RD size=4 addr=0x0e40 (RBBM_STATUS)
[002819] STATUS_RD RBBM_STATUS -> 0x00000040 (idle, 64 free)
[002820] MMIO_RD size=4 addr=0x1720 (WAIT_UNTIL)
[002821] MMIO_RD size=4 addr=0x0e40 (RBBM_STATUS)
[002822] STATUS_RD RBBM_STATUS -> 0x00000040 (idle, 64 free)
[002823] MMIO_RD size=4 addr=0x1720 (WAIT_UNTIL)
[002824] MMIO_RD size=4 addr=0x0e40 (RBBM_STATUS)
[002825] STATUS_RD RBBM_STATUS -> 0x00000040 (idle, 64 free)
[002826] MMIO_RD size=4 addr=0x1720 (WAIT_UNTIL)
[002827] MMIO_RD size=4 addr=0x0e40 (RBBM_STATUS)
[002828] STATUS_RD RBBM_STATUS -> 0x00000040 (idle, 64 free)
[002829] MMIO_RD size=4 addr=0x1720 (WAIT_UNTIL)
[002830] MMIO_RD size=4 addr=0x0e40 (RBBM_STATUS)
[002831] STATUS_RD RBBM_STATUS -> 0x00000040 (idle, 64 free)
[002832] MMIO_RD size=4 addr=0x1720 (WAIT_UNTIL)
[002833] MMIO_RD size=4 addr=0x0e40 (RBBM_STATUS)
[002834] STATUS_RD RBBM_STATUS -> 0x00000040 (idle, 64 free)
[002835] MMIO_RD size=4 addr=0x1720 (WAIT_UNTIL)
[002836] MMIO_RD size=4 addr=0x0e40 (RBBM_STATUS)
[002837] STATUS_RD RBBM_STATUS -> 0x00000040 (idle, 64 free)
[002838] MMIO_RD size=4 addr=0x1720 (WAIT_UNTIL)
[002839] MMIO_RD size=4 addr=0x0e40 (RBBM_STATUS)
[002840] STATUS_RD RBBM_STATUS -> 0x00000040 (idle, 64 free)
[002841] MMIO_RD size=4 addr=0x1720 (WAIT_UNTIL)
[002842] MMIO_RD size=4 addr=0x0e40 (RBBM_STATUS)
[002843] STATUS_RD RBBM_STATUS -> 0x00000040 (idle, 64 free)
[002844] MMIO_RD size=4 addr=0x1720 (WAIT_UNTIL)
[002845] MMIO_RD size=4 addr=0x0e40 (RBBM_STATUS)
[002846] STATUS_RD RBBM_STATUS -> 0x00000040 (idle, 64 free)
[002847] MMIO_RD size=4 addr=0x1720 (WAIT_UNTIL)
[002848] MMIO_RD size=4 addr=0x0e40 (RBBM_STATUS)
[002849] STATUS_RD RBBM_STATUS -> 0x00000040 (idle, 64 free)
[002850] MMIO_RD size=4 addr=0x1720 (WAIT_UNTIL)
[002851] MMIO_RD size=4 addr=0x0e40 (RBBM_STATUS)
[002852] STATUS_RD RBBM_STATUS -> 0x00000040 (idle, 64 free)
[002853] MMIO_RD size=4 addr=0x1720 (WAIT_UNTIL)
[002854] MMIO_RD size=4 addr=0x0e40 (RBBM_STATUS)
[002855] STATUS_RD RBBM_STATUS -> 0x00000040 (idle, 64 free)
[002856] MMIO_RD size=4 addr=0x1720 (WAIT_UNTIL)
[002857] MMIO_RD size=4 addr=0x0e40 (RBBM_STATUS)
[002858] STATUS_RD RBBM_STATUS -> 0x00000040 (idle, 64 free)
[002859] MMIO_RD size=4 addr=0x1720 (WAIT_UNTIL)
[002860] MMIO_RD size=4 addr=0x0e40 (RBBM_STATUS)
[002861] STATUS_RD RBBM_STATUS -> 0x00000040 (idle, 64 free)
[002862] MMIO_RD size=4 addr=0x1720 (WAIT_UNTIL)
[002863] MMIO_RD size=4 addr=0x0e40 (RBBM_STATUS)
[002864] STATUS_RD RBBM_STATUS -> 0x00000040 (idle, 64 free)
[002865] MMIO_RD size=4 addr=0x1720 (WAIT_UNTIL)
[002866] MMIO_RD size=4 addr=0x0e40 (RBBM_STATUS)
[002867] STATUS_RD RBBM_STATUS -> 0x00000040 (idle, 64 free)
[002868] MMIO_RD size=4 addr=0x1720 (WAIT_UNTIL)
[002869] MMIO_RD size=4 addr=0x0e40 (RBBM_STATUS)
[002870] STATUS_RD RBBM_STATUS -> 0x00000040 (idle, 64 free)
[002871] MMIO_RD size=4 addr=0x1720 (WAIT_UNTIL)
[002872] MMIO_RD size=4 addr=0x0e40 (RBBM_STATUS)
[002873] STATUS_RD RBBM_STATUS -> 0x00000040 (idle, 64 free)
[002874] MMIO_RD size=4 addr=0x1720 (WAIT_UNTIL)
[002875] MMIO_RD size=4 addr=0x0e40 (RBBM_STATUS)
[002876] STATUS_RD RBBM_STATUS -> 0x00000040 (idle, 64 free)
[002877] MMIO_RD size=4 addr=0x1720 (WAIT_UNTIL)
[002878] MMIO_RD size=4 addr=0x0e40 (RBBM_STATUS)
[002879] STATUS_RD RBBM_STATUS -> 0x00000040 (idle, 64 free)
[002880] MMIO_RD size=4 addr=0x1720 (WAIT_UNTIL)
[002881] MMIO_RD size=4 addr=0x0e40 (RBBM_STATUS)
[002882] STATUS_RD RBBM_STATUS -> 0x00000040 (idle, 64 free)
[002883] MMIO_RD size=4 addr=0x1720 (WAIT_UNTIL)
[002884] MMIO_RD size=4 addr=0x0e40 (RBBM_STATUS)
[002885] STATUS_RD RBBM_STATUS -> 0x00000040 (idle, 64 free)
[002886] MMIO_RD size=4 addr=0x1720 (WAIT_UNTIL)
[002887] MMIO_RD size=4 addr=0x0e40 (RBBM_STATUS)
[002888] STATUS_RD RBBM_STATUS -> 0x00000040 (idle, 64 free)
[002889] MMIO_RD size=4 addr=0x1720 (WAIT_UNTIL)
[002890] MMIO_RD size=4 addr=0x0e40 (RBBM_STATUS)
[002891] STATUS_RD RBBM_STATUS -> 0x00000040 (idle, 64 free)
[002892] MMIO_RD size=4 addr=0x1720 (WAIT_UNTIL)
[002893] MMIO_RD size=4 addr=0x0e40 (RBBM_STATUS)
[002894] STATUS_RD RBBM_STATUS -> 0x00000040 (idle, 64 free)
[002895] MMIO_RD size=4 addr=0x1720 (WAIT_UNTIL)
[002896] MMIO_RD size=4 addr=0x0e40 (RBBM_STATUS)
[002897] STATUS_RD RBBM_STATUS -> 0x00000040 (idle, 64 free)
[002898] MMIO_RD size=4 addr=0x1720 (WAIT_UNTIL)
[002899] MMIO_RD size=4 addr=0x0e40 (RBBM_STATUS)
[002900] STATUS_RD RBBM_STATUS -> 0x00000040 (idle, 64 free)
[002901] MMIO_RD size=4 addr=0x1720 (WAIT_UNTIL)
[002902] MMIO_RD size=4 addr=0x0e40 (RBBM_STATUS)
[002903] STATUS_RD RBBM_STATUS -> 0x00000040 (idle, 64 free)
[002904] MMIO_RD size=4 addr=0x1720 (WAIT_UNTIL)
[002905] MMIO_RD size=4 addr=0x0e40 (RBBM_STATUS)
[002906] STATUS_RD RBBM_STATUS -> 0x00000040 (idle, 64 free)
[002907] MMIO_RD size=4 addr=0x1720 (WAIT_UNTIL)
[002908] MMIO_RD size=4 addr=0x0e40 (RBBM_STATUS)
[002909] STATUS_RD RBBM_STATUS -> 0x00000040 (idle, 64 free)
[002910] MMIO_RD size=4 addr=0x1720 (WAIT_UNTIL)
[002911] MMIO_RD size=4 addr=0x0e40 (RBBM_STATUS)
[002912] STATUS_RD RBBM_STATUS -> 0x00000040 (idle, 64 free)
[002913] MMIO_RD size=4 addr=0x1720 (WAIT_UNTIL)
[002914] MMIO_RD size=4 addr=0x0e40 (RBBM_STATUS)
[002915] STATUS_RD RBBM_STATUS -> 0x00000040 (idle, 64 free)
[002916] MMIO_RD size=4 addr=0x1720 (WAIT_UNTIL)
[002917] MMIO_RD size=4 addr=0x0e40 (RBBM_STATUS)
[002918] STATUS_RD RBBM_STATUS -> 0x00000040 (idle, 64 free)
[002919] MMIO_RD size=4 addr=0x1720 (WAIT_UNTIL)
[002920] MMIO_RD size=4 addr=0x0e40 (RBBM_STATUS)
[002921] STATUS_RD RBBM_STATUS -> 0x00000040 (idle, 64 free)
[002922] MMIO_RD size=4 addr=0x1720 (WAIT_UNTIL)
[002923] MMIO_RD size=4 addr=0x0e40 (RBBM_STATUS)
[002924] STATUS_RD RBBM_STATUS -> 0x00000040 (idle, 64 free)
[002925] MMIO_RD size=4 addr=0x1720 (WAIT_UNTIL)
[002926] MMIO_RD size=4 addr=0x0e40 (RBBM_STATUS)
[002927] STATUS_RD RBBM_STATUS -> 0x00000040 (idle, 64 free)
[002928] MMIO_RD size=4 addr=0x1720 (WAIT_UNTIL)
[002929] MMIO_RD size=4 addr=0x0e40 (RBBM_STATUS)
[002930] STATUS_RD RBBM_STATUS -> 0x00000040 (idle, 64 free)
[002931] MMIO_RD size=4 addr=0x1720 (WAIT_UNTIL)
[002932] MMIO_RD size=4 addr=0x0e40 (RBBM_STATUS)
[002933] STATUS_RD RBBM_STATUS -> 0x00000040 (idle, 64 free)
[002934] MMIO_RD size=4 addr=0x1720 (WAIT_UNTIL)
[002935] MMIO_RD size=4 addr=0x0e40 (RBBM_STATUS)
[002936] STATUS_RD RBBM_STATUS -> 0x00000040 (idle, 64 free)
[002937] MMIO_RD size=4 addr=0x1720 (WAIT_UNTIL)
[002938] MMIO_RD size=4 addr=0x0e40 (RBBM_STATUS)
[002939] STATUS_RD RBBM_STATUS -> 0x00000040 (idle, 64 free)
[002940] MMIO_RD size=4 addr=0x1720 (WAIT_UNTIL)
[002941] MMIO_RD size=4 addr=0x0e40 (RBBM_STATUS)
[002942] STATUS_RD RBBM_STATUS -> 0x00000040 (idle, 64 free)
[002943] MMIO_RD size=4 addr=0x1720 (WAIT_UNTIL)
[002944] MMIO_RD size=4 addr=0x0e40 (RBBM_STATUS)
[002945] STATUS_RD RBBM_STATUS -> 0x00000040 (idle, 64 free)
[002946] MMIO_RD size=4 addr=0x1720 (WAIT_UNTIL)
[002947] MMIO_RD size=4 addr=0x0e40 (RBBM_STATUS)
[002948] STATUS_RD RBBM_STATUS -> 0x00000040 (idle, 64 free)
[002949] MMIO_RD size=4 addr=0x1720 (WAIT_UNTIL)
[002950] MMIO_RD size=4 addr=0x0e40 (RBBM_STATUS)
[002951] STATUS_RD RBBM_STATUS -> 0x00000040 (idle, 64 free)
[002952] MMIO_RD size=4 addr=0x1720 (WAIT_UNTIL)
[002953] MMIO_RD size=4 addr=0x0e40 (RBBM_STATUS)
[002954] STATUS_RD RBBM_STATUS -> 0x00000040 (idle, 64 free)
[002955] MMIO_RD size=4 addr=0x1720 (WAIT_UNTIL)
[002956] MMIO_RD size=4 addr=0x0e40 (RBBM_STATUS)
[002957] STATUS_RD RBBM_STATUS -> 0x00000040 (idle, 64 free)
[002958] MMIO_RD size=4 addr=0x1720 (WAIT_UNTIL)
[002959] MMIO_RD size=4 addr=0x0e40 (RBBM_STATUS)
[002960] STATUS_RD RBBM_STATUS -> 0x00000040 (idle, 64 free)
[002961] MMIO_RD size=4 addr=0x1720 (WAIT_UNTIL)
[002962] MMIO_RD size=4 addr=0x0e40 (RBBM_STATUS)
[002963] STATUS_RD RBBM_STATUS -> 0x00000040 (idle, 64 free)
[002964] MMIO_RD size=4 addr=0x1720 (WAIT_UNTIL)
[002965] MMIO_RD size=4 addr=0x0e40 (RBBM_STATUS)
[002966] STATUS_RD RBBM_STATUS -> 0x00000040 (idle, 64 free)
[002967] MMIO_RD size=4 addr=0x1720 (WAIT_UNTIL)
[002968] MMIO_RD size=4 addr=0x0e40 (RBBM_STATUS)
[002969] STATUS_RD RBBM_STATUS -> 0x00000040 (idle, 64 free)
[002970] MMIO_RD size=4 addr=0x1720 (WAIT_UNTIL)
[002971] MMIO_RD size=4 addr=0x0e40 (RBBM_STATUS)
[002972] STATUS_RD RBBM_STATUS -> 0x00000040 (idle, 64 free)
[002973] MMIO_RD size=4 addr=0x1720 (WAIT_UNTIL)
[002974] MMIO_RD size=4 addr=0x0e40 (RBBM_STATUS)
[002975] STATUS_RD RBBM_STATUS -> 0x00000040 (idle, 64 free)
[002976] MMIO_RD size=4 addr=0x1720 (WAIT_UNTIL)
[002977] MMIO_RD size=4 addr=0x0e40 (RBBM_STATUS)
[002978] STATUS_RD RBBM_STATUS -> 0x00000040 (idle, 64 free)
[002979] MMIO_RD size=4 addr=0x1720 (WAIT_UNTIL)
[002980] MMIO_RD size=4 addr=0x0e40 (RBBM_STATUS)
[002981] STATUS_RD RBBM_STATUS -> 0x00000040 (idle, 64 free)
[002982] MMIO_RD size=4 addr=0x1720 (WAIT_UNTIL)
[002983] MMIO_RD size=4 addr=0x0e40 (RBBM_STATUS)
[002984] STATUS_RD RBBM_STATUS -> 0x00000040 (idle, 64 free)
[002985] MMIO_RD size=4 addr=0x1720 (WAIT_UNTIL)
[002986] MMIO_RD size=4 addr=0x0e40 (RBBM_STATUS)
[002987] STATUS_RD RBBM_STATUS -> 0x00000040 (idle, 64 free)
[002988] MMIO_RD size=4 addr=0x1720 (WAIT_UNTIL)
[002989] MMIO_RD size=4 addr=0x0e40 (RBBM_STATUS)
[002990] STATUS_RD RBBM_STATUS -> 0x00000040 (idle, 64 free)
[002991] MMIO_RD size=4 addr=0x1720 (WAIT_UNTIL)
[002992] MMIO_RD size=4 addr=0x0e40 (RBBM_STATUS)
[002993] STATUS_RD RBBM_STATUS -> 0x00000040 (idle, 64 free)
[002994] MMIO_RD size=4 addr=0x1720 (WAIT_UNTIL)
[002995] MMIO_RD size=4 addr=0x0e40 (RBBM_STATUS)
[002996] STATUS_RD RBBM_STATUS -> 0x00000040 (idle, 64 free)
[002997] MMIO_RD size=4 addr=0x1720 (WAIT_UNTIL)
[002998] MMIO_RD size=4 addr=0x0e40 (RBBM_STATUS)
[002999] STATUS_RD RBBM_STATUS -> 0x00000040 (idle, 64 free)
[003000] MMIO_RD size=4 addr=0x1720 (WAIT_UNTIL)
[003001] MMIO_RD size=4 addr=0x0e40 (RBBM_STATUS)
[003002] STATUS_RD RBBM_STATUS -> 0x00000040 (idle, 64 free)
[003003] MMIO_RD size=4 addr=0x1720 (WAIT_UNTIL)
[003004] MMIO_RD size=4 addr=0x0e40 (RBBM_STATUS)
[003005] STATUS_RD RBBM_STATUS -> 0x00000040 (idle, 64 free)
[003006] MMIO_RD size=4 addr=0x1720 (WAIT_UNTIL)
[003007] MMIO_RD size=4 addr=0x0e40 (RBBM_STATUS)
[003008] STATUS_RD RBBM_STATUS -> 0x00000040 (idle, 64 free)
[003009] MMIO_RD size=4 addr=0x1720 (WAIT_UNTIL)
[003010] MMIO_RD size=4 addr=0x0e40 (RBBM_STATUS)
[003011] STATUS_RD RBBM_STATUS -> 0x00000040 (idle, 64 free)
[003012] MMIO_RD size=4 addr=0x1720 (WAIT_UNTIL)
[003013] MMIO_RD size=4 addr=0x0e40 (RBBM_STATUS)
[003014] STATUS_RD RBBM_STATUS -> 0x00000040 (idle, 64 free)
[003015] MMIO_RD size=4 addr=0x1720 (WAIT_UNTIL)
[003016] MMIO_RD size=4 addr=0x0e40 (RBBM_STATUS)
[003017] STATUS_RD RBBM_STATUS -> 0x00000040 (idle, 64 free)
[003018] MMIO_RD size=4 addr=0x1720 (WAIT_UNTIL)
[003019] MMIO_RD size=4 addr=0x0e40 (RBBM_STATUS)
[003020] STATUS_RD RBBM_STATUS -> 0x00000040 (idle, 64 free)
[003021] MMIO_RD size=4 addr=0x1720 (WAIT_UNTIL)
[003022] MMIO_RD size=4 addr=0x0e40 (RBBM_STATUS)
[003023] STATUS_RD RBBM_STATUS -> 0x00000040 (idle, 64 free)
[003024] MMIO_RD size=4 addr=0x1720 (WAIT_UNTIL)
[003025] MMIO_RD size=4 addr=0x0e40 (RBBM_STATUS)
[003026] STATUS_RD RBBM_STATUS -> 0x00000040 (idle, 64 free)
[003027] MMIO_RD size=4 addr=0x1720 (WAIT_UNTIL)
[003028] MMIO_RD size=4 addr=0x0e40 (RBBM_STATUS)
[003029] STATUS_RD RBBM_STATUS -> 0x00000040 (idle, 64 free)
[003030] MMIO_RD size=4 addr=0x1720 (WAIT_UNTIL)
[003031] MMIO_RD size=4 addr=0x0e40 (RBBM_STATUS)
[003032] STATUS_RD RBBM_STATUS -> 0x00000040 (idle, 64 free)
[003033] MMIO_RD size=4 addr=0x1720 (WAIT_UNTIL)
[003034] MMIO_RD size=4 addr=0x0e40 (RBBM_STATUS)
[003035] STATUS_RD RBBM_STATUS -> 0x00000040 (idle, 64 free)
[003036] MMIO_RD size=4 addr=0x1720 (WAIT_UNTIL)
[003037] MMIO_RD size=4 addr=0x0e40 (RBBM_STATUS)
[003038] STATUS_RD RBBM_STATUS -> 0x00000040 (idle, 64 free)
[003039] MMIO_RD size=4 addr=0x1720 (WAIT_UNTIL)
[003040] MMIO_RD size=4 addr=0x0e40 (RBBM_STATUS)
[003041] STATUS_RD RBBM_STATUS -> 0x00000040 (idle, 64 free)
[003042] MMIO_RD size=4 addr=0x1720 (WAIT_UNTIL)
[003043] MMIO_RD size=4 addr=0x0e40 (RBBM_STATUS)
[003044] STATUS_RD RBBM_STATUS -> 0x00000040 (idle, 64 free)
[003045] MMIO_RD size=4 addr=0x1720 (WAIT_UNTIL)
[003046] MMIO_RD size=4 addr=0x0e40 (RBBM_STATUS)
[003047] STATUS_RD RBBM_STATUS -> 0x00000040 (idle, 64 free)
[003048] MMIO_RD size=4 addr=0x1720 (WAIT_UNTIL)
[003049] MMIO_RD size=4 addr=0x0e40 (RBBM_STATUS)
[003050] STATUS_RD RBBM_STATUS -> 0x00000040 (idle, 64 free)
[003051] MMIO_RD size=4 addr=0x1720 (WAIT_UNTIL)
[003052] MMIO_RD size=4 addr=0x0e40 (RBBM_STATUS)
[003053] STATUS_RD RBBM_STATUS -> 0x00000040 (idle, 64 free)
[003054] MMIO_RD size=4 addr=0x1720 (WAIT_UNTIL)
[003055] MMIO_RD size=4 addr=0x0e40 (RBBM_STATUS)
[003056] STATUS_RD RBBM_STATUS -> 0x00000040 (idle, 64 free)
[003057] MMIO_RD size=4 addr=0x1720 (WAIT_UNTIL)
[003058] MMIO_RD size=4 addr=0x0e40 (RBBM_STATUS)
[003059] STATUS_RD RBBM_STATUS -> 0x00000040 (idle, 64 free)
[003060] MMIO_RD size=4 addr=0x1720 (WAIT_UNTIL)
[003061] MMIO_RD size=4 addr=0x0e40 (RBBM_STATUS)
[003062] STATUS_RD RBBM_STATUS -> 0x00000040 (idle, 64 free)
[003063] MMIO_RD size=4 addr=0x1720 (WAIT_UNTIL)
[003064] MMIO_RD size=4 addr=0x0e40 (RBBM_STATUS)
[003065] STATUS_RD RBBM_STATUS -> 0x00000040 (idle, 64 free)
[003066] MMIO_RD size=4 addr=0x1720 (WAIT_UNTIL)
[003067] MMIO_RD size=4 addr=0x0e40 (RBBM_STATUS)
[003068] STATUS_RD RBBM_STATUS -> 0x00000040 (idle, 64 free)
[003069] MMIO_RD size=4 addr=0x1720 (WAIT_UNTIL)
[003070] MMIO_RD size=4 addr=0x0e40 (RBBM_STATUS)
[003071] STATUS_RD RBBM_STATUS -> 0x00000040 (idle, 64 free)
[003072] MMIO_RD size=4 addr=0x1720 (WAIT_UNTIL)
[003073] MMIO_RD size=4 addr=0x0e40 (RBBM_STATUS)
[003074] STATUS_RD RBBM_STATUS -> 0x00000040 (idle, 64 free)
[003075] MMIO_RD size=4 addr=0x1720 (WAIT_UNTIL)
[003076] MMIO_RD size=4 addr=0x0e40 (RBBM_STATUS)
[003077] STATUS_RD RBBM_STATUS -> 0x00000040 (idle, 64 free)
[003078] MMIO_RD size=4 addr=0x1720 (WAIT_UNTIL)
[003079] MMIO_RD size=4 addr=0x0e40 (RBBM_STATUS)
[003080] STATUS_RD RBBM_STATUS -> 0x00000040 (idle, 64 free)
[003081] MMIO_RD size=4 addr=0x1720 (WAIT_UNTIL)
[003082] MMIO_RD size=4 addr=0x0e40 (RBBM_STATUS)
[003083] STATUS_RD RBBM_STATUS -> 0x00000040 (idle, 64 free)
[003084] MMIO_RD size=4 addr=0x1720 (WAIT_UNTIL)
[003085] MMIO_WR size=4 addr=0x4e4c val=0x10 (UNKNOWN)
[003086] MMIO_RD size=4 addr=0x0e40 (RBBM_STATUS)
[003087] STATUS_RD RBBM_STATUS -> 0x00000040 (idle, 64 free)
[003088] MMIO_RD size=4 addr=0x1720 (WAIT_UNTIL)
[003089] MMIO_RD size=4 addr=0x0e40 (RBBM_STATUS)
[003090] STATUS_RD RBBM_STATUS -> 0x00000040 (idle, 64 free)
[003091] MMIO_RD size=4 addr=0x1720 (WAIT_UNTIL)
[003092] MMIO_RD size=4 addr=0x0e40 (RBBM_STATUS)
[003093] STATUS_RD RBBM_STATUS -> 0x00000040 (idle, 64 free)
[003094] MMIO_RD size=4 addr=0x1720 (WAIT_UNTIL)
[003095] MMIO_RD size=4 addr=0x0e40 (RBBM_STATUS)
[003096] STATUS_RD RBBM_STATUS -> 0x00000040 (idle, 64 free)
[003097] MMIO_RD size=4 addr=0x1720 (WAIT_UNTIL)
[003098] MMIO_RD size=4 addr=0x0e40 (RBBM_STATUS)
[003099] STATUS_RD RBBM_STATUS -> 0x00000040 (idle, 64 free)
[003100] MMIO_RD size=4 addr=0x1720 (WAIT_UNTIL)
[003101] MMIO_RD size=4 addr=0x0e40 (RBBM_STATUS)
[003102] STATUS_RD RBBM_STATUS -> 0x00000040 (idle, 64 free)
[003103] MMIO_RD size=4 addr=0x1720 (WAIT_UNTIL)
[003104] MMIO_RD size=4 addr=0x0e40 (RBBM_STATUS)
[003105] STATUS_RD RBBM_STATUS -> 0x00000040 (idle, 64 free)
[003106] MMIO_RD size=4 addr=0x1720 (WAIT_UNTIL)
[003107] MMIO_RD size=4 addr=0x0e40 (RBBM_STATUS)
[003108] STATUS_RD RBBM_STATUS -> 0x00000040 (idle, 64 free)
[003109] MMIO_RD size=4 addr=0x1720 (WAIT_UNTIL)
[003110] MMIO_RD size=4 addr=0x0e40 (RBBM_STATUS)
[003111] STATUS_RD RBBM_STATUS -> 0x00000040 (idle, 64 free)
[003112] MMIO_RD size=4 addr=0x1720 (WAIT_UNTIL)
[003113] MMIO_RD size=4 addr=0x0e40 (RBBM_STATUS)
[003114] STATUS_RD RBBM_STATUS -> 0x00000040 (idle, 64 free)
[003115] MMIO_RD size=4 addr=0x1720 (WAIT_UNTIL)
[003116] MMIO_RD size=4 addr=0x0e40 (RBBM_STATUS)
[003117] STATUS_RD RBBM_STATUS -> 0x00000040 (idle, 64 free)
[003118] MMIO_RD size=4 addr=0x1720 (WAIT_UNTIL)
[003119] MMIO_RD size=4 addr=0x0e40 (RBBM_STATUS)
[003120] STATUS_RD RBBM_STATUS -> 0x00000040 (idle, 64 free)
[003121] MMIO_RD size=4 addr=0x1720 (WAIT_UNTIL)
[003122] MMIO_RD size=4 addr=0x0e40 (RBBM_STATUS)
[003123] STATUS_RD RBBM_STATUS -> 0x00000040 (idle, 64 free)
[003124] MMIO_RD size=4 addr=0x1720 (WAIT_UNTIL)
[003125] MMIO_RD size=4 addr=0x0e40 (RBBM_STATUS)
[003126] STATUS_RD RBBM_STATUS -> 0x00000040 (idle, 64 free)
[003127] MMIO_RD size=4 addr=0x1720 (WAIT_UNTIL)
[003128] MMIO_RD size=4 addr=0x0e40 (RBBM_STATUS)
[003129] STATUS_RD RBBM_STATUS -> 0x00000040 (idle, 64 free)
[003130] MMIO_RD size=4 addr=0x1720 (WAIT_UNTIL)
[003131] MMIO_RD size=4 addr=0x0e40 (RBBM_STATUS)
[003132] STATUS_RD RBBM_STATUS -> 0x00000040 (idle, 64 free)
[003133] MMIO_RD size=4 addr=0x1720 (WAIT_UNTIL)
[003134] MMIO_RD size=4 addr=0x0e40 (RBBM_STATUS)
[003135] STATUS_RD RBBM_STATUS -> 0x00000040 (idle, 64 free)
[003136] MMIO_RD size=4 addr=0x1720 (WAIT_UNTIL)
[003137] MMIO_RD size=4 addr=0x0e40 (RBBM_STATUS)
[003138] STATUS_RD RBBM_STATUS -> 0x00000040 (idle, 64 free)
[003139] MMIO_RD size=4 addr=0x1720 (WAIT_UNTIL)
[003140] MMIO_RD size=4 addr=0x0e40 (RBBM_STATUS)
[003141] STATUS_RD RBBM_STATUS -> 0x00000040 (idle, 64 free)
[003142] MMIO_RD size=4 addr=0x1720 (WAIT_UNTIL)
[003143] MMIO_RD size=4 addr=0x0e40 (RBBM_STATUS)
[003144] STATUS_RD RBBM_STATUS -> 0x00000040 (idle, 64 free)
[003145] MMIO_RD size=4 addr=0x1720 (WAIT_UNTIL)
[003146] MMIO_RD size=4 addr=0x0e40 (RBBM_STATUS)
[003147] STATUS_RD RBBM_STATUS -> 0x00000040 (idle, 64 free)
[003148] MMIO_RD size=4 addr=0x1720 (WAIT_UNTIL)
[003149] MMIO_RD size=4 addr=0x0e40 (RBBM_STATUS)
[003150] STATUS_RD RBBM_STATUS -> 0x00000040 (idle, 64 free)
[003151] MMIO_RD size=4 addr=0x1720 (WAIT_UNTIL)
[003152] MMIO_RD size=4 addr=0x0e40 (RBBM_STATUS)
[003153] STATUS_RD RBBM_STATUS -> 0x00000040 (idle, 64 free)
[003154] MMIO_RD size=4 addr=0x1720 (WAIT_UNTIL)
[003155] MMIO_RD size=4 addr=0x0e40 (RBBM_STATUS)
[003156] STATUS_RD RBBM_STATUS -> 0x00000040 (idle, 64 free)
[003157] MMIO_RD size=4 addr=0x1720 (WAIT_UNTIL)
[003158] MMIO_RD size=4 addr=0x0e40 (RBBM_STATUS)
[003159] STATUS_RD RBBM_STATUS -> 0x00000040 (idle, 64 free)
[003160] MMIO_RD size=4 addr=0x1720 (WAIT_UNTIL)
[003161] MMIO_RD size=4 addr=0x0e40 (RBBM_STATUS)
[003162] STATUS_RD RBBM_STATUS -> 0x00000040 (idle, 64 free)
[003163] MMIO_RD size=4 addr=0x1720 (WAIT_UNTIL)
[003164] MMIO_RD size=4 addr=0x0e40 (RBBM_STATUS)
[003165] STATUS_RD RBBM_STATUS -> 0x00000040 (idle, 64 free)
[003166] MMIO_RD size=4 addr=0x1720 (WAIT_UNTIL)
[003167] MMIO_RD size=4 addr=0x0e40 (RBBM_STATUS)
[003168] STATUS_RD RBBM_STATUS -> 0x00000040 (idle, 64 free)
[003169] MMIO_RD size=4 addr=0x1720 (WAIT_UNTIL)
[003170] MMIO_RD size=4 addr=0x0e40 (RBBM_STATUS)
[003171] STATUS_RD RBBM_STATUS -> 0x00000040 (idle, 64 free)
[003172] MMIO_RD size=4 addr=0x1720 (WAIT_UNTIL)
[003173] MMIO_RD size=4 addr=0x0e40 (RBBM_STATUS)
[003174] STATUS_RD RBBM_STATUS -> 0x00000040 (idle, 64 free)
[003175] MMIO_RD size=4 addr=0x1720 (WAIT_UNTIL)
[003176] MMIO_RD size=4 addr=0x0e40 (RBBM_STATUS)
[003177] STATUS_RD RBBM_STATUS -> 0x00000040 (idle, 64 free)
[003178] MMIO_RD size=4 addr=0x1720 (WAIT_UNTIL)
[003179] MMIO_RD size=4 addr=0x0e40 (RBBM_STATUS)
[003180] STATUS_RD RBBM_STATUS -> 0x00000040 (idle, 64 free)
[003181] MMIO_RD size=4 addr=0x1720 (WAIT_UNTIL)
[003182] MMIO_RD size=4 addr=0x0e40 (RBBM_STATUS)
[003183] STATUS_RD RBBM_STATUS -> 0x00000040 (idle, 64 free)
[003184] MMIO_RD size=4 addr=0x1720 (WAIT_UNTIL)
[003185] MMIO_RD size=4 addr=0x0e40 (RBBM_STATUS)
[003186] STATUS_RD RBBM_STATUS -> 0x00000040 (idle, 64 free)
[003187] MMIO_RD size=4 addr=0x1720 (WAIT_UNTIL)
[003188] MMIO_RD size=4 addr=0x0e40 (RBBM_STATUS)
[003189] STATUS_RD RBBM_STATUS -> 0x00000040 (idle, 64 free)
[003190] MMIO_RD size=4 addr=0x1720 (WAIT_UNTIL)
[003191] MMIO_RD size=4 addr=0x0e40 (RBBM_STATUS)
[003192] STATUS_RD RBBM_STATUS -> 0x00000040 (idle, 64 free)
[003193] MMIO_RD size=4 addr=0x1720 (WAIT_UNTIL)
[003194] MMIO_RD size=4 addr=0x0e40 (RBBM_STATUS)
[003195] STATUS_RD RBBM_STATUS -> 0x00000040 (idle, 64 free)
[003196] MMIO_RD size=4 addr=0x1720 (WAIT_UNTIL)
[003197] MMIO_RD size=4 addr=0x0e40 (RBBM_STATUS)
[003198] STATUS_RD RBBM_STATUS -> 0x00000040 (idle, 64 free)
[003199] MMIO_RD size=4 addr=0x1720 (WAIT_UNTIL)
[003200] MMIO_RD size=4 addr=0x0e40 (RBBM_STATUS)
[003201] STATUS_RD RBBM_STATUS -> 0x00000040 (idle, 64 free)
[003202] MMIO_RD size=4 addr=0x1720 (WAIT_UNTIL)
[003203] MMIO_RD size=4 addr=0x0e40 (RBBM_STATUS)
[003204] STATUS_RD RBBM_STATUS -> 0x00000040 (idle, 64 free)
[003205] MMIO_RD size=4 addr=0x1720 (WAIT_UNTIL)
[003206] MMIO_RD size=4 addr=0x0e40 (RBBM_STATUS)
[003207] STATUS_RD RBBM_STATUS -> 0x00000040 (idle, 64 free)
[003208] MMIO_RD size=4 addr=0x1720 (WAIT_UNTIL)
[003209] MMIO_RD size=4 addr=0x0e40 (RBBM_STATUS)
[003210] STATUS_RD RBBM_STATUS -> 0x00000040 (idle, 64 free)
[003211] MMIO_RD size=4 addr=0x1720 (WAIT_UNTIL)
[003212] MMIO_RD size=4 addr=0x0e40 (RBBM_STATUS)
[003213] STATUS_RD RBBM_STATUS -> 0x00000040 (idle, 64 free)
[003214] MMIO_RD size=4 addr=0x1720 (WAIT_UNTIL)
[003215] MMIO_RD size=4 addr=0x0e40 (RBBM_STATUS)
[003216] STATUS_RD RBBM_STATUS -> 0x00000040 (idle, 64 free)
[003217] MMIO_RD size=4 addr=0x1720 (WAIT_UNTIL)
[003218] MMIO_RD size=4 addr=0x0e40 (RBBM_STATUS)
[003219] STATUS_RD RBBM_STATUS -> 0x00000040 (idle, 64 free)
[003220] MMIO_RD size=4 addr=0x1720 (WAIT_UNTIL)
[003221] MMIO_RD size=4 addr=0x0e40 (RBBM_STATUS)
[003222] STATUS_RD RBBM_STATUS -> 0x00000040 (idle, 64 free)
[003223] MMIO_RD size=4 addr=0x1720 (WAIT_UNTIL)
[003224] MMIO_RD size=4 addr=0x0e40 (RBBM_STATUS)
[003225] STATUS_RD RBBM_STATUS -> 0x00000040 (idle, 64 free)
[003226] MMIO_RD size=4 addr=0x1720 (WAIT_UNTIL)
[003227] MMIO_RD size=4 addr=0x0e40 (RBBM_STATUS)
[003228] STATUS_RD RBBM_STATUS -> 0x00000040 (idle, 64 free)
[003229] MMIO_RD size=4 addr=0x1720 (WAIT_UNTIL)
[003230] MMIO_RD size=4 addr=0x0e40 (RBBM_STATUS)
[003231] STATUS_RD RBBM_STATUS -> 0x00000040 (idle, 64 free)
[003232] MMIO_RD size=4 addr=0x1720 (WAIT_UNTIL)
[003233] MMIO_RD size=4 addr=0x0e40 (RBBM_STATUS)
[003234] STATUS_RD RBBM_STATUS -> 0x00000040 (idle, 64 free)
[003235] MMIO_RD size=4 addr=0x1720 (WAIT_UNTIL)
[003236] MMIO_RD size=4 addr=0x0e40 (RBBM_STATUS)
[003237] STATUS_RD RBBM_STATUS -> 0x00000040 (idle, 64 free)
[003238] MMIO_RD size=4 addr=0x1720 (WAIT_UNTIL)
[003239] MMIO_RD size=4 addr=0x0e40 (RBBM_STATUS)
[003240] STATUS_RD RBBM_STATUS -> 0x00000040 (idle, 64 free)
[003241] MMIO_RD size=4 addr=0x1720 (WAIT_UNTIL)
[003242] MMIO_RD size=4 addr=0x0e40 (RBBM_STATUS)
[003243] STATUS_RD RBBM_STATUS -> 0x00000040 (idle, 64 free)
[003244] MMIO_RD size=4 addr=0x1720 (WAIT_UNTIL)
[003245] MMIO_RD size=4 addr=0x0e40 (RBBM_STATUS)
[003246] STATUS_RD RBBM_STATUS -> 0x00000040 (idle, 64 free)
[003247] MMIO_RD size=4 addr=0x1720 (WAIT_UNTIL)
[003248] MMIO_RD size=4 addr=0x0e40 (RBBM_STATUS)
[003249] STATUS_RD RBBM_STATUS -> 0x00000040 (idle, 64 free)
[003250] MMIO_RD size=4 addr=0x1720 (WAIT_UNTIL)
[003251] MMIO_RD size=4 addr=0x0e40 (RBBM_STATUS)
[003252] STATUS_RD RBBM_STATUS -> 0x00000040 (idle, 64 free)
[003253] MMIO_RD size=4 addr=0x1720 (WAIT_UNTIL)
[003254] MMIO_RD size=4 addr=0x0e40 (RBBM_STATUS)
[003255] STATUS_RD RBBM_STATUS -> 0x00000040 (idle, 64 free)
[003256] MMIO_RD size=4 addr=0x1720 (WAIT_UNTIL)
[003257] MMIO_RD size=4 addr=0x0e40 (RBBM_STATUS)
[003258] STATUS_RD RBBM_STATUS -> 0x00000040 (idle, 64 free)
[003259] MMIO_RD size=4 addr=0x1720 (WAIT_UNTIL)
[003260] MMIO_RD size=4 addr=0x0e40 (RBBM_STATUS)
[003261] STATUS_RD RBBM_STATUS -> 0x00000040 (idle, 64 free)
[003262] MMIO_RD size=4 addr=0x1720 (WAIT_UNTIL)
[003263] MMIO_RD size=4 addr=0x0e40 (RBBM_STATUS)
[003264] STATUS_RD RBBM_STATUS -> 0x00000040 (idle, 64 free)
[003265] MMIO_RD size=4 addr=0x1720 (WAIT_UNTIL)
[003266] MMIO_RD size=4 addr=0x0e40 (RBBM_STATUS)
[003267] STATUS_RD RBBM_STATUS -> 0x00000040 (idle, 64 free)
[003268] MMIO_RD size=4 addr=0x1720 (WAIT_UNTIL)
[003269] MMIO_RD size=4 addr=0x0e40 (RBBM_STATUS)
[003270] STATUS_RD RBBM_STATUS -> 0x00000040 (idle, 64 free)
[003271] MMIO_RD size=4 addr=0x1720 (WAIT_UNTIL)
[003272] MMIO_RD size=4 addr=0x0e40 (RBBM_STATUS)
[003273] STATUS_RD RBBM_STATUS -> 0x00000040 (idle, 64 free)
[003274] MMIO_RD size=4 addr=0x1720 (WAIT_UNTIL)
[003275] MMIO_RD size=4 addr=0x0e40 (RBBM_STATUS)
[003276] STATUS_RD RBBM_STATUS -> 0x00000040 (idle, 64 free)
[003277] MMIO_RD size=4 addr=0x1720 (WAIT_UNTIL)
[003278] MMIO_RD size=4 addr=0x0e40 (RBBM_STATUS)
[003279] STATUS_RD RBBM_STATUS -> 0x00000040 (idle, 64 free)
[003280] MMIO_RD size=4 addr=0x1720 (WAIT_UNTIL)
[003281] MMIO_RD size=4 addr=0x0e40 (RBBM_STATUS)
[003282] STATUS_RD RBBM_STATUS -> 0x00000040 (idle, 64 free)
[003283] MMIO_RD size=4 addr=0x1720 (WAIT_UNTIL)
[003284] MMIO_RD size=4 addr=0x0e40 (RBBM_STATUS)
[003285] STATUS_RD RBBM_STATUS -> 0x00000040 (idle, 64 free)
[003286] MMIO_RD size=4 addr=0x1720 (WAIT_UNTIL)
[003287] MMIO_RD size=4 addr=0x0e40 (RBBM_STATUS)
[003288] STATUS_RD RBBM_STATUS -> 0x00000040 (idle, 64 free)
[003289] MMIO_RD size=4 addr=0x1720 (WAIT_UNTIL)
[003290] MMIO_RD size=4 addr=0x0e40 (RBBM_STATUS)
[003291] STATUS_RD RBBM_STATUS -> 0x00000040 (idle, 64 free)
[003292] MMIO_RD size=4 addr=0x1720 (WAIT_UNTIL)
[003293] MMIO_RD size=4 addr=0x0e40 (RBBM_STATUS)
[003294] STATUS_RD RBBM_STATUS -> 0x00000040 (idle, 64 free)
[003295] MMIO_RD size=4 addr=0x1720 (WAIT_UNTIL)
[003296] MMIO_RD size=4 addr=0x0e40 (RBBM_STATUS)
[003297] STATUS_RD RBBM_STATUS -> 0x00000040 (idle, 64 free)
[003298] MMIO_RD size=4 addr=0x1720 (WAIT_UNTIL)
[003299] MMIO_RD size=4 addr=0x0e40 (RBBM_STATUS)
[003300] STATUS_RD RBBM_STATUS -> 0x00000040 (idle, 64 free)
[003301] MMIO_RD size=4 addr=0x1720 (WAIT_UNTIL)
[003302] MMIO_RD size=4 addr=0x0e40 (RBBM_STATUS)
[003303] STATUS_RD RBBM_STATUS -> 0x00000040 (idle, 64 free)
[003304] MMIO_RD size=4 addr=0x1720 (WAIT_UNTIL)
[003305] MMIO_RD size=4 addr=0x0e40 (RBBM_STATUS)
[003306] STATUS_RD RBBM_STATUS -> 0x00000040 (idle, 64 free)
[003307] MMIO_RD size=4 addr=0x1720 (WAIT_UNTIL)
[003308] MMIO_RD size=4 addr=0x0e40 (RBBM_STATUS)
[003309] STATUS_RD RBBM_STATUS -> 0x00000040 (idle, 64 free)
[003310] MMIO_RD size=4 addr=0x1720 (WAIT_UNTIL)
[003311] MMIO_RD size=4 addr=0x0e40 (RBBM_STATUS)
[003312] STATUS_RD RBBM_STATUS -> 0x00000040 (idle, 64 free)
[003313] MMIO_RD size=4 addr=0x1720 (WAIT_UNTIL)
[003314] MMIO_RD size=4 addr=0x0e40 (RBBM_STATUS)
[003315] STATUS_RD RBBM_STATUS -> 0x00000040 (idle, 64 free)
[003316] MMIO_RD size=4 addr=0x1720 (WAIT_UNTIL)
[003317] MMIO_RD size=4 addr=0x0e40 (RBBM_STATUS)
[003318] STATUS_RD RBBM_STATUS -> 0x00000040 (idle, 64 free)
[003319] MMIO_RD size=4 addr=0x1720 (WAIT_UNTIL)
[003320] MMIO_RD size=4 addr=0x0e40 (RBBM_STATUS)
[003321] STATUS_RD RBBM_STATUS -> 0x00000040 (idle, 64 free)
[003322] MMIO_RD size=4 addr=0x1720 (WAIT_UNTIL)
[003323] MMIO_RD size=4 addr=0x0e40 (RBBM_STATUS)
[003324] STATUS_RD RBBM_STATUS -> 0x00000040 (idle, 64 free)
[003325] MMIO_RD size=4 addr=0x1720 (WAIT_UNTIL)
[003326] MMIO_RD size=4 addr=0x0e40 (RBBM_STATUS)
[003327] STATUS_RD RBBM_STATUS -> 0x00000040 (idle, 64 free)
[003328] MMIO_RD size=4 addr=0x1720 (WAIT_UNTIL)
[003329] MMIO_RD size=4 addr=0x0e40 (RBBM_STATUS)
[003330] STATUS_RD RBBM_STATUS -> 0x00000040 (idle, 64 free)
[003331] MMIO_RD size=4 addr=0x1720 (WAIT_UNTIL)
[003332] MMIO_RD size=4 addr=0x0e40 (RBBM_STATUS)
[003333] STATUS_RD RBBM_STATUS -> 0x00000040 (idle, 64 free)
[003334] MMIO_RD size=4 addr=0x1720 (WAIT_UNTIL)
[003335] MMIO_RD size=4 addr=0x0e40 (RBBM_STATUS)
[003336] STATUS_RD RBBM_STATUS -> 0x00000040 (idle, 64 free)
[003337] MMIO_RD size=4 addr=0x1720 (WAIT_UNTIL)
[003338] MMIO_RD size=4 addr=0x0e40 (RBBM_STATUS)
[003339] STATUS_RD RBBM_STATUS -> 0x00000040 (idle, 64 free)
[003340] MMIO_RD size=4 addr=0x1720 (WAIT_UNTIL)
[003341] MMIO_RD size=4 addr=0x0e40 (RBBM_STATUS)
[003342] STATUS_RD RBBM_STATUS -> 0x00000040 (idle, 64 free)
[003343] MMIO_RD size=4 addr=0x1720 (WAIT_UNTIL)
[003344] MMIO_RD size=4 addr=0x0e40 (RBBM_STATUS)
[003345] STATUS_RD RBBM_STATUS -> 0x00000040 (idle, 64 free)
[003346] MMIO_RD size=4 addr=0x1720 (WAIT_UNTIL)
[003347] MMIO_RD size=4 addr=0x0e40 (RBBM_STATUS)
[003348] STATUS_RD RBBM_STATUS -> 0x00000040 (idle, 64 free)
[003349] MMIO_RD size=4 addr=0x1720 (WAIT_UNTIL)
[003350] MMIO_RD size=4 addr=0x0e40 (RBBM_STATUS)
[003351] STATUS_RD RBBM_STATUS -> 0x00000040 (idle, 64 free)
[003352] MMIO_RD size=4 addr=0x1720 (WAIT_UNTIL)
[003353] MMIO_RD size=4 addr=0x0e40 (RBBM_STATUS)
[003354] STATUS_RD RBBM_STATUS -> 0x00000040 (idle, 64 free)
[003355] MMIO_RD size=4 addr=0x1720 (WAIT_UNTIL)
[003356] MMIO_RD size=4 addr=0x0e40 (RBBM_STATUS)
[003357] STATUS_RD RBBM_STATUS -> 0x00000040 (idle, 64 free)
[003358] MMIO_RD size=4 addr=0x1720 (WAIT_UNTIL)
[003359] MMIO_RD size=4 addr=0x0e40 (RBBM_STATUS)
[003360] STATUS_RD RBBM_STATUS -> 0x00000040 (idle, 64 free)
[003361] MMIO_RD size=4 addr=0x1720 (WAIT_UNTIL)
[003362] MMIO_RD size=4 addr=0x0e40 (RBBM_STATUS)
[003363] STATUS_RD RBBM_STATUS -> 0x00000040 (idle, 64 free)
[003364] MMIO_RD size=4 addr=0x1720 (WAIT_UNTIL)
[003365] MMIO_RD size=4 addr=0x0e40 (RBBM_STATUS)
[003366] STATUS_RD RBBM_STATUS -> 0x00000040 (idle, 64 free)
[003367] MMIO_RD size=4 addr=0x1720 (WAIT_UNTIL)
[003368] MMIO_RD size=4 addr=0x0e40 (RBBM_STATUS)
[003369] STATUS_RD RBBM_STATUS -> 0x00000040 (idle, 64 free)
[003370] MMIO_RD size=4 addr=0x1720 (WAIT_UNTIL)
[003371] MMIO_RD size=4 addr=0x0e40 (RBBM_STATUS)
[003372] STATUS_RD RBBM_STATUS -> 0x00000040 (idle, 64 free)
[003373] MMIO_RD size=4 addr=0x1720 (WAIT_UNTIL)
[003374] MMIO_RD size=4 addr=0x0e40 (RBBM_STATUS)
[003375] STATUS_RD RBBM_STATUS -> 0x00000040 (idle, 64 free)
[003376] MMIO_RD size=4 addr=0x1720 (WAIT_UNTIL)
[003377] MMIO_RD size=4 addr=0x0e40 (RBBM_STATUS)
[003378] STATUS_RD RBBM_STATUS -> 0x00000040 (idle, 64 free)
[003379] MMIO_RD size=4 addr=0x1720 (WAIT_UNTIL)
[003380] MMIO_RD size=4 addr=0x0e40 (RBBM_STATUS)
[003381] STATUS_RD RBBM_STATUS -> 0x00000040 (idle, 64 free)
[003382] MMIO_RD size=4 addr=0x1720 (WAIT_UNTIL)
[003383] MMIO_RD size=4 addr=0x0e40 (RBBM_STATUS)
[003384] STATUS_RD RBBM_STATUS -> 0x00000040 (idle, 64 free)
[003385] MMIO_RD size=4 addr=0x1720 (WAIT_UNTIL)
[003386] MMIO_RD size=4 addr=0x0e40 (RBBM_STATUS)
[003387] STATUS_RD RBBM_STATUS -> 0x00000040 (idle, 64 free)
[003388] MMIO_RD size=4 addr=0x1720 (WAIT_UNTIL)
[003389] MMIO_RD size=4 addr=0x0e40 (RBBM_STATUS)
[003390] STATUS_RD RBBM_STATUS -> 0x00000040 (idle, 64 free)
[003391] MMIO_RD size=4 addr=0x1720 (WAIT_UNTIL)
[003392] MMIO_RD size=4 addr=0x0e40 (RBBM_STATUS)
[003393] STATUS_RD RBBM_STATUS -> 0x00000040 (idle, 64 free)
[003394] MMIO_RD size=4 addr=0x1720 (WAIT_UNTIL)
[003395] MMIO_RD size=4 addr=0x0e40 (RBBM_STATUS)
[003396] STATUS_RD RBBM_STATUS -> 0x00000040 (idle, 64 free)
[003397] MMIO_RD size=4 addr=0x1720 (WAIT_UNTIL)
[003398] MMIO_RD size=4 addr=0x0e40 (RBBM_STATUS)
[003399] STATUS_RD RBBM_STATUS -> 0x00000040 (idle, 64 free)
[003400] MMIO_RD size=4 addr=0x1720 (WAIT_UNTIL)
[003401] MMIO_RD size=4 addr=0x0e40 (RBBM_STATUS)
[003402] STATUS_RD RBBM_STATUS -> 0x00000040 (idle, 64 free)
[003403] MMIO_RD size=4 addr=0x1720 (WAIT_UNTIL)
[003404] MMIO_RD size=4 addr=0x0e40 (RBBM_STATUS)
[003405] STATUS_RD RBBM_STATUS -> 0x00000040 (idle, 64 free)
[003406] MMIO_RD size=4 addr=0x1720 (WAIT_UNTIL)
[003407] MMIO_RD size=4 addr=0x0e40 (RBBM_STATUS)
[003408] STATUS_RD RBBM_STATUS -> 0x00000040 (idle, 64 free)
[003409] MMIO_RD size=4 addr=0x1720 (WAIT_UNTIL)
[003410] MMIO_RD size=4 addr=0x0e40 (RBBM_STATUS)
[003411] STATUS_RD RBBM_STATUS -> 0x00000040 (idle, 64 free)
[003412] MMIO_RD size=4 addr=0x1720 (WAIT_UNTIL)
[003413] MMIO_RD size=4 addr=0x0e40 (RBBM_STATUS)
[003414] STATUS_RD RBBM_STATUS -> 0x00000040 (idle, 64 free)
[003415] MMIO_RD size=4 addr=0x1720 (WAIT_UNTIL)
[003416] MMIO_RD size=4 addr=0x0e40 (RBBM_STATUS)
[003417] STATUS_RD RBBM_STATUS -> 0x00000040 (idle, 64 free)
[003418] MMIO_RD size=4 addr=0x1720 (WAIT_UNTIL)
[003419] MMIO_RD size=4 addr=0x0e40 (RBBM_STATUS)
[003420] STATUS_RD RBBM_STATUS -> 0x00000040 (idle, 64 free)
[003421] MMIO_RD size=4 addr=0x1720 (WAIT_UNTIL)
[003422] MMIO_RD size=4 addr=0x0e40 (RBBM_STATUS)
[003423] STATUS_RD RBBM_STATUS -> 0x00000040 (idle, 64 free)
[003424] MMIO_RD size=4 addr=0x1720 (WAIT_UNTIL)
[003425] MMIO_RD size=4 addr=0x0e40 (RBBM_STATUS)
[003426] STATUS_RD RBBM_STATUS -> 0x00000040 (idle, 64 free)
[003427] MMIO_RD size=4 addr=0x1720 (WAIT_UNTIL)
[003428] MMIO_RD size=4 addr=0x0e40 (RBBM_STATUS)
[003429] STATUS_RD RBBM_STATUS -> 0x00000040 (idle, 64 free)
[003430] MMIO_RD size=4 addr=0x1720 (WAIT_UNTIL)
[003431] MMIO_RD size=4 addr=0x0e40 (RBBM_STATUS)
[003432] STATUS_RD RBBM_STATUS -> 0x00000040 (idle, 64 free)
[003433] MMIO_RD size=4 addr=0x1720 (WAIT_UNTIL)
[003434] MMIO_RD size=4 addr=0x0e40 (RBBM_STATUS)
[003435] STATUS_RD RBBM_STATUS -> 0x00000040 (idle, 64 free)
[003436] MMIO_RD size=4 addr=0x1720 (WAIT_UNTIL)
[003437] MMIO_RD size=4 addr=0x0e40 (RBBM_STATUS)
[003438] STATUS_RD RBBM_STATUS -> 0x00000040 (idle, 64 free)
[003439] MMIO_RD size=4 addr=0x1720 (WAIT_UNTIL)
[003440] MMIO_RD size=4 addr=0x0e40 (RBBM_STATUS)
[003441] STATUS_RD RBBM_STATUS -> 0x00000040 (idle, 64 free)
[003442] MMIO_RD size=4 addr=0x1720 (WAIT_UNTIL)
[003443] MMIO_RD size=4 addr=0x0e40 (RBBM_STATUS)
[003444] STATUS_RD RBBM_STATUS -> 0x00000040 (idle, 64 free)
[003445] MMIO_RD size=4 addr=0x1720 (WAIT_UNTIL)
[003446] MMIO_RD size=4 addr=0x0e40 (RBBM_STATUS)
[003447] STATUS_RD RBBM_STATUS -> 0x00000040 (idle, 64 free)
[003448] MMIO_RD size=4 addr=0x1720 (WAIT_UNTIL)
[003449] MMIO_RD size=4 addr=0x0e40 (RBBM_STATUS)
[003450] STATUS_RD RBBM_STATUS -> 0x00000040 (idle, 64 free)
[003451] MMIO_RD size=4 addr=0x1720 (WAIT_UNTIL)
[003452] MMIO_RD size=4 addr=0x0e40 (RBBM_STATUS)
[003453] STATUS_RD RBBM_STATUS -> 0x00000040 (idle, 64 free)
[003454] MMIO_RD size=4 addr=0x1720 (WAIT_UNTIL)
[003455] MMIO_RD size=4 addr=0x0e40 (RBBM_STATUS)
[003456] STATUS_RD RBBM_STATUS -> 0x00000040 (idle, 64 free)
[003457] MMIO_RD size=4 addr=0x1720 (WAIT_UNTIL)
[003458] MMIO_RD size=4 addr=0x0e40 (RBBM_STATUS)
[003459] STATUS_RD RBBM_STATUS -> 0x00000040 (idle, 64 free)
[003460] MMIO_RD size=4 addr=0x1720 (WAIT_UNTIL)
[003461] MMIO_RD size=4 addr=0x0e40 (RBBM_STATUS)
[003462] STATUS_RD RBBM_STATUS -> 0x00000040 (idle, 64 free)
[003463] MMIO_RD size=4 addr=0x1720 (WAIT_UNTIL)
[003464] MMIO_RD size=4 addr=0x0e40 (RBBM_STATUS)
[003465] STATUS_RD RBBM_STATUS -> 0x00000040 (idle, 64 free)
[003466] MMIO_RD size=4 addr=0x1720 (WAIT_UNTIL)
[003467] MMIO_RD size=4 addr=0x0e40 (RBBM_STATUS)
[003468] STATUS_RD RBBM_STATUS -> 0x00000040 (idle, 64 free)
[003469] MMIO_RD size=4 addr=0x1720 (WAIT_UNTIL)
[003470] MMIO_RD size=4 addr=0x0e40 (RBBM_STATUS)
[003471] STATUS_RD RBBM_STATUS -> 0x00000040 (idle, 64 free)
[003472] MMIO_RD size=4 addr=0x1720 (WAIT_UNTIL)
[003473] MMIO_RD size=4 addr=0x0e40 (RBBM_STATUS)
[003474] STATUS_RD RBBM_STATUS -> 0x00000040 (idle, 64 free)
[003475] MMIO_RD size=4 addr=0x1720 (WAIT_UNTIL)
[003476] MMIO_RD size=4 addr=0x0e40 (RBBM_STATUS)
[003477] STATUS_RD RBBM_STATUS -> 0x00000040 (idle, 64 free)
[003478] MMIO_RD size=4 addr=0x1720 (WAIT_UNTIL)
[003479] MMIO_RD size=4 addr=0x0e40 (RBBM_STATUS)
[003480] STATUS_RD RBBM_STATUS -> 0x00000040 (idle, 64 free)
[003481] MMIO_RD size=4 addr=0x1720 (WAIT_UNTIL)
[003482] MMIO_RD size=4 addr=0x0e40 (RBBM_STATUS)
[003483] STATUS_RD RBBM_STATUS -> 0x00000040 (idle, 64 free)
[003484] MMIO_RD size=4 addr=0x1720 (WAIT_UNTIL)
[003485] MMIO_RD size=4 addr=0x0e40 (RBBM_STATUS)
[003486] STATUS_RD RBBM_STATUS -> 0x00000040 (idle, 64 free)
[003487] MMIO_RD size=4 addr=0x1720 (WAIT_UNTIL)
[003488] MMIO_RD size=4 addr=0x0e40 (RBBM_STATUS)
[003489] STATUS_RD RBBM_STATUS -> 0x00000040 (idle, 64 free)
[003490] MMIO_RD size=4 addr=0x1720 (WAIT_UNTIL)
[003491] MMIO_RD size=4 addr=0x0e40 (RBBM_STATUS)
[003492] STATUS_RD RBBM_STATUS -> 0x00000040 (idle, 64 free)
[003493] MMIO_RD size=4 addr=0x1720 (WAIT_UNTIL)
[003494] MMIO_RD size=4 addr=0x0e40 (RBBM_STATUS)
[003495] STATUS_RD RBBM_STATUS -> 0x00000040 (idle, 64 free)
[003496] MMIO_RD size=4 addr=0x1720 (WAIT_UNTIL)
[003497] MMIO_RD size=4 addr=0x0e40 (RBBM_STATUS)
[003498] STATUS_RD RBBM_STATUS -> 0x00000040 (idle, 64 free)
[003499] MMIO_RD size=4 addr=0x1720 (WAIT_UNTIL)
[003500] MMIO_RD size=4 addr=0x0e40 (RBBM_STATUS)
[003501] STATUS_RD RBBM_STATUS -> 0x00000040 (idle, 64 free)
[003502] MMIO_RD size=4 addr=0x1720 (WAIT_UNTIL)
[003503] MMIO_RD size=4 addr=0x0e40 (RBBM_STATUS)
[003504] STATUS_RD RBBM_STATUS -> 0x00000040 (idle, 64 free)
[003505] MMIO_RD size=4 addr=0x1720 (WAIT_UNTIL)
[003506] MMIO_RD size=4 addr=0x0e40 (RBBM_STATUS)
[003507] STATUS_RD RBBM_STATUS -> 0x00000040 (idle, 64 free)
[003508] MMIO_RD size=4 addr=0x1720 (WAIT_UNTIL)
[003509] MMIO_RD size=4 addr=0x0e40 (RBBM_STATUS)
[003510] STATUS_RD RBBM_STATUS -> 0x00000040 (idle, 64 free)
[003511] MMIO_RD size=4 addr=0x1720 (WAIT_UNTIL)
[003512] MMIO_RD size=4 addr=0x0e40 (RBBM_STATUS)
[003513] STATUS_RD RBBM_STATUS -> 0x00000040 (idle, 64 free)
[003514] MMIO_RD size=4 addr=0x1720 (WAIT_UNTIL)
[003515] MMIO_RD size=4 addr=0x0e40 (RBBM_STATUS)
[003516] STATUS_RD RBBM_STATUS -> 0x00000040 (idle, 64 free)
[003517] MMIO_RD size=4 addr=0x1720 (WAIT_UNTIL)
[003518] MMIO_RD size=4 addr=0x0e40 (RBBM_STATUS)
[003519] STATUS_RD RBBM_STATUS -> 0x00000040 (idle, 64 free)
[003520] MMIO_RD size=4 addr=0x1720 (WAIT_UNTIL)
[003521] MMIO_RD size=4 addr=0x0e40 (RBBM_STATUS)
[003522] STATUS_RD RBBM_STATUS -> 0x00000040 (idle, 64 free)
[003523] MMIO_RD size=4 addr=0x1720 (WAIT_UNTIL)
[003524] MMIO_RD size=4 addr=0x0e40 (RBBM_STATUS)
[003525] STATUS_RD RBBM_STATUS -> 0x00000040 (idle, 64 free)
[003526] MMIO_RD size=4 addr=0x1720 (WAIT_UNTIL)
[003527] MMIO_RD size=4 addr=0x0e40 (RBBM_STATUS)
[003528] STATUS_RD RBBM_STATUS -> 0x00000040 (idle, 64 free)
[003529] MMIO_RD size=4 addr=0x1720 (WAIT_UNTIL)
[003530] MMIO_RD size=4 addr=0x0e40 (RBBM_STATUS)
[003531] STATUS_RD RBBM_STATUS -> 0x00000040 (idle, 64 free)
[003532] MMIO_RD size=4 addr=0x1720 (WAIT_UNTIL)
[003533] MMIO_RD size=4 addr=0x0e40 (RBBM_STATUS)
[003534] STATUS_RD RBBM_STATUS -> 0x00000040 (idle, 64 free)
[003535] MMIO_RD size=4 addr=0x1720 (WAIT_UNTIL)
[003536] MMIO_RD size=4 addr=0x0e40 (RBBM_STATUS)
[003537] STATUS_RD RBBM_STATUS -> 0x00000040 (idle, 64 free)
[003538] MMIO_RD size=4 addr=0x1720 (WAIT_UNTIL)
[003539] MMIO_RD size=4 addr=0x0e40 (RBBM_STATUS)
[003540] STATUS_RD RBBM_STATUS -> 0x00000040 (idle, 64 free)
[003541] MMIO_RD size=4 addr=0x1720 (WAIT_UNTIL)
[003542] MMIO_RD size=4 addr=0x0e40 (RBBM_STATUS)
[003543] STATUS_RD RBBM_STATUS -> 0x00000040 (idle, 64 free)
[003544] MMIO_RD size=4 addr=0x1720 (WAIT_UNTIL)
[003545] MMIO_RD size=4 addr=0x0e40 (RBBM_STATUS)
[003546] STATUS_RD RBBM_STATUS -> 0x00000040 (idle, 64 free)
[003547] MMIO_RD size=4 addr=0x1720 (WAIT_UNTIL)
[003548] MMIO_RD size=4 addr=0x0e40 (RBBM_STATUS)
[003549] STATUS_RD RBBM_STATUS -> 0x00000040 (idle, 64 free)
[003550] MMIO_RD size=4 addr=0x1720 (WAIT_UNTIL)
[003551] MMIO_RD size=4 addr=0x0e40 (RBBM_STATUS)
[003552] STATUS_RD RBBM_STATUS -> 0x00000040 (idle, 64 free)
[003553] MMIO_RD size=4 addr=0x1720 (WAIT_UNTIL)
[003554] MMIO_RD size=4 addr=0x0e40 (RBBM_STATUS)
[003555] STATUS_RD RBBM_STATUS -> 0x00000040 (idle, 64 free)
[003556] MMIO_RD size=4 addr=0x1720 (WAIT_UNTIL)
[003557] MMIO_RD size=4 addr=0x0e40 (RBBM_STATUS)
[003558] STATUS_RD RBBM_STATUS -> 0x00000040 (idle, 64 free)
[003559] MMIO_RD size=4 addr=0x1720 (WAIT_UNTIL)
[003560] MMIO_RD size=4 addr=0x0e40 (RBBM_STATUS)
[003561] STATUS_RD RBBM_STATUS -> 0x00000040 (idle, 64 free)
[003562] MMIO_RD size=4 addr=0x1720 (WAIT_UNTIL)
[003563] MMIO_RD size=4 addr=0x0e40 (RBBM_STATUS)
[003564] STATUS_RD RBBM_STATUS -> 0x00000040 (idle, 64 free)
[003565] MMIO_RD size=4 addr=0x1720 (WAIT_UNTIL)
[003566] MMIO_RD size=4 addr=0x0e40 (RBBM_STATUS)
[003567] STATUS_RD RBBM_STATUS -> 0x00000040 (idle, 64 free)
[003568] MMIO_RD size=4 addr=0x1720 (WAIT_UNTIL)
[003569] MMIO_RD size=4 addr=0x0e40 (RBBM_STATUS)
[003570] STATUS_RD RBBM_STATUS -> 0x00000040 (idle, 64 free)
[003571] MMIO_RD size=4 addr=0x1720 (WAIT_UNTIL)
[003572] MMIO_RD size=4 addr=0x0e40 (RBBM_STATUS)
[003573] STATUS_RD RBBM_STATUS -> 0x00000040 (idle, 64 free)
[003574] MMIO_RD size=4 addr=0x1720 (WAIT_UNTIL)
[003575] MMIO_RD size=4 addr=0x0e40 (RBBM_STATUS)
[003576] STATUS_RD RBBM_STATUS -> 0x00000040 (idle, 64 free)
[003577] MMIO_RD size=4 addr=0x1720 (WAIT_UNTIL)
[003578] MMIO_RD size=4 addr=0x0e40 (RBBM_STATUS)
[003579] STATUS_RD RBBM_STATUS -> 0x00000040 (idle, 64 free)
[003580] MMIO_RD size=4 addr=0x1720 (WAIT_UNTIL)
[003581] MMIO_RD size=4 addr=0x0e40 (RBBM_STATUS)
[003582] STATUS_RD RBBM_STATUS -> 0x00000040 (idle, 64 free)
[003583] MMIO_RD size=4 addr=0x1720 (WAIT_UNTIL)
[003584] MMIO_RD size=4 addr=0x0e40 (RBBM_STATUS)
[003585] STATUS_RD RBBM_STATUS -> 0x00000040 (idle, 64 free)
[003586] MMIO_RD size=4 addr=0x1720 (WAIT_UNTIL)
[003587] MMIO_RD size=4 addr=0x0e40 (RBBM_STATUS)
[003588] STATUS_RD RBBM_STATUS -> 0x00000040 (idle, 64 free)
[003589] MMIO_RD size=4 addr=0x1720 (WAIT_UNTIL)
[003590] MMIO_RD size=4 addr=0x0e40 (RBBM_STATUS)
[003591] STATUS_RD RBBM_STATUS -> 0x00000040 (idle, 64 free)
[003592] MMIO_RD size=4 addr=0x1720 (WAIT_UNTIL)
[003593] MMIO_RD size=4 addr=0x0e40 (RBBM_STATUS)
[003594] STATUS_RD RBBM_STATUS -> 0x00000040 (idle, 64 free)
[003595] MMIO_RD size=4 addr=0x1720 (WAIT_UNTIL)
[003596] MMIO_RD size=4 addr=0x0e40 (RBBM_STATUS)
[003597] STATUS_RD RBBM_STATUS -> 0x00000040 (idle, 64 free)
[003598] MMIO_RD size=4 addr=0x1720 (WAIT_UNTIL)
[003599] MMIO_RD size=4 addr=0x0e40 (RBBM_STATUS)
[003600] STATUS_RD RBBM_STATUS -> 0x00000040 (idle, 64 free)
[003601] MMIO_RD size=4 addr=0x1720 (WAIT_UNTIL)
[003602] MMIO_RD size=4 addr=0x0e40 (RBBM_STATUS)
[003603] STATUS_RD RBBM_STATUS -> 0x00000040 (idle, 64 free)
[003604] MMIO_RD size=4 addr=0x1720 (WAIT_UNTIL)
[003605] MMIO_RD size=4 addr=0x0e40 (RBBM_STATUS)
[003606] STATUS_RD RBBM_STATUS -> 0x00000040 (idle, 64 free)
[003607] MMIO_RD size=4 addr=0x1720 (WAIT_UNTIL)
[003608] MMIO_RD size=4 addr=0x0e40 (RBBM_STATUS)
[003609] STATUS_RD RBBM_STATUS -> 0x00000040 (idle, 64 free)
[003610] MMIO_RD size=4 addr=0x1720 (WAIT_UNTIL)
[003611] MMIO_RD size=4 addr=0x0e40 (RBBM_STATUS)
[003612] STATUS_RD RBBM_STATUS -> 0x00000040 (idle, 64 free)
[003613] MMIO_RD size=4 addr=0x1720 (WAIT_UNTIL)
[003614] MMIO_RD size=4 addr=0x0e40 (RBBM_STATUS)
[003615] STATUS_RD RBBM_STATUS -> 0x00000040 (idle, 64 free)
[003616] MMIO_RD size=4 addr=0x1720 (WAIT_UNTIL)
[003617] MMIO_RD size=4 addr=0x0e40 (RBBM_STATUS)
[003618] STATUS_RD RBBM_STATUS -> 0x00000040 (idle, 64 free)
[003619] MMIO_RD size=4 addr=0x1720 (WAIT_UNTIL)
[003620] MMIO_RD size=4 addr=0x0e40 (RBBM_STATUS)
[003621] STATUS_RD RBBM_STATUS -> 0x00000040 (idle, 64 free)
[003622] MMIO_RD size=4 addr=0x1720 (WAIT_UNTIL)
[003623] MMIO_RD size=4 addr=0x0e40 (RBBM_STATUS)
[003624] STATUS_RD RBBM_STATUS -> 0x00000040 (idle, 64 free)
[003625] MMIO_RD size=4 addr=0x1720 (WAIT_UNTIL)
[003626] MMIO_RD size=4 addr=0x0e40 (RBBM_STATUS)
[003627] STATUS_RD RBBM_STATUS -> 0x00000040 (idle, 64 free)
[003628] MMIO_RD size=4 addr=0x1720 (WAIT_UNTIL)
[003629] MMIO_RD size=4 addr=0x0e40 (RBBM_STATUS)
[003630] STATUS_RD RBBM_STATUS -> 0x00000040 (idle, 64 free)
[003631] MMIO_RD size=4 addr=0x1720 (WAIT_UNTIL)
[003632] MMIO_RD size=4 addr=0x0e40 (RBBM_STATUS)
[003633] STATUS_RD RBBM_STATUS -> 0x00000040 (idle, 64 free)
[003634] MMIO_RD size=4 addr=0x1720 (WAIT_UNTIL)
[003635] MMIO_RD size=4 addr=0x0e40 (RBBM_STATUS)
[003636] STATUS_RD RBBM_STATUS -> 0x00000040 (idle, 64 free)
[003637] MMIO_RD size=4 addr=0x1720 (WAIT_UNTIL)
[003638] MMIO_RD size=4 addr=0x0e40 (RBBM_STATUS)
[003639] STATUS_RD RBBM_STATUS -> 0x00000040 (idle, 64 free)
[003640] MMIO_RD size=4 addr=0x1720 (WAIT_UNTIL)
[003641] MMIO_RD size=4 addr=0x0e40 (RBBM_STATUS)
[003642] STATUS_RD RBBM_STATUS -> 0x00000040 (idle, 64 free)
[003643] MMIO_RD size=4 addr=0x1720 (WAIT_UNTIL)
[003644] MMIO_RD size=4 addr=0x0e40 (RBBM_STATUS)
[003645] STATUS_RD RBBM_STATUS -> 0x00000040 (idle, 64 free)
[003646] MMIO_RD size=4 addr=0x1720 (WAIT_UNTIL)
[003647] MMIO_RD size=4 addr=0x0e40 (RBBM_STATUS)
[003648] STATUS_RD RBBM_STATUS -> 0x00000040 (idle, 64 free)
[003649] MMIO_RD size=4 addr=0x1720 (WAIT_UNTIL)
[003650] MMIO_RD size=4 addr=0x0e40 (RBBM_STATUS)
[003651] STATUS_RD RBBM_STATUS -> 0x00000040 (idle, 64 free)
[003652] MMIO_RD size=4 addr=0x1720 (WAIT_UNTIL)
[003653] MMIO_RD size=4 addr=0x0e40 (RBBM_STATUS)
[003654] STATUS_RD RBBM_STATUS -> 0x00000040 (idle, 64 free)
[003655] MMIO_RD size=4 addr=0x1720 (WAIT_UNTIL)
[003656] MMIO_RD size=4 addr=0x0e40 (RBBM_STATUS)
[003657] STATUS_RD RBBM_STATUS -> 0x00000040 (idle, 64 free)
[003658] MMIO_RD size=4 addr=0x1720 (WAIT_UNTIL)
[003659] MMIO_RD size=4 addr=0x0e40 (RBBM_STATUS)
[003660] STATUS_RD RBBM_STATUS -> 0x00000040 (idle, 64 free)
[003661] MMIO_RD size=4 addr=0x1720 (WAIT_UNTIL)
[003662] MMIO_RD size=4 addr=0x0e40 (RBBM_STATUS)
[003663] STATUS_RD RBBM_STATUS -> 0x00000040 (idle, 64 free)
[003664] MMIO_RD size=4 addr=0x1720 (WAIT_UNTIL)
[003665] MMIO_RD size=4 addr=0x0e40 (RBBM_STATUS)
[003666] STATUS_RD RBBM_STATUS -> 0x00000040 (idle, 64 free)
[003667] MMIO_RD size=4 addr=0x1720 (WAIT_UNTIL)
[003668] MMIO_RD size=4 addr=0x0e40 (RBBM_STATUS)
[003669] STATUS_RD RBBM_STATUS -> 0x00000040 (idle, 64 free)
[003670] MMIO_RD size=4 addr=0x1720 (WAIT_UNTIL)
[003671] MMIO_RD size=4 addr=0x0e40 (RBBM_STATUS)
[003672] STATUS_RD RBBM_STATUS -> 0x00000040 (idle, 64 free)
[003673] MMIO_RD size=4 addr=0x1720 (WAIT_UNTIL)
[003674] MMIO_RD size=4 addr=0x0e40 (RBBM_STATUS)
[003675] STATUS_RD RBBM_STATUS -> 0x00000040 (idle, 64 free)
[003676] MMIO_RD size=4 addr=0x1720 (WAIT_UNTIL)
[003677] MMIO_RD size=4 addr=0x0e40 (RBBM_STATUS)
[003678] STATUS_RD RBBM_STATUS -> 0x00000040 (idle, 64 free)
[003679] MMIO_RD size=4 addr=0x1720 (WAIT_UNTIL)
[003680] MMIO_RD size=4 addr=0x0e40 (RBBM_STATUS)
[003681] STATUS_RD RBBM_STATUS -> 0x00000040 (idle, 64 free)
[003682] MMIO_RD size=4 addr=0x1720 (WAIT_UNTIL)
[003683] MMIO_RD size=4 addr=0x0e40 (RBBM_STATUS)
[003684] STATUS_RD RBBM_STATUS -> 0x00000040 (idle, 64 free)
[003685] MMIO_RD size=4 addr=0x1720 (WAIT_UNTIL)
[003686] MMIO_RD size=4 addr=0x0e40 (RBBM_STATUS)
[003687] STATUS_RD RBBM_STATUS -> 0x00000040 (idle, 64 free)
[003688] MMIO_RD size=4 addr=0x1720 (WAIT_UNTIL)
[003689] MMIO_RD size=4 addr=0x0e40 (RBBM_STATUS)
[003690] STATUS_RD RBBM_STATUS -> 0x00000040 (idle, 64 free)
[003691] MMIO_RD size=4 addr=0x1720 (WAIT_UNTIL)
[003692] MMIO_RD size=4 addr=0x0e40 (RBBM_STATUS)
[003693] STATUS_RD RBBM_STATUS -> 0x00000040 (idle, 64 free)
[003694] MMIO_RD size=4 addr=0x1720 (WAIT_UNTIL)
[003695] MMIO_RD size=4 addr=0x0e40 (RBBM_STATUS)
[003696] STATUS_RD RBBM_STATUS -> 0x00000040 (idle, 64 free)
[003697] MMIO_RD size=4 addr=0x1720 (WAIT_UNTIL)
[003698] MMIO_RD size=4 addr=0x0e40 (RBBM_STATUS)
[003699] STATUS_RD RBBM_STATUS -> 0x00000040 (idle, 64 free)
[003700] MMIO_RD size=4 addr=0x1720 (WAIT_UNTIL)
[003701] MMIO_RD size=4 addr=0x0e40 (RBBM_STATUS)
[003702] STATUS_RD RBBM_STATUS -> 0x00000040 (idle, 64 free)
[003703] MMIO_RD size=4 addr=0x1720 (WAIT_UNTIL)
[003704] MMIO_RD size=4 addr=0x0e40 (RBBM_STATUS)
[003705] STATUS_RD RBBM_STATUS -> 0x00000040 (idle, 64 free)
[003706] MMIO_RD size=4 addr=0x1720 (WAIT_UNTIL)
[003707] MMIO_RD size=4 addr=0x0e40 (RBBM_STATUS)
[003708] STATUS_RD RBBM_STATUS -> 0x00000040 (idle, 64 free)
[003709] MMIO_RD size=4 addr=0x1720 (WAIT_UNTIL)
[003710] MMIO_RD size=4 addr=0x0e40 (RBBM_STATUS)
[003711] STATUS_RD RBBM_STATUS -> 0x00000040 (idle, 64 free)
[003712] MMIO_RD size=4 addr=0x1720 (WAIT_UNTIL)
[003713] MMIO_RD size=4 addr=0x0e40 (RBBM_STATUS)
[003714] STATUS_RD RBBM_STATUS -> 0x00000040 (idle, 64 free)
[003715] MMIO_RD size=4 addr=0x1720 (WAIT_UNTIL)
[003716] MMIO_RD size=4 addr=0x0e40 (RBBM_STATUS)
[003717] STATUS_RD RBBM_STATUS -> 0x00000040 (idle, 64 free)
[003718] MMIO_RD size=4 addr=0x1720 (WAIT_UNTIL)
[003719] MMIO_RD size=4 addr=0x0e40 (RBBM_STATUS)
[003720] STATUS_RD RBBM_STATUS -> 0x00000040 (idle, 64 free)
[003721] MMIO_RD size=4 addr=0x1720 (WAIT_UNTIL)
[003722] MMIO_RD size=4 addr=0x0e40 (RBBM_STATUS)
[003723] STATUS_RD RBBM_STATUS -> 0x00000040 (idle, 64 free)
[003724] MMIO_RD size=4 addr=0x1720 (WAIT_UNTIL)
[003725] MMIO_RD size=4 addr=0x0e40 (RBBM_STATUS)
[003726] STATUS_RD RBBM_STATUS -> 0x00000040 (idle, 64 free)
[003727] MMIO_RD size=4 addr=0x1720 (WAIT_UNTIL)
[003728] MMIO_RD size=4 addr=0x0e40 (RBBM_STATUS)
[003729] STATUS_RD RBBM_STATUS -> 0x00000040 (idle, 64 free)
[003730] MMIO_RD size=4 addr=0x1720 (WAIT_UNTIL)
[003731] MMIO_RD size=4 addr=0x0e40 (RBBM_STATUS)
[003732] STATUS_RD RBBM_STATUS -> 0x00000040 (idle, 64 free)
[003733] MMIO_RD size=4 addr=0x1720 (WAIT_UNTIL)
[003734] MMIO_RD size=4 addr=0x0e40 (RBBM_STATUS)
[003735] STATUS_RD RBBM_STATUS -> 0x00000040 (idle, 64 free)
[003736] MMIO_RD size=4 addr=0x1720 (WAIT_UNTIL)
[003737] MMIO_RD size=4 addr=0x0e40 (RBBM_STATUS)
[003738] STATUS_RD RBBM_STATUS -> 0x00000040 (idle, 64 free)
[003739] MMIO_RD size=4 addr=0x1720 (WAIT_UNTIL)
[003740] MMIO_RD size=4 addr=0x0e40 (RBBM_STATUS)
[003741] STATUS_RD RBBM_STATUS -> 0x00000040 (idle, 64 free)
[003742] MMIO_RD size=4 addr=0x1720 (WAIT_UNTIL)
[003743] MMIO_RD size=4 addr=0x0e40 (RBBM_STATUS)
[003744] STATUS_RD RBBM_STATUS -> 0x00000040 (idle, 64 free)
[003745] MMIO_RD size=4 addr=0x1720 (WAIT_UNTIL)
[003746] MMIO_RD size=4 addr=0x0e40 (RBBM_STATUS)
[003747] STATUS_RD RBBM_STATUS -> 0x00000040 (idle, 64 free)
[003748] MMIO_RD size=4 addr=0x1720 (WAIT_UNTIL)
[003749] MMIO_RD size=4 addr=0x0e40 (RBBM_STATUS)
[003750] STATUS_RD RBBM_STATUS -> 0x00000040 (idle, 64 free)
[003751] MMIO_RD size=4 addr=0x1720 (WAIT_UNTIL)
[003752] MMIO_RD size=4 addr=0x0e40 (RBBM_STATUS)
[003753] STATUS_RD RBBM_STATUS -> 0x00000040 (idle, 64 free)
[003754] MMIO_RD size=4 addr=0x1720 (WAIT_UNTIL)
[003755] MMIO_RD size=4 addr=0x0e40 (RBBM_STATUS)
[003756] STATUS_RD RBBM_STATUS -> 0x00000040 (idle, 64 free)
[003757] MMIO_RD size=4 addr=0x1720 (WAIT_UNTIL)
[003758] MMIO_RD size=4 addr=0x0e40 (RBBM_STATUS)
[003759] STATUS_RD RBBM_STATUS -> 0x00000040 (idle, 64 free)
[003760] MMIO_RD size=4 addr=0x1720 (WAIT_UNTIL)
[003761] MMIO_RD size=4 addr=0x0e40 (RBBM_STATUS)
[003762] STATUS_RD RBBM_STATUS -> 0x00000040 (idle, 64 free)
[003763] MMIO_RD size=4 addr=0x1720 (WAIT_UNTIL)
[003764] MMIO_RD size=4 addr=0x0e40 (RBBM_STATUS)
[003765] STATUS_RD RBBM_STATUS -> 0x00000040 (idle, 64 free)
[003766] MMIO_RD size=4 addr=0x1720 (WAIT_UNTIL)
[003767] MMIO_RD size=4 addr=0x0e40 (RBBM_STATUS)
[003768] STATUS_RD RBBM_STATUS -> 0x00000040 (idle, 64 free)
[003769] MMIO_RD size=4 addr=0x1720 (WAIT_UNTIL)
[003770] MMIO_RD size=4 addr=0x0e40 (RBBM_STATUS)
[003771] STATUS_RD RBBM_STATUS -> 0x00000040 (idle, 64 free)
[003772] MMIO_RD size=4 addr=0x1720 (WAIT_UNTIL)
[003773] MMIO_RD size=4 addr=0x0e40 (RBBM_STATUS)
[003774] STATUS_RD RBBM_STATUS -> 0x00000040 (idle, 64 free)
[003775] MMIO_RD size=4 addr=0x1720 (WAIT_UNTIL)
[003776] MMIO_RD size=4 addr=0x0e40 (RBBM_STATUS)
[003777] STATUS_RD RBBM_STATUS -> 0x00000040 (idle, 64 free)
[003778] MMIO_RD size=4 addr=0x1720 (WAIT_UNTIL)
[003779] MMIO_RD size=4 addr=0x0e40 (RBBM_STATUS)
[003780] STATUS_RD RBBM_STATUS -> 0x00000040 (idle, 64 free)
[003781] MMIO_RD size=4 addr=0x1720 (WAIT_UNTIL)
[003782] MMIO_RD size=4 addr=0x0e40 (RBBM_STATUS)
[003783] STATUS_RD RBBM_STATUS -> 0x00000040 (idle, 64 free)
[003784] MMIO_RD size=4 addr=0x1720 (WAIT_UNTIL)
[003785] MMIO_RD size=4 addr=0x0e40 (RBBM_STATUS)
[003786] STATUS_RD RBBM_STATUS -> 0x00000040 (idle, 64 free)
[003787] MMIO_RD size=4 addr=0x1720 (WAIT_UNTIL)
[003788] MMIO_RD size=4 addr=0x0e40 (RBBM_STATUS)
[003789] STATUS_RD RBBM_STATUS -> 0x00000040 (idle, 64 free)
[003790] MMIO_RD size=4 addr=0x1720 (WAIT_UNTIL)
[003791] MMIO_RD size=4 addr=0x0e40 (RBBM_STATUS)
[003792] STATUS_RD RBBM_STATUS -> 0x00000040 (idle, 64 free)
[003793] MMIO_RD size=4 addr=0x1720 (WAIT_UNTIL)
[003794] MMIO_RD size=4 addr=0x0e40 (RBBM_STATUS)
[003795] STATUS_RD RBBM_STATUS -> 0x00000040 (idle, 64 free)
[003796] MMIO_RD size=4 addr=0x1720 (WAIT_UNTIL)
[003797] MMIO_RD size=4 addr=0x0e40 (RBBM_STATUS)
[003798] STATUS_RD RBBM_STATUS -> 0x00000040 (idle, 64 free)
[003799] MMIO_RD size=4 addr=0x1720 (WAIT_UNTIL)
[003800] MMIO_RD size=4 addr=0x0e40 (RBBM_STATUS)
[003801] STATUS_RD RBBM_STATUS -> 0x00000040 (idle, 64 free)
[003802] MMIO_RD size=4 addr=0x1720 (WAIT_UNTIL)
[003803] MMIO_RD size=4 addr=0x0e40 (RBBM_STATUS)
[003804] STATUS_RD RBBM_STATUS -> 0x00000040 (idle, 64 free)
[003805] MMIO_RD size=4 addr=0x1720 (WAIT_UNTIL)
[003806] MMIO_RD size=4 addr=0x0e40 (RBBM_STATUS)
[003807] STATUS_RD RBBM_STATUS -> 0x00000040 (idle, 64 free)
[003808] MMIO_RD size=4 addr=0x1720 (WAIT_UNTIL)
[003809] MMIO_RD size=4 addr=0x0e40 (RBBM_STATUS)
[003810] STATUS_RD RBBM_STATUS -> 0x00000040 (idle, 64 free)
[003811] MMIO_RD size=4 addr=0x1720 (WAIT_UNTIL)
[003812] MMIO_RD size=4 addr=0x0e40 (RBBM_STATUS)
[003813] STATUS_RD RBBM_STATUS -> 0x00000040 (idle, 64 free)
[003814] MMIO_RD size=4 addr=0x1720 (WAIT_UNTIL)
[003815] MMIO_RD size=4 addr=0x0e40 (RBBM_STATUS)
[003816] STATUS_RD RBBM_STATUS -> 0x00000040 (idle, 64 free)
[003817] MMIO_RD size=4 addr=0x1720 (WAIT_UNTIL)
[003818] MMIO_RD size=4 addr=0x0e40 (RBBM_STATUS)
[003819] STATUS_RD RBBM_STATUS -> 0x00000040 (idle, 64 free)
[003820] MMIO_RD size=4 addr=0x1720 (WAIT_UNTIL)
[003821] MMIO_RD size=4 addr=0x0e40 (RBBM_STATUS)
[003822] STATUS_RD RBBM_STATUS -> 0x00000040 (idle, 64 free)
[003823] MMIO_RD size=4 addr=0x1720 (WAIT_UNTIL)
[003824] MMIO_RD size=4 addr=0x0e40 (RBBM_STATUS)
[003825] STATUS_RD RBBM_STATUS -> 0x00000040 (idle, 64 free)
[003826] MMIO_RD size=4 addr=0x1720 (WAIT_UNTIL)
[003827] MMIO_RD size=4 addr=0x0e40 (RBBM_STATUS)
[003828] STATUS_RD RBBM_STATUS -> 0x00000040 (idle, 64 free)
[003829] MMIO_RD size=4 addr=0x1720 (WAIT_UNTIL)
[003830] MMIO_RD size=4 addr=0x0e40 (RBBM_STATUS)
[003831] STATUS_RD RBBM_STATUS -> 0x00000040 (idle, 64 free)
[003832] MMIO_RD size=4 addr=0x1720 (WAIT_UNTIL)
[003833] MMIO_RD size=4 addr=0x0e40 (RBBM_STATUS)
[003834] STATUS_RD RBBM_STATUS -> 0x00000040 (idle, 64 free)
[003835] MMIO_RD size=4 addr=0x1720 (WAIT_UNTIL)
[003836] MMIO_RD size=4 addr=0x0e40 (RBBM_STATUS)
[003837] STATUS_RD RBBM_STATUS -> 0x00000040 (idle, 64 free)
[003838] MMIO_RD size=4 addr=0x1720 (WAIT_UNTIL)
[003839] MMIO_RD size=4 addr=0x0e40 (RBBM_STATUS)
[003840] STATUS_RD RBBM_STATUS -> 0x00000040 (idle, 64 free)
[003841] MMIO_RD size=4 addr=0x1720 (WAIT_UNTIL)
[003842] MMIO_RD size=4 addr=0x0e40 (RBBM_STATUS)
[003843] STATUS_RD RBBM_STATUS -> 0x00000040 (idle, 64 free)
[003844] MMIO_RD size=4 addr=0x1720 (WAIT_UNTIL)
[003845] MMIO_RD size=4 addr=0x0e40 (RBBM_STATUS)
[003846] STATUS_RD RBBM_STATUS -> 0x00000040 (idle, 64 free)
[003847] MMIO_RD size=4 addr=0x1720 (WAIT_UNTIL)
[003848] MMIO_RD size=4 addr=0x0e40 (RBBM_STATUS)
[003849] STATUS_RD RBBM_STATUS -> 0x00000040 (idle, 64 free)
[003850] MMIO_RD size=4 addr=0x1720 (WAIT_UNTIL)
[003851] MMIO_RD size=4 addr=0x0e40 (RBBM_STATUS)
[003852] STATUS_RD RBBM_STATUS -> 0x00000040 (idle, 64 free)
[003853] MMIO_RD size=4 addr=0x1720 (WAIT_UNTIL)
[003854] MMIO_RD size=4 addr=0x0e40 (RBBM_STATUS)
[003855] STATUS_RD RBBM_STATUS -> 0x00000040 (idle, 64 free)
[003856] MMIO_RD size=4 addr=0x1720 (WAIT_UNTIL)
[003857] MMIO_RD size=4 addr=0x0e40 (RBBM_STATUS)
[003858] STATUS_RD RBBM_STATUS -> 0x00000040 (idle, 64 free)
[003859] MMIO_RD size=4 addr=0x1720 (WAIT_UNTIL)
[003860] MMIO_RD size=4 addr=0x0e40 (RBBM_STATUS)
[003861] STATUS_RD RBBM_STATUS -> 0x00000040 (idle, 64 free)
[003862] MMIO_RD size=4 addr=0x1720 (WAIT_UNTIL)
[003863] MMIO_RD size=4 addr=0x0e40 (RBBM_STATUS)
[003864] STATUS_RD RBBM_STATUS -> 0x00000040 (idle, 64 free)
[003865] MMIO_RD size=4 addr=0x1720 (WAIT_UNTIL)
[003866] MMIO_RD size=4 addr=0x0e40 (RBBM_STATUS)
[003867] STATUS_RD RBBM_STATUS -> 0x00000040 (idle, 64 free)
[003868] MMIO_RD size=4 addr=0x1720 (WAIT_UNTIL)
[003869] MMIO_RD size=4 addr=0x0e40 (RBBM_STATUS)
[003870] STATUS_RD RBBM_STATUS -> 0x00000040 (idle, 64 free)
[003871] MMIO_RD size=4 addr=0x1720 (WAIT_UNTIL)
[003872] MMIO_RD size=4 addr=0x0e40 (RBBM_STATUS)
[003873] STATUS_RD RBBM_STATUS -> 0x00000040 (idle, 64 free)
[003874] MMIO_RD size=4 addr=0x1720 (WAIT_UNTIL)
[003875] MMIO_RD size=4 addr=0x0e40 (RBBM_STATUS)
[003876] STATUS_RD RBBM_STATUS -> 0x00000040 (idle, 64 free)
[003877] MMIO_RD size=4 addr=0x1720 (WAIT_UNTIL)
[003878] MMIO_RD size=4 addr=0x0e40 (RBBM_STATUS)
[003879] STATUS_RD RBBM_STATUS -> 0x00000040 (idle, 64 free)
[003880] MMIO_RD size=4 addr=0x1720 (WAIT_UNTIL)
[003881] MMIO_RD size=4 addr=0x0e40 (RBBM_STATUS)
[003882] STATUS_RD RBBM_STATUS -> 0x00000040 (idle, 64 free)
[003883] MMIO_RD size=4 addr=0x1720 (WAIT_UNTIL)
[003884] MMIO_RD size=4 addr=0x0e40 (RBBM_STATUS)
[003885] STATUS_RD RBBM_STATUS -> 0x00000040 (idle, 64 free)
[003886] MMIO_RD size=4 addr=0x1720 (WAIT_UNTIL)
[003887] MMIO_RD size=4 addr=0x0e40 (RBBM_STATUS)
[003888] STATUS_RD RBBM_STATUS -> 0x00000040 (idle, 64 free)
[003889] MMIO_RD size=4 addr=0x1720 (WAIT_UNTIL)
[003890] MMIO_RD size=4 addr=0x0e40 (RBBM_STATUS)
[003891] STATUS_RD RBBM_STATUS -> 0x00000040 (idle, 64 free)
[003892] MMIO_RD size=4 addr=0x1720 (WAIT_UNTIL)
[003893] MMIO_RD size=4 addr=0x0e40 (RBBM_STATUS)
[003894] STATUS_RD RBBM_STATUS -> 0x00000040 (idle, 64 free)
[003895] MMIO_RD size=4 addr=0x1720 (WAIT_UNTIL)
[003896] MMIO_RD size=4 addr=0x0e40 (RBBM_STATUS)
[003897] STATUS_RD RBBM_STATUS -> 0x00000040 (idle, 64 free)
[003898] MMIO_RD size=4 addr=0x1720 (WAIT_UNTIL)
[003899] MMIO_RD size=4 addr=0x0e40 (RBBM_STATUS)
[003900] STATUS_RD RBBM_STATUS -> 0x00000040 (idle, 64 free)
[003901] MMIO_RD size=4 addr=0x1720 (WAIT_UNTIL)
[003902] MMIO_RD size=4 addr=0x0e40 (RBBM_STATUS)
[003903] STATUS_RD RBBM_STATUS -> 0x00000040 (idle, 64 free)
[003904] MMIO_RD size=4 addr=0x1720 (WAIT_UNTIL)
[003905] MMIO_RD size=4 addr=0x0e40 (RBBM_STATUS)
[003906] STATUS_RD RBBM_STATUS -> 0x00000040 (idle, 64 free)
[003907] MMIO_RD size=4 addr=0x1720 (WAIT_UNTIL)
[003908] MMIO_RD size=4 addr=0x0e40 (RBBM_STATUS)
[003909] STATUS_RD RBBM_STATUS -> 0x00000040 (idle, 64 free)
[003910] MMIO_RD size=4 addr=0x1720 (WAIT_UNTIL)
[003911] MMIO_RD size=4 addr=0x0e40 (RBBM_STATUS)
[003912] STATUS_RD RBBM_STATUS -> 0x00000040 (idle, 64 free)
[003913] MMIO_RD size=4 addr=0x1720 (WAIT_UNTIL)
[003914] MMIO_RD size=4 addr=0x0e40 (RBBM_STATUS)
[003915] STATUS_RD RBBM_STATUS -> 0x00000040 (idle, 64 free)
[003916] MMIO_RD size=4 addr=0x1720 (WAIT_UNTIL)
[003917] MMIO_RD size=4 addr=0x0e40 (RBBM_STATUS)
[003918] STATUS_RD RBBM_STATUS -> 0x00000040 (idle, 64 free)
[003919] MMIO_RD size=4 addr=0x1720 (WAIT_UNTIL)
[003920] MMIO_RD size=4 addr=0x0e40 (RBBM_STATUS)
[003921] STATUS_RD RBBM_STATUS -> 0x00000040 (idle, 64 free)
[003922] MMIO_RD size=4 addr=0x1720 (WAIT_UNTIL)
[003923] MMIO_RD size=4 addr=0x0e40 (RBBM_STATUS)
[003924] STATUS_RD RBBM_STATUS -> 0x00000040 (idle, 64 free)
[003925] MMIO_RD size=4 addr=0x1720 (WAIT_UNTIL)
[003926] MMIO_RD size=4 addr=0x0e40 (RBBM_STATUS)
[003927] STATUS_RD RBBM_STATUS -> 0x00000040 (idle, 64 free)
[003928] MMIO_RD size=4 addr=0x1720 (WAIT_UNTIL)
[003929] MMIO_RD size=4 addr=0x0e40 (RBBM_STATUS)
[003930] STATUS_RD RBBM_STATUS -> 0x00000040 (idle, 64 free)
[003931] MMIO_RD size=4 addr=0x1720 (WAIT_UNTIL)
[003932] MMIO_RD size=4 addr=0x0e40 (RBBM_STATUS)
[003933] STATUS_RD RBBM_STATUS -> 0x00000040 (idle, 64 free)
[003934] MMIO_RD size=4 addr=0x1720 (WAIT_UNTIL)
[003935] MMIO_RD size=4 addr=0x0e40 (RBBM_STATUS)
[003936] STATUS_RD RBBM_STATUS -> 0x00000040 (idle, 64 free)
[003937] MMIO_RD size=4 addr=0x1720 (WAIT_UNTIL)
[003938] MMIO_RD size=4 addr=0x0e40 (RBBM_STATUS)
[003939] STATUS_RD RBBM_STATUS -> 0x00000040 (idle, 64 free)
[003940] MMIO_RD size=4 addr=0x1720 (WAIT_UNTIL)
[003941] MMIO_RD size=4 addr=0x0e40 (RBBM_STATUS)
[003942] STATUS_RD RBBM_STATUS -> 0x00000040 (idle, 64 free)
[003943] MMIO_RD size=4 addr=0x1720 (WAIT_UNTIL)
[003944] MMIO_RD size=4 addr=0x0e40 (RBBM_STATUS)
[003945] STATUS_RD RBBM_STATUS -> 0x00000040 (idle, 64 free)
[003946] MMIO_RD size=4 addr=0x1720 (WAIT_UNTIL)
[003947] MMIO_RD size=4 addr=0x0e40 (RBBM_STATUS)
[003948] STATUS_RD RBBM_STATUS -> 0x00000040 (idle, 64 free)
[003949] MMIO_RD size=4 addr=0x1720 (WAIT_UNTIL)
[003950] MMIO_RD size=4 addr=0x0e40 (RBBM_STATUS)
[003951] STATUS_RD RBBM_STATUS -> 0x00000040 (idle, 64 free)
[003952] MMIO_RD size=4 addr=0x1720 (WAIT_UNTIL)
[003953] MMIO_RD size=4 addr=0x0e40 (RBBM_STATUS)
[003954] STATUS_RD RBBM_STATUS -> 0x00000040 (idle, 64 free)
[003955] MMIO_RD size=4 addr=0x1720 (WAIT_UNTIL)
[003956] MMIO_RD size=4 addr=0x0e40 (RBBM_STATUS)
[003957] STATUS_RD RBBM_STATUS -> 0x00000040 (idle, 64 free)
[003958] MMIO_RD size=4 addr=0x1720 (WAIT_UNTIL)
[003959] MMIO_RD size=4 addr=0x0e40 (RBBM_STATUS)
[003960] STATUS_RD RBBM_STATUS -> 0x00000040 (idle, 64 free)
[003961] MMIO_RD size=4 addr=0x1720 (WAIT_UNTIL)
[003962] MMIO_RD size=4 addr=0x0e40 (RBBM_STATUS)
[003963] STATUS_RD RBBM_STATUS -> 0x00000040 (idle, 64 free)
[003964] MMIO_RD size=4 addr=0x1720 (WAIT_UNTIL)
[003965] MMIO_RD size=4 addr=0x0e40 (RBBM_STATUS)
[003966] STATUS_RD RBBM_STATUS -> 0x00000040 (idle, 64 free)
[003967] MMIO_RD size=4 addr=0x1720 (WAIT_UNTIL)
[003968] MMIO_RD size=4 addr=0x0e40 (RBBM_STATUS)
[003969] STATUS_RD RBBM_STATUS -> 0x00000040 (idle, 64 free)
[003970] MMIO_RD size=4 addr=0x1720 (WAIT_UNTIL)
[003971] MMIO_RD size=4 addr=0x0e40 (RBBM_STATUS)
[003972] STATUS_RD RBBM_STATUS -> 0x00000040 (idle, 64 free)
[003973] MMIO_RD size=4 addr=0x1720 (WAIT_UNTIL)
[003974] MMIO_RD size=4 addr=0x0e40 (RBBM_STATUS)
[003975] STATUS_RD RBBM_STATUS -> 0x00000040 (idle, 64 free)
[003976] MMIO_RD size=4 addr=0x1720 (WAIT_UNTIL)
[003977] MMIO_RD size=4 addr=0x0e40 (RBBM_STATUS)
[003978] STATUS_RD RBBM_STATUS -> 0x00000040 (idle, 64 free)
[003979] MMIO_RD size=4 addr=0x1720 (WAIT_UNTIL)
[003980] MMIO_RD size=4 addr=0x0e40 (RBBM_STATUS)
[003981] STATUS_RD RBBM_STATUS -> 0x00000040 (idle, 64 free)
[003982] MMIO_RD size=4 addr=0x1720 (WAIT_UNTIL)
[003983] MMIO_RD size=4 addr=0x0e40 (RBBM_STATUS)
[003984] STATUS_RD RBBM_STATUS -> 0x00000040 (idle, 64 free)
[003985] MMIO_RD size=4 addr=0x1720 (WAIT_UNTIL)
[003986] MMIO_RD size=4 addr=0x0e40 (RBBM_STATUS)
[003987] STATUS_RD RBBM_STATUS -> 0x00000040 (idle, 64 free)
[003988] MMIO_RD size=4 addr=0x1720 (WAIT_UNTIL)
[003989] MMIO_RD size=4 addr=0x0e40 (RBBM_STATUS)
[003990] STATUS_RD RBBM_STATUS -> 0x00000040 (idle, 64 free)
[003991] MMIO_RD size=4 addr=0x1720 (WAIT_UNTIL)
[003992] MMIO_RD size=4 addr=0x0e40 (RBBM_STATUS)
[003993] STATUS_RD RBBM_STATUS -> 0x00000040 (idle, 64 free)
[003994] MMIO_RD size=4 addr=0x1720 (WAIT_UNTIL)
[003995] MMIO_RD size=4 addr=0x0e40 (RBBM_STATUS)
[003996] STATUS_RD RBBM_STATUS -> 0x00000040 (idle, 64 free)
[003997] MMIO_RD size=4 addr=0x1720 (WAIT_UNTIL)
[003998] MMIO_RD size=4 addr=0x0e40 (RBBM_STATUS)
[003999] STATUS_RD RBBM_STATUS -> 0x00000040 (idle, 64 free)
[004000] MMIO_RD size=4 addr=0x1720 (WAIT_UNTIL)
[004001] MMIO_RD size=4 addr=0x0e40 (RBBM_STATUS)
[004002] STATUS_RD RBBM_STATUS -> 0x00000040 (idle, 64 free)
[004003] MMIO_RD size=4 addr=0x1720 (WAIT_UNTIL)
[004004] MMIO_RD size=4 addr=0x0e40 (RBBM_STATUS)
[004005] STATUS_RD RBBM_STATUS -> 0x00000040 (idle, 64 free)
[004006] MMIO_RD size=4 addr=0x1720 (WAIT_UNTIL)
[004007] MMIO_RD size=4 addr=0x0e40 (RBBM_STATUS)
[004008] STATUS_RD RBBM_STATUS -> 0x00000040 (idle, 64 free)
[004009] MMIO_RD size=4 addr=0x1720 (WAIT_UNTIL)
[004010] MMIO_RD size=4 addr=0x0e40 (RBBM_STATUS)
[004011] STATUS_RD RBBM_STATUS -> 0x00000040 (idle, 64 free)
[004012] MMIO_RD size=4 addr=0x1720 (WAIT_UNTIL)
[004013] MMIO_RD size=4 addr=0x0e40 (RBBM_STATUS)
[004014] STATUS_RD RBBM_STATUS -> 0x00000040 (idle, 64 free)
[004015] MMIO_RD size=4 addr=0x1720 (WAIT_UNTIL)
[004016] MMIO_RD size=4 addr=0x0e40 (RBBM_STATUS)
[004017] STATUS_RD RBBM_STATUS -> 0x00000040 (idle, 64 free)
[004018] MMIO_RD size=4 addr=0x1720 (WAIT_UNTIL)
[004019] MMIO_RD size=4 addr=0x0e40 (RBBM_STATUS)
[004020] STATUS_RD RBBM_STATUS -> 0x00000040 (idle, 64 free)
[004021] MMIO_RD size=4 addr=0x1720 (WAIT_UNTIL)
[004022] MMIO_RD size=4 addr=0x0e40 (RBBM_STATUS)
[004023] STATUS_RD RBBM_STATUS -> 0x00000040 (idle, 64 free)
[004024] MMIO_RD size=4 addr=0x1720 (WAIT_UNTIL)
[004025] MMIO_RD size=4 addr=0x0e40 (RBBM_STATUS)
[004026] STATUS_RD RBBM_STATUS -> 0x00000040 (idle, 64 free)
[004027] MMIO_RD size=4 addr=0x1720 (WAIT_UNTIL)
[004028] MMIO_RD size=4 addr=0x0e40 (RBBM_STATUS)
[004029] STATUS_RD RBBM_STATUS -> 0x00000040 (idle, 64 free)
[004030] MMIO_RD size=4 addr=0x1720 (WAIT_UNTIL)
[004031] MMIO_RD size=4 addr=0x0e40 (RBBM_STATUS)
[004032] STATUS_RD RBBM_STATUS -> 0x00000040 (idle, 64 free)
[004033] MMIO_RD size=4 addr=0x1720 (WAIT_UNTIL)
[004034] MMIO_RD size=4 addr=0x0e40 (RBBM_STATUS)
[004035] STATUS_RD RBBM_STATUS -> 0x00000040 (idle, 64 free)
[004036] MMIO_RD size=4 addr=0x1720 (WAIT_UNTIL)
[004037] MMIO_RD size=4 addr=0x0e40 (RBBM_STATUS)
[004038] STATUS_RD RBBM_STATUS -> 0x00000040 (idle, 64 free)
[004039] MMIO_RD size=4 addr=0x1720 (WAIT_UNTIL)
[004040] MMIO_RD size=4 addr=0x0e40 (RBBM_STATUS)
[004041] STATUS_RD RBBM_STATUS -> 0x00000040 (idle, 64 free)
[004042] MMIO_RD size=4 addr=0x1720 (WAIT_UNTIL)
[004043] MMIO_RD size=4 addr=0x0e40 (RBBM_STATUS)
[004044] STATUS_RD RBBM_STATUS -> 0x00000040 (idle, 64 free)
[004045] MMIO_RD size=4 addr=0x1720 (WAIT_UNTIL)
[004046] MMIO_RD size=4 addr=0x0e40 (RBBM_STATUS)
[004047] STATUS_RD RBBM_STATUS -> 0x00000040 (idle, 64 free)
[004048] MMIO_RD size=4 addr=0x1720 (WAIT_UNTIL)
[004049] MMIO_RD size=4 addr=0x0e40 (RBBM_STATUS)
[004050] STATUS_RD RBBM_STATUS -> 0x00000040 (idle, 64 free)
[004051] MMIO_RD size=4 addr=0x1720 (WAIT_UNTIL)
[004052] MMIO_RD size=4 addr=0x0e40 (RBBM_STATUS)
[004053] STATUS_RD RBBM_STATUS -> 0x00000040 (idle, 64 free)
[004054] MMIO_RD size=4 addr=0x1720 (WAIT_UNTIL)
[004055] MMIO_RD size=4 addr=0x0e40 (RBBM_STATUS)
[004056] STATUS_RD RBBM_STATUS -> 0x00000040 (idle, 64 free)
[004057] MMIO_RD size=4 addr=0x1720 (WAIT_UNTIL)
[004058] MMIO_RD size=4 addr=0x0e40 (RBBM_STATUS)
[004059] STATUS_RD RBBM_STATUS -> 0x00000040 (idle, 64 free)
[004060] MMIO_RD size=4 addr=0x1720 (WAIT_UNTIL)
[004061] MMIO_RD size=4 addr=0x0e40 (RBBM_STATUS)
[004062] STATUS_RD RBBM_STATUS -> 0x00000040 (idle, 64 free)
[004063] MMIO_RD size=4 addr=0x1720 (WAIT_UNTIL)
[004064] MMIO_RD size=4 addr=0x0e40 (RBBM_STATUS)
[004065] STATUS_RD RBBM_STATUS -> 0x00000040 (idle, 64 free)
[004066] MMIO_RD size=4 addr=0x1720 (WAIT_UNTIL)
[004067] MMIO_RD size=4 addr=0x0e40 (RBBM_STATUS)
[004068] STATUS_RD RBBM_STATUS -> 0x00000040 (idle, 64 free)
[004069] MMIO_RD size=4 addr=0x1720 (WAIT_UNTIL)
[004070] MMIO_RD size=4 addr=0x0e40 (RBBM_STATUS)
[004071] STATUS_RD RBBM_STATUS -> 0x00000040 (idle, 64 free)
[004072] MMIO_RD size=4 addr=0x1720 (WAIT_UNTIL)
[004073] MMIO_RD size=4 addr=0x0e40 (RBBM_STATUS)
[004074] STATUS_RD RBBM_STATUS -> 0x00000040 (idle, 64 free)
[004075] MMIO_RD size=4 addr=0x1720 (WAIT_UNTIL)
[004076] MMIO_RD size=4 addr=0x0e40 (RBBM_STATUS)
[004077] STATUS_RD RBBM_STATUS -> 0x00000040 (idle, 64 free)
[004078] MMIO_RD size=4 addr=0x1720 (WAIT_UNTIL)
[004079] MMIO_RD size=4 addr=0x0e40 (RBBM_STATUS)
[004080] STATUS_RD RBBM_STATUS -> 0x00000040 (idle, 64 free)
[004081] MMIO_RD size=4 addr=0x1720 (WAIT_UNTIL)
[004082] MMIO_RD size=4 addr=0x0e40 (RBBM_STATUS)
[004083] STATUS_RD RBBM_STATUS -> 0x00000040 (idle, 64 free)
[004084] MMIO_RD size=4 addr=0x1720 (WAIT_UNTIL)
[004085] MMIO_RD size=4 addr=0x0e40 (RBBM_STATUS)
[004086] STATUS_RD RBBM_STATUS -> 0x00000040 (idle, 64 free)
[004087] MMIO_RD size=4 addr=0x1720 (WAIT_UNTIL)
[004088] MMIO_RD size=4 addr=0x0e40 (RBBM_STATUS)
[004089] STATUS_RD RBBM_STATUS -> 0x00000040 (idle, 64 free)
[004090] MMIO_RD size=4 addr=0x1720 (WAIT_UNTIL)
[004091] MMIO_RD size=4 addr=0x0e40 (RBBM_STATUS)
[004092] STATUS_RD RBBM_STATUS -> 0x00000040 (idle, 64 free)
[004093] MMIO_RD size=4 addr=0x1720 (WAIT_UNTIL)
[004094] MMIO_RD size=4 addr=0x0e40 (RBBM_STATUS)
[004095] STATUS_RD RBBM_STATUS -> 0x00000040 (idle, 64 free)
[004096] MMIO_RD size=4 addr=0x1720 (WAIT_UNTIL)
[004097] MMIO_RD size=4 addr=0x0e40 (RBBM_STATUS)
[004098] STATUS_RD RBBM_STATUS -> 0x00000040 (idle, 64 free)
[004099] MMIO_RD size=4 addr=0x1720 (WAIT_UNTIL)
[004100] MMIO_RD size=4 addr=0x0e40 (RBBM_STATUS)
[004101] STATUS_RD RBBM_STATUS -> 0x00000040 (idle, 64 free)
[004102] MMIO_RD size=4 addr=0x1720 (WAIT_UNTIL)
[004103] MMIO_RD size=4 addr=0x0e40 (RBBM_STATUS)
[004104] STATUS_RD RBBM_STATUS -> 0x00000040 (idle, 64 free)
[004105] MMIO_RD size=4 addr=0x1720 (WAIT_UNTIL)
[004106] MMIO_RD size=4 addr=0x0e40 (RBBM_STATUS)
[004107] STATUS_RD RBBM_STATUS -> 0x00000040 (idle, 64 free)
[004108] MMIO_RD size=4 addr=0x1720 (WAIT_UNTIL)
[004109] MMIO_RD size=4 addr=0x0e40 (RBBM_STATUS)
[004110] STATUS_RD RBBM_STATUS -> 0x00000040 (idle, 64 free)
[004111] MMIO_RD size=4 addr=0x1720 (WAIT_UNTIL)
[004112] MMIO_RD size=4 addr=0x0e40 (RBBM_STATUS)
[004113] STATUS_RD RBBM_STATUS -> 0x00000040 (idle, 64 free)
[004114] MMIO_RD size=4 addr=0x1720 (WAIT_UNTIL)
[004115] MMIO_RD size=4 addr=0x0e40 (RBBM_STATUS)
[004116] STATUS_RD RBBM_STATUS -> 0x00000040 (idle, 64 free)
[004117] MMIO_RD size=4 addr=0x1720 (WAIT_UNTIL)
[004118] MMIO_RD size=4 addr=0x0e40 (RBBM_STATUS)
[004119] STATUS_RD RBBM_STATUS -> 0x00000040 (idle, 64 free)
[004120] MMIO_RD size=4 addr=0x1720 (WAIT_UNTIL)
[004121] MMIO_RD size=4 addr=0x0e40 (RBBM_STATUS)
[004122] STATUS_RD RBBM_STATUS -> 0x00000040 (idle, 64 free)
[004123] MMIO_RD size=4 addr=0x1720 (WAIT_UNTIL)
[004124] MMIO_RD size=4 addr=0x0e40 (RBBM_STATUS)
[004125] STATUS_RD RBBM_STATUS -> 0x00000040 (idle, 64 free)
[004126] MMIO_RD size=4 addr=0x1720 (WAIT_UNTIL)
[004127] MMIO_RD size=4 addr=0x0e40 (RBBM_STATUS)
[004128] STATUS_RD RBBM_STATUS -> 0x00000040 (idle, 64 free)
[004129] MMIO_RD size=4 addr=0x1720 (WAIT_UNTIL)
[004130] MMIO_RD size=4 addr=0x0e40 (RBBM_STATUS)
[004131] STATUS_RD RBBM_STATUS -> 0x00000040 (idle, 64 free)
[004132] MMIO_RD size=4 addr=0x1720 (WAIT_UNTIL)
[004133] MMIO_RD size=4 addr=0x0e40 (RBBM_STATUS)
[004134] STATUS_RD RBBM_STATUS -> 0x00000040 (idle, 64 free)
[004135] MMIO_RD size=4 addr=0x1720 (WAIT_UNTIL)
[004136] MMIO_RD size=4 addr=0x0e40 (RBBM_STATUS)
[004137] STATUS_RD RBBM_STATUS -> 0x00000040 (idle, 64 free)
[004138] MMIO_RD size=4 addr=0x1720 (WAIT_UNTIL)
[004139] MMIO_RD size=4 addr=0x0e40 (RBBM_STATUS)
[004140] STATUS_RD RBBM_STATUS -> 0x00000040 (idle, 64 free)
[004141] MMIO_RD size=4 addr=0x1720 (WAIT_UNTIL)
[004142] MMIO_RD size=4 addr=0x0e40 (RBBM_STATUS)
[004143] STATUS_RD RBBM_STATUS -> 0x00000040 (idle, 64 free)
[004144] MMIO_RD size=4 addr=0x1720 (WAIT_UNTIL)
[004145] MMIO_RD size=4 addr=0x0e40 (RBBM_STATUS)
[004146] STATUS_RD RBBM_STATUS -> 0x00000040 (idle, 64 free)
[004147] MMIO_RD size=4 addr=0x1720 (WAIT_UNTIL)
[004148] MMIO_RD size=4 addr=0x0e40 (RBBM_STATUS)
[004149] STATUS_RD RBBM_STATUS -> 0x00000040 (idle, 64 free)
[004150] MMIO_RD size=4 addr=0x1720 (WAIT_UNTIL)
[004151] MMIO_RD size=4 addr=0x0e40 (RBBM_STATUS)
[004152] STATUS_RD RBBM_STATUS -> 0x00000040 (idle, 64 free)
[004153] MMIO_RD size=4 addr=0x1720 (WAIT_UNTIL)
[004154] MMIO_RD size=4 addr=0x0e40 (RBBM_STATUS)
[004155] STATUS_RD RBBM_STATUS -> 0x00000040 (idle, 64 free)
[004156] MMIO_RD size=4 addr=0x1720 (WAIT_UNTIL)
[004157] MMIO_RD size=4 addr=0x0e40 (RBBM_STATUS)
[004158] STATUS_RD RBBM_STATUS -> 0x00000040 (idle, 64 free)
[004159] MMIO_RD size=4 addr=0x1720 (WAIT_UNTIL)
[004160] MMIO_RD size=4 addr=0x0e40 (RBBM_STATUS)
[004161] STATUS_RD RBBM_STATUS -> 0x00000040 (idle, 64 free)
[004162] MMIO_RD size=4 addr=0x1720 (WAIT_UNTIL)
[004163] MMIO_RD size=4 addr=0x0e40 (RBBM_STATUS)
[004164] STATUS_RD RBBM_STATUS -> 0x00000040 (idle, 64 free)
[004165] MMIO_RD size=4 addr=0x1720 (WAIT_UNTIL)
[004166] MMIO_RD size=4 addr=0x0e40 (RBBM_STATUS)
[004167] STATUS_RD RBBM_STATUS -> 0x00000040 (idle, 64 free)
[004168] MMIO_RD size=4 addr=0x1720 (WAIT_UNTIL)
[004169] MMIO_RD size=4 addr=0x0e40 (RBBM_STATUS)
[004170] STATUS_RD RBBM_STATUS -> 0x00000040 (idle, 64 free)
[004171] MMIO_RD size=4 addr=0x1720 (WAIT_UNTIL)
[004172] MMIO_RD size=4 addr=0x0e40 (RBBM_STATUS)
[004173] STATUS_RD RBBM_STATUS -> 0x00000040 (idle, 64 free)
[004174] MMIO_RD size=4 addr=0x1720 (WAIT_UNTIL)
[004175] MMIO_RD size=4 addr=0x0e40 (RBBM_STATUS)
[004176] STATUS_RD RBBM_STATUS -> 0x00000040 (idle, 64 free)
[004177] MMIO_RD size=4 addr=0x1720 (WAIT_UNTIL)
[004178] MMIO_RD size=4 addr=0x0e40 (RBBM_STATUS)
[004179] STATUS_RD RBBM_STATUS -> 0x00000040 (idle, 64 free)
[004180] MMIO_RD size=4 addr=0x1720 (WAIT_UNTIL)
[004181] MMIO_RD size=4 addr=0x0e40 (RBBM_STATUS)
[004182] STATUS_RD RBBM_STATUS -> 0x00000040 (idle, 64 free)
[004183] MMIO_RD size=4 addr=0x1720 (WAIT_UNTIL)
[004184] MMIO_RD size=4 addr=0x0e40 (RBBM_STATUS)
[004185] STATUS_RD RBBM_STATUS -> 0x00000040 (idle, 64 free)
[004186] MMIO_RD size=4 addr=0x1720 (WAIT_UNTIL)
[004187] MMIO_RD size=4 addr=0x0e40 (RBBM_STATUS)
[004188] STATUS_RD RBBM_STATUS -> 0x00000040 (idle, 64 free)
[004189] MMIO_RD size=4 addr=0x1720 (WAIT_UNTIL)
[004190] MMIO_RD size=4 addr=0x0e40 (RBBM_STATUS)
[004191] STATUS_RD RBBM_STATUS -> 0x00000040 (idle, 64 free)
[004192] MMIO_RD size=4 addr=0x1720 (WAIT_UNTIL)
[004193] MMIO_RD size=4 addr=0x0e40 (RBBM_STATUS)
[004194] STATUS_RD RBBM_STATUS -> 0x00000040 (idle, 64 free)
[004195] MMIO_RD size=4 addr=0x1720 (WAIT_UNTIL)
[004196] MMIO_RD size=4 addr=0x0e40 (RBBM_STATUS)
[004197] STATUS_RD RBBM_STATUS -> 0x00000040 (idle, 64 free)
[004198] MMIO_RD size=4 addr=0x1720 (WAIT_UNTIL)
[004199] MMIO_RD size=4 addr=0x0e40 (RBBM_STATUS)
[004200] STATUS_RD RBBM_STATUS -> 0x00000040 (idle, 64 free)
[004201] MMIO_RD size=4 addr=0x1720 (WAIT_UNTIL)
[004202] MMIO_RD size=4 addr=0x0e40 (RBBM_STATUS)
[004203] STATUS_RD RBBM_STATUS -> 0x00000040 (idle, 64 free)
[004204] MMIO_RD size=4 addr=0x1720 (WAIT_UNTIL)
[004205] MMIO_RD size=4 addr=0x0e40 (RBBM_STATUS)
[004206] STATUS_RD RBBM_STATUS -> 0x00000040 (idle, 64 free)
[004207] MMIO_RD size=4 addr=0x1720 (WAIT_UNTIL)
[004208] MMIO_RD size=4 addr=0x0e40 (RBBM_STATUS)
[004209] STATUS_RD RBBM_STATUS -> 0x00000040 (idle, 64 free)
[004210] MMIO_RD size=4 addr=0x1720 (WAIT_UNTIL)
[004211] MMIO_RD size=4 addr=0x0e40 (RBBM_STATUS)
[004212] STATUS_RD RBBM_STATUS -> 0x00000040 (idle, 64 free)
[004213] MMIO_RD size=4 addr=0x1720 (WAIT_UNTIL)
[004214] MMIO_RD size=4 addr=0x0e40 (RBBM_STATUS)
[004215] STATUS_RD RBBM_STATUS -> 0x00000040 (idle, 64 free)
[004216] MMIO_RD size=4 addr=0x1720 (WAIT_UNTIL)
[004217] MMIO_RD size=4 addr=0x0e40 (RBBM_STATUS)
[004218] STATUS_RD RBBM_STATUS -> 0x00000040 (idle, 64 free)
[004219] MMIO_RD size=4 addr=0x1720 (WAIT_UNTIL)
[004220] MMIO_RD size=4 addr=0x0e40 (RBBM_STATUS)
[004221] STATUS_RD RBBM_STATUS -> 0x00000040 (idle, 64 free)
[004222] MMIO_RD size=4 addr=0x1720 (WAIT_UNTIL)
[004223] MMIO_RD size=4 addr=0x0e40 (RBBM_STATUS)
[004224] STATUS_RD RBBM_STATUS -> 0x00000040 (idle, 64 free)
[004225] MMIO_RD size=4 addr=0x1720 (WAIT_UNTIL)
[004226] MMIO_RD size=4 addr=0x0e40 (RBBM_STATUS)
[004227] STATUS_RD RBBM_STATUS -> 0x00000040 (idle, 64 free)
[004228] MMIO_RD size=4 addr=0x1720 (WAIT_UNTIL)
[004229] MMIO_RD size=4 addr=0x0e40 (RBBM_STATUS)
[004230] STATUS_RD RBBM_STATUS -> 0x00000040 (idle, 64 free)
[004231] MMIO_RD size=4 addr=0x1720 (WAIT_UNTIL)
[004232] MMIO_RD size=4 addr=0x0e40 (RBBM_STATUS)
[004233] STATUS_RD RBBM_STATUS -> 0x00000040 (idle, 64 free)
[004234] MMIO_RD size=4 addr=0x1720 (WAIT_UNTIL)
[004235] MMIO_RD size=4 addr=0x0e40 (RBBM_STATUS)
[004236] STATUS_RD RBBM_STATUS -> 0x00000040 (idle, 64 free)
[004237] MMIO_RD size=4 addr=0x1720 (WAIT_UNTIL)
[004238] MMIO_RD size=4 addr=0x0e40 (RBBM_STATUS)
[004239] STATUS_RD RBBM_STATUS -> 0x00000040 (idle, 64 free)
[004240] MMIO_RD size=4 addr=0x1720 (WAIT_UNTIL)
[004241] MMIO_RD size=4 addr=0x0e40 (RBBM_STATUS)
[004242] STATUS_RD RBBM_STATUS -> 0x00000040 (idle, 64 free)
[004243] MMIO_RD size=4 addr=0x1720 (WAIT_UNTIL)
[004244] MMIO_RD size=4 addr=0x0e40 (RBBM_STATUS)
[004245] STATUS_RD RBBM_STATUS -> 0x00000040 (idle, 64 free)
[004246] MMIO_RD size=4 addr=0x1720 (WAIT_UNTIL)
[004247] MMIO_RD size=4 addr=0x0e40 (RBBM_STATUS)
[004248] STATUS_RD RBBM_STATUS -> 0x00000040 (idle, 64 free)
[004249] MMIO_RD size=4 addr=0x1720 (WAIT_UNTIL)
[004250] MMIO_RD size=4 addr=0x0e40 (RBBM_STATUS)
[004251] STATUS_RD RBBM_STATUS -> 0x00000040 (idle, 64 free)
[004252] MMIO_RD size=4 addr=0x1720 (WAIT_UNTIL)
[004253] MMIO_RD size=4 addr=0x0e40 (RBBM_STATUS)
[004254] STATUS_RD RBBM_STATUS -> 0x00000040 (idle, 64 free)
[004255] MMIO_RD size=4 addr=0x1720 (WAIT_UNTIL)
[004256] MMIO_RD size=4 addr=0x0e40 (RBBM_STATUS)
[004257] STATUS_RD RBBM_STATUS -> 0x00000040 (idle, 64 free)
[004258] MMIO_RD size=4 addr=0x1720 (WAIT_UNTIL)
[004259] MMIO_RD size=4 addr=0x0e40 (RBBM_STATUS)
[004260] STATUS_RD RBBM_STATUS -> 0x00000040 (idle, 64 free)
[004261] MMIO_RD size=4 addr=0x1720 (WAIT_UNTIL)
[004262] MMIO_RD size=4 addr=0x0e40 (RBBM_STATUS)
[004263] STATUS_RD RBBM_STATUS -> 0x00000040 (idle, 64 free)
[004264] MMIO_RD size=4 addr=0x1720 (WAIT_UNTIL)
[004265] MMIO_RD size=4 addr=0x0e40 (RBBM_STATUS)
[004266] STATUS_RD RBBM_STATUS -> 0x00000040 (idle, 64 free)
[004267] MMIO_RD size=4 addr=0x1720 (WAIT_UNTIL)
[004268] MMIO_RD size=4 addr=0x0e40 (RBBM_STATUS)
[004269] STATUS_RD RBBM_STATUS -> 0x00000040 (idle, 64 free)
[004270] MMIO_RD size=4 addr=0x1720 (WAIT_UNTIL)
[004271] MMIO_RD size=4 addr=0x0e40 (RBBM_STATUS)
[004272] STATUS_RD RBBM_STATUS -> 0x00000040 (idle, 64 free)
[004273] MMIO_RD size=4 addr=0x1720 (WAIT_UNTIL)
[004274] MMIO_RD size=4 addr=0x0e40 (RBBM_STATUS)
[004275] STATUS_RD RBBM_STATUS -> 0x00000040 (idle, 64 free)
[004276] MMIO_RD size=4 addr=0x1720 (WAIT_UNTIL)
[004277] MMIO_RD size=4 addr=0x0e40 (RBBM_STATUS)
[004278] STATUS_RD RBBM_STATUS -> 0x00000040 (idle, 64 free)
[004279] MMIO_RD size=4 addr=0x1720 (WAIT_UNTIL)
[004280] MMIO_RD size=4 addr=0x0e40 (RBBM_STATUS)
[004281] STATUS_RD RBBM_STATUS -> 0x00000040 (idle, 64 free)
[004282] MMIO_RD size=4 addr=0x1720 (WAIT_UNTIL)
[004283] MMIO_RD size=4 addr=0x0e40 (RBBM_STATUS)
[004284] STATUS_RD RBBM_STATUS -> 0x00000040 (idle, 64 free)
[004285] MMIO_RD size=4 addr=0x1720 (WAIT_UNTIL)
[004286] MMIO_RD size=4 addr=0x0e40 (RBBM_STATUS)
[004287] STATUS_RD RBBM_STATUS -> 0x00000040 (idle, 64 free)
[004288] MMIO_RD size=4 addr=0x1720 (WAIT_UNTIL)
[004289] MMIO_RD size=4 addr=0x0e40 (RBBM_STATUS)
[004290] STATUS_RD RBBM_STATUS -> 0x00000040 (idle, 64 free)
[004291] MMIO_RD size=4 addr=0x1720 (WAIT_UNTIL)
[004292] MMIO_RD size=4 addr=0x0e40 (RBBM_STATUS)
[004293] STATUS_RD RBBM_STATUS -> 0x00000040 (idle, 64 free)
[004294] MMIO_RD size=4 addr=0x1720 (WAIT_UNTIL)
[004295] MMIO_RD size=4 addr=0x0e40 (RBBM_STATUS)
[004296] STATUS_RD RBBM_STATUS -> 0x00000040 (idle, 64 free)
[004297] MMIO_RD size=4 addr=0x1720 (WAIT_UNTIL)
[004298] MMIO_RD size=4 addr=0x0e40 (RBBM_STATUS)
[004299] STATUS_RD RBBM_STATUS -> 0x00000040 (idle, 64 free)
[004300] MMIO_RD size=4 addr=0x1720 (WAIT_UNTIL)
[004301] MMIO_RD size=4 addr=0x0e40 (RBBM_STATUS)
[004302] STATUS_RD RBBM_STATUS -> 0x00000040 (idle, 64 free)
[004303] MMIO_RD size=4 addr=0x1720 (WAIT_UNTIL)
[004304] MMIO_RD size=4 addr=0x0e40 (RBBM_STATUS)
[004305] STATUS_RD RBBM_STATUS -> 0x00000040 (idle, 64 free)
[004306] MMIO_RD size=4 addr=0x1720 (WAIT_UNTIL)
[004307] MMIO_RD size=4 addr=0x0e40 (RBBM_STATUS)
[004308] STATUS_RD RBBM_STATUS -> 0x00000040 (idle, 64 free)
[004309] MMIO_RD size=4 addr=0x1720 (WAIT_UNTIL)
[004310] MMIO_RD size=4 addr=0x0e40 (RBBM_STATUS)
[004311] STATUS_RD RBBM_STATUS -> 0x00000040 (idle, 64 free)
[004312] MMIO_RD size=4 addr=0x1720 (WAIT_UNTIL)
[004313] MMIO_RD size=4 addr=0x0e40 (RBBM_STATUS)
[004314] STATUS_RD RBBM_STATUS -> 0x00000040 (idle, 64 free)
[004315] MMIO_RD size=4 addr=0x1720 (WAIT_UNTIL)
[004316] MMIO_RD size=4 addr=0x0e40 (RBBM_STATUS)
[004317] STATUS_RD RBBM_STATUS -> 0x00000040 (idle, 64 free)
[004318] MMIO_RD size=4 addr=0x1720 (WAIT_UNTIL)
[004319] MMIO_RD size=4 addr=0x0e40 (RBBM_STATUS)
[004320] STATUS_RD RBBM_STATUS -> 0x00000040 (idle, 64 free)
[004321] MMIO_RD size=4 addr=0x1720 (WAIT_UNTIL)
[004322] MMIO_RD size=4 addr=0x0e40 (RBBM_STATUS)
[004323] STATUS_RD RBBM_STATUS -> 0x00000040 (idle, 64 free)
[004324] MMIO_RD size=4 addr=0x1720 (WAIT_UNTIL)
[004325] MMIO_RD size=4 addr=0x0e40 (RBBM_STATUS)
[004326] STATUS_RD RBBM_STATUS -> 0x00000040 (idle, 64 free)
[004327] MMIO_RD size=4 addr=0x1720 (WAIT_UNTIL)
[004328] MMIO_RD size=4 addr=0x0e40 (RBBM_STATUS)
[004329] STATUS_RD RBBM_STATUS -> 0x00000040 (idle, 64 free)
[004330] MMIO_RD size=4 addr=0x1720 (WAIT_UNTIL)
[004331] MMIO_RD size=4 addr=0x0e40 (RBBM_STATUS)
[004332] STATUS_RD RBBM_STATUS -> 0x00000040 (idle, 64 free)
[004333] MMIO_RD size=4 addr=0x1720 (WAIT_UNTIL)
[004334] MMIO_RD size=4 addr=0x0e40 (RBBM_STATUS)
[004335] STATUS_RD RBBM_STATUS -> 0x00000040 (idle, 64 free)
[004336] MMIO_RD size=4 addr=0x1720 (WAIT_UNTIL)
[004337] MMIO_RD size=4 addr=0x0e40 (RBBM_STATUS)
[004338] STATUS_RD RBBM_STATUS -> 0x00000040 (idle, 64 free)
[004339] MMIO_RD size=4 addr=0x1720 (WAIT_UNTIL)
[004340] MMIO_RD size=4 addr=0x0e40 (RBBM_STATUS)
[004341] STATUS_RD RBBM_STATUS -> 0x00000040 (idle, 64 free)
[004342] MMIO_RD size=4 addr=0x1720 (WAIT_UNTIL)
[004343] MMIO_RD size=4 addr=0x0e40 (RBBM_STATUS)
[004344] STATUS_RD RBBM_STATUS -> 0x00000040 (idle, 64 free)
[004345] MMIO_RD size=4 addr=0x1720 (WAIT_UNTIL)
[004346] MMIO_RD size=4 addr=0x0e40 (RBBM_STATUS)
[004347] STATUS_RD RBBM_STATUS -> 0x00000040 (idle, 64 free)
[004348] MMIO_RD size=4 addr=0x1720 (WAIT_UNTIL)
[004349] MMIO_RD size=4 addr=0x0e40 (RBBM_STATUS)
[004350] STATUS_RD RBBM_STATUS -> 0x00000040 (idle, 64 free)
[004351] MMIO_RD size=4 addr=0x1720 (WAIT_UNTIL)
[004352] MMIO_RD size=4 addr=0x0e40 (RBBM_STATUS)
[004353] STATUS_RD RBBM_STATUS -> 0x00000040 (idle, 64 free)
[004354] MMIO_RD size=4 addr=0x1720 (WAIT_UNTIL)
[004355] MMIO_RD size=4 addr=0x0e40 (RBBM_STATUS)
[004356] STATUS_RD RBBM_STATUS -> 0x00000040 (idle, 64 free)
[004357] MMIO_RD size=4 addr=0x1720 (WAIT_UNTIL)
[004358] MMIO_RD size=4 addr=0x0e40 (RBBM_STATUS)
[004359] STATUS_RD RBBM_STATUS -> 0x00000040 (idle, 64 free)
[004360] MMIO_RD size=4 addr=0x1720 (WAIT_UNTIL)
[004361] MMIO_RD size=4 addr=0x0e40 (RBBM_STATUS)
[004362] STATUS_RD RBBM_STATUS -> 0x00000040 (idle, 64 free)
[004363] MMIO_RD size=4 addr=0x1720 (WAIT_UNTIL)
[004364] MMIO_RD size=4 addr=0x0e40 (RBBM_STATUS)
[004365] STATUS_RD RBBM_STATUS -> 0x00000040 (idle, 64 free)
[004366] MMIO_RD size=4 addr=0x1720 (WAIT_UNTIL)
[004367] MMIO_RD size=4 addr=0x0e40 (RBBM_STATUS)
[004368] STATUS_RD RBBM_STATUS -> 0x00000040 (idle, 64 free)
[004369] MMIO_RD size=4 addr=0x1720 (WAIT_UNTIL)
[004370] MMIO_RD size=4 addr=0x0e40 (RBBM_STATUS)
[004371] STATUS_RD RBBM_STATUS -> 0x00000040 (idle, 64 free)
[004372] MMIO_RD size=4 addr=0x1720 (WAIT_UNTIL)
[004373] MMIO_RD size=4 addr=0x0e40 (RBBM_STATUS)
[004374] STATUS_RD RBBM_STATUS -> 0x00000040 (idle, 64 free)
[004375] MMIO_RD size=4 addr=0x1720 (WAIT_UNTIL)
[004376] MMIO_RD size=4 addr=0x0e40 (RBBM_STATUS)
[004377] STATUS_RD RBBM_STATUS -> 0x00000040 (idle, 64 free)
[004378] MMIO_RD size=4 addr=0x1720 (WAIT_UNTIL)
[004379] MMIO_RD size=4 addr=0x0e40 (RBBM_STATUS)
[004380] STATUS_RD RBBM_STATUS -> 0x00000040 (idle, 64 free)
[004381] MMIO_RD size=4 addr=0x1720 (WAIT_UNTIL)
[004382] MMIO_RD size=4 addr=0x0e40 (RBBM_STATUS)
[004383] STATUS_RD RBBM_STATUS -> 0x00000040 (idle, 64 free)
[004384] MMIO_RD size=4 addr=0x1720 (WAIT_UNTIL)
[004385] MMIO_RD size=4 addr=0x0e40 (RBBM_STATUS)
[004386] STATUS_RD RBBM_STATUS -> 0x00000040 (idle, 64 free)
[004387] MMIO_RD size=4 addr=0x1720 (WAIT_UNTIL)
[004388] MMIO_RD size=4 addr=0x0e40 (RBBM_STATUS)
[004389] STATUS_RD RBBM_STATUS -> 0x00000040 (idle, 64 free)
[004390] MMIO_RD size=4 addr=0x1720 (WAIT_UNTIL)
[004391] MMIO_RD size=4 addr=0x0e40 (RBBM_STATUS)
[004392] STATUS_RD RBBM_STATUS -> 0x00000040 (idle, 64 free)
[004393] MMIO_RD size=4 addr=0x1720 (WAIT_UNTIL)
[004394] MMIO_RD size=4 addr=0x0e40 (RBBM_STATUS)
[004395] STATUS_RD RBBM_STATUS -> 0x00000040 (idle, 64 free)
[004396] MMIO_RD size=4 addr=0x1720 (WAIT_UNTIL)
[004397] MMIO_RD size=4 addr=0x0e40 (RBBM_STATUS)
[004398] STATUS_RD RBBM_STATUS -> 0x00000040 (idle, 64 free)
[004399] MMIO_RD size=4 addr=0x1720 (WAIT_UNTIL)
[004400] MMIO_RD size=4 addr=0x0e40 (RBBM_STATUS)
[004401] STATUS_RD RBBM_STATUS -> 0x00000040 (idle, 64 free)
[004402] MMIO_RD size=4 addr=0x1720 (WAIT_UNTIL)
[004403] MMIO_RD size=4 addr=0x0e40 (RBBM_STATUS)
[004404] STATUS_RD RBBM_STATUS -> 0x00000040 (idle, 64 free)
[004405] MMIO_RD size=4 addr=0x1720 (WAIT_UNTIL)
[004406] MMIO_RD size=4 addr=0x0e40 (RBBM_STATUS)
[004407] STATUS_RD RBBM_STATUS -> 0x00000040 (idle, 64 free)
[004408] MMIO_RD size=4 addr=0x1720 (WAIT_UNTIL)
[004409] MMIO_RD size=4 addr=0x0e40 (RBBM_STATUS)
[004410] STATUS_RD RBBM_STATUS -> 0x00000040 (idle, 64 free)
[004411] MMIO_RD size=4 addr=0x1720 (WAIT_UNTIL)
[004412] MMIO_RD size=4 addr=0x0e40 (RBBM_STATUS)
[004413] STATUS_RD RBBM_STATUS -> 0x00000040 (idle, 64 free)
[004414] MMIO_RD size=4 addr=0x1720 (WAIT_UNTIL)
[004415] MMIO_RD size=4 addr=0x0e40 (RBBM_STATUS)
[004416] STATUS_RD RBBM_STATUS -> 0x00000040 (idle, 64 free)
[004417] MMIO_RD size=4 addr=0x1720 (WAIT_UNTIL)
[004418] MMIO_RD size=4 addr=0x0e40 (RBBM_STATUS)
[004419] STATUS_RD RBBM_STATUS -> 0x00000040 (idle, 64 free)
[004420] MMIO_RD size=4 addr=0x1720 (WAIT_UNTIL)
[004421] MMIO_RD size=4 addr=0x0e40 (RBBM_STATUS)
[004422] STATUS_RD RBBM_STATUS -> 0x00000040 (idle, 64 free)
[004423] MMIO_RD size=4 addr=0x1720 (WAIT_UNTIL)
[004424] MMIO_RD size=4 addr=0x0e40 (RBBM_STATUS)
[004425] STATUS_RD RBBM_STATUS -> 0x00000040 (idle, 64 free)
[004426] MMIO_RD size=4 addr=0x1720 (WAIT_UNTIL)
[004427] MMIO_RD size=4 addr=0x0e40 (RBBM_STATUS)
[004428] STATUS_RD RBBM_STATUS -> 0x00000040 (idle, 64 free)
[004429] MMIO_RD size=4 addr=0x1720 (WAIT_UNTIL)
[004430] MMIO_RD size=4 addr=0x0e40 (RBBM_STATUS)
[004431] STATUS_RD RBBM_STATUS -> 0x00000040 (idle, 64 free)
[004432] MMIO_RD size=4 addr=0x1720 (WAIT_UNTIL)
[004433] MMIO_RD size=4 addr=0x0e40 (RBBM_STATUS)
[004434] STATUS_RD RBBM_STATUS -> 0x00000040 (idle, 64 free)
[004435] MMIO_RD size=4 addr=0x1720 (WAIT_UNTIL)
[004436] MMIO_RD size=4 addr=0x0e40 (RBBM_STATUS)
[004437] STATUS_RD RBBM_STATUS -> 0x00000040 (idle, 64 free)
[004438] MMIO_RD size=4 addr=0x1720 (WAIT_UNTIL)
[004439] MMIO_RD size=4 addr=0x0e40 (RBBM_STATUS)
[004440] STATUS_RD RBBM_STATUS -> 0x00000040 (idle, 64 free)
[004441] MMIO_RD size=4 addr=0x1720 (WAIT_UNTIL)
[004442] MMIO_RD size=4 addr=0x0e40 (RBBM_STATUS)
[004443] STATUS_RD RBBM_STATUS -> 0x00000040 (idle, 64 free)
[004444] MMIO_RD size=4 addr=0x1720 (WAIT_UNTIL)
[004445] MMIO_RD size=4 addr=0x0e40 (RBBM_STATUS)
[004446] STATUS_RD RBBM_STATUS -> 0x00000040 (idle, 64 free)
[004447] MMIO_RD size=4 addr=0x1720 (WAIT_UNTIL)
[004448] MMIO_RD size=4 addr=0x0e40 (RBBM_STATUS)
[004449] STATUS_RD RBBM_STATUS -> 0x00000040 (idle, 64 free)
[004450] MMIO_RD size=4 addr=0x1720 (WAIT_UNTIL)
[004451] MMIO_RD size=4 addr=0x0e40 (RBBM_STATUS)
[004452] STATUS_RD RBBM_STATUS -> 0x00000040 (idle, 64 free)
[004453] MMIO_RD size=4 addr=0x1720 (WAIT_UNTIL)
[004454] MMIO_RD size=4 addr=0x0e40 (RBBM_STATUS)
[004455] STATUS_RD RBBM_STATUS -> 0x00000040 (idle, 64 free)
[004456] MMIO_RD size=4 addr=0x1720 (WAIT_UNTIL)
[004457] MMIO_RD size=4 addr=0x0e40 (RBBM_STATUS)
[004458] STATUS_RD RBBM_STATUS -> 0x00000040 (idle, 64 free)
[004459] MMIO_RD size=4 addr=0x1720 (WAIT_UNTIL)
[004460] MMIO_RD size=4 addr=0x0e40 (RBBM_STATUS)
[004461] STATUS_RD RBBM_STATUS -> 0x00000040 (idle, 64 free)
[004462] MMIO_RD size=4 addr=0x1720 (WAIT_UNTIL)
[004463] MMIO_RD size=4 addr=0x0e40 (RBBM_STATUS)
[004464] STATUS_RD RBBM_STATUS -> 0x00000040 (idle, 64 free)
[004465] MMIO_RD size=4 addr=0x1720 (WAIT_UNTIL)
[004466] MMIO_RD size=4 addr=0x0e40 (RBBM_STATUS)
[004467] STATUS_RD RBBM_STATUS -> 0x00000040 (idle, 64 free)
[004468] MMIO_RD size=4 addr=0x1720 (WAIT_UNTIL)
[004469] MMIO_RD size=4 addr=0x0e40 (RBBM_STATUS)
[004470] STATUS_RD RBBM_STATUS -> 0x00000040 (idle, 64 free)
[004471] MMIO_RD size=4 addr=0x1720 (WAIT_UNTIL)
[004472] MMIO_RD size=4 addr=0x0e40 (RBBM_STATUS)
[004473] STATUS_RD RBBM_STATUS -> 0x00000040 (idle, 64 free)
[004474] MMIO_RD size=4 addr=0x1720 (WAIT_UNTIL)
[004475] MMIO_RD size=4 addr=0x0e40 (RBBM_STATUS)
[004476] STATUS_RD RBBM_STATUS -> 0x00000040 (idle, 64 free)
[004477] MMIO_RD size=4 addr=0x1720 (WAIT_UNTIL)
[004478] MMIO_RD size=4 addr=0x0e40 (RBBM_STATUS)
[004479] STATUS_RD RBBM_STATUS -> 0x00000040 (idle, 64 free)
[004480] MMIO_RD size=4 addr=0x1720 (WAIT_UNTIL)
[004481] MMIO_RD size=4 addr=0x0e40 (RBBM_STATUS)
[004482] STATUS_RD RBBM_STATUS -> 0x00000040 (idle, 64 free)
[004483] MMIO_RD size=4 addr=0x1720 (WAIT_UNTIL)
[004484] MMIO_RD size=4 addr=0x0e40 (RBBM_STATUS)
[004485] STATUS_RD RBBM_STATUS -> 0x00000040 (idle, 64 free)
[004486] MMIO_RD size=4 addr=0x1720 (WAIT_UNTIL)
[004487] MMIO_RD size=4 addr=0x0e40 (RBBM_STATUS)
[004488] STATUS_RD RBBM_STATUS -> 0x00000040 (idle, 64 free)
[004489] MMIO_RD size=4 addr=0x1720 (WAIT_UNTIL)
[004490] MMIO_RD size=4 addr=0x0e40 (RBBM_STATUS)
[004491] STATUS_RD RBBM_STATUS -> 0x00000040 (idle, 64 free)
[004492] MMIO_RD size=4 addr=0x1720 (WAIT_UNTIL)
[004493] MMIO_RD size=4 addr=0x0e40 (RBBM_STATUS)
[004494] STATUS_RD RBBM_STATUS -> 0x00000040 (idle, 64 free)
[004495] MMIO_RD size=4 addr=0x1720 (WAIT_UNTIL)
[004496] MMIO_RD size=4 addr=0x0e40 (RBBM_STATUS)
[004497] STATUS_RD RBBM_STATUS -> 0x00000040 (idle, 64 free)
[004498] MMIO_RD size=4 addr=0x1720 (WAIT_UNTIL)
[004499] MMIO_RD size=4 addr=0x0e40 (RBBM_STATUS)
[004500] STATUS_RD RBBM_STATUS -> 0x00000040 (idle, 64 free)
[004501] MMIO_RD size=4 addr=0x1720 (WAIT_UNTIL)
[004502] MMIO_RD size=4 addr=0x0e40 (RBBM_STATUS)
[004503] STATUS_RD RBBM_STATUS -> 0x00000040 (idle, 64 free)
[004504] MMIO_RD size=4 addr=0x1720 (WAIT_UNTIL)
[004505] MMIO_RD size=4 addr=0x0e40 (RBBM_STATUS)
[004506] STATUS_RD RBBM_STATUS -> 0x00000040 (idle, 64 free)
[004507] MMIO_RD size=4 addr=0x1720 (WAIT_UNTIL)
[004508] MMIO_RD size=4 addr=0x0e40 (RBBM_STATUS)
[004509] STATUS_RD RBBM_STATUS -> 0x00000040 (idle, 64 free)
[004510] MMIO_RD size=4 addr=0x1720 (WAIT_UNTIL)
[004511] MMIO_RD size=4 addr=0x0e40 (RBBM_STATUS)
[004512] STATUS_RD RBBM_STATUS -> 0x00000040 (idle, 64 free)
[004513] MMIO_RD size=4 addr=0x1720 (WAIT_UNTIL)
[004514] MMIO_RD size=4 addr=0x0e40 (RBBM_STATUS)
[004515] STATUS_RD RBBM_STATUS -> 0x00000040 (idle, 64 free)
[004516] MMIO_RD size=4 addr=0x1720 (WAIT_UNTIL)
[004517] MMIO_RD size=4 addr=0x0e40 (RBBM_STATUS)
[004518] STATUS_RD RBBM_STATUS -> 0x00000040 (idle, 64 free)
[004519] MMIO_RD size=4 addr=0x1720 (WAIT_UNTIL)
[004520] MMIO_RD size=4 addr=0x0e40 (RBBM_STATUS)
[004521] STATUS_RD RBBM_STATUS -> 0x00000040 (idle, 64 free)
[004522] MMIO_RD size=4 addr=0x1720 (WAIT_UNTIL)
[004523] MMIO_RD size=4 addr=0x0e40 (RBBM_STATUS)
[004524] STATUS_RD RBBM_STATUS -> 0x00000040 (idle, 64 free)
[004525] MMIO_RD size=4 addr=0x1720 (WAIT_UNTIL)
[004526] MMIO_RD size=4 addr=0x0e40 (RBBM_STATUS)
[004527] STATUS_RD RBBM_STATUS -> 0x00000040 (idle, 64 free)
[004528] MMIO_RD size=4 addr=0x1720 (WAIT_UNTIL)
[004529] MMIO_RD size=4 addr=0x0e40 (RBBM_STATUS)
[004530] STATUS_RD RBBM_STATUS -> 0x00000040 (idle, 64 free)
[004531] MMIO_RD size=4 addr=0x1720 (WAIT_UNTIL)
[004532] MMIO_RD size=4 addr=0x0e40 (RBBM_STATUS)
[004533] STATUS_RD RBBM_STATUS -> 0x00000040 (idle, 64 free)
[004534] MMIO_RD size=4 addr=0x1720 (WAIT_UNTIL)
[004535] MMIO_RD size=4 addr=0x0e40 (RBBM_STATUS)
[004536] STATUS_RD RBBM_STATUS -> 0x00000040 (idle, 64 free)
[004537] MMIO_RD size=4 addr=0x1720 (WAIT_UNTIL)
[004538] MMIO_RD size=4 addr=0x0e40 (RBBM_STATUS)
[004539] STATUS_RD RBBM_STATUS -> 0x00000040 (idle, 64 free)
[004540] MMIO_RD size=4 addr=0x1720 (WAIT_UNTIL)
[004541] MMIO_RD size=4 addr=0x0e40 (RBBM_STATUS)
[004542] STATUS_RD RBBM_STATUS -> 0x00000040 (idle, 64 free)
[004543] MMIO_RD size=4 addr=0x1720 (WAIT_UNTIL)
[004544] MMIO_RD size=4 addr=0x0e40 (RBBM_STATUS)
[004545] STATUS_RD RBBM_STATUS -> 0x00000040 (idle, 64 free)
[004546] MMIO_RD size=4 addr=0x1720 (WAIT_UNTIL)
[004547] MMIO_RD size=4 addr=0x0e40 (RBBM_STATUS)
[004548] STATUS_RD RBBM_STATUS -> 0x00000040 (idle, 64 free)
[004549] MMIO_RD size=4 addr=0x1720 (WAIT_UNTIL)
[004550] MMIO_RD size=4 addr=0x0e40 (RBBM_STATUS)
[004551] STATUS_RD RBBM_STATUS -> 0x00000040 (idle, 64 free)
[004552] MMIO_RD size=4 addr=0x1720 (WAIT_UNTIL)
[004553] MMIO_RD size=4 addr=0x0e40 (RBBM_STATUS)
[004554] STATUS_RD RBBM_STATUS -> 0x00000040 (idle, 64 free)
[004555] MMIO_RD size=4 addr=0x1720 (WAIT_UNTIL)
[004556] MMIO_RD size=4 addr=0x0e40 (RBBM_STATUS)
[004557] STATUS_RD RBBM_STATUS -> 0x00000040 (idle, 64 free)
[004558] MMIO_RD size=4 addr=0x1720 (WAIT_UNTIL)
[004559] MMIO_RD size=4 addr=0x0e40 (RBBM_STATUS)
[004560] STATUS_RD RBBM_STATUS -> 0x00000040 (idle, 64 free)
[004561] MMIO_RD size=4 addr=0x1720 (WAIT_UNTIL)
[004562] MMIO_RD size=4 addr=0x0e40 (RBBM_STATUS)
[004563] STATUS_RD RBBM_STATUS -> 0x00000040 (idle, 64 free)
[004564] MMIO_RD size=4 addr=0x1720 (WAIT_UNTIL)
[004565] MMIO_RD size=4 addr=0x0e40 (RBBM_STATUS)
[004566] STATUS_RD RBBM_STATUS -> 0x00000040 (idle, 64 free)
[004567] MMIO_RD size=4 addr=0x1720 (WAIT_UNTIL)
[004568] MMIO_RD size=4 addr=0x0e40 (RBBM_STATUS)
[004569] STATUS_RD RBBM_STATUS -> 0x00000040 (idle, 64 free)
[004570] MMIO_RD size=4 addr=0x1720 (WAIT_UNTIL)
[004571] MMIO_RD size=4 addr=0x0e40 (RBBM_STATUS)
[004572] STATUS_RD RBBM_STATUS -> 0x00000040 (idle, 64 free)
[004573] MMIO_RD size=4 addr=0x1720 (WAIT_UNTIL)
[004574] MMIO_RD size=4 addr=0x0e40 (RBBM_STATUS)
[004575] STATUS_RD RBBM_STATUS -> 0x00000040 (idle, 64 free)
[004576] MMIO_RD size=4 addr=0x1720 (WAIT_UNTIL)
[004577] MMIO_RD size=4 addr=0x0e40 (RBBM_STATUS)
[004578] STATUS_RD RBBM_STATUS -> 0x00000040 (idle, 64 free)
[004579] MMIO_RD size=4 addr=0x1720 (WAIT_UNTIL)
[004580] MMIO_RD size=4 addr=0x0e40 (RBBM_STATUS)
[004581] STATUS_RD RBBM_STATUS -> 0x00000040 (idle, 64 free)
[004582] MMIO_RD size=4 addr=0x1720 (WAIT_UNTIL)
[004583] MMIO_RD size=4 addr=0x0e40 (RBBM_STATUS)
[004584] STATUS_RD RBBM_STATUS -> 0x00000040 (idle, 64 free)
[004585] MMIO_RD size=4 addr=0x1720 (WAIT_UNTIL)
[004586] MMIO_RD size=4 addr=0x0e40 (RBBM_STATUS)
[004587] STATUS_RD RBBM_STATUS -> 0x00000040 (idle, 64 free)
[004588] MMIO_RD size=4 addr=0x1720 (WAIT_UNTIL)
[004589] MMIO_RD size=4 addr=0x0e40 (RBBM_STATUS)
[004590] STATUS_RD RBBM_STATUS -> 0x00000040 (idle, 64 free)
[004591] MMIO_RD size=4 addr=0x1720 (WAIT_UNTIL)
[004592] MMIO_RD size=4 addr=0x0e40 (RBBM_STATUS)
[004593] STATUS_RD RBBM_STATUS -> 0x00000040 (idle, 64 free)
[004594] MMIO_RD size=4 addr=0x1720 (WAIT_UNTIL)
[004595] MMIO_RD size=4 addr=0x0e40 (RBBM_STATUS)
[004596] STATUS_RD RBBM_STATUS -> 0x00000040 (idle, 64 free)
[004597] MMIO_RD size=4 addr=0x1720 (WAIT_UNTIL)
[004598] MMIO_RD size=4 addr=0x0e40 (RBBM_STATUS)
[004599] STATUS_RD RBBM_STATUS -> 0x00000040 (idle, 64 free)
[004600] MMIO_RD size=4 addr=0x1720 (WAIT_UNTIL)
[004601] MMIO_RD size=4 addr=0x0e40 (RBBM_STATUS)
[004602] STATUS_RD RBBM_STATUS -> 0x00000040 (idle, 64 free)
[004603] MMIO_RD size=4 addr=0x1720 (WAIT_UNTIL)
[004604] MMIO_RD size=4 addr=0x0e40 (RBBM_STATUS)
[004605] STATUS_RD RBBM_STATUS -> 0x00000040 (idle, 64 free)
[004606] MMIO_RD size=4 addr=0x1720 (WAIT_UNTIL)
[004607] MMIO_RD size=4 addr=0x0e40 (RBBM_STATUS)
[004608] STATUS_RD RBBM_STATUS -> 0x00000040 (idle, 64 free)
[004609] MMIO_RD size=4 addr=0x1720 (WAIT_UNTIL)
[004610] MMIO_RD size=4 addr=0x0e40 (RBBM_STATUS)
[004611] STATUS_RD RBBM_STATUS -> 0x00000040 (idle, 64 free)
[004612] MMIO_RD size=4 addr=0x1720 (WAIT_UNTIL)
[004613] MMIO_RD size=4 addr=0x0e40 (RBBM_STATUS)
[004614] STATUS_RD RBBM_STATUS -> 0x00000040 (idle, 64 free)
[004615] MMIO_RD size=4 addr=0x1720 (WAIT_UNTIL)
[004616] MMIO_RD size=4 addr=0x0e40 (RBBM_STATUS)
[004617] STATUS_RD RBBM_STATUS -> 0x00000040 (idle, 64 free)
[004618] MMIO_RD size=4 addr=0x1720 (WAIT_UNTIL)
[004619] MMIO_RD size=4 addr=0x0e40 (RBBM_STATUS)
[004620] STATUS_RD RBBM_STATUS -> 0x00000040 (idle, 64 free)
[004621] MMIO_RD size=4 addr=0x1720 (WAIT_UNTIL)
[004622] MMIO_RD size=4 addr=0x0e40 (RBBM_STATUS)
[004623] STATUS_RD RBBM_STATUS -> 0x00000040 (idle, 64 free)
[004624] MMIO_RD size=4 addr=0x1720 (WAIT_UNTIL)
[004625] MMIO_RD size=4 addr=0x0e40 (RBBM_STATUS)
[004626] STATUS_RD RBBM_STATUS -> 0x00000040 (idle, 64 free)
[004627] MMIO_RD size=4 addr=0x1720 (WAIT_UNTIL)
[004628] MMIO_RD size=4 addr=0x0e40 (RBBM_STATUS)
[004629] STATUS_RD RBBM_STATUS -> 0x00000040 (idle, 64 free)
[004630] MMIO_RD size=4 addr=0x1720 (WAIT_UNTIL)
[004631] MMIO_RD size=4 addr=0x0e40 (RBBM_STATUS)
[004632] STATUS_RD RBBM_STATUS -> 0x00000040 (idle, 64 free)
[004633] MMIO_RD size=4 addr=0x1720 (WAIT_UNTIL)
[004634] MMIO_RD size=4 addr=0x0e40 (RBBM_STATUS)
[004635] STATUS_RD RBBM_STATUS -> 0x00000040 (idle, 64 free)
[004636] MMIO_RD size=4 addr=0x1720 (WAIT_UNTIL)
[004637] MMIO_RD size=4 addr=0x0e40 (RBBM_STATUS)
[004638] STATUS_RD RBBM_STATUS -> 0x00000040 (idle, 64 free)
[004639] MMIO_RD size=4 addr=0x1720 (WAIT_UNTIL)
[004640] MMIO_RD size=4 addr=0x0e40 (RBBM_STATUS)
[004641] STATUS_RD RBBM_STATUS -> 0x00000040 (idle, 64 free)
[004642] MMIO_RD size=4 addr=0x1720 (WAIT_UNTIL)
[004643] MMIO_RD size=4 addr=0x0e40 (RBBM_STATUS)
[004644] STATUS_RD RBBM_STATUS -> 0x00000040 (idle, 64 free)
[004645] MMIO_RD size=4 addr=0x1720 (WAIT_UNTIL)
[004646] MMIO_RD size=4 addr=0x0e40 (RBBM_STATUS)
[004647] STATUS_RD RBBM_STATUS -> 0x00000040 (idle, 64 free)
[004648] MMIO_RD size=4 addr=0x1720 (WAIT_UNTIL)
[004649] MMIO_RD size=4 addr=0x0e40 (RBBM_STATUS)
[004650] STATUS_RD RBBM_STATUS -> 0x00000040 (idle, 64 free)
[004651] MMIO_RD size=4 addr=0x1720 (WAIT_UNTIL)
[004652] MMIO_RD size=4 addr=0x0e40 (RBBM_STATUS)
[004653] STATUS_RD RBBM_STATUS -> 0x00000040 (idle, 64 free)
[004654] MMIO_RD size=4 addr=0x1720 (WAIT_UNTIL)
[004655] MMIO_RD size=4 addr=0x0e40 (RBBM_STATUS)
[004656] STATUS_RD RBBM_STATUS -> 0x00000040 (idle, 64 free)
[004657] MMIO_RD size=4 addr=0x1720 (WAIT_UNTIL)
[004658] MMIO_RD size=4 addr=0x0e40 (RBBM_STATUS)
[004659] STATUS_RD RBBM_STATUS -> 0x00000040 (idle, 64 free)
[004660] MMIO_RD size=4 addr=0x1720 (WAIT_UNTIL)
[004661] MMIO_RD size=4 addr=0x0e40 (RBBM_STATUS)
[004662] STATUS_RD RBBM_STATUS -> 0x00000040 (idle, 64 free)
[004663] MMIO_RD size=4 addr=0x1720 (WAIT_UNTIL)
[004664] MMIO_RD size=4 addr=0x0e40 (RBBM_STATUS)
[004665] STATUS_RD RBBM_STATUS -> 0x00000040 (idle, 64 free)
[004666] MMIO_RD size=4 addr=0x1720 (WAIT_UNTIL)
[004667] MMIO_RD size=4 addr=0x0e40 (RBBM_STATUS)
[004668] STATUS_RD RBBM_STATUS -> 0x00000040 (idle, 64 free)
[004669] MMIO_RD size=4 addr=0x1720 (WAIT_UNTIL)
[004670] MMIO_RD size=4 addr=0x0e40 (RBBM_STATUS)
[004671] STATUS_RD RBBM_STATUS -> 0x00000040 (idle, 64 free)
[004672] MMIO_RD size=4 addr=0x1720 (WAIT_UNTIL)
[004673] MMIO_RD size=4 addr=0x0e40 (RBBM_STATUS)
[004674] STATUS_RD RBBM_STATUS -> 0x00000040 (idle, 64 free)
[004675] MMIO_RD size=4 addr=0x1720 (WAIT_UNTIL)
[004676] MMIO_RD size=4 addr=0x0e40 (RBBM_STATUS)
[004677] STATUS_RD RBBM_STATUS -> 0x00000040 (idle, 64 free)
[004678] MMIO_RD size=4 addr=0x1720 (WAIT_UNTIL)
[004679] MMIO_RD size=4 addr=0x0e40 (RBBM_STATUS)
[004680] STATUS_RD RBBM_STATUS -> 0x00000040 (idle, 64 free)
[004681] MMIO_RD size=4 addr=0x1720 (WAIT_UNTIL)
[004682] MMIO_RD size=4 addr=0x0e40 (RBBM_STATUS)
[004683] STATUS_RD RBBM_STATUS -> 0x00000040 (idle, 64 free)
[004684] MMIO_RD size=4 addr=0x1720 (WAIT_UNTIL)
[004685] MMIO_RD size=4 addr=0x0e40 (RBBM_STATUS)
[004686] STATUS_RD RBBM_STATUS -> 0x00000040 (idle, 64 free)
[004687] MMIO_RD size=4 addr=0x1720 (WAIT_UNTIL)
[004688] MMIO_RD size=4 addr=0x0e40 (RBBM_STATUS)
[004689] STATUS_RD RBBM_STATUS -> 0x00000040 (idle, 64 free)
[004690] MMIO_RD size=4 addr=0x1720 (WAIT_UNTIL)
[004691] MMIO_RD size=4 addr=0x0e40 (RBBM_STATUS)
[004692] STATUS_RD RBBM_STATUS -> 0x00000040 (idle, 64 free)
[004693] MMIO_RD size=4 addr=0x1720 (WAIT_UNTIL)
[004694] MMIO_RD size=4 addr=0x0e40 (RBBM_STATUS)
[004695] STATUS_RD RBBM_STATUS -> 0x00000040 (idle, 64 free)
[004696] MMIO_RD size=4 addr=0x1720 (WAIT_UNTIL)
[004697] MMIO_RD size=4 addr=0x0e40 (RBBM_STATUS)
[004698] STATUS_RD RBBM_STATUS -> 0x00000040 (idle, 64 free)
[004699] MMIO_RD size=4 addr=0x1720 (WAIT_UNTIL)
[004700] MMIO_RD size=4 addr=0x0e40 (RBBM_STATUS)
[004701] STATUS_RD RBBM_STATUS -> 0x00000040 (idle, 64 free)
[004702] MMIO_RD size=4 addr=0x1720 (WAIT_UNTIL)
[004703] MMIO_RD size=4 addr=0x0e40 (RBBM_STATUS)
[004704] STATUS_RD RBBM_STATUS -> 0x00000040 (idle, 64 free)
[004705] MMIO_RD size=4 addr=0x1720 (WAIT_UNTIL)
[004706] MMIO_RD size=4 addr=0x0e40 (RBBM_STATUS)
[004707] STATUS_RD RBBM_STATUS -> 0x00000040 (idle, 64 free)
[004708] MMIO_RD size=4 addr=0x1720 (WAIT_UNTIL)
[004709] MMIO_RD size=4 addr=0x0e40 (RBBM_STATUS)
[004710] STATUS_RD RBBM_STATUS -> 0x00000040 (idle, 64 free)
[004711] MMIO_RD size=4 addr=0x1720 (WAIT_UNTIL)
[004712] MMIO_RD size=4 addr=0x0e40 (RBBM_STATUS)
[004713] STATUS_RD RBBM_STATUS -> 0x00000040 (idle, 64 free)
[004714] MMIO_RD size=4 addr=0x1720 (WAIT_UNTIL)
[004715] MMIO_RD size=4 addr=0x0e40 (RBBM_STATUS)
[004716] STATUS_RD RBBM_STATUS -> 0x00000040 (idle, 64 free)
[004717] MMIO_RD size=4 addr=0x1720 (WAIT_UNTIL)
[004718] MMIO_RD size=4 addr=0x0e40 (RBBM_STATUS)
[004719] STATUS_RD RBBM_STATUS -> 0x00000040 (idle, 64 free)
[004720] MMIO_RD size=4 addr=0x1720 (WAIT_UNTIL)
[004721] MMIO_RD size=4 addr=0x0e40 (RBBM_STATUS)
[004722] STATUS_RD RBBM_STATUS -> 0x00000040 (idle, 64 free)
[004723] MMIO_RD size=4 addr=0x1720 (WAIT_UNTIL)
[004724] MMIO_RD size=4 addr=0x0e40 (RBBM_STATUS)
[004725] STATUS_RD RBBM_STATUS -> 0x00000040 (idle, 64 free)
[004726] MMIO_RD size=4 addr=0x1720 (WAIT_UNTIL)
[004727] MMIO_RD size=4 addr=0x0e40 (RBBM_STATUS)
[004728] STATUS_RD RBBM_STATUS -> 0x00000040 (idle, 64 free)
[004729] MMIO_RD size=4 addr=0x1720 (WAIT_UNTIL)
[004730] MMIO_RD size=4 addr=0x0e40 (RBBM_STATUS)
[004731] STATUS_RD RBBM_STATUS -> 0x00000040 (idle, 64 free)
[004732] MMIO_RD size=4 addr=0x1720 (WAIT_UNTIL)
[004733] MMIO_RD size=4 addr=0x0e40 (RBBM_STATUS)
[004734] STATUS_RD RBBM_STATUS -> 0x00000040 (idle, 64 free)
[004735] MMIO_RD size=4 addr=0x1720 (WAIT_UNTIL)
[004736] MMIO_RD size=4 addr=0x0e40 (RBBM_STATUS)
[004737] STATUS_RD RBBM_STATUS -> 0x00000040 (idle, 64 free)
[004738] MMIO_RD size=4 addr=0x1720 (WAIT_UNTIL)
[004739] MMIO_RD size=4 addr=0x0e40 (RBBM_STATUS)
[004740] STATUS_RD RBBM_STATUS -> 0x00000040 (idle, 64 free)
[004741] MMIO_RD size=4 addr=0x1720 (WAIT_UNTIL)
[004742] MMIO_RD size=4 addr=0x0e40 (RBBM_STATUS)
[004743] STATUS_RD RBBM_STATUS -> 0x00000040 (idle, 64 free)
[004744] MMIO_RD size=4 addr=0x1720 (WAIT_UNTIL)
[004745] MMIO_RD size=4 addr=0x0e40 (RBBM_STATUS)
[004746] STATUS_RD RBBM_STATUS -> 0x00000040 (idle, 64 free)
[004747] MMIO_RD size=4 addr=0x1720 (WAIT_UNTIL)
[004748] MMIO_RD size=4 addr=0x0e40 (RBBM_STATUS)
[004749] STATUS_RD RBBM_STATUS -> 0x00000040 (idle, 64 free)
[004750] MMIO_RD size=4 addr=0x1720 (WAIT_UNTIL)
[004751] MMIO_RD size=4 addr=0x0e40 (RBBM_STATUS)
[004752] STATUS_RD RBBM_STATUS -> 0x00000040 (idle, 64 free)
[004753] MMIO_RD size=4 addr=0x1720 (WAIT_UNTIL)
[004754] MMIO_RD size=4 addr=0x0e40 (RBBM_STATUS)
[004755] STATUS_RD RBBM_STATUS -> 0x00000040 (idle, 64 free)
[004756] MMIO_RD size=4 addr=0x1720 (WAIT_UNTIL)
[004757] MMIO_RD size=4 addr=0x0e40 (RBBM_STATUS)
[004758] STATUS_RD RBBM_STATUS -> 0x00000040 (idle, 64 free)
[004759] MMIO_RD size=4 addr=0x1720 (WAIT_UNTIL)
[004760] MMIO_RD size=4 addr=0x0e40 (RBBM_STATUS)
[004761] STATUS_RD RBBM_STATUS -> 0x00000040 (idle, 64 free)
[004762] MMIO_RD size=4 addr=0x1720 (WAIT_UNTIL)
[004763] MMIO_RD size=4 addr=0x0e40 (RBBM_STATUS)
[004764] STATUS_RD RBBM_STATUS -> 0x00000040 (idle, 64 free)
[004765] MMIO_RD size=4 addr=0x1720 (WAIT_UNTIL)
[004766] MMIO_RD size=4 addr=0x0e40 (RBBM_STATUS)
[004767] STATUS_RD RBBM_STATUS -> 0x00000040 (idle, 64 free)
[004768] MMIO_RD size=4 addr=0x1720 (WAIT_UNTIL)
[004769] MMIO_RD size=4 addr=0x0e40 (RBBM_STATUS)
[004770] STATUS_RD RBBM_STATUS -> 0x00000040 (idle, 64 free)
[004771] MMIO_RD size=4 addr=0x1720 (WAIT_UNTIL)
[004772] MMIO_RD size=4 addr=0x0e40 (RBBM_STATUS)
[004773] STATUS_RD RBBM_STATUS -> 0x00000040 (idle, 64 free)
[004774] MMIO_RD size=4 addr=0x1720 (WAIT_UNTIL)
[004775] MMIO_RD size=4 addr=0x0e40 (RBBM_STATUS)
[004776] STATUS_RD RBBM_STATUS -> 0x00000040 (idle, 64 free)
[004777] MMIO_RD size=4 addr=0x1720 (WAIT_UNTIL)
[004778] MMIO_RD size=4 addr=0x0e40 (RBBM_STATUS)
[004779] STATUS_RD RBBM_STATUS -> 0x00000040 (idle, 64 free)
[004780] MMIO_RD size=4 addr=0x1720 (WAIT_UNTIL)
[004781] MMIO_RD size=4 addr=0x0e40 (RBBM_STATUS)
[004782] STATUS_RD RBBM_STATUS -> 0x00000040 (idle, 64 free)
[004783] MMIO_RD size=4 addr=0x1720 (WAIT_UNTIL)
[004784] MMIO_RD size=4 addr=0x0e40 (RBBM_STATUS)
[004785] STATUS_RD RBBM_STATUS -> 0x00000040 (idle, 64 free)
[004786] MMIO_RD size=4 addr=0x1720 (WAIT_UNTIL)
[004787] MMIO_RD size=4 addr=0x0e40 (RBBM_STATUS)
[004788] STATUS_RD RBBM_STATUS -> 0x00000040 (idle, 64 free)
[004789] MMIO_RD size=4 addr=0x1720 (WAIT_UNTIL)
[004790] MMIO_RD size=4 addr=0x0e40 (RBBM_STATUS)
[004791] STATUS_RD RBBM_STATUS -> 0x00000040 (idle, 64 free)
[004792] MMIO_RD size=4 addr=0x1720 (WAIT_UNTIL)
[004793] MMIO_RD size=4 addr=0x0e40 (RBBM_STATUS)
[004794] STATUS_RD RBBM_STATUS -> 0x00000040 (idle, 64 free)
[004795] MMIO_RD size=4 addr=0x1720 (WAIT_UNTIL)
[004796] MMIO_RD size=4 addr=0x0e40 (RBBM_STATUS)
[004797] STATUS_RD RBBM_STATUS -> 0x00000040 (idle, 64 free)
[004798] MMIO_RD size=4 addr=0x1720 (WAIT_UNTIL)
[004799] MMIO_RD size=4 addr=0x0e40 (RBBM_STATUS)
[004800] STATUS_RD RBBM_STATUS -> 0x00000040 (idle, 64 free)
[004801] MMIO_RD size=4 addr=0x1720 (WAIT_UNTIL)
[004802] MMIO_RD size=4 addr=0x0e40 (RBBM_STATUS)
[004803] STATUS_RD RBBM_STATUS -> 0x00000040 (idle, 64 free)
[004804] MMIO_RD size=4 addr=0x1720 (WAIT_UNTIL)
[004805] MMIO_RD size=4 addr=0x0e40 (RBBM_STATUS)
[004806] STATUS_RD RBBM_STATUS -> 0x00000040 (idle, 64 free)
[004807] MMIO_RD size=4 addr=0x1720 (WAIT_UNTIL)
[004808] MMIO_RD size=4 addr=0x0e40 (RBBM_STATUS)
[004809] STATUS_RD RBBM_STATUS -> 0x00000040 (idle, 64 free)
[004810] MMIO_RD size=4 addr=0x1720 (WAIT_UNTIL)
[004811] MMIO_RD size=4 addr=0x0e40 (RBBM_STATUS)
[004812] STATUS_RD RBBM_STATUS -> 0x00000040 (idle, 64 free)
[004813] MMIO_RD size=4 addr=0x1720 (WAIT_UNTIL)
[004814] MMIO_RD size=4 addr=0x0e40 (RBBM_STATUS)
[004815] STATUS_RD RBBM_STATUS -> 0x00000040 (idle, 64 free)
[004816] MMIO_RD size=4 addr=0x1720 (WAIT_UNTIL)
[004817] MMIO_RD size=4 addr=0x0e40 (RBBM_STATUS)
[004818] STATUS_RD RBBM_STATUS -> 0x00000040 (idle, 64 free)
[004819] MMIO_RD size=4 addr=0x1720 (WAIT_UNTIL)
[004820] MMIO_RD size=4 addr=0x0e40 (RBBM_STATUS)
[004821] STATUS_RD RBBM_STATUS -> 0x00000040 (idle, 64 free)
[004822] MMIO_RD size=4 addr=0x1720 (WAIT_UNTIL)
[004823] MMIO_RD size=4 addr=0x0e40 (RBBM_STATUS)
[004824] STATUS_RD RBBM_STATUS -> 0x00000040 (idle, 64 free)
[004825] MMIO_RD size=4 addr=0x1720 (WAIT_UNTIL)
[004826] MMIO_RD size=4 addr=0x0e40 (RBBM_STATUS)
[004827] STATUS_RD RBBM_STATUS -> 0x00000040 (idle, 64 free)
[004828] MMIO_RD size=4 addr=0x1720 (WAIT_UNTIL)
[004829] MMIO_RD size=4 addr=0x0e40 (RBBM_STATUS)
[004830] STATUS_RD RBBM_STATUS -> 0x00000040 (idle, 64 free)
[004831] MMIO_RD size=4 addr=0x1720 (WAIT_UNTIL)
[004832] MMIO_RD size=4 addr=0x0e40 (RBBM_STATUS)
[004833] STATUS_RD RBBM_STATUS -> 0x00000040 (idle, 64 free)
[004834] MMIO_RD size=4 addr=0x1720 (WAIT_UNTIL)
[004835] MMIO_RD size=4 addr=0x0e40 (RBBM_STATUS)
[004836] STATUS_RD RBBM_STATUS -> 0x00000040 (idle, 64 free)
[004837] MMIO_RD size=4 addr=0x1720 (WAIT_UNTIL)
[004838] MMIO_RD size=4 addr=0x0e40 (RBBM_STATUS)
[004839] STATUS_RD RBBM_STATUS -> 0x00000040 (idle, 64 free)
[004840] MMIO_RD size=4 addr=0x1720 (WAIT_UNTIL)
[004841] MMIO_RD size=4 addr=0x0e40 (RBBM_STATUS)
[004842] STATUS_RD RBBM_STATUS -> 0x00000040 (idle, 64 free)
[004843] MMIO_RD size=4 addr=0x1720 (WAIT_UNTIL)
[004844] MMIO_RD size=4 addr=0x0e40 (RBBM_STATUS)
[004845] STATUS_RD RBBM_STATUS -> 0x00000040 (idle, 64 free)
[004846] MMIO_RD size=4 addr=0x1720 (WAIT_UNTIL)
[004847] MMIO_RD size=4 addr=0x0e40 (RBBM_STATUS)
[004848] STATUS_RD RBBM_STATUS -> 0x00000040 (idle, 64 free)
[004849] MMIO_RD size=4 addr=0x1720 (WAIT_UNTIL)
[004850] MMIO_RD size=4 addr=0x0e40 (RBBM_STATUS)
[004851] STATUS_RD RBBM_STATUS -> 0x00000040 (idle, 64 free)
[004852] MMIO_RD size=4 addr=0x1720 (WAIT_UNTIL)
[004853] MMIO_RD size=4 addr=0x0e40 (RBBM_STATUS)
[004854] STATUS_RD RBBM_STATUS -> 0x00000040 (idle, 64 free)
[004855] MMIO_RD size=4 addr=0x1720 (WAIT_UNTIL)
[004856] MMIO_RD size=4 addr=0x0e40 (RBBM_STATUS)
[004857] STATUS_RD RBBM_STATUS -> 0x00000040 (idle, 64 free)
[004858] MMIO_RD size=4 addr=0x1720 (WAIT_UNTIL)
[004859] MMIO_RD size=4 addr=0x0e40 (RBBM_STATUS)
[004860] STATUS_RD RBBM_STATUS -> 0x00000040 (idle, 64 free)
[004861] MMIO_RD size=4 addr=0x1720 (WAIT_UNTIL)
[004862] MMIO_RD size=4 addr=0x0e40 (RBBM_STATUS)
[004863] STATUS_RD RBBM_STATUS -> 0x00000040 (idle, 64 free)
[004864] MMIO_RD size=4 addr=0x1720 (WAIT_UNTIL)
[004865] MMIO_RD size=4 addr=0x0e40 (RBBM_STATUS)
[004866] STATUS_RD RBBM_STATUS -> 0x00000040 (idle, 64 free)
[004867] MMIO_RD size=4 addr=0x1720 (WAIT_UNTIL)
[004868] MMIO_RD size=4 addr=0x0e40 (RBBM_STATUS)
[004869] STATUS_RD RBBM_STATUS -> 0x00000040 (idle, 64 free)
[004870] MMIO_RD size=4 addr=0x1720 (WAIT_UNTIL)
[004871] MMIO_RD size=4 addr=0x0e40 (RBBM_STATUS)
[004872] STATUS_RD RBBM_STATUS -> 0x00000040 (idle, 64 free)
[004873] MMIO_RD size=4 addr=0x1720 (WAIT_UNTIL)
[004874] MMIO_RD size=4 addr=0x0e40 (RBBM_STATUS)
[004875] STATUS_RD RBBM_STATUS -> 0x00000040 (idle, 64 free)
[004876] MMIO_RD size=4 addr=0x1720 (WAIT_UNTIL)
[004877] MMIO_RD size=4 addr=0x0e40 (RBBM_STATUS)
[004878] STATUS_RD RBBM_STATUS -> 0x00000040 (idle, 64 free)
[004879] MMIO_RD size=4 addr=0x1720 (WAIT_UNTIL)
[004880] MMIO_RD size=4 addr=0x0e40 (RBBM_STATUS)
[004881] STATUS_RD RBBM_STATUS -> 0x00000040 (idle, 64 free)
[004882] MMIO_RD size=4 addr=0x1720 (WAIT_UNTIL)
[004883] MMIO_RD size=4 addr=0x0e40 (RBBM_STATUS)
[004884] STATUS_RD RBBM_STATUS -> 0x00000040 (idle, 64 free)
[004885] MMIO_RD size=4 addr=0x1720 (WAIT_UNTIL)
[004886] MMIO_RD size=4 addr=0x0e40 (RBBM_STATUS)
[004887] STATUS_RD RBBM_STATUS -> 0x00000040 (idle, 64 free)
[004888] MMIO_RD size=4 addr=0x1720 (WAIT_UNTIL)
[004889] MMIO_RD size=4 addr=0x0e40 (RBBM_STATUS)
[004890] STATUS_RD RBBM_STATUS -> 0x00000040 (idle, 64 free)
[004891] MMIO_RD size=4 addr=0x1720 (WAIT_UNTIL)
[004892] MMIO_RD size=4 addr=0x0e40 (RBBM_STATUS)
[004893] STATUS_RD RBBM_STATUS -> 0x00000040 (idle, 64 free)
[004894] MMIO_RD size=4 addr=0x1720 (WAIT_UNTIL)
[004895] MMIO_RD size=4 addr=0x0e40 (RBBM_STATUS)
[004896] STATUS_RD RBBM_STATUS -> 0x00000040 (idle, 64 free)
[004897] MMIO_RD size=4 addr=0x1720 (WAIT_UNTIL)
[004898] MMIO_RD size=4 addr=0x0e40 (RBBM_STATUS)
[004899] STATUS_RD RBBM_STATUS -> 0x00000040 (idle, 64 free)
[004900] MMIO_RD size=4 addr=0x1720 (WAIT_UNTIL)
[004901] MMIO_RD size=4 addr=0x0e40 (RBBM_STATUS)
[004902] STATUS_RD RBBM_STATUS -> 0x00000040 (idle, 64 free)
[004903] MMIO_RD size=4 addr=0x1720 (WAIT_UNTIL)
[004904] MMIO_RD size=4 addr=0x0e40 (RBBM_STATUS)
[004905] STATUS_RD RBBM_STATUS -> 0x00000040 (idle, 64 free)
[004906] MMIO_RD size=4 addr=0x1720 (WAIT_UNTIL)
[004907] MMIO_RD size=4 addr=0x0e40 (RBBM_STATUS)
[004908] STATUS_RD RBBM_STATUS -> 0x00000040 (idle, 64 free)
[004909] MMIO_RD size=4 addr=0x1720 (WAIT_UNTIL)
[004910] MMIO_RD size=4 addr=0x0e40 (RBBM_STATUS)
[004911] STATUS_RD RBBM_STATUS -> 0x00000040 (idle, 64 free)
[004912] MMIO_RD size=4 addr=0x1720 (WAIT_UNTIL)
[004913] MMIO_RD size=4 addr=0x0e40 (RBBM_STATUS)
[004914] STATUS_RD RBBM_STATUS -> 0x00000040 (idle, 64 free)
[004915] MMIO_RD size=4 addr=0x1720 (WAIT_UNTIL)
[004916] MMIO_RD size=4 addr=0x0e40 (RBBM_STATUS)
[004917] STATUS_RD RBBM_STATUS -> 0x00000040 (idle, 64 free)
[004918] MMIO_RD size=4 addr=0x1720 (WAIT_UNTIL)
[004919] MMIO_RD size=4 addr=0x0e40 (RBBM_STATUS)
[004920] STATUS_RD RBBM_STATUS -> 0x00000040 (idle, 64 free)
[004921] MMIO_RD size=4 addr=0x1720 (WAIT_UNTIL)
[004922] MMIO_RD size=4 addr=0x0e40 (RBBM_STATUS)
[004923] STATUS_RD RBBM_STATUS -> 0x00000040 (idle, 64 free)
[004924] MMIO_RD size=4 addr=0x1720 (WAIT_UNTIL)
[004925] MMIO_RD size=4 addr=0x0e40 (RBBM_STATUS)
[004926] STATUS_RD RBBM_STATUS -> 0x00000040 (idle, 64 free)
[004927] MMIO_RD size=4 addr=0x1720 (WAIT_UNTIL)
[004928] MMIO_RD size=4 addr=0x0e40 (RBBM_STATUS)
[004929] STATUS_RD RBBM_STATUS -> 0x00000040 (idle, 64 free)
[004930] MMIO_RD size=4 addr=0x1720 (WAIT_UNTIL)
[004931] MMIO_RD size=4 addr=0x0e40 (RBBM_STATUS)
[004932] STATUS_RD RBBM_STATUS -> 0x00000040 (idle, 64 free)
[004933] MMIO_RD size=4 addr=0x1720 (WAIT_UNTIL)
[004934] MMIO_RD size=4 addr=0x0e40 (RBBM_STATUS)
[004935] STATUS_RD RBBM_STATUS -> 0x00000040 (idle, 64 free)
[004936] MMIO_RD size=4 addr=0x1720 (WAIT_UNTIL)
[004937] MMIO_RD size=4 addr=0x0e40 (RBBM_STATUS)
[004938] STATUS_RD RBBM_STATUS -> 0x00000040 (idle, 64 free)
[004939] MMIO_RD size=4 addr=0x1720 (WAIT_UNTIL)
[004940] MMIO_RD size=4 addr=0x0e40 (RBBM_STATUS)
[004941] STATUS_RD RBBM_STATUS -> 0x00000040 (idle, 64 free)
[004942] MMIO_RD size=4 addr=0x1720 (WAIT_UNTIL)
[004943] MMIO_RD size=4 addr=0x0e40 (RBBM_STATUS)
[004944] STATUS_RD RBBM_STATUS -> 0x00000040 (idle, 64 free)
[004945] MMIO_RD size=4 addr=0x1720 (WAIT_UNTIL)
[004946] MMIO_RD size=4 addr=0x0e40 (RBBM_STATUS)
[004947] STATUS_RD RBBM_STATUS -> 0x00000040 (idle, 64 free)
[004948] MMIO_RD size=4 addr=0x1720 (WAIT_UNTIL)
[004949] MMIO_RD size=4 addr=0x0e40 (RBBM_STATUS)
[004950] STATUS_RD RBBM_STATUS -> 0x00000040 (idle, 64 free)
[004951] MMIO_RD size=4 addr=0x1720 (WAIT_UNTIL)
[004952] MMIO_RD size=4 addr=0x0e40 (RBBM_STATUS)
[004953] STATUS_RD RBBM_STATUS -> 0x00000040 (idle, 64 free)
[004954] MMIO_RD size=4 addr=0x1720 (WAIT_UNTIL)
[004955] MMIO_RD size=4 addr=0x0e40 (RBBM_STATUS)
[004956] STATUS_RD RBBM_STATUS -> 0x00000040 (idle, 64 free)
[004957] MMIO_RD size=4 addr=0x1720 (WAIT_UNTIL)
[004958] MMIO_RD size=4 addr=0x0e40 (RBBM_STATUS)
[004959] STATUS_RD RBBM_STATUS -> 0x00000040 (idle, 64 free)
[004960] MMIO_RD size=4 addr=0x1720 (WAIT_UNTIL)
[004961] MMIO_RD size=4 addr=0x0e40 (RBBM_STATUS)
[004962] STATUS_RD RBBM_STATUS -> 0x00000040 (idle, 64 free)
[004963] MMIO_RD size=4 addr=0x1720 (WAIT_UNTIL)
[004964] MMIO_RD size=4 addr=0x0e40 (RBBM_STATUS)
[004965] STATUS_RD RBBM_STATUS -> 0x00000040 (idle, 64 free)
[004966] MMIO_RD size=4 addr=0x1720 (WAIT_UNTIL)
[004967] MMIO_RD size=4 addr=0x0e40 (RBBM_STATUS)
[004968] STATUS_RD RBBM_STATUS -> 0x00000040 (idle, 64 free)
[004969] MMIO_RD size=4 addr=0x1720 (WAIT_UNTIL)
[004970] MMIO_RD size=4 addr=0x0e40 (RBBM_STATUS)
[004971] STATUS_RD RBBM_STATUS -> 0x00000040 (idle, 64 free)
[004972] MMIO_RD size=4 addr=0x1720 (WAIT_UNTIL)
[004973] MMIO_RD size=4 addr=0x0e40 (RBBM_STATUS)
[004974] STATUS_RD RBBM_STATUS -> 0x00000040 (idle, 64 free)
[004975] MMIO_RD size=4 addr=0x1720 (WAIT_UNTIL)
[004976] MMIO_RD size=4 addr=0x0e40 (RBBM_STATUS)
[004977] STATUS_RD RBBM_STATUS -> 0x00000040 (idle, 64 free)
[004978] MMIO_RD size=4 addr=0x1720 (WAIT_UNTIL)
[004979] MMIO_RD size=4 addr=0x0e40 (RBBM_STATUS)
[004980] STATUS_RD RBBM_STATUS -> 0x00000040 (idle, 64 free)
[004981] MMIO_RD size=4 addr=0x1720 (WAIT_UNTIL)
[004982] MMIO_RD size=4 addr=0x0e40 (RBBM_STATUS)
[004983] STATUS_RD RBBM_STATUS -> 0x00000040 (idle, 64 free)
[004984] MMIO_RD size=4 addr=0x1720 (WAIT_UNTIL)
[004985] MMIO_RD size=4 addr=0x0e40 (RBBM_STATUS)
[004986] STATUS_RD RBBM_STATUS -> 0x00000040 (idle, 64 free)
[004987] MMIO_RD size=4 addr=0x1720 (WAIT_UNTIL)
[004988] MMIO_RD size=4 addr=0x0e40 (RBBM_STATUS)
[004989] STATUS_RD RBBM_STATUS -> 0x00000040 (idle, 64 free)
[004990] MMIO_RD size=4 addr=0x1720 (WAIT_UNTIL)
[004991] MMIO_RD size=4 addr=0x0e40 (RBBM_STATUS)
[004992] STATUS_RD RBBM_STATUS -> 0x00000040 (idle, 64 free)
[004993] MMIO_RD size=4 addr=0x1720 (WAIT_UNTIL)
[004994] MMIO_RD size=4 addr=0x0e40 (RBBM_STATUS)
[004995] STATUS_RD RBBM_STATUS -> 0x00000040 (idle, 64 free)
[004996] MMIO_RD size=4 addr=0x1720 (WAIT_UNTIL)
[004997] MMIO_RD size=4 addr=0x0e40 (RBBM_STATUS)
[004998] STATUS_RD RBBM_STATUS -> 0x00000040 (idle, 64 free)
[004999] MMIO_RD size=4 addr=0x1720 (WAIT_UNTIL)
[005000] MMIO_RD size=4 addr=0x0e40 (RBBM_STATUS)
[005001] STATUS_RD RBBM_STATUS -> 0x00000040 (idle, 64 free)
[005002] MMIO_RD size=4 addr=0x1720 (WAIT_UNTIL)
[005003] MMIO_RD size=4 addr=0x0e40 (RBBM_STATUS)
[005004] STATUS_RD RBBM_STATUS -> 0x00000040 (idle, 64 free)
[005005] MMIO_RD size=4 addr=0x1720 (WAIT_UNTIL)
[005006] MMIO_RD size=4 addr=0x0e40 (RBBM_STATUS)
[005007] STATUS_RD RBBM_STATUS -> 0x00000040 (idle, 64 free)
[005008] MMIO_RD size=4 addr=0x1720 (WAIT_UNTIL)
[005009] MMIO_RD size=4 addr=0x0e40 (RBBM_STATUS)
[005010] STATUS_RD RBBM_STATUS -> 0x00000040 (idle, 64 free)
[005011] MMIO_RD size=4 addr=0x1720 (WAIT_UNTIL)
[005012] MMIO_RD size=4 addr=0x0e40 (RBBM_STATUS)
[005013] STATUS_RD RBBM_STATUS -> 0x00000040 (idle, 64 free)
[005014] MMIO_RD size=4 addr=0x1720 (WAIT_UNTIL)
[005015] MMIO_RD size=4 addr=0x0e40 (RBBM_STATUS)
[005016] STATUS_RD RBBM_STATUS -> 0x00000040 (idle, 64 free)
[005017] MMIO_RD size=4 addr=0x1720 (WAIT_UNTIL)
[005018] MMIO_RD size=4 addr=0x0e40 (RBBM_STATUS)
[005019] STATUS_RD RBBM_STATUS -> 0x00000040 (idle, 64 free)
[005020] MMIO_RD size=4 addr=0x1720 (WAIT_UNTIL)
[005021] MMIO_RD size=4 addr=0x0e40 (RBBM_STATUS)
[005022] STATUS_RD RBBM_STATUS -> 0x00000040 (idle, 64 free)
[005023] MMIO_RD size=4 addr=0x1720 (WAIT_UNTIL)
[005024] MMIO_RD size=4 addr=0x0e40 (RBBM_STATUS)
[005025] STATUS_RD RBBM_STATUS -> 0x00000040 (idle, 64 free)
[005026] MMIO_RD size=4 addr=0x1720 (WAIT_UNTIL)
[005027] MMIO_RD size=4 addr=0x0e40 (RBBM_STATUS)
[005028] STATUS_RD RBBM_STATUS -> 0x00000040 (idle, 64 free)
[005029] MMIO_RD size=4 addr=0x1720 (WAIT_UNTIL)
[005030] MMIO_RD size=4 addr=0x0e40 (RBBM_STATUS)
[005031] STATUS_RD RBBM_STATUS -> 0x00000040 (idle, 64 free)
[005032] MMIO_RD size=4 addr=0x1720 (WAIT_UNTIL)
[005033] MMIO_RD size=4 addr=0x0e40 (RBBM_STATUS)
[005034] STATUS_RD RBBM_STATUS -> 0x00000040 (idle, 64 free)
[005035] MMIO_RD size=4 addr=0x1720 (WAIT_UNTIL)
[005036] MMIO_RD size=4 addr=0x0e40 (RBBM_STATUS)
[005037] STATUS_RD RBBM_STATUS -> 0x00000040 (idle, 64 free)
[005038] MMIO_RD size=4 addr=0x1720 (WAIT_UNTIL)
[005039] MMIO_RD size=4 addr=0x0e40 (RBBM_STATUS)
[005040] STATUS_RD RBBM_STATUS -> 0x00000040 (idle, 64 free)
[005041] MMIO_RD size=4 addr=0x1720 (WAIT_UNTIL)
[005042] MMIO_RD size=4 addr=0x0e40 (RBBM_STATUS)
[005043] STATUS_RD RBBM_STATUS -> 0x00000040 (idle, 64 free)
[005044] MMIO_RD size=4 addr=0x1720 (WAIT_UNTIL)
[005045] MMIO_RD size=4 addr=0x0e40 (RBBM_STATUS)
[005046] STATUS_RD RBBM_STATUS -> 0x00000040 (idle, 64 free)
[005047] MMIO_RD size=4 addr=0x1720 (WAIT_UNTIL)
[005048] MMIO_RD size=4 addr=0x0e40 (RBBM_STATUS)
[005049] STATUS_RD RBBM_STATUS -> 0x00000040 (idle, 64 free)
[005050] MMIO_RD size=4 addr=0x1720 (WAIT_UNTIL)
[005051] MMIO_RD size=4 addr=0x0e40 (RBBM_STATUS)
[005052] STATUS_RD RBBM_STATUS -> 0x00000040 (idle, 64 free)
[005053] MMIO_RD size=4 addr=0x1720 (WAIT_UNTIL)
[005054] MMIO_RD size=4 addr=0x0e40 (RBBM_STATUS)
[005055] STATUS_RD RBBM_STATUS -> 0x00000040 (idle, 64 free)
[005056] MMIO_RD size=4 addr=0x1720 (WAIT_UNTIL)
[005057] MMIO_RD size=4 addr=0x0e40 (RBBM_STATUS)
[005058] STATUS_RD RBBM_STATUS -> 0x00000040 (idle, 64 free)
[005059] MMIO_RD size=4 addr=0x1720 (WAIT_UNTIL)
[005060] MMIO_RD size=4 addr=0x0e40 (RBBM_STATUS)
[005061] STATUS_RD RBBM_STATUS -> 0x00000040 (idle, 64 free)
[005062] MMIO_RD size=4 addr=0x1720 (WAIT_UNTIL)
[005063] MMIO_RD size=4 addr=0x0e40 (RBBM_STATUS)
[005064] STATUS_RD RBBM_STATUS -> 0x00000040 (idle, 64 free)
[005065] MMIO_RD size=4 addr=0x1720 (WAIT_UNTIL)
[005066] MMIO_RD size=4 addr=0x0e40 (RBBM_STATUS)
[005067] STATUS_RD RBBM_STATUS -> 0x00000040 (idle, 64 free)
[005068] MMIO_RD size=4 addr=0x1720 (WAIT_UNTIL)
[005069] MMIO_RD size=4 addr=0x0e40 (RBBM_STATUS)
[005070] STATUS_RD RBBM_STATUS -> 0x00000040 (idle, 64 free)
[005071] MMIO_RD size=4 addr=0x1720 (WAIT_UNTIL)
[005072] MMIO_RD size=4 addr=0x0e40 (RBBM_STATUS)
[005073] STATUS_RD RBBM_STATUS -> 0x00000040 (idle, 64 free)
[005074] MMIO_RD size=4 addr=0x1720 (WAIT_UNTIL)
[005075] MMIO_RD size=4 addr=0x0e40 (RBBM_STATUS)
[005076] STATUS_RD RBBM_STATUS -> 0x00000040 (idle, 64 free)
[005077] MMIO_RD size=4 addr=0x1720 (WAIT_UNTIL)
[005078] MMIO_RD size=4 addr=0x0e40 (RBBM_STATUS)
[005079] STATUS_RD RBBM_STATUS -> 0x00000040 (idle, 64 free)
[005080] MMIO_RD size=4 addr=0x1720 (WAIT_UNTIL)
[005081] MMIO_RD size=4 addr=0x0e40 (RBBM_STATUS)
[005082] STATUS_RD RBBM_STATUS -> 0x00000040 (idle, 64 free)
[005083] MMIO_RD size=4 addr=0x1720 (WAIT_UNTIL)
[005084] MMIO_RD size=4 addr=0x0e40 (RBBM_STATUS)
[005085] STATUS_RD RBBM_STATUS -> 0x00000040 (idle, 64 free)
[005086] MMIO_RD size=4 addr=0x1720 (WAIT_UNTIL)
[005087] MMIO_RD size=4 addr=0x0e40 (RBBM_STATUS)
[005088] STATUS_RD RBBM_STATUS -> 0x00000040 (idle, 64 free)
[005089] MMIO_RD size=4 addr=0x1720 (WAIT_UNTIL)
[005090] MMIO_RD size=4 addr=0x0e40 (RBBM_STATUS)
[005091] STATUS_RD RBBM_STATUS -> 0x00000040 (idle, 64 free)
[005092] MMIO_RD size=4 addr=0x1720 (WAIT_UNTIL)
[005093] MMIO_RD size=4 addr=0x0e40 (RBBM_STATUS)
[005094] STATUS_RD RBBM_STATUS -> 0x00000040 (idle, 64 free)
[005095] MMIO_RD size=4 addr=0x1720 (WAIT_UNTIL)
[005096] MMIO_RD size=4 addr=0x0e40 (RBBM_STATUS)
[005097] STATUS_RD RBBM_STATUS -> 0x00000040 (idle, 64 free)
[005098] MMIO_RD size=4 addr=0x1720 (WAIT_UNTIL)
[005099] MMIO_RD size=4 addr=0x0e40 (RBBM_STATUS)
[005100] STATUS_RD RBBM_STATUS -> 0x00000040 (idle, 64 free)
[005101] MMIO_RD size=4 addr=0x1720 (WAIT_UNTIL)
[005102] MMIO_RD size=4 addr=0x0e40 (RBBM_STATUS)
[005103] STATUS_RD RBBM_STATUS -> 0x00000040 (idle, 64 free)
[005104] MMIO_RD size=4 addr=0x1720 (WAIT_UNTIL)
[005105] MMIO_RD size=4 addr=0x0e40 (RBBM_STATUS)
[005106] STATUS_RD RBBM_STATUS -> 0x00000040 (idle, 64 free)
[005107] MMIO_RD size=4 addr=0x1720 (WAIT_UNTIL)
[005108] MMIO_RD size=4 addr=0x0e40 (RBBM_STATUS)
[005109] STATUS_RD RBBM_STATUS -> 0x00000040 (idle, 64 free)
[005110] MMIO_RD size=4 addr=0x1720 (WAIT_UNTIL)
[005111] MMIO_RD size=4 addr=0x0e40 (RBBM_STATUS)
[005112] STATUS_RD RBBM_STATUS -> 0x00000040 (idle, 64 free)
[005113] MMIO_RD size=4 addr=0x1720 (WAIT_UNTIL)
[005114] MMIO_RD size=4 addr=0x0e40 (RBBM_STATUS)
[005115] STATUS_RD RBBM_STATUS -> 0x00000040 (idle, 64 free)
[005116] MMIO_RD size=4 addr=0x1720 (WAIT_UNTIL)
[005117] MMIO_RD size=4 addr=0x0e40 (RBBM_STATUS)
[005118] STATUS_RD RBBM_STATUS -> 0x00000040 (idle, 64 free)
[005119] MMIO_RD size=4 addr=0x1720 (WAIT_UNTIL)
[005120] MMIO_RD size=4 addr=0x0e40 (RBBM_STATUS)
[005121] STATUS_RD RBBM_STATUS -> 0x00000040 (idle, 64 free)
[005122] MMIO_RD size=4 addr=0x1720 (WAIT_UNTIL)
[005123] MMIO_RD size=4 addr=0x0e40 (RBBM_STATUS)
[005124] STATUS_RD RBBM_STATUS -> 0x00000040 (idle, 64 free)
[005125] MMIO_RD size=4 addr=0x1720 (WAIT_UNTIL)
[005126] MMIO_RD size=4 addr=0x0e40 (RBBM_STATUS)
[005127] STATUS_RD RBBM_STATUS -> 0x00000040 (idle, 64 free)
[005128] MMIO_RD size=4 addr=0x1720 (WAIT_UNTIL)
[005129] MMIO_RD size=4 addr=0x0e40 (RBBM_STATUS)
[005130] STATUS_RD RBBM_STATUS -> 0x00000040 (idle, 64 free)
[005131] MMIO_RD size=4 addr=0x1720 (WAIT_UNTIL)
[005132] MMIO_RD size=4 addr=0x0e40 (RBBM_STATUS)
[005133] STATUS_RD RBBM_STATUS -> 0x00000040 (idle, 64 free)
[005134] MMIO_RD size=4 addr=0x1720 (WAIT_UNTIL)
[005135] MMIO_RD size=4 addr=0x0e40 (RBBM_STATUS)
[005136] STATUS_RD RBBM_STATUS -> 0x00000040 (idle, 64 free)
[005137] MMIO_RD size=4 addr=0x1720 (WAIT_UNTIL)
[005138] MMIO_RD size=4 addr=0x0e40 (RBBM_STATUS)
[005139] STATUS_RD RBBM_STATUS -> 0x00000040 (idle, 64 free)
[005140] MMIO_RD size=4 addr=0x1720 (WAIT_UNTIL)
[005141] MMIO_RD size=4 addr=0x0e40 (RBBM_STATUS)
[005142] STATUS_RD RBBM_STATUS -> 0x00000040 (idle, 64 free)
[005143] MMIO_RD size=4 addr=0x1720 (WAIT_UNTIL)
[005144] MMIO_RD size=4 addr=0x0e40 (RBBM_STATUS)
[005145] STATUS_RD RBBM_STATUS -> 0x00000040 (idle, 64 free)
[005146] MMIO_RD size=4 addr=0x1720 (WAIT_UNTIL)
[005147] MMIO_RD size=4 addr=0x0e40 (RBBM_STATUS)
[005148] STATUS_RD RBBM_STATUS -> 0x00000040 (idle, 64 free)
[005149] MMIO_RD size=4 addr=0x1720 (WAIT_UNTIL)
[005150] MMIO_RD size=4 addr=0x0e40 (RBBM_STATUS)
[005151] STATUS_RD RBBM_STATUS -> 0x00000040 (idle, 64 free)
[005152] MMIO_RD size=4 addr=0x1720 (WAIT_UNTIL)
[005153] MMIO_RD size=4 addr=0x0e40 (RBBM_STATUS)
[005154] STATUS_RD RBBM_STATUS -> 0x00000040 (idle, 64 free)
[005155] MMIO_RD size=4 addr=0x1720 (WAIT_UNTIL)
[005156] MMIO_RD size=4 addr=0x0e40 (RBBM_STATUS)
[005157] STATUS_RD RBBM_STATUS -> 0x00000040 (idle, 64 free)
[005158] MMIO_RD size=4 addr=0x1720 (WAIT_UNTIL)
[005159] MMIO_RD size=4 addr=0x0e40 (RBBM_STATUS)
[005160] STATUS_RD RBBM_STATUS -> 0x00000040 (idle, 64 free)
[005161] MMIO_RD size=4 addr=0x1720 (WAIT_UNTIL)
[005162] MMIO_RD size=4 addr=0x0e40 (RBBM_STATUS)
[005163] STATUS_RD RBBM_STATUS -> 0x00000040 (idle, 64 free)
[005164] MMIO_RD size=4 addr=0x1720 (WAIT_UNTIL)
[005165] MMIO_RD size=4 addr=0x0e40 (RBBM_STATUS)
[005166] STATUS_RD RBBM_STATUS -> 0x00000040 (idle, 64 free)
[005167] MMIO_RD size=4 addr=0x1720 (WAIT_UNTIL)
[005168] MMIO_RD size=4 addr=0x0e40 (RBBM_STATUS)
[005169] STATUS_RD RBBM_STATUS -> 0x00000040 (idle, 64 free)
[005170] MMIO_RD size=4 addr=0x1720 (WAIT_UNTIL)
[005171] MMIO_RD size=4 addr=0x0e40 (RBBM_STATUS)
[005172] STATUS_RD RBBM_STATUS -> 0x00000040 (idle, 64 free)
[005173] MMIO_RD size=4 addr=0x1720 (WAIT_UNTIL)
[005174] MMIO_RD size=4 addr=0x0e40 (RBBM_STATUS)
[005175] STATUS_RD RBBM_STATUS -> 0x00000040 (idle, 64 free)
[005176] MMIO_RD size=4 addr=0x1720 (WAIT_UNTIL)
[005177] MMIO_RD size=4 addr=0x0e40 (RBBM_STATUS)
[005178] STATUS_RD RBBM_STATUS -> 0x00000040 (idle, 64 free)
[005179] MMIO_RD size=4 addr=0x1720 (WAIT_UNTIL)
[005180] MMIO_RD size=4 addr=0x0e40 (RBBM_STATUS)
[005181] STATUS_RD RBBM_STATUS -> 0x00000040 (idle, 64 free)
[005182] MMIO_RD size=4 addr=0x1720 (WAIT_UNTIL)
[005183] MMIO_RD size=4 addr=0x0e40 (RBBM_STATUS)
[005184] STATUS_RD RBBM_STATUS -> 0x00000040 (idle, 64 free)
[005185] MMIO_RD size=4 addr=0x1720 (WAIT_UNTIL)
[005186] MMIO_RD size=4 addr=0x0e40 (RBBM_STATUS)
[005187] STATUS_RD RBBM_STATUS -> 0x00000040 (idle, 64 free)
[005188] MMIO_RD size=4 addr=0x1720 (WAIT_UNTIL)
[005189] MMIO_RD size=4 addr=0x0e40 (RBBM_STATUS)
[005190] STATUS_RD RBBM_STATUS -> 0x00000040 (idle, 64 free)
[005191] MMIO_RD size=4 addr=0x1720 (WAIT_UNTIL)
[005192] MMIO_RD size=4 addr=0x0e40 (RBBM_STATUS)
[005193] STATUS_RD RBBM_STATUS -> 0x00000040 (idle, 64 free)
[005194] MMIO_RD size=4 addr=0x1720 (WAIT_UNTIL)
[005195] MMIO_RD size=4 addr=0x0e40 (RBBM_STATUS)
[005196] STATUS_RD RBBM_STATUS -> 0x00000040 (idle, 64 free)
[005197] MMIO_RD size=4 addr=0x1720 (WAIT_UNTIL)
[005198] MMIO_RD size=4 addr=0x0e40 (RBBM_STATUS)
[005199] STATUS_RD RBBM_STATUS -> 0x00000040 (idle, 64 free)
[005200] MMIO_RD size=4 addr=0x1720 (WAIT_UNTIL)
[005201] MMIO_RD size=4 addr=0x0e40 (RBBM_STATUS)
[005202] STATUS_RD RBBM_STATUS -> 0x00000040 (idle, 64 free)
[005203] MMIO_RD size=4 addr=0x1720 (WAIT_UNTIL)
[005204] MMIO_RD size=4 addr=0x0e40 (RBBM_STATUS)
[005205] STATUS_RD RBBM_STATUS -> 0x00000040 (idle, 64 free)
[005206] MMIO_RD size=4 addr=0x1720 (WAIT_UNTIL)
[005207] MMIO_RD size=4 addr=0x0e40 (RBBM_STATUS)
[005208] STATUS_RD RBBM_STATUS -> 0x00000040 (idle, 64 free)
[005209] MMIO_RD size=4 addr=0x1720 (WAIT_UNTIL)
[005210] MMIO_RD size=4 addr=0x0e40 (RBBM_STATUS)
[005211] STATUS_RD RBBM_STATUS -> 0x00000040 (idle, 64 free)
[005212] MMIO_RD size=4 addr=0x1720 (WAIT_UNTIL)
[005213] MMIO_RD size=4 addr=0x0e40 (RBBM_STATUS)
[005214] STATUS_RD RBBM_STATUS -> 0x00000040 (idle, 64 free)
[005215] MMIO_RD size=4 addr=0x1720 (WAIT_UNTIL)
[005216] MMIO_RD size=4 addr=0x0e40 (RBBM_STATUS)
[005217] STATUS_RD RBBM_STATUS -> 0x00000040 (idle, 64 free)
[005218] MMIO_RD size=4 addr=0x1720 (WAIT_UNTIL)
[005219] MMIO_RD size=4 addr=0x0e40 (RBBM_STATUS)
[005220] STATUS_RD RBBM_STATUS -> 0x00000040 (idle, 64 free)
[005221] MMIO_RD size=4 addr=0x1720 (WAIT_UNTIL)
[005222] MMIO_RD size=4 addr=0x0e40 (RBBM_STATUS)
[005223] STATUS_RD RBBM_STATUS -> 0x00000040 (idle, 64 free)
[005224] MMIO_RD size=4 addr=0x1720 (WAIT_UNTIL)
[005225] MMIO_RD size=4 addr=0x0e40 (RBBM_STATUS)
[005226] STATUS_RD RBBM_STATUS -> 0x00000040 (idle, 64 free)
[005227] MMIO_RD size=4 addr=0x1720 (WAIT_UNTIL)
[005228] MMIO_RD size=4 addr=0x0e40 (RBBM_STATUS)
[005229] STATUS_RD RBBM_STATUS -> 0x00000040 (idle, 64 free)
[005230] MMIO_RD size=4 addr=0x1720 (WAIT_UNTIL)
[005231] MMIO_RD size=4 addr=0x0e40 (RBBM_STATUS)
[005232] STATUS_RD RBBM_STATUS -> 0x00000040 (idle, 64 free)
[005233] MMIO_RD size=4 addr=0x1720 (WAIT_UNTIL)
[005234] MMIO_RD size=4 addr=0x0e40 (RBBM_STATUS)
[005235] STATUS_RD RBBM_STATUS -> 0x00000040 (idle, 64 free)
[005236] MMIO_RD size=4 addr=0x1720 (WAIT_UNTIL)
[005237] MMIO_RD size=4 addr=0x0e40 (RBBM_STATUS)
[005238] STATUS_RD RBBM_STATUS -> 0x00000040 (idle, 64 free)
[005239] MMIO_RD size=4 addr=0x1720 (WAIT_UNTIL)
[005240] MMIO_RD size=4 addr=0x0e40 (RBBM_STATUS)
[005241] STATUS_RD RBBM_STATUS -> 0x00000040 (idle, 64 free)
[005242] MMIO_RD size=4 addr=0x1720 (WAIT_UNTIL)
[005243] MMIO_RD size=4 addr=0x0e40 (RBBM_STATUS)
[005244] STATUS_RD RBBM_STATUS -> 0x00000040 (idle, 64 free)
[005245] MMIO_RD size=4 addr=0x1720 (WAIT_UNTIL)
[005246] MMIO_RD size=4 addr=0x0e40 (RBBM_STATUS)
[005247] STATUS_RD RBBM_STATUS -> 0x00000040 (idle, 64 free)
[005248] MMIO_RD size=4 addr=0x1720 (WAIT_UNTIL)
[005249] MMIO_RD size=4 addr=0x0e40 (RBBM_STATUS)
[005250] STATUS_RD RBBM_STATUS -> 0x00000040 (idle, 64 free)
[005251] MMIO_RD size=4 addr=0x1720 (WAIT_UNTIL)
[005252] MMIO_RD size=4 addr=0x0e40 (RBBM_STATUS)
[005253] STATUS_RD RBBM_STATUS -> 0x00000040 (idle, 64 free)
[005254] MMIO_RD size=4 addr=0x1720 (WAIT_UNTIL)
[005255] MMIO_RD size=4 addr=0x0e40 (RBBM_STATUS)
[005256] STATUS_RD RBBM_STATUS -> 0x00000040 (idle, 64 free)
[005257] MMIO_RD size=4 addr=0x1720 (WAIT_UNTIL)
[005258] MMIO_RD size=4 addr=0x0e40 (RBBM_STATUS)
[005259] STATUS_RD RBBM_STATUS -> 0x00000040 (idle, 64 free)
[005260] MMIO_RD size=4 addr=0x1720 (WAIT_UNTIL)
[005261] MMIO_RD size=4 addr=0x0e40 (RBBM_STATUS)
[005262] STATUS_RD RBBM_STATUS -> 0x00000040 (idle, 64 free)
[005263] MMIO_RD size=4 addr=0x1720 (WAIT_UNTIL)
[005264] MMIO_RD size=4 addr=0x0e40 (RBBM_STATUS)
[005265] STATUS_RD RBBM_STATUS -> 0x00000040 (idle, 64 free)
[005266] MMIO_RD size=4 addr=0x1720 (WAIT_UNTIL)
[005267] MMIO_RD size=4 addr=0x0e40 (RBBM_STATUS)
[005268] STATUS_RD RBBM_STATUS -> 0x00000040 (idle, 64 free)
[005269] MMIO_RD size=4 addr=0x1720 (WAIT_UNTIL)
[005270] MMIO_RD size=4 addr=0x0e40 (RBBM_STATUS)
[005271] STATUS_RD RBBM_STATUS -> 0x00000040 (idle, 64 free)
[005272] MMIO_RD size=4 addr=0x1720 (WAIT_UNTIL)
[005273] MMIO_RD size=4 addr=0x0e40 (RBBM_STATUS)
[005274] STATUS_RD RBBM_STATUS -> 0x00000040 (idle, 64 free)
[005275] MMIO_RD size=4 addr=0x1720 (WAIT_UNTIL)
[005276] MMIO_RD size=4 addr=0x0e40 (RBBM_STATUS)
[005277] STATUS_RD RBBM_STATUS -> 0x00000040 (idle, 64 free)
[005278] MMIO_RD size=4 addr=0x1720 (WAIT_UNTIL)
[005279] MMIO_RD size=4 addr=0x0e40 (RBBM_STATUS)
[005280] STATUS_RD RBBM_STATUS -> 0x00000040 (idle, 64 free)
[005281] MMIO_RD size=4 addr=0x1720 (WAIT_UNTIL)
[005282] MMIO_RD size=4 addr=0x0e40 (RBBM_STATUS)
[005283] STATUS_RD RBBM_STATUS -> 0x00000040 (idle, 64 free)
[005284] MMIO_RD size=4 addr=0x1720 (WAIT_UNTIL)
[005285] MMIO_RD size=4 addr=0x0e40 (RBBM_STATUS)
[005286] STATUS_RD RBBM_STATUS -> 0x00000040 (idle, 64 free)
[005287] MMIO_RD size=4 addr=0x1720 (WAIT_UNTIL)
[005288] MMIO_RD size=4 addr=0x0e40 (RBBM_STATUS)
[005289] STATUS_RD RBBM_STATUS -> 0x00000040 (idle, 64 free)
[005290] MMIO_RD size=4 addr=0x1720 (WAIT_UNTIL)
[005291] MMIO_RD size=4 addr=0x0e40 (RBBM_STATUS)
[005292] STATUS_RD RBBM_STATUS -> 0x00000040 (idle, 64 free)
[005293] MMIO_RD size=4 addr=0x1720 (WAIT_UNTIL)
[005294] MMIO_RD size=4 addr=0x0e40 (RBBM_STATUS)
[005295] STATUS_RD RBBM_STATUS -> 0x00000040 (idle, 64 free)
[005296] MMIO_RD size=4 addr=0x1720 (WAIT_UNTIL)
[005297] MMIO_RD size=4 addr=0x0e40 (RBBM_STATUS)
[005298] STATUS_RD RBBM_STATUS -> 0x00000040 (idle, 64 free)
[005299] MMIO_RD size=4 addr=0x1720 (WAIT_UNTIL)
[005300] MMIO_RD size=4 addr=0x0e40 (RBBM_STATUS)
[005301] STATUS_RD RBBM_STATUS -> 0x00000040 (idle, 64 free)
[005302] MMIO_RD size=4 addr=0x1720 (WAIT_UNTIL)
[005303] MMIO_RD size=4 addr=0x0e40 (RBBM_STATUS)
[005304] STATUS_RD RBBM_STATUS -> 0x00000040 (idle, 64 free)
[005305] MMIO_RD size=4 addr=0x1720 (WAIT_UNTIL)
[005306] MMIO_RD size=4 addr=0x0e40 (RBBM_STATUS)
[005307] STATUS_RD RBBM_STATUS -> 0x00000040 (idle, 64 free)
[005308] MMIO_RD size=4 addr=0x1720 (WAIT_UNTIL)
[005309] MMIO_RD size=4 addr=0x0e40 (RBBM_STATUS)
[005310] STATUS_RD RBBM_STATUS -> 0x00000040 (idle, 64 free)
[005311] MMIO_RD size=4 addr=0x1720 (WAIT_UNTIL)
[005312] MMIO_RD size=4 addr=0x0e40 (RBBM_STATUS)
[005313] STATUS_RD RBBM_STATUS -> 0x00000040 (idle, 64 free)
[005314] MMIO_RD size=4 addr=0x1720 (WAIT_UNTIL)
[005315] MMIO_RD size=4 addr=0x0e40 (RBBM_STATUS)
[005316] STATUS_RD RBBM_STATUS -> 0x00000040 (idle, 64 free)
[005317] MMIO_RD size=4 addr=0x1720 (WAIT_UNTIL)
[005318] MMIO_RD size=4 addr=0x0e40 (RBBM_STATUS)
[005319] STATUS_RD RBBM_STATUS -> 0x00000040 (idle, 64 free)
[005320] MMIO_RD size=4 addr=0x1720 (WAIT_UNTIL)
[005321] MMIO_RD size=4 addr=0x0e40 (RBBM_STATUS)
[005322] STATUS_RD RBBM_STATUS -> 0x00000040 (idle, 64 free)
[005323] MMIO_RD size=4 addr=0x1720 (WAIT_UNTIL)
[005324] MMIO_RD size=4 addr=0x0e40 (RBBM_STATUS)
[005325] STATUS_RD RBBM_STATUS -> 0x00000040 (idle, 64 free)
[005326] MMIO_RD size=4 addr=0x1720 (WAIT_UNTIL)
[005327] MMIO_RD size=4 addr=0x0e40 (RBBM_STATUS)
[005328] STATUS_RD RBBM_STATUS -> 0x00000040 (idle, 64 free)
[005329] MMIO_RD size=4 addr=0x1720 (WAIT_UNTIL)
[005330] MMIO_RD size=4 addr=0x0e40 (RBBM_STATUS)
[005331] STATUS_RD RBBM_STATUS -> 0x00000040 (idle, 64 free)
[005332] MMIO_RD size=4 addr=0x1720 (WAIT_UNTIL)
[005333] MMIO_RD size=4 addr=0x0e40 (RBBM_STATUS)
[005334] STATUS_RD RBBM_STATUS -> 0x00000040 (idle, 64 free)
[005335] MMIO_RD size=4 addr=0x1720 (WAIT_UNTIL)
[005336] MMIO_RD size=4 addr=0x0e40 (RBBM_STATUS)
[005337] STATUS_RD RBBM_STATUS -> 0x00000040 (idle, 64 free)
[005338] MMIO_RD size=4 addr=0x1720 (WAIT_UNTIL)
[005339] MMIO_RD size=4 addr=0x0e40 (RBBM_STATUS)
[005340] STATUS_RD RBBM_STATUS -> 0x00000040 (idle, 64 free)
[005341] MMIO_RD size=4 addr=0x1720 (WAIT_UNTIL)
[005342] MMIO_RD size=4 addr=0x0e40 (RBBM_STATUS)
[005343] STATUS_RD RBBM_STATUS -> 0x00000040 (idle, 64 free)
[005344] MMIO_RD size=4 addr=0x1720 (WAIT_UNTIL)
[005345] MMIO_RD size=4 addr=0x0e40 (RBBM_STATUS)
[005346] STATUS_RD RBBM_STATUS -> 0x00000040 (idle, 64 free)
[005347] MMIO_RD size=4 addr=0x1720 (WAIT_UNTIL)
[005348] MMIO_RD size=4 addr=0x0e40 (RBBM_STATUS)
[005349] STATUS_RD RBBM_STATUS -> 0x00000040 (idle, 64 free)
[005350] MMIO_RD size=4 addr=0x1720 (WAIT_UNTIL)
[005351] MMIO_RD size=4 addr=0x0e40 (RBBM_STATUS)
[005352] STATUS_RD RBBM_STATUS -> 0x00000040 (idle, 64 free)
[005353] MMIO_RD size=4 addr=0x1720 (WAIT_UNTIL)
[005354] MMIO_RD size=4 addr=0x0e40 (RBBM_STATUS)
[005355] STATUS_RD RBBM_STATUS -> 0x00000040 (idle, 64 free)
[005356] MMIO_RD size=4 addr=0x1720 (WAIT_UNTIL)
[005357] MMIO_RD size=4 addr=0x0e40 (RBBM_STATUS)
[005358] STATUS_RD RBBM_STATUS -> 0x00000040 (idle, 64 free)
[005359] MMIO_RD size=4 addr=0x1720 (WAIT_UNTIL)
[005360] MMIO_RD size=4 addr=0x0e40 (RBBM_STATUS)
[005361] STATUS_RD RBBM_STATUS -> 0x00000040 (idle, 64 free)
[005362] MMIO_RD size=4 addr=0x1720 (WAIT_UNTIL)
[005363] MMIO_RD size=4 addr=0x0e40 (RBBM_STATUS)
[005364] STATUS_RD RBBM_STATUS -> 0x00000040 (idle, 64 free)
[005365] MMIO_RD size=4 addr=0x1720 (WAIT_UNTIL)
[005366] MMIO_RD size=4 addr=0x0e40 (RBBM_STATUS)
[005367] STATUS_RD RBBM_STATUS -> 0x00000040 (idle, 64 free)
[005368] MMIO_RD size=4 addr=0x1720 (WAIT_UNTIL)
[005369] MMIO_RD size=4 addr=0x0e40 (RBBM_STATUS)
[005370] STATUS_RD RBBM_STATUS -> 0x00000040 (idle, 64 free)
[005371] MMIO_RD size=4 addr=0x1720 (WAIT_UNTIL)
[005372] MMIO_RD size=4 addr=0x0e40 (RBBM_STATUS)
[005373] STATUS_RD RBBM_STATUS -> 0x00000040 (idle, 64 free)
[005374] MMIO_RD size=4 addr=0x1720 (WAIT_UNTIL)
[005375] MMIO_RD size=4 addr=0x0e40 (RBBM_STATUS)
[005376] STATUS_RD RBBM_STATUS -> 0x00000040 (idle, 64 free)
[005377] MMIO_RD size=4 addr=0x1720 (WAIT_UNTIL)
[005378] MMIO_RD size=4 addr=0x0e40 (RBBM_STATUS)
[005379] STATUS_RD RBBM_STATUS -> 0x00000040 (idle, 64 free)
[005380] MMIO_RD size=4 addr=0x1720 (WAIT_UNTIL)
[005381] MMIO_RD size=4 addr=0x0e40 (RBBM_STATUS)
[005382] STATUS_RD RBBM_STATUS -> 0x00000040 (idle, 64 free)
[005383] MMIO_RD size=4 addr=0x1720 (WAIT_UNTIL)
[005384] MMIO_RD size=4 addr=0x0e40 (RBBM_STATUS)
[005385] STATUS_RD RBBM_STATUS -> 0x00000040 (idle, 64 free)
[005386] MMIO_RD size=4 addr=0x1720 (WAIT_UNTIL)
[005387] MMIO_RD size=4 addr=0x0e40 (RBBM_STATUS)
[005388] STATUS_RD RBBM_STATUS -> 0x00000040 (idle, 64 free)
[005389] MMIO_RD size=4 addr=0x1720 (WAIT_UNTIL)
[005390] MMIO_RD size=4 addr=0x0e40 (RBBM_STATUS)
[005391] STATUS_RD RBBM_STATUS -> 0x00000040 (idle, 64 free)
[005392] MMIO_RD size=4 addr=0x1720 (WAIT_UNTIL)
[005393] MMIO_RD size=4 addr=0x0e40 (RBBM_STATUS)
[005394] STATUS_RD RBBM_STATUS -> 0x00000040 (idle, 64 free)
[005395] MMIO_RD size=4 addr=0x1720 (WAIT_UNTIL)
[005396] MMIO_RD size=4 addr=0x0e40 (RBBM_STATUS)
[005397] STATUS_RD RBBM_STATUS -> 0x00000040 (idle, 64 free)
[005398] MMIO_RD size=4 addr=0x1720 (WAIT_UNTIL)
[005399] MMIO_RD size=4 addr=0x0e40 (RBBM_STATUS)
[005400] STATUS_RD RBBM_STATUS -> 0x00000040 (idle, 64 free)
[005401] MMIO_RD size=4 addr=0x1720 (WAIT_UNTIL)
[005402] MMIO_RD size=4 addr=0x0e40 (RBBM_STATUS)
[005403] STATUS_RD RBBM_STATUS -> 0x00000040 (idle, 64 free)
[005404] MMIO_RD size=4 addr=0x1720 (WAIT_UNTIL)
[005405] MMIO_RD size=4 addr=0x0e40 (RBBM_STATUS)
[005406] STATUS_RD RBBM_STATUS -> 0x00000040 (idle, 64 free)
[005407] MMIO_RD size=4 addr=0x1720 (WAIT_UNTIL)
[005408] MMIO_RD size=4 addr=0x0e40 (RBBM_STATUS)
[005409] STATUS_RD RBBM_STATUS -> 0x00000040 (idle, 64 free)
[005410] MMIO_RD size=4 addr=0x1720 (WAIT_UNTIL)
[005411] MMIO_RD size=4 addr=0x0e40 (RBBM_STATUS)
[005412] STATUS_RD RBBM_STATUS -> 0x00000040 (idle, 64 free)
[005413] MMIO_RD size=4 addr=0x1720 (WAIT_UNTIL)
[005414] MMIO_RD size=4 addr=0x0e40 (RBBM_STATUS)
[005415] STATUS_RD RBBM_STATUS -> 0x00000040 (idle, 64 free)
[005416] MMIO_RD size=4 addr=0x1720 (WAIT_UNTIL)
[005417] MMIO_RD size=4 addr=0x0e40 (RBBM_STATUS)
[005418] STATUS_RD RBBM_STATUS -> 0x00000040 (idle, 64 free)
[005419] MMIO_RD size=4 addr=0x1720 (WAIT_UNTIL)
[005420] MMIO_RD size=4 addr=0x0e40 (RBBM_STATUS)
[005421] STATUS_RD RBBM_STATUS -> 0x00000040 (idle, 64 free)
[005422] MMIO_RD size=4 addr=0x1720 (WAIT_UNTIL)
[005423] MMIO_RD size=4 addr=0x0e40 (RBBM_STATUS)
[005424] STATUS_RD RBBM_STATUS -> 0x00000040 (idle, 64 free)
[005425] MMIO_RD size=4 addr=0x1720 (WAIT_UNTIL)
[005426] MMIO_RD size=4 addr=0x0e40 (RBBM_STATUS)
[005427] STATUS_RD RBBM_STATUS -> 0x00000040 (idle, 64 free)
[005428] MMIO_RD size=4 addr=0x1720 (WAIT_UNTIL)
[005429] MMIO_RD size=4 addr=0x0e40 (RBBM_STATUS)
[005430] STATUS_RD RBBM_STATUS -> 0x00000040 (idle, 64 free)
[005431] MMIO_RD size=4 addr=0x1720 (WAIT_UNTIL)
[005432] MMIO_RD size=4 addr=0x0e40 (RBBM_STATUS)
[005433] STATUS_RD RBBM_STATUS -> 0x00000040 (idle, 64 free)
[005434] MMIO_RD size=4 addr=0x1720 (WAIT_UNTIL)
[005435] MMIO_RD size=4 addr=0x0e40 (RBBM_STATUS)
[005436] STATUS_RD RBBM_STATUS -> 0x00000040 (idle, 64 free)
[005437] MMIO_RD size=4 addr=0x1720 (WAIT_UNTIL)
[005438] MMIO_RD size=4 addr=0x0e40 (RBBM_STATUS)
[005439] STATUS_RD RBBM_STATUS -> 0x00000040 (idle, 64 free)
[005440] MMIO_RD size=4 addr=0x1720 (WAIT_UNTIL)
[005441] MMIO_RD size=4 addr=0x0e40 (RBBM_STATUS)
[005442] STATUS_RD RBBM_STATUS -> 0x00000040 (idle, 64 free)
[005443] MMIO_RD size=4 addr=0x1720 (WAIT_UNTIL)
[005444] MMIO_RD size=4 addr=0x0e40 (RBBM_STATUS)
[005445] STATUS_RD RBBM_STATUS -> 0x00000040 (idle, 64 free)
[005446] MMIO_RD size=4 addr=0x1720 (WAIT_UNTIL)
[005447] MMIO_RD size=4 addr=0x0e40 (RBBM_STATUS)
[005448] STATUS_RD RBBM_STATUS -> 0x00000040 (idle, 64 free)
[005449] MMIO_RD size=4 addr=0x1720 (WAIT_UNTIL)
[005450] MMIO_RD size=4 addr=0x0e40 (RBBM_STATUS)
[005451] STATUS_RD RBBM_STATUS -> 0x00000040 (idle, 64 free)
[005452] MMIO_RD size=4 addr=0x1720 (WAIT_UNTIL)
[005453] MMIO_RD size=4 addr=0x0e40 (RBBM_STATUS)
[005454] STATUS_RD RBBM_STATUS -> 0x00000040 (idle, 64 free)
[005455] MMIO_RD size=4 addr=0x1720 (WAIT_UNTIL)
[005456] MMIO_RD size=4 addr=0x0e40 (RBBM_STATUS)
[005457] STATUS_RD RBBM_STATUS -> 0x00000040 (idle, 64 free)
[005458] MMIO_RD size=4 addr=0x1720 (WAIT_UNTIL)
[005459] MMIO_RD size=4 addr=0x0e40 (RBBM_STATUS)
[005460] STATUS_RD RBBM_STATUS -> 0x00000040 (idle, 64 free)
[005461] MMIO_RD size=4 addr=0x1720 (WAIT_UNTIL)
[005462] MMIO_RD size=4 addr=0x0e40 (RBBM_STATUS)
[005463] STATUS_RD RBBM_STATUS -> 0x00000040 (idle, 64 free)
[005464] MMIO_RD size=4 addr=0x1720 (WAIT_UNTIL)
[005465] MMIO_RD size=4 addr=0x0e40 (RBBM_STATUS)
[005466] STATUS_RD RBBM_STATUS -> 0x00000040 (idle, 64 free)
[005467] MMIO_RD size=4 addr=0x1720 (WAIT_UNTIL)
[005468] MMIO_RD size=4 addr=0x0e40 (RBBM_STATUS)
[005469] STATUS_RD RBBM_STATUS -> 0x00000040 (idle, 64 free)
[005470] MMIO_RD size=4 addr=0x1720 (WAIT_UNTIL)
[005471] MMIO_RD size=4 addr=0x0e40 (RBBM_STATUS)
[005472] STATUS_RD RBBM_STATUS -> 0x00000040 (idle, 64 free)
[005473] MMIO_RD size=4 addr=0x1720 (WAIT_UNTIL)
[005474] MMIO_RD size=4 addr=0x0e40 (RBBM_STATUS)
[005475] STATUS_RD RBBM_STATUS -> 0x00000040 (idle, 64 free)
[005476] MMIO_RD size=4 addr=0x1720 (WAIT_UNTIL)
[005477] MMIO_RD size=4 addr=0x0e40 (RBBM_STATUS)
[005478] STATUS_RD RBBM_STATUS -> 0x00000040 (idle, 64 free)
[005479] MMIO_RD size=4 addr=0x1720 (WAIT_UNTIL)
[005480] MMIO_RD size=4 addr=0x0e40 (RBBM_STATUS)
[005481] STATUS_RD RBBM_STATUS -> 0x00000040 (idle, 64 free)
[005482] MMIO_RD size=4 addr=0x1720 (WAIT_UNTIL)
[005483] MMIO_RD size=4 addr=0x0e40 (RBBM_STATUS)
[005484] STATUS_RD RBBM_STATUS -> 0x00000040 (idle, 64 free)
[005485] MMIO_RD size=4 addr=0x1720 (WAIT_UNTIL)
[005486] MMIO_RD size=4 addr=0x0e40 (RBBM_STATUS)
[005487] STATUS_RD RBBM_STATUS -> 0x00000040 (idle, 64 free)
[005488] MMIO_RD size=4 addr=0x1720 (WAIT_UNTIL)
[005489] MMIO_RD size=4 addr=0x0e40 (RBBM_STATUS)
[005490] STATUS_RD RBBM_STATUS -> 0x00000040 (idle, 64 free)
[005491] MMIO_RD size=4 addr=0x1720 (WAIT_UNTIL)
[005492] MMIO_RD size=4 addr=0x0e40 (RBBM_STATUS)
[005493] STATUS_RD RBBM_STATUS -> 0x00000040 (idle, 64 free)
[005494] MMIO_RD size=4 addr=0x1720 (WAIT_UNTIL)
[005495] MMIO_RD size=4 addr=0x0e40 (RBBM_STATUS)
[005496] STATUS_RD RBBM_STATUS -> 0x00000040 (idle, 64 free)
[005497] MMIO_RD size=4 addr=0x1720 (WAIT_UNTIL)
[005498] MMIO_RD size=4 addr=0x0e40 (RBBM_STATUS)
[005499] STATUS_RD RBBM_STATUS -> 0x00000040 (idle, 64 free)
[005500] MMIO_RD size=4 addr=0x1720 (WAIT_UNTIL)
[005501] MMIO_RD size=4 addr=0x0e40 (RBBM_STATUS)
[005502] STATUS_RD RBBM_STATUS -> 0x00000040 (idle, 64 free)
[005503] MMIO_RD size=4 addr=0x1720 (WAIT_UNTIL)
[005504] MMIO_RD size=4 addr=0x0e40 (RBBM_STATUS)
[005505] STATUS_RD RBBM_STATUS -> 0x00000040 (idle, 64 free)
[005506] MMIO_RD size=4 addr=0x1720 (WAIT_UNTIL)
[005507] MMIO_RD size=4 addr=0x0e40 (RBBM_STATUS)
[005508] STATUS_RD RBBM_STATUS -> 0x00000040 (idle, 64 free)
[005509] MMIO_RD size=4 addr=0x1720 (WAIT_UNTIL)
[005510] MMIO_RD size=4 addr=0x0e40 (RBBM_STATUS)
[005511] STATUS_RD RBBM_STATUS -> 0x00000040 (idle, 64 free)
[005512] MMIO_RD size=4 addr=0x1720 (WAIT_UNTIL)
[005513] MMIO_RD size=4 addr=0x0e40 (RBBM_STATUS)
[005514] STATUS_RD RBBM_STATUS -> 0x00000040 (idle, 64 free)
[005515] MMIO_RD size=4 addr=0x1720 (WAIT_UNTIL)
[005516] MMIO_RD size=4 addr=0x0e40 (RBBM_STATUS)
[005517] STATUS_RD RBBM_STATUS -> 0x00000040 (idle, 64 free)
[005518] MMIO_RD size=4 addr=0x1720 (WAIT_UNTIL)
[005519] MMIO_RD size=4 addr=0x0e40 (RBBM_STATUS)
[005520] STATUS_RD RBBM_STATUS -> 0x00000040 (idle, 64 free)
[005521] MMIO_RD size=4 addr=0x1720 (WAIT_UNTIL)
[005522] MMIO_RD size=4 addr=0x0e40 (RBBM_STATUS)
[005523] STATUS_RD RBBM_STATUS -> 0x00000040 (idle, 64 free)
[005524] MMIO_RD size=4 addr=0x1720 (WAIT_UNTIL)
[005525] MMIO_RD size=4 addr=0x0e40 (RBBM_STATUS)
[005526] STATUS_RD RBBM_STATUS -> 0x00000040 (idle, 64 free)
[005527] MMIO_RD size=4 addr=0x1720 (WAIT_UNTIL)
[005528] MMIO_RD size=4 addr=0x0e40 (RBBM_STATUS)
[005529] STATUS_RD RBBM_STATUS -> 0x00000040 (idle, 64 free)
[005530] MMIO_RD size=4 addr=0x1720 (WAIT_UNTIL)
[005531] MMIO_RD size=4 addr=0x0e40 (RBBM_STATUS)
[005532] STATUS_RD RBBM_STATUS -> 0x00000040 (idle, 64 free)
[005533] MMIO_RD size=4 addr=0x1720 (WAIT_UNTIL)
[005534] MMIO_RD size=4 addr=0x0e40 (RBBM_STATUS)
[005535] STATUS_RD RBBM_STATUS -> 0x00000040 (idle, 64 free)
[005536] MMIO_RD size=4 addr=0x1720 (WAIT_UNTIL)
[005537] MMIO_RD size=4 addr=0x0e40 (RBBM_STATUS)
[005538] STATUS_RD RBBM_STATUS -> 0x00000040 (idle, 64 free)
[005539] MMIO_RD size=4 addr=0x1720 (WAIT_UNTIL)
[005540] MMIO_RD size=4 addr=0x0e40 (RBBM_STATUS)
[005541] STATUS_RD RBBM_STATUS -> 0x00000040 (idle, 64 free)
[005542] MMIO_RD size=4 addr=0x1720 (WAIT_UNTIL)
[005543] MMIO_RD size=4 addr=0x0e40 (RBBM_STATUS)
[005544] STATUS_RD RBBM_STATUS -> 0x00000040 (idle, 64 free)
[005545] MMIO_RD size=4 addr=0x1720 (WAIT_UNTIL)
[005546] MMIO_RD size=4 addr=0x0e40 (RBBM_STATUS)
[005547] STATUS_RD RBBM_STATUS -> 0x00000040 (idle, 64 free)
[005548] MMIO_RD size=4 addr=0x1720 (WAIT_UNTIL)
[005549] MMIO_RD size=4 addr=0x0e40 (RBBM_STATUS)
[005550] STATUS_RD RBBM_STATUS -> 0x00000040 (idle, 64 free)
[005551] MMIO_RD size=4 addr=0x1720 (WAIT_UNTIL)
[005552] MMIO_RD size=4 addr=0x0e40 (RBBM_STATUS)
[005553] STATUS_RD RBBM_STATUS -> 0x00000040 (idle, 64 free)
[005554] MMIO_RD size=4 addr=0x1720 (WAIT_UNTIL)
[005555] MMIO_RD size=4 addr=0x0e40 (RBBM_STATUS)
[005556] STATUS_RD RBBM_STATUS -> 0x00000040 (idle, 64 free)
[005557] MMIO_RD size=4 addr=0x1720 (WAIT_UNTIL)
[005558] MMIO_RD size=4 addr=0x0e40 (RBBM_STATUS)
[005559] STATUS_RD RBBM_STATUS -> 0x00000040 (idle, 64 free)
[005560] MMIO_RD size=4 addr=0x1720 (WAIT_UNTIL)
[005561] MMIO_RD size=4 addr=0x0e40 (RBBM_STATUS)
[005562] STATUS_RD RBBM_STATUS -> 0x00000040 (idle, 64 free)
[005563] MMIO_RD size=4 addr=0x1720 (WAIT_UNTIL)
[005564] MMIO_RD size=4 addr=0x0e40 (RBBM_STATUS)
[005565] STATUS_RD RBBM_STATUS -> 0x00000040 (idle, 64 free)
[005566] MMIO_RD size=4 addr=0x1720 (WAIT_UNTIL)
[005567] MMIO_RD size=4 addr=0x0e40 (RBBM_STATUS)
[005568] STATUS_RD RBBM_STATUS -> 0x00000040 (idle, 64 free)
[005569] MMIO_RD size=4 addr=0x1720 (WAIT_UNTIL)
[005570] MMIO_RD size=4 addr=0x0e40 (RBBM_STATUS)
[005571] STATUS_RD RBBM_STATUS -> 0x00000040 (idle, 64 free)
[005572] MMIO_RD size=4 addr=0x1720 (WAIT_UNTIL)
[005573] MMIO_RD size=4 addr=0x0e40 (RBBM_STATUS)
[005574] STATUS_RD RBBM_STATUS -> 0x00000040 (idle, 64 free)
[005575] MMIO_RD size=4 addr=0x1720 (WAIT_UNTIL)
[005576] MMIO_RD size=4 addr=0x0e40 (RBBM_STATUS)
[005577] STATUS_RD RBBM_STATUS -> 0x00000040 (idle, 64 free)
[005578] MMIO_RD size=4 addr=0x1720 (WAIT_UNTIL)
[005579] MMIO_RD size=4 addr=0x0e40 (RBBM_STATUS)
[005580] STATUS_RD RBBM_STATUS -> 0x00000040 (idle, 64 free)
[005581] MMIO_RD size=4 addr=0x1720 (WAIT_UNTIL)
[005582] MMIO_RD size=4 addr=0x0e40 (RBBM_STATUS)
[005583] STATUS_RD RBBM_STATUS -> 0x00000040 (idle, 64 free)
[005584] MMIO_RD size=4 addr=0x1720 (WAIT_UNTIL)
[005585] MMIO_RD size=4 addr=0x0e40 (RBBM_STATUS)
[005586] STATUS_RD RBBM_STATUS -> 0x00000040 (idle, 64 free)
[005587] MMIO_RD size=4 addr=0x1720 (WAIT_UNTIL)
[005588] MMIO_RD size=4 addr=0x0e40 (RBBM_STATUS)
[005589] STATUS_RD RBBM_STATUS -> 0x00000040 (idle, 64 free)
[005590] MMIO_RD size=4 addr=0x1720 (WAIT_UNTIL)
[005591] MMIO_RD size=4 addr=0x0e40 (RBBM_STATUS)
[005592] STATUS_RD RBBM_STATUS -> 0x00000040 (idle, 64 free)
[005593] MMIO_RD size=4 addr=0x1720 (WAIT_UNTIL)
[005594] MMIO_RD size=4 addr=0x0e40 (RBBM_STATUS)
[005595] STATUS_RD RBBM_STATUS -> 0x00000040 (idle, 64 free)
[005596] MMIO_RD size=4 addr=0x1720 (WAIT_UNTIL)
[005597] MMIO_RD size=4 addr=0x0e40 (RBBM_STATUS)
[005598] STATUS_RD RBBM_STATUS -> 0x00000040 (idle, 64 free)
[005599] MMIO_RD size=4 addr=0x1720 (WAIT_UNTIL)
[005600] MMIO_RD size=4 addr=0x0e40 (RBBM_STATUS)
[005601] STATUS_RD RBBM_STATUS -> 0x00000040 (idle, 64 free)
[005602] MMIO_RD size=4 addr=0x1720 (WAIT_UNTIL)
[005603] MMIO_RD size=4 addr=0x0e40 (RBBM_STATUS)
[005604] STATUS_RD RBBM_STATUS -> 0x00000040 (idle, 64 free)
[005605] MMIO_RD size=4 addr=0x1720 (WAIT_UNTIL)
[005606] MMIO_RD size=4 addr=0x0e40 (RBBM_STATUS)
[005607] STATUS_RD RBBM_STATUS -> 0x00000040 (idle, 64 free)
[005608] MMIO_RD size=4 addr=0x1720 (WAIT_UNTIL)
[005609] MMIO_RD size=4 addr=0x0e40 (RBBM_STATUS)
[005610] STATUS_RD RBBM_STATUS -> 0x00000040 (idle, 64 free)
[005611] MMIO_RD size=4 addr=0x1720 (WAIT_UNTIL)
[005612] MMIO_RD size=4 addr=0x0e40 (RBBM_STATUS)
[005613] STATUS_RD RBBM_STATUS -> 0x00000040 (idle, 64 free)
[005614] MMIO_RD size=4 addr=0x1720 (WAIT_UNTIL)
[005615] MMIO_RD size=4 addr=0x0e40 (RBBM_STATUS)
[005616] STATUS_RD RBBM_STATUS -> 0x00000040 (idle, 64 free)
[005617] MMIO_RD size=4 addr=0x1720 (WAIT_UNTIL)
[005618] MMIO_RD size=4 addr=0x0e40 (RBBM_STATUS)
[005619] STATUS_RD RBBM_STATUS -> 0x00000040 (idle, 64 free)
[005620] MMIO_RD size=4 addr=0x1720 (WAIT_UNTIL)
[005621] MMIO_RD size=4 addr=0x0e40 (RBBM_STATUS)
[005622] STATUS_RD RBBM_STATUS -> 0x00000040 (idle, 64 free)
[005623] MMIO_RD size=4 addr=0x1720 (WAIT_UNTIL)
[005624] MMIO_RD size=4 addr=0x0e40 (RBBM_STATUS)
[005625] STATUS_RD RBBM_STATUS -> 0x00000040 (idle, 64 free)
[005626] MMIO_RD size=4 addr=0x1720 (WAIT_UNTIL)
[005627] MMIO_RD size=4 addr=0x0e40 (RBBM_STATUS)
[005628] STATUS_RD RBBM_STATUS -> 0x00000040 (idle, 64 free)
[005629] MMIO_RD size=4 addr=0x1720 (WAIT_UNTIL)
[005630] MMIO_RD size=4 addr=0x0e40 (RBBM_STATUS)
[005631] STATUS_RD RBBM_STATUS -> 0x00000040 (idle, 64 free)
[005632] MMIO_RD size=4 addr=0x1720 (WAIT_UNTIL)
[005633] MMIO_RD size=4 addr=0x0e40 (RBBM_STATUS)
[005634] STATUS_RD RBBM_STATUS -> 0x00000040 (idle, 64 free)
[005635] MMIO_RD size=4 addr=0x1720 (WAIT_UNTIL)
[005636] MMIO_RD size=4 addr=0x0e40 (RBBM_STATUS)
[005637] STATUS_RD RBBM_STATUS -> 0x00000040 (idle, 64 free)
[005638] MMIO_RD size=4 addr=0x1720 (WAIT_UNTIL)
[005639] MMIO_RD size=4 addr=0x0e40 (RBBM_STATUS)
[005640] STATUS_RD RBBM_STATUS -> 0x00000040 (idle, 64 free)
[005641] MMIO_RD size=4 addr=0x1720 (WAIT_UNTIL)
[005642] MMIO_RD size=4 addr=0x0e40 (RBBM_STATUS)
[005643] STATUS_RD RBBM_STATUS -> 0x00000040 (idle, 64 free)
[005644] MMIO_RD size=4 addr=0x1720 (WAIT_UNTIL)
[005645] MMIO_RD size=4 addr=0x0e40 (RBBM_STATUS)
[005646] STATUS_RD RBBM_STATUS -> 0x00000040 (idle, 64 free)
[005647] MMIO_RD size=4 addr=0x1720 (WAIT_UNTIL)
[005648] MMIO_RD size=4 addr=0x0e40 (RBBM_STATUS)
[005649] STATUS_RD RBBM_STATUS -> 0x00000040 (idle, 64 free)
[005650] MMIO_RD size=4 addr=0x1720 (WAIT_UNTIL)
[005651] MMIO_RD size=4 addr=0x0e40 (RBBM_STATUS)
[005652] STATUS_RD RBBM_STATUS -> 0x00000040 (idle, 64 free)
[005653] MMIO_RD size=4 addr=0x1720 (WAIT_UNTIL)
[005654] MMIO_RD size=4 addr=0x0e40 (RBBM_STATUS)
[005655] STATUS_RD RBBM_STATUS -> 0x00000040 (idle, 64 free)
[005656] MMIO_RD size=4 addr=0x1720 (WAIT_UNTIL)
[005657] MMIO_RD size=4 addr=0x0e40 (RBBM_STATUS)
[005658] STATUS_RD RBBM_STATUS -> 0x00000040 (idle, 64 free)
[005659] MMIO_RD size=4 addr=0x1720 (WAIT_UNTIL)
[005660] MMIO_RD size=4 addr=0x0e40 (RBBM_STATUS)
[005661] STATUS_RD RBBM_STATUS -> 0x00000040 (idle, 64 free)
[005662] MMIO_RD size=4 addr=0x1720 (WAIT_UNTIL)
[005663] MMIO_RD size=4 addr=0x0e40 (RBBM_STATUS)
[005664] STATUS_RD RBBM_STATUS -> 0x00000040 (idle, 64 free)
[005665] MMIO_RD size=4 addr=0x1720 (WAIT_UNTIL)
[005666] MMIO_RD size=4 addr=0x0e40 (RBBM_STATUS)
[005667] STATUS_RD RBBM_STATUS -> 0x00000040 (idle, 64 free)
[005668] MMIO_RD size=4 addr=0x1720 (WAIT_UNTIL)
[005669] MMIO_RD size=4 addr=0x0e40 (RBBM_STATUS)
[005670] STATUS_RD RBBM_STATUS -> 0x00000040 (idle, 64 free)
[005671] MMIO_RD size=4 addr=0x1720 (WAIT_UNTIL)
[005672] MMIO_RD size=4 addr=0x0e40 (RBBM_STATUS)
[005673] STATUS_RD RBBM_STATUS -> 0x00000040 (idle, 64 free)
[005674] MMIO_RD size=4 addr=0x1720 (WAIT_UNTIL)
[005675] MMIO_RD size=4 addr=0x0e40 (RBBM_STATUS)
[005676] STATUS_RD RBBM_STATUS -> 0x00000040 (idle, 64 free)
[005677] MMIO_RD size=4 addr=0x1720 (WAIT_UNTIL)
[005678] MMIO_RD size=4 addr=0x0e40 (RBBM_STATUS)
[005679] STATUS_RD RBBM_STATUS -> 0x00000040 (idle, 64 free)
[005680] MMIO_RD size=4 addr=0x1720 (WAIT_UNTIL)
[005681] MMIO_RD size=4 addr=0x0e40 (RBBM_STATUS)
[005682] STATUS_RD RBBM_STATUS -> 0x00000040 (idle, 64 free)
[005683] MMIO_RD size=4 addr=0x1720 (WAIT_UNTIL)
[005684] MMIO_RD size=4 addr=0x0e40 (RBBM_STATUS)
[005685] STATUS_RD RBBM_STATUS -> 0x00000040 (idle, 64 free)
[005686] MMIO_RD size=4 addr=0x1720 (WAIT_UNTIL)
[005687] MMIO_RD size=4 addr=0x0e40 (RBBM_STATUS)
[005688] STATUS_RD RBBM_STATUS -> 0x00000040 (idle, 64 free)
[005689] MMIO_RD size=4 addr=0x1720 (WAIT_UNTIL)
[005690] MMIO_RD size=4 addr=0x0e40 (RBBM_STATUS)
[005691] STATUS_RD RBBM_STATUS -> 0x00000040 (idle, 64 free)
[005692] MMIO_RD size=4 addr=0x1720 (WAIT_UNTIL)
[005693] MMIO_RD size=4 addr=0x0e40 (RBBM_STATUS)
[005694] STATUS_RD RBBM_STATUS -> 0x00000040 (idle, 64 free)
[005695] MMIO_RD size=4 addr=0x1720 (WAIT_UNTIL)
[005696] MMIO_RD size=4 addr=0x0e40 (RBBM_STATUS)
[005697] STATUS_RD RBBM_STATUS -> 0x00000040 (idle, 64 free)
[005698] MMIO_RD size=4 addr=0x1720 (WAIT_UNTIL)
[005699] MMIO_RD size=4 addr=0x0e40 (RBBM_STATUS)
[005700] STATUS_RD RBBM_STATUS -> 0x00000040 (idle, 64 free)
[005701] MMIO_RD size=4 addr=0x1720 (WAIT_UNTIL)
[005702] MMIO_RD size=4 addr=0x0e40 (RBBM_STATUS)
[005703] STATUS_RD RBBM_STATUS -> 0x00000040 (idle, 64 free)
[005704] MMIO_RD size=4 addr=0x1720 (WAIT_UNTIL)
[005705] MMIO_RD size=4 addr=0x0e40 (RBBM_STATUS)
[005706] STATUS_RD RBBM_STATUS -> 0x00000040 (idle, 64 free)
[005707] MMIO_RD size=4 addr=0x1720 (WAIT_UNTIL)
[005708] MMIO_RD size=4 addr=0x0e40 (RBBM_STATUS)
[005709] STATUS_RD RBBM_STATUS -> 0x00000040 (idle, 64 free)
[005710] MMIO_RD size=4 addr=0x1720 (WAIT_UNTIL)
[005711] MMIO_RD size=4 addr=0x0e40 (RBBM_STATUS)
[005712] STATUS_RD RBBM_STATUS -> 0x00000040 (idle, 64 free)
[005713] MMIO_RD size=4 addr=0x1720 (WAIT_UNTIL)
[005714] MMIO_RD size=4 addr=0x0e40 (RBBM_STATUS)
[005715] STATUS_RD RBBM_STATUS -> 0x00000040 (idle, 64 free)
[005716] MMIO_RD size=4 addr=0x1720 (WAIT_UNTIL)
[005717] MMIO_RD size=4 addr=0x0e40 (RBBM_STATUS)
[005718] STATUS_RD RBBM_STATUS -> 0x00000040 (idle, 64 free)
[005719] MMIO_RD size=4 addr=0x1720 (WAIT_UNTIL)
[005720] MMIO_RD size=4 addr=0x0e40 (RBBM_STATUS)
[005721] STATUS_RD RBBM_STATUS -> 0x00000040 (idle, 64 free)
[005722] MMIO_RD size=4 addr=0x1720 (WAIT_UNTIL)
[005723] MMIO_RD size=4 addr=0x0e40 (RBBM_STATUS)
[005724] STATUS_RD RBBM_STATUS -> 0x00000040 (idle, 64 free)
[005725] MMIO_RD size=4 addr=0x1720 (WAIT_UNTIL)
[005726] MMIO_RD size=4 addr=0x0e40 (RBBM_STATUS)
[005727] STATUS_RD RBBM_STATUS -> 0x00000040 (idle, 64 free)
[005728] MMIO_RD size=4 addr=0x1720 (WAIT_UNTIL)
[005729] MMIO_RD size=4 addr=0x0e40 (RBBM_STATUS)
[005730] STATUS_RD RBBM_STATUS -> 0x00000040 (idle, 64 free)
[005731] MMIO_RD size=4 addr=0x1720 (WAIT_UNTIL)
[005732] MMIO_RD size=4 addr=0x0e40 (RBBM_STATUS)
[005733] STATUS_RD RBBM_STATUS -> 0x00000040 (idle, 64 free)
[005734] MMIO_RD size=4 addr=0x1720 (WAIT_UNTIL)
[005735] MMIO_RD size=4 addr=0x0e40 (RBBM_STATUS)
[005736] STATUS_RD RBBM_STATUS -> 0x00000040 (idle, 64 free)
[005737] MMIO_RD size=4 addr=0x1720 (WAIT_UNTIL)
[005738] MMIO_RD size=4 addr=0x0e40 (RBBM_STATUS)
[005739] STATUS_RD RBBM_STATUS -> 0x00000040 (idle, 64 free)
[005740] MMIO_RD size=4 addr=0x1720 (WAIT_UNTIL)
[005741] MMIO_RD size=4 addr=0x0e40 (RBBM_STATUS)
[005742] STATUS_RD RBBM_STATUS -> 0x00000040 (idle, 64 free)
[005743] MMIO_RD size=4 addr=0x1720 (WAIT_UNTIL)
[005744] MMIO_RD size=4 addr=0x0e40 (RBBM_STATUS)
[005745] STATUS_RD RBBM_STATUS -> 0x00000040 (idle, 64 free)
[005746] MMIO_RD size=4 addr=0x1720 (WAIT_UNTIL)
[005747] MMIO_RD size=4 addr=0x0e40 (RBBM_STATUS)
[005748] STATUS_RD RBBM_STATUS -> 0x00000040 (idle, 64 free)
[005749] MMIO_RD size=4 addr=0x1720 (WAIT_UNTIL)
[005750] MMIO_RD size=4 addr=0x0e40 (RBBM_STATUS)
[005751] STATUS_RD RBBM_STATUS -> 0x00000040 (idle, 64 free)
[005752] MMIO_RD size=4 addr=0x1720 (WAIT_UNTIL)
[005753] MMIO_RD size=4 addr=0x0e40 (RBBM_STATUS)
[005754] STATUS_RD RBBM_STATUS -> 0x00000040 (idle, 64 free)
[005755] MMIO_RD size=4 addr=0x1720 (WAIT_UNTIL)
[005756] MMIO_RD size=4 addr=0x0e40 (RBBM_STATUS)
[005757] STATUS_RD RBBM_STATUS -> 0x00000040 (idle, 64 free)
[005758] MMIO_RD size=4 addr=0x1720 (WAIT_UNTIL)
[005759] MMIO_RD size=4 addr=0x0e40 (RBBM_STATUS)
[005760] STATUS_RD RBBM_STATUS -> 0x00000040 (idle, 64 free)
[005761] MMIO_RD size=4 addr=0x1720 (WAIT_UNTIL)
[005762] MMIO_RD size=4 addr=0x0e40 (RBBM_STATUS)
[005763] STATUS_RD RBBM_STATUS -> 0x00000040 (idle, 64 free)
[005764] MMIO_RD size=4 addr=0x1720 (WAIT_UNTIL)
[005765] MMIO_RD size=4 addr=0x0e40 (RBBM_STATUS)
[005766] STATUS_RD RBBM_STATUS -> 0x00000040 (idle, 64 free)
[005767] MMIO_RD size=4 addr=0x1720 (WAIT_UNTIL)
[005768] MMIO_RD size=4 addr=0x0e40 (RBBM_STATUS)
[005769] STATUS_RD RBBM_STATUS -> 0x00000040 (idle, 64 free)
[005770] MMIO_RD size=4 addr=0x1720 (WAIT_UNTIL)
[005771] MMIO_RD size=4 addr=0x0e40 (RBBM_STATUS)
[005772] STATUS_RD RBBM_STATUS -> 0x00000040 (idle, 64 free)
[005773] MMIO_RD size=4 addr=0x1720 (WAIT_UNTIL)
[005774] MMIO_RD size=4 addr=0x0e40 (RBBM_STATUS)
[005775] STATUS_RD RBBM_STATUS -> 0x00000040 (idle, 64 free)
[005776] MMIO_RD size=4 addr=0x1720 (WAIT_UNTIL)
[005777] MMIO_RD size=4 addr=0x0e40 (RBBM_STATUS)
[005778] STATUS_RD RBBM_STATUS -> 0x00000040 (idle, 64 free)
[005779] MMIO_RD size=4 addr=0x1720 (WAIT_UNTIL)
[005780] MMIO_RD size=4 addr=0x0e40 (RBBM_STATUS)
[005781] STATUS_RD RBBM_STATUS -> 0x00000040 (idle, 64 free)
[005782] MMIO_RD size=4 addr=0x1720 (WAIT_UNTIL)
[005783] MMIO_RD size=4 addr=0x0e40 (RBBM_STATUS)
[005784] STATUS_RD RBBM_STATUS -> 0x00000040 (idle, 64 free)
[005785] MMIO_RD size=4 addr=0x1720 (WAIT_UNTIL)
[005786] MMIO_RD size=4 addr=0x0e40 (RBBM_STATUS)
[005787] STATUS_RD RBBM_STATUS -> 0x00000040 (idle, 64 free)
[005788] MMIO_RD size=4 addr=0x1720 (WAIT_UNTIL)
[005789] MMIO_RD size=4 addr=0x0e40 (RBBM_STATUS)
[005790] STATUS_RD RBBM_STATUS -> 0x00000040 (idle, 64 free)
[005791] MMIO_RD size=4 addr=0x1720 (WAIT_UNTIL)
[005792] MMIO_RD size=4 addr=0x0e40 (RBBM_STATUS)
[005793] STATUS_RD RBBM_STATUS -> 0x00000040 (idle, 64 free)
[005794] MMIO_RD size=4 addr=0x1720 (WAIT_UNTIL)
[005795] MMIO_RD size=4 addr=0x0e40 (RBBM_STATUS)
[005796] STATUS_RD RBBM_STATUS -> 0x00000040 (idle, 64 free)
[005797] MMIO_RD size=4 addr=0x1720 (WAIT_UNTIL)
[005798] MMIO_RD size=4 addr=0x0e40 (RBBM_STATUS)
[005799] STATUS_RD RBBM_STATUS -> 0x00000040 (idle, 64 free)
[005800] MMIO_RD size=4 addr=0x1720 (WAIT_UNTIL)
[005801] MMIO_RD size=4 addr=0x0e40 (RBBM_STATUS)
[005802] STATUS_RD RBBM_STATUS -> 0x00000040 (idle, 64 free)
[005803] MMIO_RD size=4 addr=0x1720 (WAIT_UNTIL)
[005804] MMIO_RD size=4 addr=0x0e40 (RBBM_STATUS)
[005805] STATUS_RD RBBM_STATUS -> 0x00000040 (idle, 64 free)
[005806] MMIO_RD size=4 addr=0x1720 (WAIT_UNTIL)
[005807] MMIO_RD size=4 addr=0x0e40 (RBBM_STATUS)
[005808] STATUS_RD RBBM_STATUS -> 0x00000040 (idle, 64 free)
[005809] MMIO_RD size=4 addr=0x1720 (WAIT_UNTIL)
[005810] MMIO_RD size=4 addr=0x0e40 (RBBM_STATUS)
[005811] STATUS_RD RBBM_STATUS -> 0x00000040 (idle, 64 free)
[005812] MMIO_RD size=4 addr=0x1720 (WAIT_UNTIL)
[005813] MMIO_RD size=4 addr=0x0e40 (RBBM_STATUS)
[005814] STATUS_RD RBBM_STATUS -> 0x00000040 (idle, 64 free)
[005815] MMIO_RD size=4 addr=0x1720 (WAIT_UNTIL)
[005816] MMIO_RD size=4 addr=0x0e40 (RBBM_STATUS)
[005817] STATUS_RD RBBM_STATUS -> 0x00000040 (idle, 64 free)
[005818] MMIO_RD size=4 addr=0x1720 (WAIT_UNTIL)
[005819] MMIO_RD size=4 addr=0x0e40 (RBBM_STATUS)
[005820] STATUS_RD RBBM_STATUS -> 0x00000040 (idle, 64 free)
[005821] MMIO_RD size=4 addr=0x1720 (WAIT_UNTIL)
[005822] MMIO_RD size=4 addr=0x0e40 (RBBM_STATUS)
[005823] STATUS_RD RBBM_STATUS -> 0x00000040 (idle, 64 free)
[005824] MMIO_RD size=4 addr=0x1720 (WAIT_UNTIL)
[005825] MMIO_RD size=4 addr=0x0e40 (RBBM_STATUS)
[005826] STATUS_RD RBBM_STATUS -> 0x00000040 (idle, 64 free)
[005827] MMIO_RD size=4 addr=0x1720 (WAIT_UNTIL)
[005828] MMIO_RD size=4 addr=0x0e40 (RBBM_STATUS)
[005829] STATUS_RD RBBM_STATUS -> 0x00000040 (idle, 64 free)
[005830] MMIO_RD size=4 addr=0x1720 (WAIT_UNTIL)
[005831] MMIO_RD size=4 addr=0x0e40 (RBBM_STATUS)
[005832] STATUS_RD RBBM_STATUS -> 0x00000040 (idle, 64 free)
[005833] MMIO_RD size=4 addr=0x1720 (WAIT_UNTIL)
[005834] MMIO_RD size=4 addr=0x0e40 (RBBM_STATUS)
[005835] STATUS_RD RBBM_STATUS -> 0x00000040 (idle, 64 free)
[005836] MMIO_RD size=4 addr=0x1720 (WAIT_UNTIL)
[005837] MMIO_RD size=4 addr=0x0e40 (RBBM_STATUS)
[005838] STATUS_RD RBBM_STATUS -> 0x00000040 (idle, 64 free)
[005839] MMIO_RD size=4 addr=0x1720 (WAIT_UNTIL)
[005840] MMIO_RD size=4 addr=0x0e40 (RBBM_STATUS)
[005841] STATUS_RD RBBM_STATUS -> 0x00000040 (idle, 64 free)
[005842] MMIO_RD size=4 addr=0x1720 (WAIT_UNTIL)
[005843] MMIO_RD size=4 addr=0x0e40 (RBBM_STATUS)
[005844] STATUS_RD RBBM_STATUS -> 0x00000040 (idle, 64 free)
[005845] MMIO_RD size=4 addr=0x1720 (WAIT_UNTIL)
[005846] MMIO_RD size=4 addr=0x0e40 (RBBM_STATUS)
[005847] STATUS_RD RBBM_STATUS -> 0x00000040 (idle, 64 free)
[005848] MMIO_RD size=4 addr=0x1720 (WAIT_UNTIL)
[005849] MMIO_RD size=4 addr=0x0e40 (RBBM_STATUS)
[005850] STATUS_RD RBBM_STATUS -> 0x00000040 (idle, 64 free)
[005851] MMIO_RD size=4 addr=0x1720 (WAIT_UNTIL)
[005852] MMIO_RD size=4 addr=0x0e40 (RBBM_STATUS)
[005853] STATUS_RD RBBM_STATUS -> 0x00000040 (idle, 64 free)
[005854] MMIO_RD size=4 addr=0x1720 (WAIT_UNTIL)
[005855] MMIO_RD size=4 addr=0x0e40 (RBBM_STATUS)
[005856] STATUS_RD RBBM_STATUS -> 0x00000040 (idle, 64 free)
[005857] MMIO_RD size=4 addr=0x1720 (WAIT_UNTIL)
[005858] MMIO_RD size=4 addr=0x0e40 (RBBM_STATUS)
[005859] STATUS_RD RBBM_STATUS -> 0x00000040 (idle, 64 free)
[005860] MMIO_RD size=4 addr=0x1720 (WAIT_UNTIL)
[005861] MMIO_RD size=4 addr=0x0e40 (RBBM_STATUS)
[005862] STATUS_RD RBBM_STATUS -> 0x00000040 (idle, 64 free)
[005863] MMIO_RD size=4 addr=0x1720 (WAIT_UNTIL)
[005864] MMIO_RD size=4 addr=0x0e40 (RBBM_STATUS)
[005865] STATUS_RD RBBM_STATUS -> 0x00000040 (idle, 64 free)
[005866] MMIO_RD size=4 addr=0x1720 (WAIT_UNTIL)
[005867] MMIO_RD size=4 addr=0x0e40 (RBBM_STATUS)
[005868] STATUS_RD RBBM_STATUS -> 0x00000040 (idle, 64 free)
[005869] MMIO_RD size=4 addr=0x1720 (WAIT_UNTIL)
[005870] MMIO_RD size=4 addr=0x0e40 (RBBM_STATUS)
[005871] STATUS_RD RBBM_STATUS -> 0x00000040 (idle, 64 free)
[005872] MMIO_RD size=4 addr=0x1720 (WAIT_UNTIL)
[005873] MMIO_RD size=4 addr=0x0e40 (RBBM_STATUS)
[005874] STATUS_RD RBBM_STATUS -> 0x00000040 (idle, 64 free)
[005875] MMIO_RD size=4 addr=0x1720 (WAIT_UNTIL)
[005876] MMIO_RD size=4 addr=0x0e40 (RBBM_STATUS)
[005877] STATUS_RD RBBM_STATUS -> 0x00000040 (idle, 64 free)
[005878] MMIO_RD size=4 addr=0x1720 (WAIT_UNTIL)
[005879] MMIO_RD size=4 addr=0x0e40 (RBBM_STATUS)
[005880] STATUS_RD RBBM_STATUS -> 0x00000040 (idle, 64 free)
[005881] MMIO_RD size=4 addr=0x1720 (WAIT_UNTIL)
[005882] MMIO_RD size=4 addr=0x0e40 (RBBM_STATUS)
[005883] STATUS_RD RBBM_STATUS -> 0x00000040 (idle, 64 free)
[005884] MMIO_RD size=4 addr=0x1720 (WAIT_UNTIL)
[005885] MMIO_RD size=4 addr=0x0e40 (RBBM_STATUS)
[005886] STATUS_RD RBBM_STATUS -> 0x00000040 (idle, 64 free)
[005887] MMIO_RD size=4 addr=0x1720 (WAIT_UNTIL)
[005888] MMIO_RD size=4 addr=0x0e40 (RBBM_STATUS)
[005889] STATUS_RD RBBM_STATUS -> 0x00000040 (idle, 64 free)
[005890] MMIO_RD size=4 addr=0x1720 (WAIT_UNTIL)
[005891] MMIO_RD size=4 addr=0x0e40 (RBBM_STATUS)
[005892] STATUS_RD RBBM_STATUS -> 0x00000040 (idle, 64 free)
[005893] MMIO_RD size=4 addr=0x1720 (WAIT_UNTIL)
[005894] MMIO_RD size=4 addr=0x0e40 (RBBM_STATUS)
[005895] STATUS_RD RBBM_STATUS -> 0x00000040 (idle, 64 free)
[005896] MMIO_RD size=4 addr=0x1720 (WAIT_UNTIL)
[005897] MMIO_RD size=4 addr=0x0e40 (RBBM_STATUS)
[005898] STATUS_RD RBBM_STATUS -> 0x00000040 (idle, 64 free)
[005899] MMIO_RD size=4 addr=0x1720 (WAIT_UNTIL)
[005900] MMIO_RD size=4 addr=0x0e40 (RBBM_STATUS)
[005901] STATUS_RD RBBM_STATUS -> 0x00000040 (idle, 64 free)
[005902] MMIO_RD size=4 addr=0x1720 (WAIT_UNTIL)
[005903] MMIO_RD size=4 addr=0x0e40 (RBBM_STATUS)
[005904] STATUS_RD RBBM_STATUS -> 0x00000040 (idle, 64 free)
[005905] MMIO_RD size=4 addr=0x1720 (WAIT_UNTIL)
[005906] MMIO_RD size=4 addr=0x0e40 (RBBM_STATUS)
[005907] STATUS_RD RBBM_STATUS -> 0x00000040 (idle, 64 free)
[005908] MMIO_RD size=4 addr=0x1720 (WAIT_UNTIL)
[005909] MMIO_RD size=4 addr=0x0e40 (RBBM_STATUS)
[005910] STATUS_RD RBBM_STATUS -> 0x00000040 (idle, 64 free)
[005911] MMIO_RD size=4 addr=0x1720 (WAIT_UNTIL)
[005912] MMIO_RD size=4 addr=0x0e40 (RBBM_STATUS)
[005913] STATUS_RD RBBM_STATUS -> 0x00000040 (idle, 64 free)
[005914] MMIO_RD size=4 addr=0x1720 (WAIT_UNTIL)
[005915] MMIO_RD size=4 addr=0x0e40 (RBBM_STATUS)
[005916] STATUS_RD RBBM_STATUS -> 0x00000040 (idle, 64 free)
[005917] MMIO_RD size=4 addr=0x1720 (WAIT_UNTIL)
[005918] MMIO_RD size=4 addr=0x0e40 (RBBM_STATUS)
[005919] STATUS_RD RBBM_STATUS -> 0x00000040 (idle, 64 free)
[005920] MMIO_RD size=4 addr=0x1720 (WAIT_UNTIL)
[005921] MMIO_RD size=4 addr=0x0e40 (RBBM_STATUS)
[005922] STATUS_RD RBBM_STATUS -> 0x00000040 (idle, 64 free)
[005923] MMIO_RD size=4 addr=0x1720 (WAIT_UNTIL)
[005924] MMIO_RD size=4 addr=0x0e40 (RBBM_STATUS)
[005925] STATUS_RD RBBM_STATUS -> 0x00000040 (idle, 64 free)
[005926] MMIO_RD size=4 addr=0x1720 (WAIT_UNTIL)
[005927] MMIO_RD size=4 addr=0x0e40 (RBBM_STATUS)
[005928] STATUS_RD RBBM_STATUS -> 0x00000040 (idle, 64 free)
[005929] MMIO_RD size=4 addr=0x1720 (WAIT_UNTIL)
[005930] MMIO_RD size=4 addr=0x0e40 (RBBM_STATUS)
[005931] STATUS_RD RBBM_STATUS -> 0x00000040 (idle, 64 free)
[005932] MMIO_RD size=4 addr=0x1720 (WAIT_UNTIL)
[005933] MMIO_RD size=4 addr=0x0e40 (RBBM_STATUS)
[005934] STATUS_RD RBBM_STATUS -> 0x00000040 (idle, 64 free)
[005935] MMIO_RD size=4 addr=0x1720 (WAIT_UNTIL)
[005936] MMIO_RD size=4 addr=0x0e40 (RBBM_STATUS)
[005937] STATUS_RD RBBM_STATUS -> 0x00000040 (idle, 64 free)
[005938] MMIO_RD size=4 addr=0x1720 (WAIT_UNTIL)
[005939] MMIO_RD size=4 addr=0x0e40 (RBBM_STATUS)
[005940] STATUS_RD RBBM_STATUS -> 0x00000040 (idle, 64 free)
[005941] MMIO_RD size=4 addr=0x1720 (WAIT_UNTIL)
[005942] MMIO_RD size=4 addr=0x0e40 (RBBM_STATUS)
[005943] STATUS_RD RBBM_STATUS -> 0x00000040 (idle, 64 free)
[005944] MMIO_RD size=4 addr=0x1720 (WAIT_UNTIL)
[005945] MMIO_RD size=4 addr=0x0e40 (RBBM_STATUS)
[005946] STATUS_RD RBBM_STATUS -> 0x00000040 (idle, 64 free)
[005947] MMIO_RD size=4 addr=0x1720 (WAIT_UNTIL)
[005948] MMIO_RD size=4 addr=0x0e40 (RBBM_STATUS)
[005949] STATUS_RD RBBM_STATUS -> 0x00000040 (idle, 64 free)
[005950] MMIO_RD size=4 addr=0x1720 (WAIT_UNTIL)
[005951] MMIO_RD size=4 addr=0x0e40 (RBBM_STATUS)
[005952] STATUS_RD RBBM_STATUS -> 0x00000040 (idle, 64 free)
[005953] MMIO_RD size=4 addr=0x1720 (WAIT_UNTIL)
[005954] MMIO_RD size=4 addr=0x0e40 (RBBM_STATUS)
[005955] STATUS_RD RBBM_STATUS -> 0x00000040 (idle, 64 free)
[005956] MMIO_RD size=4 addr=0x1720 (WAIT_UNTIL)
[005957] MMIO_RD size=4 addr=0x0e40 (RBBM_STATUS)
[005958] STATUS_RD RBBM_STATUS -> 0x00000040 (idle, 64 free)
[005959] MMIO_RD size=4 addr=0x1720 (WAIT_UNTIL)
[005960] MMIO_RD size=4 addr=0x0e40 (RBBM_STATUS)
[005961] STATUS_RD RBBM_STATUS -> 0x00000040 (idle, 64 free)
[005962] MMIO_RD size=4 addr=0x1720 (WAIT_UNTIL)
[005963] MMIO_RD size=4 addr=0x0e40 (RBBM_STATUS)
[005964] STATUS_RD RBBM_STATUS -> 0x00000040 (idle, 64 free)
[005965] MMIO_RD size=4 addr=0x1720 (WAIT_UNTIL)
[005966] MMIO_RD size=4 addr=0x0e40 (RBBM_STATUS)
[005967] STATUS_RD RBBM_STATUS -> 0x00000040 (idle, 64 free)
[005968] MMIO_RD size=4 addr=0x1720 (WAIT_UNTIL)
[005969] MMIO_RD size=4 addr=0x0e40 (RBBM_STATUS)
[005970] STATUS_RD RBBM_STATUS -> 0x00000040 (idle, 64 free)
[005971] MMIO_RD size=4 addr=0x1720 (WAIT_UNTIL)
[005972] MMIO_RD size=4 addr=0x0e40 (RBBM_STATUS)
[005973] STATUS_RD RBBM_STATUS -> 0x00000040 (idle, 64 free)
[005974] MMIO_RD size=4 addr=0x1720 (WAIT_UNTIL)
[005975] MMIO_RD size=4 addr=0x0e40 (RBBM_STATUS)
[005976] STATUS_RD RBBM_STATUS -> 0x00000040 (idle, 64 free)
[005977] MMIO_RD size=4 addr=0x1720 (WAIT_UNTIL)
[005978] MMIO_RD size=4 addr=0x0e40 (RBBM_STATUS)
[005979] STATUS_RD RBBM_STATUS -> 0x00000040 (idle, 64 free)
[005980] MMIO_RD size=4 addr=0x1720 (WAIT_UNTIL)
[005981] MMIO_RD size=4 addr=0x0e40 (RBBM_STATUS)
[005982] STATUS_RD RBBM_STATUS -> 0x00000040 (idle, 64 free)
[005983] MMIO_RD size=4 addr=0x1720 (WAIT_UNTIL)
[005984] MMIO_RD size=4 addr=0x0e40 (RBBM_STATUS)
[005985] STATUS_RD RBBM_STATUS -> 0x00000040 (idle, 64 free)
[005986] MMIO_RD size=4 addr=0x1720 (WAIT_UNTIL)
[005987] MMIO_RD size=4 addr=0x0e40 (RBBM_STATUS)
[005988] STATUS_RD RBBM_STATUS -> 0x00000040 (idle, 64 free)
[005989] MMIO_RD size=4 addr=0x1720 (WAIT_UNTIL)
[005990] MMIO_RD size=4 addr=0x0e40 (RBBM_STATUS)
[005991] STATUS_RD RBBM_STATUS -> 0x00000040 (idle, 64 free)
[005992] MMIO_RD size=4 addr=0x1720 (WAIT_UNTIL)
[005993] MMIO_RD size=4 addr=0x0e40 (RBBM_STATUS)
[005994] STATUS_RD RBBM_STATUS -> 0x00000040 (idle, 64 free)
[005995] MMIO_RD size=4 addr=0x1720 (WAIT_UNTIL)
[005996] MMIO_RD size=4 addr=0x0e40 (RBBM_STATUS)
[005997] STATUS_RD RBBM_STATUS -> 0x00000040 (idle, 64 free)
[005998] MMIO_RD size=4 addr=0x1720 (WAIT_UNTIL)
[005999] MMIO_RD size=4 addr=0x0e40 (RBBM_STATUS)
[006000] STATUS_RD RBBM_STATUS -> 0x00000040 (idle, 64 free)
[006001] MMIO_RD size=4 addr=0x1720 (WAIT_UNTIL)
[006002] MMIO_RD size=4 addr=0x0e40 (RBBM_STATUS)
[006003] STATUS_RD RBBM_STATUS -> 0x00000040 (idle, 64 free)
[006004] MMIO_RD size=4 addr=0x1720 (WAIT_UNTIL)
[006005] MMIO_RD size=4 addr=0x0e40 (RBBM_STATUS)
[006006] STATUS_RD RBBM_STATUS -> 0x00000040 (idle, 64 free)
[006007] MMIO_RD size=4 addr=0x1720 (WAIT_UNTIL)
[006008] MMIO_RD size=4 addr=0x0e40 (RBBM_STATUS)
[006009] STATUS_RD RBBM_STATUS -> 0x00000040 (idle, 64 free)
[006010] MMIO_RD size=4 addr=0x1720 (WAIT_UNTIL)
[006011] MMIO_RD size=4 addr=0x0e40 (RBBM_STATUS)
[006012] STATUS_RD RBBM_STATUS -> 0x00000040 (idle, 64 free)
[006013] MMIO_RD size=4 addr=0x1720 (WAIT_UNTIL)
[006014] MMIO_RD size=4 addr=0x0e40 (RBBM_STATUS)
[006015] STATUS_RD RBBM_STATUS -> 0x00000040 (idle, 64 free)
[006016] MMIO_RD size=4 addr=0x1720 (WAIT_UNTIL)
[006017] MMIO_RD size=4 addr=0x0e40 (RBBM_STATUS)
[006018] STATUS_RD RBBM_STATUS -> 0x00000040 (idle, 64 free)
[006019] MMIO_RD size=4 addr=0x1720 (WAIT_UNTIL)
[006020] MMIO_RD size=4 addr=0x0e40 (RBBM_STATUS)
[006021] STATUS_RD RBBM_STATUS -> 0x00000040 (idle, 64 free)
[006022] MMIO_RD size=4 addr=0x1720 (WAIT_UNTIL)
[006023] MMIO_RD size=4 addr=0x0e40 (RBBM_STATUS)
[006024] STATUS_RD RBBM_STATUS -> 0x00000040 (idle, 64 free)
[006025] MMIO_RD size=4 addr=0x1720 (WAIT_UNTIL)
[006026] MMIO_RD size=4 addr=0x0e40 (RBBM_STATUS)
[006027] STATUS_RD RBBM_STATUS -> 0x00000040 (idle, 64 free)
[006028] MMIO_RD size=4 addr=0x1720 (WAIT_UNTIL)
[006029] MMIO_RD size=4 addr=0x0e40 (RBBM_STATUS)
[006030] STATUS_RD RBBM_STATUS -> 0x00000040 (idle, 64 free)
[006031] MMIO_RD size=4 addr=0x1720 (WAIT_UNTIL)
[006032] MMIO_RD size=4 addr=0x0e40 (RBBM_STATUS)
[006033] STATUS_RD RBBM_STATUS -> 0x00000040 (idle, 64 free)
[006034] MMIO_RD size=4 addr=0x1720 (WAIT_UNTIL)
[006035] MMIO_RD size=4 addr=0x0e40 (RBBM_STATUS)
[006036] STATUS_RD RBBM_STATUS -> 0x00000040 (idle, 64 free)
[006037] MMIO_RD size=4 addr=0x1720 (WAIT_UNTIL)
[006038] MMIO_RD size=4 addr=0x0e40 (RBBM_STATUS)
[006039] STATUS_RD RBBM_STATUS -> 0x00000040 (idle, 64 free)
[006040] MMIO_RD size=4 addr=0x1720 (WAIT_UNTIL)
[006041] MMIO_RD size=4 addr=0x0e40 (RBBM_STATUS)
[006042] STATUS_RD RBBM_STATUS -> 0x00000040 (idle, 64 free)
[006043] MMIO_RD size=4 addr=0x1720 (WAIT_UNTIL)
[006044] MMIO_RD size=4 addr=0x0e40 (RBBM_STATUS)
[006045] STATUS_RD RBBM_STATUS -> 0x00000040 (idle, 64 free)
[006046] MMIO_RD size=4 addr=0x1720 (WAIT_UNTIL)
[006047] MMIO_RD size=4 addr=0x0e40 (RBBM_STATUS)
[006048] STATUS_RD RBBM_STATUS -> 0x00000040 (idle, 64 free)
[006049] MMIO_RD size=4 addr=0x1720 (WAIT_UNTIL)
[006050] MMIO_RD size=4 addr=0x0e40 (RBBM_STATUS)
[006051] STATUS_RD RBBM_STATUS -> 0x00000040 (idle, 64 free)
[006052] MMIO_RD size=4 addr=0x1720 (WAIT_UNTIL)
[006053] MMIO_RD size=4 addr=0x0e40 (RBBM_STATUS)
[006054] STATUS_RD RBBM_STATUS -> 0x00000040 (idle, 64 free)
[006055] MMIO_RD size=4 addr=0x1720 (WAIT_UNTIL)
[006056] MMIO_RD size=4 addr=0x0e40 (RBBM_STATUS)
[006057] STATUS_RD RBBM_STATUS -> 0x00000040 (idle, 64 free)
[006058] MMIO_RD size=4 addr=0x1720 (WAIT_UNTIL)
[006059] MMIO_RD size=4 addr=0x0e40 (RBBM_STATUS)
[006060] STATUS_RD RBBM_STATUS -> 0x00000040 (idle, 64 free)
[006061] MMIO_RD size=4 addr=0x1720 (WAIT_UNTIL)
[006062] MMIO_RD size=4 addr=0x0e40 (RBBM_STATUS)
[006063] STATUS_RD RBBM_STATUS -> 0x00000040 (idle, 64 free)
[006064] MMIO_RD size=4 addr=0x1720 (WAIT_UNTIL)
[006065] MMIO_RD size=4 addr=0x0e40 (RBBM_STATUS)
[006066] STATUS_RD RBBM_STATUS -> 0x00000040 (idle, 64 free)
[006067] MMIO_RD size=4 addr=0x1720 (WAIT_UNTIL)
[006068] MMIO_RD size=4 addr=0x0e40 (RBBM_STATUS)
[006069] STATUS_RD RBBM_STATUS -> 0x00000040 (idle, 64 free)
[006070] MMIO_RD size=4 addr=0x1720 (WAIT_UNTIL)
[006071] MMIO_RD size=4 addr=0x0e40 (RBBM_STATUS)
[006072] STATUS_RD RBBM_STATUS -> 0x00000040 (idle, 64 free)
[006073] MMIO_RD size=4 addr=0x1720 (WAIT_UNTIL)
[006074] MMIO_RD size=4 addr=0x0e40 (RBBM_STATUS)
[006075] STATUS_RD RBBM_STATUS -> 0x00000040 (idle, 64 free)
[006076] MMIO_RD size=4 addr=0x1720 (WAIT_UNTIL)
[006077] MMIO_RD size=4 addr=0x0e40 (RBBM_STATUS)
[006078] STATUS_RD RBBM_STATUS -> 0x00000040 (idle, 64 free)
[006079] MMIO_RD size=4 addr=0x1720 (WAIT_UNTIL)
[006080] MMIO_RD size=4 addr=0x0e40 (RBBM_STATUS)
[006081] STATUS_RD RBBM_STATUS -> 0x00000040 (idle, 64 free)
[006082] MMIO_RD size=4 addr=0x1720 (WAIT_UNTIL)
[006083] MMIO_RD size=4 addr=0x0e40 (RBBM_STATUS)
[006084] STATUS_RD RBBM_STATUS -> 0x00000040 (idle, 64 free)
[006085] MMIO_RD size=4 addr=0x1720 (WAIT_UNTIL)
[006086] MMIO_RD size=4 addr=0x0e40 (RBBM_STATUS)
[006087] STATUS_RD RBBM_STATUS -> 0x00000040 (idle, 64 free)
[006088] MMIO_RD size=4 addr=0x1720 (WAIT_UNTIL)
[006089] MMIO_WR size=4 addr=0x0770 val=0x0 (SCRATCH_UMSK)
[006090] MMIO_RD size=4 addr=0x0704 (CP_RB_CNTL)
[006091] MMIO_WR size=4 addr=0x0704 val=0x8000000 (CP_RB_CNTL)
[006092] CP_SETUP RB_CNTL=0x08000000 (log2size=0)
[006093] MMIO_WR size=4 addr=0x0744 val=0x0 (UNKNOWN)
[006094] MMIO_RD size=4 addr=0x0744 (UNKNOWN)
[006095] MMIO_RD size=4 addr=0x0704 (CP_RB_CNTL)
[006096] MMIO_WR size=4 addr=0x0704 val=0x88000000 (CP_RB_CNTL)
[006097] CP_SETUP RB_CNTL=0x88000000 (log2size=0)
[006098] MMIO_WR size=4 addr=0x071c val=0x0 (UNKNOWN)
[006099] MMIO_WR size=4 addr=0x0714 val=0x0 (CP_RB_WPTR)
[006100] CP_RING WPTR <- 0 (prev=0, delta=0)
[006101] MMIO_WR size=4 addr=0x0704 val=0x8000000 (CP_RB_CNTL)
[006102] CP_SETUP RB_CNTL=0x08000000 (log2size=0)
[006103] MMIO_RD size=4 addr=0x0e40 (RBBM_STATUS)
[006104] STATUS_RD RBBM_STATUS -> 0x00000040 (idle, 64 free)
[006105] MMIO_RD size=4 addr=0x1720 (WAIT_UNTIL)
[006106] MMIO_RD size=4 addr=0x0e40 (RBBM_STATUS)
[006107] STATUS_RD RBBM_STATUS -> 0x00000040 (idle, 64 free)
[006108] MMIO_RD size=4 addr=0x1720 (WAIT_UNTIL)
[006109] MMIO_RD size=4 addr=0x0e40 (RBBM_STATUS)
[006110] STATUS_RD RBBM_STATUS -> 0x00000040 (idle, 64 free)
[006111] MMIO_RD size=4 addr=0x1720 (WAIT_UNTIL)
[006112] MMIO_RD size=4 addr=0x0e40 (RBBM_STATUS)
[006113] STATUS_RD RBBM_STATUS -> 0x00000040 (idle, 64 free)
[006114] MMIO_RD size=4 addr=0x1720 (WAIT_UNTIL)
[006115] MMIO_RD size=4 addr=0x0e40 (RBBM_STATUS)
[006116] STATUS_RD RBBM_STATUS -> 0x00000040 (idle, 64 free)
[006117] MMIO_RD size=4 addr=0x1720 (WAIT_UNTIL)
[006118] MMIO_RD size=4 addr=0x0e40 (RBBM_STATUS)
[006119] STATUS_RD RBBM_STATUS -> 0x00000040 (idle, 64 free)
[006120] MMIO_RD size=4 addr=0x1720 (WAIT_UNTIL)
[006121] MMIO_RD size=4 addr=0x0e40 (RBBM_STATUS)
[006122] STATUS_RD RBBM_STATUS -> 0x00000040 (idle, 64 free)
[006123] MMIO_RD size=4 addr=0x1720 (WAIT_UNTIL)
[006124] MMIO_RD size=4 addr=0x0e40 (RBBM_STATUS)
[006125] STATUS_RD RBBM_STATUS -> 0x00000040 (idle, 64 free)
[006126] MMIO_RD size=4 addr=0x1720 (WAIT_UNTIL)
[006127] MMIO_RD size=4 addr=0x0e40 (RBBM_STATUS)
[006128] STATUS_RD RBBM_STATUS -> 0x00000040 (idle, 64 free)
[006129] MMIO_RD size=4 addr=0x1720 (WAIT_UNTIL)
[006130] MMIO_RD size=4 addr=0x0e40 (RBBM_STATUS)
[006131] STATUS_RD RBBM_STATUS -> 0x00000040 (idle, 64 free)
[006132] MMIO_RD size=4 addr=0x1720 (WAIT_UNTIL)
[006133] MMIO_RD size=4 addr=0x0e40 (RBBM_STATUS)
[006134] STATUS_RD RBBM_STATUS -> 0x00000040 (idle, 64 free)
[006135] MMIO_RD size=4 addr=0x1720 (WAIT_UNTIL)
[006136] MMIO_RD size=4 addr=0x0e40 (RBBM_STATUS)
[006137] STATUS_RD RBBM_STATUS -> 0x00000040 (idle, 64 free)
[006138] MMIO_RD size=4 addr=0x1720 (WAIT_UNTIL)
[006139] MMIO_RD size=4 addr=0x0e40 (RBBM_STATUS)
[006140] STATUS_RD RBBM_STATUS -> 0x00000040 (idle, 64 free)
[006141] MMIO_RD size=4 addr=0x1720 (WAIT_UNTIL)
[006142] MMIO_RD size=4 addr=0x0e40 (RBBM_STATUS)
[006143] STATUS_RD RBBM_STATUS -> 0x00000040 (idle, 64 free)
[006144] MMIO_RD size=4 addr=0x1720 (WAIT_UNTIL)
[006145] MMIO_RD size=4 addr=0x0e40 (RBBM_STATUS)
[006146] STATUS_RD RBBM_STATUS -> 0x00000040 (idle, 64 free)
[006147] MMIO_RD size=4 addr=0x1720 (WAIT_UNTIL)
[006148] MMIO_RD size=4 addr=0x0e40 (RBBM_STATUS)
[006149] STATUS_RD RBBM_STATUS -> 0x00000040 (idle, 64 free)
[006150] MMIO_RD size=4 addr=0x1720 (WAIT_UNTIL)
[006151] MMIO_RD size=4 addr=0x0e40 (RBBM_STATUS)
[006152] STATUS_RD RBBM_STATUS -> 0x00000040 (idle, 64 free)
[006153] MMIO_RD size=4 addr=0x1720 (WAIT_UNTIL)
[006154] MMIO_RD size=4 addr=0x0e40 (RBBM_STATUS)
[006155] STATUS_RD RBBM_STATUS -> 0x00000040 (idle, 64 free)
[006156] MMIO_RD size=4 addr=0x1720 (WAIT_UNTIL)
[006157] MMIO_RD size=4 addr=0x0e40 (RBBM_STATUS)
[006158] STATUS_RD RBBM_STATUS -> 0x00000040 (idle, 64 free)
[006159] MMIO_RD size=4 addr=0x1720 (WAIT_UNTIL)
[006160] MMIO_RD size=4 addr=0x0e40 (RBBM_STATUS)
[006161] STATUS_RD RBBM_STATUS -> 0x00000040 (idle, 64 free)
[006162] MMIO_RD size=4 addr=0x1720 (WAIT_UNTIL)
[006163] MMIO_RD size=4 addr=0x0e40 (RBBM_STATUS)
[006164] STATUS_RD RBBM_STATUS -> 0x00000040 (idle, 64 free)
[006165] MMIO_RD size=4 addr=0x1720 (WAIT_UNTIL)
[006166] MMIO_RD size=4 addr=0x0e40 (RBBM_STATUS)
[006167] STATUS_RD RBBM_STATUS -> 0x00000040 (idle, 64 free)
[006168] MMIO_RD size=4 addr=0x1720 (WAIT_UNTIL)
[006169] MMIO_RD size=4 addr=0x0e40 (RBBM_STATUS)
[006170] STATUS_RD RBBM_STATUS -> 0x00000040 (idle, 64 free)
[006171] MMIO_RD size=4 addr=0x1720 (WAIT_UNTIL)
[006172] MMIO_RD size=4 addr=0x0e40 (RBBM_STATUS)
[006173] STATUS_RD RBBM_STATUS -> 0x00000040 (idle, 64 free)
[006174] MMIO_RD size=4 addr=0x1720 (WAIT_UNTIL)
[006175] MMIO_RD size=4 addr=0x0e40 (RBBM_STATUS)
[006176] STATUS_RD RBBM_STATUS -> 0x00000040 (idle, 64 free)
[006177] MMIO_RD size=4 addr=0x1720 (WAIT_UNTIL)
[006178] MMIO_RD size=4 addr=0x0e40 (RBBM_STATUS)
[006179] STATUS_RD RBBM_STATUS -> 0x00000040 (idle, 64 free)
[006180] MMIO_RD size=4 addr=0x1720 (WAIT_UNTIL)
[006181] MMIO_RD size=4 addr=0x0e40 (RBBM_STATUS)
[006182] STATUS_RD RBBM_STATUS -> 0x00000040 (idle, 64 free)
[006183] MMIO_RD size=4 addr=0x1720 (WAIT_UNTIL)
[006184] MMIO_RD size=4 addr=0x0e40 (RBBM_STATUS)
[006185] STATUS_RD RBBM_STATUS -> 0x00000040 (idle, 64 free)
[006186] MMIO_RD size=4 addr=0x1720 (WAIT_UNTIL)
[006187] MMIO_RD size=4 addr=0x0e40 (RBBM_STATUS)
[006188] STATUS_RD RBBM_STATUS -> 0x00000040 (idle, 64 free)
[006189] MMIO_RD size=4 addr=0x1720 (WAIT_UNTIL)
[006190] MMIO_RD size=4 addr=0x0e40 (RBBM_STATUS)
[006191] STATUS_RD RBBM_STATUS -> 0x00000040 (idle, 64 free)
[006192] MMIO_RD size=4 addr=0x1720 (WAIT_UNTIL)
[006193] MMIO_RD size=4 addr=0x0e40 (RBBM_STATUS)
[006194] STATUS_RD RBBM_STATUS -> 0x00000040 (idle, 64 free)
[006195] MMIO_RD size=4 addr=0x1720 (WAIT_UNTIL)
[006196] MMIO_RD size=4 addr=0x0e40 (RBBM_STATUS)
[006197] STATUS_RD RBBM_STATUS -> 0x00000040 (idle, 64 free)
[006198] MMIO_RD size=4 addr=0x1720 (WAIT_UNTIL)
[006199] MMIO_RD size=4 addr=0x0e40 (RBBM_STATUS)
[006200] STATUS_RD RBBM_STATUS -> 0x00000040 (idle, 64 free)
[006201] MMIO_RD size=4 addr=0x1720 (WAIT_UNTIL)
[006202] MMIO_RD size=4 addr=0x0e40 (RBBM_STATUS)
[006203] STATUS_RD RBBM_STATUS -> 0x00000040 (idle, 64 free)
[006204] MMIO_RD size=4 addr=0x1720 (WAIT_UNTIL)
[006205] MMIO_RD size=4 addr=0x0e40 (RBBM_STATUS)
[006206] STATUS_RD RBBM_STATUS -> 0x00000040 (idle, 64 free)
[006207] MMIO_RD size=4 addr=0x1720 (WAIT_UNTIL)
[006208] MMIO_RD size=4 addr=0x0e40 (RBBM_STATUS)
[006209] STATUS_RD RBBM_STATUS -> 0x00000040 (idle, 64 free)
[006210] MMIO_RD size=4 addr=0x1720 (WAIT_UNTIL)
[006211] MMIO_RD size=4 addr=0x0e40 (RBBM_STATUS)
[006212] STATUS_RD RBBM_STATUS -> 0x00000040 (idle, 64 free)
[006213] MMIO_RD size=4 addr=0x1720 (WAIT_UNTIL)
[006214] MMIO_RD size=4 addr=0x0e40 (RBBM_STATUS)
[006215] STATUS_RD RBBM_STATUS -> 0x00000040 (idle, 64 free)
[006216] MMIO_RD size=4 addr=0x1720 (WAIT_UNTIL)
[006217] MMIO_RD size=4 addr=0x0e40 (RBBM_STATUS)
[006218] STATUS_RD RBBM_STATUS -> 0x00000040 (idle, 64 free)
[006219] MMIO_RD size=4 addr=0x1720 (WAIT_UNTIL)
[006220] MMIO_RD size=4 addr=0x0e40 (RBBM_STATUS)
[006221] STATUS_RD RBBM_STATUS -> 0x00000040 (idle, 64 free)
[006222] MMIO_RD size=4 addr=0x1720 (WAIT_UNTIL)
[006223] MMIO_RD size=4 addr=0x0e40 (RBBM_STATUS)
[006224] STATUS_RD RBBM_STATUS -> 0x00000040 (idle, 64 free)
[006225] MMIO_RD size=4 addr=0x1720 (WAIT_UNTIL)
[006226] MMIO_RD size=4 addr=0x0e40 (RBBM_STATUS)
[006227] STATUS_RD RBBM_STATUS -> 0x00000040 (idle, 64 free)
[006228] MMIO_RD size=4 addr=0x1720 (WAIT_UNTIL)
[006229] MMIO_RD size=4 addr=0x0e40 (RBBM_STATUS)
[006230] STATUS_RD RBBM_STATUS -> 0x00000040 (idle, 64 free)
[006231] MMIO_RD size=4 addr=0x1720 (WAIT_UNTIL)
[006232] MMIO_RD size=4 addr=0x0e40 (RBBM_STATUS)
[006233] STATUS_RD RBBM_STATUS -> 0x00000040 (idle, 64 free)
[006234] MMIO_RD size=4 addr=0x1720 (WAIT_UNTIL)
[006235] MMIO_RD size=4 addr=0x0e40 (RBBM_STATUS)
[006236] STATUS_RD RBBM_STATUS -> 0x00000040 (idle, 64 free)
[006237] MMIO_RD size=4 addr=0x1720 (WAIT_UNTIL)
[006238] MMIO_RD size=4 addr=0x0e40 (RBBM_STATUS)
[006239] STATUS_RD RBBM_STATUS -> 0x00000040 (idle, 64 free)
[006240] MMIO_RD size=4 addr=0x1720 (WAIT_UNTIL)
[006241] MMIO_RD size=4 addr=0x0e40 (RBBM_STATUS)
[006242] STATUS_RD RBBM_STATUS -> 0x00000040 (idle, 64 free)
[006243] MMIO_RD size=4 addr=0x1720 (WAIT_UNTIL)
[006244] MMIO_RD size=4 addr=0x0e40 (RBBM_STATUS)
[006245] STATUS_RD RBBM_STATUS -> 0x00000040 (idle, 64 free)
[006246] MMIO_RD size=4 addr=0x1720 (WAIT_UNTIL)
[006247] MMIO_RD size=4 addr=0x0e40 (RBBM_STATUS)
[006248] STATUS_RD RBBM_STATUS -> 0x00000040 (idle, 64 free)
[006249] MMIO_RD size=4 addr=0x1720 (WAIT_UNTIL)
[006250] MMIO_RD size=4 addr=0x0e40 (RBBM_STATUS)
[006251] STATUS_RD RBBM_STATUS -> 0x00000040 (idle, 64 free)
[006252] MMIO_RD size=4 addr=0x1720 (WAIT_UNTIL)
[006253] MMIO_RD size=4 addr=0x0e40 (RBBM_STATUS)
[006254] STATUS_RD RBBM_STATUS -> 0x00000040 (idle, 64 free)
[006255] MMIO_RD size=4 addr=0x1720 (WAIT_UNTIL)
[006256] MMIO_RD size=4 addr=0x0e40 (RBBM_STATUS)
[006257] STATUS_RD RBBM_STATUS -> 0x00000040 (idle, 64 free)
[006258] MMIO_RD size=4 addr=0x1720 (WAIT_UNTIL)
[006259] MMIO_RD size=4 addr=0x0e40 (RBBM_STATUS)
[006260] STATUS_RD RBBM_STATUS -> 0x00000040 (idle, 64 free)
[006261] MMIO_RD size=4 addr=0x1720 (WAIT_UNTIL)
[006262] MMIO_RD size=4 addr=0x0e40 (RBBM_STATUS)
[006263] STATUS_RD RBBM_STATUS -> 0x00000040 (idle, 64 free)
[006264] MMIO_RD size=4 addr=0x1720 (WAIT_UNTIL)
[006265] MMIO_RD size=4 addr=0x0e40 (RBBM_STATUS)
[006266] STATUS_RD RBBM_STATUS -> 0x00000040 (idle, 64 free)
[006267] MMIO_RD size=4 addr=0x1720 (WAIT_UNTIL)
[006268] MMIO_RD size=4 addr=0x0e40 (RBBM_STATUS)
[006269] STATUS_RD RBBM_STATUS -> 0x00000040 (idle, 64 free)
[006270] MMIO_RD size=4 addr=0x1720 (WAIT_UNTIL)
[006271] MMIO_RD size=4 addr=0x0e40 (RBBM_STATUS)
[006272] STATUS_RD RBBM_STATUS -> 0x00000040 (idle, 64 free)
[006273] MMIO_RD size=4 addr=0x1720 (WAIT_UNTIL)
[006274] MMIO_RD size=4 addr=0x0e40 (RBBM_STATUS)
[006275] STATUS_RD RBBM_STATUS -> 0x00000040 (idle, 64 free)
[006276] MMIO_RD size=4 addr=0x1720 (WAIT_UNTIL)
[006277] MMIO_RD size=4 addr=0x0e40 (RBBM_STATUS)
[006278] STATUS_RD RBBM_STATUS -> 0x00000040 (idle, 64 free)
[006279] MMIO_RD size=4 addr=0x1720 (WAIT_UNTIL)
[006280] MMIO_RD size=4 addr=0x0e40 (RBBM_STATUS)
[006281] STATUS_RD RBBM_STATUS -> 0x00000040 (idle, 64 free)
[006282] MMIO_RD size=4 addr=0x1720 (WAIT_UNTIL)
[006283] MMIO_RD size=4 addr=0x0e40 (RBBM_STATUS)
[006284] STATUS_RD RBBM_STATUS -> 0x00000040 (idle, 64 free)
[006285] MMIO_RD size=4 addr=0x1720 (WAIT_UNTIL)
[006286] MMIO_RD size=4 addr=0x0e40 (RBBM_STATUS)
[006287] STATUS_RD RBBM_STATUS -> 0x00000040 (idle, 64 free)
[006288] MMIO_RD size=4 addr=0x1720 (WAIT_UNTIL)
[006289] MMIO_RD size=4 addr=0x0e40 (RBBM_STATUS)
[006290] STATUS_RD RBBM_STATUS -> 0x00000040 (idle, 64 free)
[006291] MMIO_RD size=4 addr=0x1720 (WAIT_UNTIL)
[006292] MMIO_RD size=4 addr=0x0e40 (RBBM_STATUS)
[006293] STATUS_RD RBBM_STATUS -> 0x00000040 (idle, 64 free)
[006294] MMIO_RD size=4 addr=0x1720 (WAIT_UNTIL)
[006295] MMIO_RD size=4 addr=0x0e40 (RBBM_STATUS)
[006296] STATUS_RD RBBM_STATUS -> 0x00000040 (idle, 64 free)
[006297] MMIO_RD size=4 addr=0x1720 (WAIT_UNTIL)
[006298] MMIO_RD size=4 addr=0x0e40 (RBBM_STATUS)
[006299] STATUS_RD RBBM_STATUS -> 0x00000040 (idle, 64 free)
[006300] MMIO_RD size=4 addr=0x1720 (WAIT_UNTIL)
[006301] MMIO_RD size=4 addr=0x0e40 (RBBM_STATUS)
[006302] STATUS_RD RBBM_STATUS -> 0x00000040 (idle, 64 free)
[006303] MMIO_RD size=4 addr=0x1720 (WAIT_UNTIL)
[006304] MMIO_RD size=4 addr=0x0e40 (RBBM_STATUS)
[006305] STATUS_RD RBBM_STATUS -> 0x00000040 (idle, 64 free)
[006306] MMIO_RD size=4 addr=0x1720 (WAIT_UNTIL)
[006307] MMIO_RD size=4 addr=0x0e40 (RBBM_STATUS)
[006308] STATUS_RD RBBM_STATUS -> 0x00000040 (idle, 64 free)
[006309] MMIO_RD size=4 addr=0x1720 (WAIT_UNTIL)
[006310] MMIO_RD size=4 addr=0x0e40 (RBBM_STATUS)
[006311] STATUS_RD RBBM_STATUS -> 0x00000040 (idle, 64 free)
[006312] MMIO_RD size=4 addr=0x1720 (WAIT_UNTIL)
[006313] MMIO_RD size=4 addr=0x0e40 (RBBM_STATUS)
[006314] STATUS_RD RBBM_STATUS -> 0x00000040 (idle, 64 free)
[006315] MMIO_RD size=4 addr=0x1720 (WAIT_UNTIL)
[006316] MMIO_RD size=4 addr=0x0e40 (RBBM_STATUS)
[006317] STATUS_RD RBBM_STATUS -> 0x00000040 (idle, 64 free)
[006318] MMIO_RD size=4 addr=0x1720 (WAIT_UNTIL)
[006319] MMIO_RD size=4 addr=0x0e40 (RBBM_STATUS)
[006320] STATUS_RD RBBM_STATUS -> 0x00000040 (idle, 64 free)
[006321] MMIO_RD size=4 addr=0x1720 (WAIT_UNTIL)
[006322] MMIO_RD size=4 addr=0x0e40 (RBBM_STATUS)
[006323] STATUS_RD RBBM_STATUS -> 0x00000040 (idle, 64 free)
[006324] MMIO_RD size=4 addr=0x1720 (WAIT_UNTIL)
[006325] MMIO_RD size=4 addr=0x0e40 (RBBM_STATUS)
[006326] STATUS_RD RBBM_STATUS -> 0x00000040 (idle, 64 free)
[006327] MMIO_RD size=4 addr=0x1720 (WAIT_UNTIL)
[006328] MMIO_RD size=4 addr=0x0e40 (RBBM_STATUS)
[006329] STATUS_RD RBBM_STATUS -> 0x00000040 (idle, 64 free)
[006330] MMIO_RD size=4 addr=0x1720 (WAIT_UNTIL)
[006331] MMIO_RD size=4 addr=0x0e40 (RBBM_STATUS)
[006332] STATUS_RD RBBM_STATUS -> 0x00000040 (idle, 64 free)
[006333] MMIO_RD size=4 addr=0x1720 (WAIT_UNTIL)
[006334] MMIO_RD size=4 addr=0x0e40 (RBBM_STATUS)
[006335] STATUS_RD RBBM_STATUS -> 0x00000040 (idle, 64 free)
[006336] MMIO_RD size=4 addr=0x1720 (WAIT_UNTIL)
[006337] MMIO_RD size=4 addr=0x0e40 (RBBM_STATUS)
[006338] STATUS_RD RBBM_STATUS -> 0x00000040 (idle, 64 free)
[006339] MMIO_RD size=4 addr=0x1720 (WAIT_UNTIL)
[006340] MMIO_RD size=4 addr=0x0e40 (RBBM_STATUS)
[006341] STATUS_RD RBBM_STATUS -> 0x00000040 (idle, 64 free)
[006342] MMIO_RD size=4 addr=0x1720 (WAIT_UNTIL)
[006343] MMIO_RD size=4 addr=0x0e40 (RBBM_STATUS)
[006344] STATUS_RD RBBM_STATUS -> 0x00000040 (idle, 64 free)
[006345] MMIO_RD size=4 addr=0x1720 (WAIT_UNTIL)
[006346] MMIO_RD size=4 addr=0x0e40 (RBBM_STATUS)
[006347] STATUS_RD RBBM_STATUS -> 0x00000040 (idle, 64 free)
[006348] MMIO_RD size=4 addr=0x1720 (WAIT_UNTIL)
[006349] MMIO_RD size=4 addr=0x0e40 (RBBM_STATUS)
[006350] STATUS_RD RBBM_STATUS -> 0x00000040 (idle, 64 free)
[006351] MMIO_RD size=4 addr=0x1720 (WAIT_UNTIL)
[006352] MMIO_RD size=4 addr=0x0e40 (RBBM_STATUS)
[006353] STATUS_RD RBBM_STATUS -> 0x00000040 (idle, 64 free)
[006354] MMIO_RD size=4 addr=0x1720 (WAIT_UNTIL)
[006355] MMIO_RD size=4 addr=0x0e40 (RBBM_STATUS)
[006356] STATUS_RD RBBM_STATUS -> 0x00000040 (idle, 64 free)
[006357] MMIO_RD size=4 addr=0x1720 (WAIT_UNTIL)
[006358] MMIO_RD size=4 addr=0x0e40 (RBBM_STATUS)
[006359] STATUS_RD RBBM_STATUS -> 0x00000040 (idle, 64 free)
[006360] MMIO_RD size=4 addr=0x1720 (WAIT_UNTIL)
[006361] MMIO_RD size=4 addr=0x0e40 (RBBM_STATUS)
[006362] STATUS_RD RBBM_STATUS -> 0x00000040 (idle, 64 free)
[006363] MMIO_RD size=4 addr=0x1720 (WAIT_UNTIL)
[006364] MMIO_RD size=4 addr=0x0e40 (RBBM_STATUS)
[006365] STATUS_RD RBBM_STATUS -> 0x00000040 (idle, 64 free)
[006366] MMIO_RD size=4 addr=0x1720 (WAIT_UNTIL)
[006367] MMIO_RD size=4 addr=0x0e40 (RBBM_STATUS)
[006368] STATUS_RD RBBM_STATUS -> 0x00000040 (idle, 64 free)
[006369] MMIO_RD size=4 addr=0x1720 (WAIT_UNTIL)
[006370] MMIO_RD size=4 addr=0x0e40 (RBBM_STATUS)
[006371] STATUS_RD RBBM_STATUS -> 0x00000040 (idle, 64 free)
[006372] MMIO_RD size=4 addr=0x1720 (WAIT_UNTIL)
[006373] MMIO_RD size=4 addr=0x0e40 (RBBM_STATUS)
[006374] STATUS_RD RBBM_STATUS -> 0x00000040 (idle, 64 free)
[006375] MMIO_RD size=4 addr=0x1720 (WAIT_UNTIL)
[006376] MMIO_RD size=4 addr=0x0e40 (RBBM_STATUS)
[006377] STATUS_RD RBBM_STATUS -> 0x00000040 (idle, 64 free)
[006378] MMIO_RD size=4 addr=0x1720 (WAIT_UNTIL)
[006379] MMIO_RD size=4 addr=0x0e40 (RBBM_STATUS)
[006380] STATUS_RD RBBM_STATUS -> 0x00000040 (idle, 64 free)
[006381] MMIO_RD size=4 addr=0x1720 (WAIT_UNTIL)
[006382] MMIO_RD size=4 addr=0x0e40 (RBBM_STATUS)
[006383] STATUS_RD RBBM_STATUS -> 0x00000040 (idle, 64 free)
[006384] MMIO_RD size=4 addr=0x1720 (WAIT_UNTIL)
[006385] MMIO_RD size=4 addr=0x0e40 (RBBM_STATUS)
[006386] STATUS_RD RBBM_STATUS -> 0x00000040 (idle, 64 free)
[006387] MMIO_RD size=4 addr=0x1720 (WAIT_UNTIL)
[006388] MMIO_RD size=4 addr=0x0e40 (RBBM_STATUS)
[006389] STATUS_RD RBBM_STATUS -> 0x00000040 (idle, 64 free)
[006390] MMIO_RD size=4 addr=0x1720 (WAIT_UNTIL)
[006391] MMIO_RD size=4 addr=0x0e40 (RBBM_STATUS)
[006392] STATUS_RD RBBM_STATUS -> 0x00000040 (idle, 64 free)
[006393] MMIO_RD size=4 addr=0x1720 (WAIT_UNTIL)
[006394] MMIO_RD size=4 addr=0x0e40 (RBBM_STATUS)
[006395] STATUS_RD RBBM_STATUS -> 0x00000040 (idle, 64 free)
[006396] MMIO_RD size=4 addr=0x1720 (WAIT_UNTIL)
[006397] MMIO_RD size=4 addr=0x0e40 (RBBM_STATUS)
[006398] STATUS_RD RBBM_STATUS -> 0x00000040 (idle, 64 free)
[006399] MMIO_RD size=4 addr=0x1720 (WAIT_UNTIL)
[006400] MMIO_RD size=4 addr=0x0e40 (RBBM_STATUS)
[006401] STATUS_RD RBBM_STATUS -> 0x00000040 (idle, 64 free)
[006402] MMIO_RD size=4 addr=0x1720 (WAIT_UNTIL)
[006403] MMIO_RD size=4 addr=0x0e40 (RBBM_STATUS)
[006404] STATUS_RD RBBM_STATUS -> 0x00000040 (idle, 64 free)
[006405] MMIO_RD size=4 addr=0x1720 (WAIT_UNTIL)
[006406] MMIO_RD size=4 addr=0x0e40 (RBBM_STATUS)
[006407] STATUS_RD RBBM_STATUS -> 0x00000040 (idle, 64 free)
[006408] MMIO_RD size=4 addr=0x1720 (WAIT_UNTIL)
[006409] MMIO_RD size=4 addr=0x0e40 (RBBM_STATUS)
[006410] STATUS_RD RBBM_STATUS -> 0x00000040 (idle, 64 free)
[006411] MMIO_RD size=4 addr=0x1720 (WAIT_UNTIL)
[006412] MMIO_RD size=4 addr=0x0e40 (RBBM_STATUS)
[006413] STATUS_RD RBBM_STATUS -> 0x00000040 (idle, 64 free)
[006414] MMIO_RD size=4 addr=0x1720 (WAIT_UNTIL)
[006415] MMIO_RD size=4 addr=0x0e40 (RBBM_STATUS)
[006416] STATUS_RD RBBM_STATUS -> 0x00000040 (idle, 64 free)
[006417] MMIO_RD size=4 addr=0x1720 (WAIT_UNTIL)
[006418] MMIO_RD size=4 addr=0x0e40 (RBBM_STATUS)
[006419] STATUS_RD RBBM_STATUS -> 0x00000040 (idle, 64 free)
[006420] MMIO_RD size=4 addr=0x1720 (WAIT_UNTIL)
[006421] MMIO_RD size=4 addr=0x0e40 (RBBM_STATUS)
[006422] STATUS_RD RBBM_STATUS -> 0x00000040 (idle, 64 free)
[006423] MMIO_RD size=4 addr=0x1720 (WAIT_UNTIL)
[006424] MMIO_RD size=4 addr=0x0e40 (RBBM_STATUS)
[006425] STATUS_RD RBBM_STATUS -> 0x00000040 (idle, 64 free)
[006426] MMIO_RD size=4 addr=0x1720 (WAIT_UNTIL)
[006427] MMIO_RD size=4 addr=0x0e40 (RBBM_STATUS)
[006428] STATUS_RD RBBM_STATUS -> 0x00000040 (idle, 64 free)
[006429] MMIO_RD size=4 addr=0x1720 (WAIT_UNTIL)
[006430] MMIO_RD size=4 addr=0x0e40 (RBBM_STATUS)
[006431] STATUS_RD RBBM_STATUS -> 0x00000040 (idle, 64 free)
[006432] MMIO_RD size=4 addr=0x1720 (WAIT_UNTIL)
[006433] MMIO_RD size=4 addr=0x0e40 (RBBM_STATUS)
[006434] STATUS_RD RBBM_STATUS -> 0x00000040 (idle, 64 free)
[006435] MMIO_RD size=4 addr=0x1720 (WAIT_UNTIL)
[006436] MMIO_RD size=4 addr=0x0e40 (RBBM_STATUS)
[006437] STATUS_RD RBBM_STATUS -> 0x00000040 (idle, 64 free)
[006438] MMIO_RD size=4 addr=0x1720 (WAIT_UNTIL)
[006439] MMIO_RD size=4 addr=0x0e40 (RBBM_STATUS)
[006440] STATUS_RD RBBM_STATUS -> 0x00000040 (idle, 64 free)
[006441] MMIO_RD size=4 addr=0x1720 (WAIT_UNTIL)
[006442] MMIO_RD size=4 addr=0x0e40 (RBBM_STATUS)
[006443] STATUS_RD RBBM_STATUS -> 0x00000040 (idle, 64 free)
[006444] MMIO_RD size=4 addr=0x1720 (WAIT_UNTIL)
[006445] MMIO_RD size=4 addr=0x0e40 (RBBM_STATUS)
[006446] STATUS_RD RBBM_STATUS -> 0x00000040 (idle, 64 free)
[006447] MMIO_RD size=4 addr=0x1720 (WAIT_UNTIL)
[006448] MMIO_RD size=4 addr=0x0e40 (RBBM_STATUS)
[006449] STATUS_RD RBBM_STATUS -> 0x00000040 (idle, 64 free)
[006450] MMIO_RD size=4 addr=0x1720 (WAIT_UNTIL)
[006451] MMIO_RD size=4 addr=0x0e40 (RBBM_STATUS)
[006452] STATUS_RD RBBM_STATUS -> 0x00000040 (idle, 64 free)
[006453] MMIO_RD size=4 addr=0x1720 (WAIT_UNTIL)
[006454] MMIO_RD size=4 addr=0x0e40 (RBBM_STATUS)
[006455] STATUS_RD RBBM_STATUS -> 0x00000040 (idle, 64 free)
[006456] MMIO_RD size=4 addr=0x1720 (WAIT_UNTIL)
[006457] MMIO_RD size=4 addr=0x0e40 (RBBM_STATUS)
[006458] STATUS_RD RBBM_STATUS -> 0x00000040 (idle, 64 free)
[006459] MMIO_RD size=4 addr=0x1720 (WAIT_UNTIL)
[006460] MMIO_RD size=4 addr=0x0e40 (RBBM_STATUS)
[006461] STATUS_RD RBBM_STATUS -> 0x00000040 (idle, 64 free)
[006462] MMIO_RD size=4 addr=0x1720 (WAIT_UNTIL)
[006463] MMIO_RD size=4 addr=0x0e40 (RBBM_STATUS)
[006464] STATUS_RD RBBM_STATUS -> 0x00000040 (idle, 64 free)
[006465] MMIO_RD size=4 addr=0x1720 (WAIT_UNTIL)
[006466] MMIO_RD size=4 addr=0x0e40 (RBBM_STATUS)
[006467] STATUS_RD RBBM_STATUS -> 0x00000040 (idle, 64 free)
[006468] MMIO_RD size=4 addr=0x1720 (WAIT_UNTIL)
[006469] MMIO_RD size=4 addr=0x0e40 (RBBM_STATUS)
[006470] STATUS_RD RBBM_STATUS -> 0x00000040 (idle, 64 free)
[006471] MMIO_RD size=4 addr=0x1720 (WAIT_UNTIL)
[006472] MMIO_RD size=4 addr=0x0e40 (RBBM_STATUS)
[006473] STATUS_RD RBBM_STATUS -> 0x00000040 (idle, 64 free)
[006474] MMIO_RD size=4 addr=0x1720 (WAIT_UNTIL)
[006475] MMIO_RD size=4 addr=0x0e40 (RBBM_STATUS)
[006476] STATUS_RD RBBM_STATUS -> 0x00000040 (idle, 64 free)
[006477] MMIO_RD size=4 addr=0x1720 (WAIT_UNTIL)
[006478] MMIO_RD size=4 addr=0x0e40 (RBBM_STATUS)
[006479] STATUS_RD RBBM_STATUS -> 0x00000040 (idle, 64 free)
[006480] MMIO_RD size=4 addr=0x1720 (WAIT_UNTIL)
[006481] MMIO_RD size=4 addr=0x0e40 (RBBM_STATUS)
[006482] STATUS_RD RBBM_STATUS -> 0x00000040 (idle, 64 free)
[006483] MMIO_RD size=4 addr=0x1720 (WAIT_UNTIL)
[006484] MMIO_RD size=4 addr=0x0e40 (RBBM_STATUS)
[006485] STATUS_RD RBBM_STATUS -> 0x00000040 (idle, 64 free)
[006486] MMIO_RD size=4 addr=0x1720 (WAIT_UNTIL)
[006487] MMIO_RD size=4 addr=0x0e40 (RBBM_STATUS)
[006488] STATUS_RD RBBM_STATUS -> 0x00000040 (idle, 64 free)
[006489] MMIO_RD size=4 addr=0x1720 (WAIT_UNTIL)
[006490] MMIO_RD size=4 addr=0x0e40 (RBBM_STATUS)
[006491] STATUS_RD RBBM_STATUS -> 0x00000040 (idle, 64 free)
[006492] MMIO_RD size=4 addr=0x1720 (WAIT_UNTIL)
[006493] MMIO_RD size=4 addr=0x0e40 (RBBM_STATUS)
[006494] STATUS_RD RBBM_STATUS -> 0x00000040 (idle, 64 free)
[006495] MMIO_RD size=4 addr=0x1720 (WAIT_UNTIL)
[006496] MMIO_RD size=4 addr=0x0e40 (RBBM_STATUS)
[006497] STATUS_RD RBBM_STATUS -> 0x00000040 (idle, 64 free)
[006498] MMIO_RD size=4 addr=0x1720 (WAIT_UNTIL)
[006499] MMIO_RD size=4 addr=0x0e40 (RBBM_STATUS)
[006500] STATUS_RD RBBM_STATUS -> 0x00000040 (idle, 64 free)
[006501] MMIO_RD size=4 addr=0x1720 (WAIT_UNTIL)
[006502] MMIO_RD size=4 addr=0x0e40 (RBBM_STATUS)
[006503] STATUS_RD RBBM_STATUS -> 0x00000040 (idle, 64 free)
[006504] MMIO_RD size=4 addr=0x1720 (WAIT_UNTIL)
[006505] MMIO_RD size=4 addr=0x0e40 (RBBM_STATUS)
[006506] STATUS_RD RBBM_STATUS -> 0x00000040 (idle, 64 free)
[006507] MMIO_RD size=4 addr=0x1720 (WAIT_UNTIL)
[006508] MMIO_RD size=4 addr=0x0e40 (RBBM_STATUS)
[006509] STATUS_RD RBBM_STATUS -> 0x00000040 (idle, 64 free)
[006510] MMIO_RD size=4 addr=0x1720 (WAIT_UNTIL)
[006511] MMIO_RD size=4 addr=0x0e40 (RBBM_STATUS)
[006512] STATUS_RD RBBM_STATUS -> 0x00000040 (idle, 64 free)
[006513] MMIO_RD size=4 addr=0x1720 (WAIT_UNTIL)
[006514] MMIO_RD size=4 addr=0x0e40 (RBBM_STATUS)
[006515] STATUS_RD RBBM_STATUS -> 0x00000040 (idle, 64 free)
[006516] MMIO_RD size=4 addr=0x1720 (WAIT_UNTIL)
[006517] MMIO_RD size=4 addr=0x0e40 (RBBM_STATUS)
[006518] STATUS_RD RBBM_STATUS -> 0x00000040 (idle, 64 free)
[006519] MMIO_RD size=4 addr=0x1720 (WAIT_UNTIL)
[006520] MMIO_RD size=4 addr=0x0e40 (RBBM_STATUS)
[006521] STATUS_RD RBBM_STATUS -> 0x00000040 (idle, 64 free)
[006522] MMIO_RD size=4 addr=0x1720 (WAIT_UNTIL)
[006523] MMIO_RD size=4 addr=0x0e40 (RBBM_STATUS)
[006524] STATUS_RD RBBM_STATUS -> 0x00000040 (idle, 64 free)
[006525] MMIO_RD size=4 addr=0x1720 (WAIT_UNTIL)
[006526] MMIO_RD size=4 addr=0x0e40 (RBBM_STATUS)
[006527] STATUS_RD RBBM_STATUS -> 0x00000040 (idle, 64 free)
[006528] MMIO_RD size=4 addr=0x1720 (WAIT_UNTIL)
[006529] MMIO_RD size=4 addr=0x0e40 (RBBM_STATUS)
[006530] STATUS_RD RBBM_STATUS -> 0x00000040 (idle, 64 free)
[006531] MMIO_RD size=4 addr=0x1720 (WAIT_UNTIL)
[006532] MMIO_RD size=4 addr=0x0e40 (RBBM_STATUS)
[006533] STATUS_RD RBBM_STATUS -> 0x00000040 (idle, 64 free)
[006534] MMIO_RD size=4 addr=0x1720 (WAIT_UNTIL)
[006535] MMIO_RD size=4 addr=0x0e40 (RBBM_STATUS)
[006536] STATUS_RD RBBM_STATUS -> 0x00000040 (idle, 64 free)
[006537] MMIO_RD size=4 addr=0x1720 (WAIT_UNTIL)
[006538] MMIO_RD size=4 addr=0x0e40 (RBBM_STATUS)
[006539] STATUS_RD RBBM_STATUS -> 0x00000040 (idle, 64 free)
[006540] MMIO_RD size=4 addr=0x1720 (WAIT_UNTIL)
[006541] MMIO_RD size=4 addr=0x0e40 (RBBM_STATUS)
[006542] STATUS_RD RBBM_STATUS -> 0x00000040 (idle, 64 free)
[006543] MMIO_RD size=4 addr=0x1720 (WAIT_UNTIL)
[006544] MMIO_RD size=4 addr=0x0e40 (RBBM_STATUS)
[006545] STATUS_RD RBBM_STATUS -> 0x00000040 (idle, 64 free)
[006546] MMIO_RD size=4 addr=0x1720 (WAIT_UNTIL)
[006547] MMIO_RD size=4 addr=0x0e40 (RBBM_STATUS)
[006548] STATUS_RD RBBM_STATUS -> 0x00000040 (idle, 64 free)
[006549] MMIO_RD size=4 addr=0x1720 (WAIT_UNTIL)
[006550] MMIO_RD size=4 addr=0x0e40 (RBBM_STATUS)
[006551] STATUS_RD RBBM_STATUS -> 0x00000040 (idle, 64 free)
[006552] MMIO_RD size=4 addr=0x1720 (WAIT_UNTIL)
[006553] MMIO_RD size=4 addr=0x0e40 (RBBM_STATUS)
[006554] STATUS_RD RBBM_STATUS -> 0x00000040 (idle, 64 free)
[006555] MMIO_RD size=4 addr=0x1720 (WAIT_UNTIL)
[006556] MMIO_RD size=4 addr=0x0e40 (RBBM_STATUS)
[006557] STATUS_RD RBBM_STATUS -> 0x00000040 (idle, 64 free)
[006558] MMIO_RD size=4 addr=0x1720 (WAIT_UNTIL)
[006559] MMIO_RD size=4 addr=0x0e40 (RBBM_STATUS)
[006560] STATUS_RD RBBM_STATUS -> 0x00000040 (idle, 64 free)
[006561] MMIO_RD size=4 addr=0x1720 (WAIT_UNTIL)
[006562] MMIO_RD size=4 addr=0x0e40 (RBBM_STATUS)
[006563] STATUS_RD RBBM_STATUS -> 0x00000040 (idle, 64 free)
[006564] MMIO_RD size=4 addr=0x1720 (WAIT_UNTIL)
[006565] MMIO_RD size=4 addr=0x0e40 (RBBM_STATUS)
[006566] STATUS_RD RBBM_STATUS -> 0x00000040 (idle, 64 free)
[006567] MMIO_RD size=4 addr=0x1720 (WAIT_UNTIL)
[006568] MMIO_RD size=4 addr=0x0e40 (RBBM_STATUS)
[006569] STATUS_RD RBBM_STATUS -> 0x00000040 (idle, 64 free)
[006570] MMIO_RD size=4 addr=0x1720 (WAIT_UNTIL)
[006571] MMIO_RD size=4 addr=0x0e40 (RBBM_STATUS)
[006572] STATUS_RD RBBM_STATUS -> 0x00000040 (idle, 64 free)
[006573] MMIO_RD size=4 addr=0x1720 (WAIT_UNTIL)
[006574] MMIO_RD size=4 addr=0x0e40 (RBBM_STATUS)
[006575] STATUS_RD RBBM_STATUS -> 0x00000040 (idle, 64 free)
[006576] MMIO_RD size=4 addr=0x1720 (WAIT_UNTIL)
[006577] MMIO_RD size=4 addr=0x0e40 (RBBM_STATUS)
[006578] STATUS_RD RBBM_STATUS -> 0x00000040 (idle, 64 free)
[006579] MMIO_RD size=4 addr=0x1720 (WAIT_UNTIL)
[006580] MMIO_RD size=4 addr=0x0e40 (RBBM_STATUS)
[006581] STATUS_RD RBBM_STATUS -> 0x00000040 (idle, 64 free)
[006582] MMIO_RD size=4 addr=0x1720 (WAIT_UNTIL)
[006583] MMIO_RD size=4 addr=0x0e40 (RBBM_STATUS)
[006584] STATUS_RD RBBM_STATUS -> 0x00000040 (idle, 64 free)
[006585] MMIO_RD size=4 addr=0x1720 (WAIT_UNTIL)
[006586] MMIO_RD size=4 addr=0x0e40 (RBBM_STATUS)
[006587] STATUS_RD RBBM_STATUS -> 0x00000040 (idle, 64 free)
[006588] MMIO_RD size=4 addr=0x1720 (WAIT_UNTIL)
[006589] MMIO_RD size=4 addr=0x0e40 (RBBM_STATUS)
[006590] STATUS_RD RBBM_STATUS -> 0x00000040 (idle, 64 free)
[006591] MMIO_RD size=4 addr=0x1720 (WAIT_UNTIL)
[006592] MMIO_RD size=4 addr=0x0e40 (RBBM_STATUS)
[006593] STATUS_RD RBBM_STATUS -> 0x00000040 (idle, 64 free)
[006594] MMIO_RD size=4 addr=0x1720 (WAIT_UNTIL)
[006595] MMIO_RD size=4 addr=0x0e40 (RBBM_STATUS)
[006596] STATUS_RD RBBM_STATUS -> 0x00000040 (idle, 64 free)
[006597] MMIO_RD size=4 addr=0x1720 (WAIT_UNTIL)
[006598] MMIO_RD size=4 addr=0x0e40 (RBBM_STATUS)
[006599] STATUS_RD RBBM_STATUS -> 0x00000040 (idle, 64 free)
[006600] MMIO_RD size=4 addr=0x1720 (WAIT_UNTIL)
[006601] MMIO_RD size=4 addr=0x0e40 (RBBM_STATUS)
[006602] STATUS_RD RBBM_STATUS -> 0x00000040 (idle, 64 free)
[006603] MMIO_RD size=4 addr=0x1720 (WAIT_UNTIL)
[006604] MMIO_RD size=4 addr=0x0e40 (RBBM_STATUS)
[006605] STATUS_RD RBBM_STATUS -> 0x00000040 (idle, 64 free)
[006606] MMIO_RD size=4 addr=0x1720 (WAIT_UNTIL)
[006607] MMIO_RD size=4 addr=0x0e40 (RBBM_STATUS)
[006608] STATUS_RD RBBM_STATUS -> 0x00000040 (idle, 64 free)
[006609] MMIO_RD size=4 addr=0x1720 (WAIT_UNTIL)
[006610] MMIO_RD size=4 addr=0x0e40 (RBBM_STATUS)
[006611] STATUS_RD RBBM_STATUS -> 0x00000040 (idle, 64 free)
[006612] MMIO_RD size=4 addr=0x1720 (WAIT_UNTIL)
[006613] MMIO_RD size=4 addr=0x0e40 (RBBM_STATUS)
[006614] STATUS_RD RBBM_STATUS -> 0x00000040 (idle, 64 free)
[006615] MMIO_RD size=4 addr=0x1720 (WAIT_UNTIL)
[006616] MMIO_RD size=4 addr=0x0e40 (RBBM_STATUS)
[006617] STATUS_RD RBBM_STATUS -> 0x00000040 (idle, 64 free)
[006618] MMIO_RD size=4 addr=0x1720 (WAIT_UNTIL)
[006619] MMIO_RD size=4 addr=0x0e40 (RBBM_STATUS)
[006620] STATUS_RD RBBM_STATUS -> 0x00000040 (idle, 64 free)
[006621] MMIO_RD size=4 addr=0x1720 (WAIT_UNTIL)
[006622] MMIO_RD size=4 addr=0x0e40 (RBBM_STATUS)
[006623] STATUS_RD RBBM_STATUS -> 0x00000040 (idle, 64 free)
[006624] MMIO_RD size=4 addr=0x1720 (WAIT_UNTIL)
[006625] MMIO_RD size=4 addr=0x0e40 (RBBM_STATUS)
[006626] STATUS_RD RBBM_STATUS -> 0x00000040 (idle, 64 free)
[006627] MMIO_RD size=4 addr=0x1720 (WAIT_UNTIL)
[006628] MMIO_RD size=4 addr=0x0e40 (RBBM_STATUS)
[006629] STATUS_RD RBBM_STATUS -> 0x00000040 (idle, 64 free)
[006630] MMIO_RD size=4 addr=0x1720 (WAIT_UNTIL)
[006631] MMIO_RD size=4 addr=0x0e40 (RBBM_STATUS)
[006632] STATUS_RD RBBM_STATUS -> 0x00000040 (idle, 64 free)
[006633] MMIO_RD size=4 addr=0x1720 (WAIT_UNTIL)
[006634] MMIO_RD size=4 addr=0x0e40 (RBBM_STATUS)
[006635] STATUS_RD RBBM_STATUS -> 0x00000040 (idle, 64 free)
[006636] MMIO_RD size=4 addr=0x1720 (WAIT_UNTIL)
[006637] MMIO_RD size=4 addr=0x0e40 (RBBM_STATUS)
[006638] STATUS_RD RBBM_STATUS -> 0x00000040 (idle, 64 free)
[006639] MMIO_RD size=4 addr=0x1720 (WAIT_UNTIL)
[006640] MMIO_RD size=4 addr=0x0e40 (RBBM_STATUS)
[006641] STATUS_RD RBBM_STATUS -> 0x00000040 (idle, 64 free)
[006642] MMIO_RD size=4 addr=0x1720 (WAIT_UNTIL)
[006643] MMIO_RD size=4 addr=0x0e40 (RBBM_STATUS)
[006644] STATUS_RD RBBM_STATUS -> 0x00000040 (idle, 64 free)
[006645] MMIO_RD size=4 addr=0x1720 (WAIT_UNTIL)
[006646] MMIO_RD size=4 addr=0x0e40 (RBBM_STATUS)
[006647] STATUS_RD RBBM_STATUS -> 0x00000040 (idle, 64 free)
[006648] MMIO_RD size=4 addr=0x1720 (WAIT_UNTIL)
[006649] MMIO_RD size=4 addr=0x0e40 (RBBM_STATUS)
[006650] STATUS_RD RBBM_STATUS -> 0x00000040 (idle, 64 free)
[006651] MMIO_RD size=4 addr=0x1720 (WAIT_UNTIL)
[006652] MMIO_RD size=4 addr=0x0e40 (RBBM_STATUS)
[006653] STATUS_RD RBBM_STATUS -> 0x00000040 (idle, 64 free)
[006654] MMIO_RD size=4 addr=0x1720 (WAIT_UNTIL)
[006655] MMIO_RD size=4 addr=0x0e40 (RBBM_STATUS)
[006656] STATUS_RD RBBM_STATUS -> 0x00000040 (idle, 64 free)
[006657] MMIO_RD size=4 addr=0x1720 (WAIT_UNTIL)
[006658] MMIO_RD size=4 addr=0x0e40 (RBBM_STATUS)
[006659] STATUS_RD RBBM_STATUS -> 0x00000040 (idle, 64 free)
[006660] MMIO_RD size=4 addr=0x1720 (WAIT_UNTIL)
[006661] MMIO_RD size=4 addr=0x0e40 (RBBM_STATUS)
[006662] STATUS_RD RBBM_STATUS -> 0x00000040 (idle, 64 free)
[006663] MMIO_RD size=4 addr=0x1720 (WAIT_UNTIL)
[006664] MMIO_RD size=4 addr=0x0e40 (RBBM_STATUS)
[006665] STATUS_RD RBBM_STATUS -> 0x00000040 (idle, 64 free)
[006666] MMIO_RD size=4 addr=0x1720 (WAIT_UNTIL)
[006667] MMIO_RD size=4 addr=0x0e40 (RBBM_STATUS)
[006668] STATUS_RD RBBM_STATUS -> 0x00000040 (idle, 64 free)
[006669] MMIO_RD size=4 addr=0x1720 (WAIT_UNTIL)
[006670] MMIO_RD size=4 addr=0x0e40 (RBBM_STATUS)
[006671] STATUS_RD RBBM_STATUS -> 0x00000040 (idle, 64 free)
[006672] MMIO_RD size=4 addr=0x1720 (WAIT_UNTIL)
[006673] MMIO_RD size=4 addr=0x0e40 (RBBM_STATUS)
[006674] STATUS_RD RBBM_STATUS -> 0x00000040 (idle, 64 free)
[006675] MMIO_RD size=4 addr=0x1720 (WAIT_UNTIL)
[006676] MMIO_RD size=4 addr=0x0e40 (RBBM_STATUS)
[006677] STATUS_RD RBBM_STATUS -> 0x00000040 (idle, 64 free)
[006678] MMIO_RD size=4 addr=0x1720 (WAIT_UNTIL)
[006679] MMIO_RD size=4 addr=0x0e40 (RBBM_STATUS)
[006680] STATUS_RD RBBM_STATUS -> 0x00000040 (idle, 64 free)
[006681] MMIO_RD size=4 addr=0x1720 (WAIT_UNTIL)
[006682] MMIO_RD size=4 addr=0x0e40 (RBBM_STATUS)
[006683] STATUS_RD RBBM_STATUS -> 0x00000040 (idle, 64 free)
[006684] MMIO_RD size=4 addr=0x1720 (WAIT_UNTIL)
[006685] MMIO_RD size=4 addr=0x0e40 (RBBM_STATUS)
[006686] STATUS_RD RBBM_STATUS -> 0x00000040 (idle, 64 free)
[006687] MMIO_RD size=4 addr=0x1720 (WAIT_UNTIL)
[006688] MMIO_RD size=4 addr=0x0e40 (RBBM_STATUS)
[006689] STATUS_RD RBBM_STATUS -> 0x00000040 (idle, 64 free)
[006690] MMIO_RD size=4 addr=0x1720 (WAIT_UNTIL)
[006691] MMIO_RD size=4 addr=0x0e40 (RBBM_STATUS)
[006692] STATUS_RD RBBM_STATUS -> 0x00000040 (idle, 64 free)
[006693] MMIO_RD size=4 addr=0x1720 (WAIT_UNTIL)
[006694] MMIO_RD size=4 addr=0x0e40 (RBBM_STATUS)
[006695] STATUS_RD RBBM_STATUS -> 0x00000040 (idle, 64 free)
[006696] MMIO_RD size=4 addr=0x1720 (WAIT_UNTIL)
[006697] MMIO_RD size=4 addr=0x0e40 (RBBM_STATUS)
[006698] STATUS_RD RBBM_STATUS -> 0x00000040 (idle, 64 free)
[006699] MMIO_RD size=4 addr=0x1720 (WAIT_UNTIL)
[006700] MMIO_RD size=4 addr=0x0e40 (RBBM_STATUS)
[006701] STATUS_RD RBBM_STATUS -> 0x00000040 (idle, 64 free)
[006702] MMIO_RD size=4 addr=0x1720 (WAIT_UNTIL)
[006703] MMIO_RD size=4 addr=0x0e40 (RBBM_STATUS)
[006704] STATUS_RD RBBM_STATUS -> 0x00000040 (idle, 64 free)
[006705] MMIO_RD size=4 addr=0x1720 (WAIT_UNTIL)
[006706] MMIO_RD size=4 addr=0x0e40 (RBBM_STATUS)
[006707] STATUS_RD RBBM_STATUS -> 0x00000040 (idle, 64 free)
[006708] MMIO_RD size=4 addr=0x1720 (WAIT_UNTIL)
[006709] MMIO_RD size=4 addr=0x0e40 (RBBM_STATUS)
[006710] STATUS_RD RBBM_STATUS -> 0x00000040 (idle, 64 free)
[006711] MMIO_RD size=4 addr=0x1720 (WAIT_UNTIL)
[006712] MMIO_RD size=4 addr=0x0e40 (RBBM_STATUS)
[006713] STATUS_RD RBBM_STATUS -> 0x00000040 (idle, 64 free)
[006714] MMIO_RD size=4 addr=0x1720 (WAIT_UNTIL)
[006715] MMIO_RD size=4 addr=0x0e40 (RBBM_STATUS)
[006716] STATUS_RD RBBM_STATUS -> 0x00000040 (idle, 64 free)
[006717] MMIO_RD size=4 addr=0x1720 (WAIT_UNTIL)
[006718] MMIO_RD size=4 addr=0x0e40 (RBBM_STATUS)
[006719] STATUS_RD RBBM_STATUS -> 0x00000040 (idle, 64 free)
[006720] MMIO_RD size=4 addr=0x1720 (WAIT_UNTIL)
[006721] MMIO_RD size=4 addr=0x0e40 (RBBM_STATUS)
[006722] STATUS_RD RBBM_STATUS -> 0x00000040 (idle, 64 free)
[006723] MMIO_RD size=4 addr=0x1720 (WAIT_UNTIL)
[006724] MMIO_RD size=4 addr=0x0e40 (RBBM_STATUS)
[006725] STATUS_RD RBBM_STATUS -> 0x00000040 (idle, 64 free)
[006726] MMIO_RD size=4 addr=0x1720 (WAIT_UNTIL)
[006727] MMIO_RD size=4 addr=0x0e40 (RBBM_STATUS)
[006728] STATUS_RD RBBM_STATUS -> 0x00000040 (idle, 64 free)
[006729] MMIO_RD size=4 addr=0x1720 (WAIT_UNTIL)
[006730] MMIO_RD size=4 addr=0x0e40 (RBBM_STATUS)
[006731] STATUS_RD RBBM_STATUS -> 0x00000040 (idle, 64 free)
[006732] MMIO_RD size=4 addr=0x1720 (WAIT_UNTIL)
[006733] MMIO_RD size=4 addr=0x0e40 (RBBM_STATUS)
[006734] STATUS_RD RBBM_STATUS -> 0x00000040 (idle, 64 free)
[006735] MMIO_RD size=4 addr=0x1720 (WAIT_UNTIL)
[006736] MMIO_RD size=4 addr=0x0e40 (RBBM_STATUS)
[006737] STATUS_RD RBBM_STATUS -> 0x00000040 (idle, 64 free)
[006738] MMIO_RD size=4 addr=0x1720 (WAIT_UNTIL)
[006739] MMIO_RD size=4 addr=0x0e40 (RBBM_STATUS)
[006740] STATUS_RD RBBM_STATUS -> 0x00000040 (idle, 64 free)
[006741] MMIO_RD size=4 addr=0x1720 (WAIT_UNTIL)
[006742] MMIO_RD size=4 addr=0x0e40 (RBBM_STATUS)
[006743] STATUS_RD RBBM_STATUS -> 0x00000040 (idle, 64 free)
[006744] MMIO_RD size=4 addr=0x1720 (WAIT_UNTIL)
[006745] MMIO_RD size=4 addr=0x0e40 (RBBM_STATUS)
[006746] STATUS_RD RBBM_STATUS -> 0x00000040 (idle, 64 free)
[006747] MMIO_RD size=4 addr=0x1720 (WAIT_UNTIL)
[006748] MMIO_RD size=4 addr=0x0e40 (RBBM_STATUS)
[006749] STATUS_RD RBBM_STATUS -> 0x00000040 (idle, 64 free)
[006750] MMIO_RD size=4 addr=0x1720 (WAIT_UNTIL)
[006751] MMIO_RD size=4 addr=0x0e40 (RBBM_STATUS)
[006752] STATUS_RD RBBM_STATUS -> 0x00000040 (idle, 64 free)
[006753] MMIO_RD size=4 addr=0x1720 (WAIT_UNTIL)
[006754] MMIO_RD size=4 addr=0x0e40 (RBBM_STATUS)
[006755] STATUS_RD RBBM_STATUS -> 0x00000040 (idle, 64 free)
[006756] MMIO_RD size=4 addr=0x1720 (WAIT_UNTIL)
[006757] MMIO_RD size=4 addr=0x0e40 (RBBM_STATUS)
[006758] STATUS_RD RBBM_STATUS -> 0x00000040 (idle, 64 free)
[006759] MMIO_RD size=4 addr=0x1720 (WAIT_UNTIL)
[006760] MMIO_RD size=4 addr=0x0e40 (RBBM_STATUS)
[006761] STATUS_RD RBBM_STATUS -> 0x00000040 (idle, 64 free)
[006762] MMIO_RD size=4 addr=0x1720 (WAIT_UNTIL)
[006763] MMIO_RD size=4 addr=0x0e40 (RBBM_STATUS)
[006764] STATUS_RD RBBM_STATUS -> 0x00000040 (idle, 64 free)
[006765] MMIO_RD size=4 addr=0x1720 (WAIT_UNTIL)
[006766] MMIO_RD size=4 addr=0x0e40 (RBBM_STATUS)
[006767] STATUS_RD RBBM_STATUS -> 0x00000040 (idle, 64 free)
[006768] MMIO_RD size=4 addr=0x1720 (WAIT_UNTIL)
[006769] MMIO_RD size=4 addr=0x0e40 (RBBM_STATUS)
[006770] STATUS_RD RBBM_STATUS -> 0x00000040 (idle, 64 free)
[006771] MMIO_RD size=4 addr=0x1720 (WAIT_UNTIL)
[006772] MMIO_RD size=4 addr=0x0e40 (RBBM_STATUS)
[006773] STATUS_RD RBBM_STATUS -> 0x00000040 (idle, 64 free)
[006774] MMIO_RD size=4 addr=0x1720 (WAIT_UNTIL)
[006775] MMIO_RD size=4 addr=0x0e40 (RBBM_STATUS)
[006776] STATUS_RD RBBM_STATUS -> 0x00000040 (idle, 64 free)
[006777] MMIO_RD size=4 addr=0x1720 (WAIT_UNTIL)
[006778] MMIO_RD size=4 addr=0x0e40 (RBBM_STATUS)
[006779] STATUS_RD RBBM_STATUS -> 0x00000040 (idle, 64 free)
[006780] MMIO_RD size=4 addr=0x1720 (WAIT_UNTIL)
[006781] MMIO_RD size=4 addr=0x0e40 (RBBM_STATUS)
[006782] STATUS_RD RBBM_STATUS -> 0x00000040 (idle, 64 free)
[006783] MMIO_RD size=4 addr=0x1720 (WAIT_UNTIL)
[006784] MMIO_RD size=4 addr=0x0e40 (RBBM_STATUS)
[006785] STATUS_RD RBBM_STATUS -> 0x00000040 (idle, 64 free)
[006786] MMIO_RD size=4 addr=0x1720 (WAIT_UNTIL)
[006787] MMIO_RD size=4 addr=0x0e40 (RBBM_STATUS)
[006788] STATUS_RD RBBM_STATUS -> 0x00000040 (idle, 64 free)
[006789] MMIO_RD size=4 addr=0x1720 (WAIT_UNTIL)
[006790] MMIO_RD size=4 addr=0x0e40 (RBBM_STATUS)
[006791] STATUS_RD RBBM_STATUS -> 0x00000040 (idle, 64 free)
[006792] MMIO_RD size=4 addr=0x1720 (WAIT_UNTIL)
[006793] MMIO_RD size=4 addr=0x0e40 (RBBM_STATUS)
[006794] STATUS_RD RBBM_STATUS -> 0x00000040 (idle, 64 free)
[006795] MMIO_RD size=4 addr=0x1720 (WAIT_UNTIL)
[006796] MMIO_RD size=4 addr=0x0e40 (RBBM_STATUS)
[006797] STATUS_RD RBBM_STATUS -> 0x00000040 (idle, 64 free)
[006798] MMIO_RD size=4 addr=0x1720 (WAIT_UNTIL)
[006799] MMIO_RD size=4 addr=0x0e40 (RBBM_STATUS)
[006800] STATUS_RD RBBM_STATUS -> 0x00000040 (idle, 64 free)
[006801] MMIO_RD size=4 addr=0x1720 (WAIT_UNTIL)
[006802] MMIO_RD size=4 addr=0x0e40 (RBBM_STATUS)
[006803] STATUS_RD RBBM_STATUS -> 0x00000040 (idle, 64 free)
[006804] MMIO_RD size=4 addr=0x1720 (WAIT_UNTIL)
[006805] MMIO_RD size=4 addr=0x0e40 (RBBM_STATUS)
[006806] STATUS_RD RBBM_STATUS -> 0x00000040 (idle, 64 free)
[006807] MMIO_RD size=4 addr=0x1720 (WAIT_UNTIL)
[006808] MMIO_RD size=4 addr=0x0e40 (RBBM_STATUS)
[006809] STATUS_RD RBBM_STATUS -> 0x00000040 (idle, 64 free)
[006810] MMIO_RD size=4 addr=0x1720 (WAIT_UNTIL)
[006811] MMIO_RD size=4 addr=0x0e40 (RBBM_STATUS)
[006812] STATUS_RD RBBM_STATUS -> 0x00000040 (idle, 64 free)
[006813] MMIO_RD size=4 addr=0x1720 (WAIT_UNTIL)
[006814] MMIO_RD size=4 addr=0x0e40 (RBBM_STATUS)
[006815] STATUS_RD RBBM_STATUS -> 0x00000040 (idle, 64 free)
[006816] MMIO_RD size=4 addr=0x1720 (WAIT_UNTIL)
[006817] MMIO_RD size=4 addr=0x0e40 (RBBM_STATUS)
[006818] STATUS_RD RBBM_STATUS -> 0x00000040 (idle, 64 free)
[006819] MMIO_RD size=4 addr=0x1720 (WAIT_UNTIL)
[006820] MMIO_RD size=4 addr=0x0e40 (RBBM_STATUS)
[006821] STATUS_RD RBBM_STATUS -> 0x00000040 (idle, 64 free)
[006822] MMIO_RD size=4 addr=0x1720 (WAIT_UNTIL)
[006823] MMIO_RD size=4 addr=0x0e40 (RBBM_STATUS)
[006824] STATUS_RD RBBM_STATUS -> 0x00000040 (idle, 64 free)
[006825] MMIO_RD size=4 addr=0x1720 (WAIT_UNTIL)
[006826] MMIO_RD size=4 addr=0x0e40 (RBBM_STATUS)
[006827] STATUS_RD RBBM_STATUS -> 0x00000040 (idle, 64 free)
[006828] MMIO_RD size=4 addr=0x1720 (WAIT_UNTIL)
[006829] MMIO_RD size=4 addr=0x0e40 (RBBM_STATUS)
[006830] STATUS_RD RBBM_STATUS -> 0x00000040 (idle, 64 free)
[006831] MMIO_RD size=4 addr=0x1720 (WAIT_UNTIL)
[006832] MMIO_RD size=4 addr=0x0e40 (RBBM_STATUS)
[006833] STATUS_RD RBBM_STATUS -> 0x00000040 (idle, 64 free)
[006834] MMIO_RD size=4 addr=0x1720 (WAIT_UNTIL)
[006835] MMIO_RD size=4 addr=0x0e40 (RBBM_STATUS)
[006836] STATUS_RD RBBM_STATUS -> 0x00000040 (idle, 64 free)
[006837] MMIO_RD size=4 addr=0x1720 (WAIT_UNTIL)
[006838] MMIO_RD size=4 addr=0x0e40 (RBBM_STATUS)
[006839] STATUS_RD RBBM_STATUS -> 0x00000040 (idle, 64 free)
[006840] MMIO_RD size=4 addr=0x1720 (WAIT_UNTIL)
[006841] MMIO_RD size=4 addr=0x0e40 (RBBM_STATUS)
[006842] STATUS_RD RBBM_STATUS -> 0x00000040 (idle, 64 free)
[006843] MMIO_RD size=4 addr=0x1720 (WAIT_UNTIL)
[006844] MMIO_RD size=4 addr=0x0e40 (RBBM_STATUS)
[006845] STATUS_RD RBBM_STATUS -> 0x00000040 (idle, 64 free)
[006846] MMIO_RD size=4 addr=0x1720 (WAIT_UNTIL)
[006847] MMIO_RD size=4 addr=0x0e40 (RBBM_STATUS)
[006848] STATUS_RD RBBM_STATUS -> 0x00000040 (idle, 64 free)
[006849] MMIO_RD size=4 addr=0x1720 (WAIT_UNTIL)
[006850] MMIO_RD size=4 addr=0x0e40 (RBBM_STATUS)
[006851] STATUS_RD RBBM_STATUS -> 0x00000040 (idle, 64 free)
[006852] MMIO_RD size=4 addr=0x1720 (WAIT_UNTIL)
[006853] MMIO_RD size=4 addr=0x0e40 (RBBM_STATUS)
[006854] STATUS_RD RBBM_STATUS -> 0x00000040 (idle, 64 free)
[006855] MMIO_RD size=4 addr=0x1720 (WAIT_UNTIL)
[006856] MMIO_RD size=4 addr=0x0e40 (RBBM_STATUS)
[006857] STATUS_RD RBBM_STATUS -> 0x00000040 (idle, 64 free)
[006858] MMIO_RD size=4 addr=0x1720 (WAIT_UNTIL)
[006859] MMIO_RD size=4 addr=0x0e40 (RBBM_STATUS)
[006860] STATUS_RD RBBM_STATUS -> 0x00000040 (idle, 64 free)
[006861] MMIO_RD size=4 addr=0x1720 (WAIT_UNTIL)
[006862] MMIO_RD size=4 addr=0x0e40 (RBBM_STATUS)
[006863] STATUS_RD RBBM_STATUS -> 0x00000040 (idle, 64 free)
[006864] MMIO_RD size=4 addr=0x1720 (WAIT_UNTIL)
[006865] MMIO_RD size=4 addr=0x0e40 (RBBM_STATUS)
[006866] STATUS_RD RBBM_STATUS -> 0x00000040 (idle, 64 free)
[006867] MMIO_RD size=4 addr=0x1720 (WAIT_UNTIL)
[006868] MMIO_RD size=4 addr=0x0e40 (RBBM_STATUS)
[006869] STATUS_RD RBBM_STATUS -> 0x00000040 (idle, 64 free)
[006870] MMIO_RD size=4 addr=0x1720 (WAIT_UNTIL)
[006871] MMIO_RD size=4 addr=0x0e40 (RBBM_STATUS)
[006872] STATUS_RD RBBM_STATUS -> 0x00000040 (idle, 64 free)
[006873] MMIO_RD size=4 addr=0x1720 (WAIT_UNTIL)
[006874] MMIO_RD size=4 addr=0x0e40 (RBBM_STATUS)
[006875] STATUS_RD RBBM_STATUS -> 0x00000040 (idle, 64 free)
[006876] MMIO_RD size=4 addr=0x1720 (WAIT_UNTIL)
[006877] MMIO_RD size=4 addr=0x0e40 (RBBM_STATUS)
[006878] STATUS_RD RBBM_STATUS -> 0x00000040 (idle, 64 free)
[006879] MMIO_RD size=4 addr=0x1720 (WAIT_UNTIL)
[006880] MMIO_RD size=4 addr=0x0e40 (RBBM_STATUS)
[006881] STATUS_RD RBBM_STATUS -> 0x00000040 (idle, 64 free)
[006882] MMIO_RD size=4 addr=0x1720 (WAIT_UNTIL)
[006883] MMIO_RD size=4 addr=0x0e40 (RBBM_STATUS)
[006884] STATUS_RD RBBM_STATUS -> 0x00000040 (idle, 64 free)
[006885] MMIO_RD size=4 addr=0x1720 (WAIT_UNTIL)
[006886] MMIO_RD size=4 addr=0x0e40 (RBBM_STATUS)
[006887] STATUS_RD RBBM_STATUS -> 0x00000040 (idle, 64 free)
[006888] MMIO_RD size=4 addr=0x1720 (WAIT_UNTIL)
[006889] MMIO_RD size=4 addr=0x0e40 (RBBM_STATUS)
[006890] STATUS_RD RBBM_STATUS -> 0x00000040 (idle, 64 free)
[006891] MMIO_RD size=4 addr=0x1720 (WAIT_UNTIL)
[006892] MMIO_RD size=4 addr=0x0e40 (RBBM_STATUS)
[006893] STATUS_RD RBBM_STATUS -> 0x00000040 (idle, 64 free)
[006894] MMIO_RD size=4 addr=0x1720 (WAIT_UNTIL)
[006895] MMIO_RD size=4 addr=0x0e40 (RBBM_STATUS)
[006896] STATUS_RD RBBM_STATUS -> 0x00000040 (idle, 64 free)
[006897] MMIO_RD size=4 addr=0x1720 (WAIT_UNTIL)
[006898] MMIO_RD size=4 addr=0x0e40 (RBBM_STATUS)
[006899] STATUS_RD RBBM_STATUS -> 0x00000040 (idle, 64 free)
[006900] MMIO_RD size=4 addr=0x1720 (WAIT_UNTIL)
[006901] MMIO_RD size=4 addr=0x0e40 (RBBM_STATUS)
[006902] STATUS_RD RBBM_STATUS -> 0x00000040 (idle, 64 free)
[006903] MMIO_RD size=4 addr=0x1720 (WAIT_UNTIL)
[006904] MMIO_RD size=4 addr=0x0e40 (RBBM_STATUS)
[006905] STATUS_RD RBBM_STATUS -> 0x00000040 (idle, 64 free)
[006906] MMIO_RD size=4 addr=0x1720 (WAIT_UNTIL)
[006907] MMIO_RD size=4 addr=0x0e40 (RBBM_STATUS)
[006908] STATUS_RD RBBM_STATUS -> 0x00000040 (idle, 64 free)
[006909] MMIO_RD size=4 addr=0x1720 (WAIT_UNTIL)
[006910] MMIO_RD size=4 addr=0x0e40 (RBBM_STATUS)
[006911] STATUS_RD RBBM_STATUS -> 0x00000040 (idle, 64 free)
[006912] MMIO_RD size=4 addr=0x1720 (WAIT_UNTIL)
[006913] MMIO_RD size=4 addr=0x0e40 (RBBM_STATUS)
[006914] STATUS_RD RBBM_STATUS -> 0x00000040 (idle, 64 free)
[006915] MMIO_RD size=4 addr=0x1720 (WAIT_UNTIL)
[006916] MMIO_RD size=4 addr=0x0e40 (RBBM_STATUS)
[006917] STATUS_RD RBBM_STATUS -> 0x00000040 (idle, 64 free)
[006918] MMIO_RD size=4 addr=0x1720 (WAIT_UNTIL)
[006919] MMIO_RD size=4 addr=0x0e40 (RBBM_STATUS)
[006920] STATUS_RD RBBM_STATUS -> 0x00000040 (idle, 64 free)
[006921] MMIO_RD size=4 addr=0x1720 (WAIT_UNTIL)
[006922] MMIO_RD size=4 addr=0x0e40 (RBBM_STATUS)
[006923] STATUS_RD RBBM_STATUS -> 0x00000040 (idle, 64 free)
[006924] MMIO_RD size=4 addr=0x1720 (WAIT_UNTIL)
[006925] MMIO_RD size=4 addr=0x0e40 (RBBM_STATUS)
[006926] STATUS_RD RBBM_STATUS -> 0x00000040 (idle, 64 free)
[006927] MMIO_RD size=4 addr=0x1720 (WAIT_UNTIL)
[006928] MMIO_RD size=4 addr=0x0e40 (RBBM_STATUS)
[006929] STATUS_RD RBBM_STATUS -> 0x00000040 (idle, 64 free)
[006930] MMIO_RD size=4 addr=0x1720 (WAIT_UNTIL)
[006931] MMIO_RD size=4 addr=0x0e40 (RBBM_STATUS)
[006932] STATUS_RD RBBM_STATUS -> 0x00000040 (idle, 64 free)
[006933] MMIO_RD size=4 addr=0x1720 (WAIT_UNTIL)
[006934] MMIO_RD size=4 addr=0x0e40 (RBBM_STATUS)
[006935] STATUS_RD RBBM_STATUS -> 0x00000040 (idle, 64 free)
[006936] MMIO_RD size=4 addr=0x1720 (WAIT_UNTIL)
[006937] MMIO_RD size=4 addr=0x0e40 (RBBM_STATUS)
[006938] STATUS_RD RBBM_STATUS -> 0x00000040 (idle, 64 free)
[006939] MMIO_RD size=4 addr=0x1720 (WAIT_UNTIL)
[006940] MMIO_RD size=4 addr=0x0e40 (RBBM_STATUS)
[006941] STATUS_RD RBBM_STATUS -> 0x00000040 (idle, 64 free)
[006942] MMIO_RD size=4 addr=0x1720 (WAIT_UNTIL)
[006943] MMIO_RD size=4 addr=0x0e40 (RBBM_STATUS)
[006944] STATUS_RD RBBM_STATUS -> 0x00000040 (idle, 64 free)
[006945] MMIO_RD size=4 addr=0x1720 (WAIT_UNTIL)
[006946] MMIO_RD size=4 addr=0x0e40 (RBBM_STATUS)
[006947] STATUS_RD RBBM_STATUS -> 0x00000040 (idle, 64 free)
[006948] MMIO_RD size=4 addr=0x1720 (WAIT_UNTIL)
[006949] MMIO_RD size=4 addr=0x0e40 (RBBM_STATUS)
[006950] STATUS_RD RBBM_STATUS -> 0x00000040 (idle, 64 free)
[006951] MMIO_RD size=4 addr=0x1720 (WAIT_UNTIL)
[006952] MMIO_RD size=4 addr=0x0e40 (RBBM_STATUS)
[006953] STATUS_RD RBBM_STATUS -> 0x00000040 (idle, 64 free)
[006954] MMIO_RD size=4 addr=0x1720 (WAIT_UNTIL)
[006955] MMIO_RD size=4 addr=0x0e40 (RBBM_STATUS)
[006956] STATUS_RD RBBM_STATUS -> 0x00000040 (idle, 64 free)
[006957] MMIO_RD size=4 addr=0x1720 (WAIT_UNTIL)
[006958] MMIO_RD size=4 addr=0x0e40 (RBBM_STATUS)
[006959] STATUS_RD RBBM_STATUS -> 0x00000040 (idle, 64 free)
[006960] MMIO_RD size=4 addr=0x1720 (WAIT_UNTIL)
[006961] MMIO_RD size=4 addr=0x0e40 (RBBM_STATUS)
[006962] STATUS_RD RBBM_STATUS -> 0x00000040 (idle, 64 free)
[006963] MMIO_RD size=4 addr=0x1720 (WAIT_UNTIL)
[006964] MMIO_RD size=4 addr=0x0e40 (RBBM_STATUS)
[006965] STATUS_RD RBBM_STATUS -> 0x00000040 (idle, 64 free)
[006966] MMIO_RD size=4 addr=0x1720 (WAIT_UNTIL)
[006967] MMIO_RD size=4 addr=0x0e40 (RBBM_STATUS)
[006968] STATUS_RD RBBM_STATUS -> 0x00000040 (idle, 64 free)
[006969] MMIO_RD size=4 addr=0x1720 (WAIT_UNTIL)
[006970] MMIO_RD size=4 addr=0x0e40 (RBBM_STATUS)
[006971] STATUS_RD RBBM_STATUS -> 0x00000040 (idle, 64 free)
[006972] MMIO_RD size=4 addr=0x1720 (WAIT_UNTIL)
[006973] MMIO_RD size=4 addr=0x0e40 (RBBM_STATUS)
[006974] STATUS_RD RBBM_STATUS -> 0x00000040 (idle, 64 free)
[006975] MMIO_RD size=4 addr=0x1720 (WAIT_UNTIL)
[006976] MMIO_RD size=4 addr=0x0e40 (RBBM_STATUS)
[006977] STATUS_RD RBBM_STATUS -> 0x00000040 (idle, 64 free)
[006978] MMIO_RD size=4 addr=0x1720 (WAIT_UNTIL)
[006979] MMIO_RD size=4 addr=0x0e40 (RBBM_STATUS)
[006980] STATUS_RD RBBM_STATUS -> 0x00000040 (idle, 64 free)
[006981] MMIO_RD size=4 addr=0x1720 (WAIT_UNTIL)
[006982] MMIO_RD size=4 addr=0x0e40 (RBBM_STATUS)
[006983] STATUS_RD RBBM_STATUS -> 0x00000040 (idle, 64 free)
[006984] MMIO_RD size=4 addr=0x1720 (WAIT_UNTIL)
[006985] MMIO_RD size=4 addr=0x0e40 (RBBM_STATUS)
[006986] STATUS_RD RBBM_STATUS -> 0x00000040 (idle, 64 free)
[006987] MMIO_RD size=4 addr=0x1720 (WAIT_UNTIL)
[006988] MMIO_RD size=4 addr=0x0e40 (RBBM_STATUS)
[006989] STATUS_RD RBBM_STATUS -> 0x00000040 (idle, 64 free)
[006990] MMIO_RD size=4 addr=0x1720 (WAIT_UNTIL)
[006991] MMIO_RD size=4 addr=0x0e40 (RBBM_STATUS)
[006992] STATUS_RD RBBM_STATUS -> 0x00000040 (idle, 64 free)
[006993] MMIO_RD size=4 addr=0x1720 (WAIT_UNTIL)
[006994] MMIO_RD size=4 addr=0x0e40 (RBBM_STATUS)
[006995] STATUS_RD RBBM_STATUS -> 0x00000040 (idle, 64 free)
[006996] MMIO_RD size=4 addr=0x1720 (WAIT_UNTIL)
[006997] MMIO_RD size=4 addr=0x0e40 (RBBM_STATUS)
[006998] STATUS_RD RBBM_STATUS -> 0x00000040 (idle, 64 free)
[006999] MMIO_RD size=4 addr=0x1720 (WAIT_UNTIL)
[007000] MMIO_RD size=4 addr=0x0e40 (RBBM_STATUS)
[007001] STATUS_RD RBBM_STATUS -> 0x00000040 (idle, 64 free)
[007002] MMIO_RD size=4 addr=0x1720 (WAIT_UNTIL)
[007003] MMIO_RD size=4 addr=0x0e40 (RBBM_STATUS)
[007004] STATUS_RD RBBM_STATUS -> 0x00000040 (idle, 64 free)
[007005] MMIO_RD size=4 addr=0x1720 (WAIT_UNTIL)
[007006] MMIO_RD size=4 addr=0x0e40 (RBBM_STATUS)
[007007] STATUS_RD RBBM_STATUS -> 0x00000040 (idle, 64 free)
[007008] MMIO_RD size=4 addr=0x1720 (WAIT_UNTIL)
[007009] MMIO_RD size=4 addr=0x0e40 (RBBM_STATUS)
[007010] STATUS_RD RBBM_STATUS -> 0x00000040 (idle, 64 free)
[007011] MMIO_RD size=4 addr=0x1720 (WAIT_UNTIL)
[007012] MMIO_RD size=4 addr=0x0e40 (RBBM_STATUS)
[007013] STATUS_RD RBBM_STATUS -> 0x00000040 (idle, 64 free)
[007014] MMIO_RD size=4 addr=0x1720 (WAIT_UNTIL)
[007015] MMIO_RD size=4 addr=0x0e40 (RBBM_STATUS)
[007016] STATUS_RD RBBM_STATUS -> 0x00000040 (idle, 64 free)
[007017] MMIO_RD size=4 addr=0x1720 (WAIT_UNTIL)
[007018] MMIO_RD size=4 addr=0x0e40 (RBBM_STATUS)
[007019] STATUS_RD RBBM_STATUS -> 0x00000040 (idle, 64 free)
[007020] MMIO_RD size=4 addr=0x1720 (WAIT_UNTIL)
[007021] MMIO_RD size=4 addr=0x0e40 (RBBM_STATUS)
[007022] STATUS_RD RBBM_STATUS -> 0x00000040 (idle, 64 free)
[007023] MMIO_RD size=4 addr=0x1720 (WAIT_UNTIL)
[007024] MMIO_RD size=4 addr=0x0e40 (RBBM_STATUS)
[007025] STATUS_RD RBBM_STATUS -> 0x00000040 (idle, 64 free)
[007026] MMIO_RD size=4 addr=0x1720 (WAIT_UNTIL)
[007027] MMIO_RD size=4 addr=0x0e40 (RBBM_STATUS)
[007028] STATUS_RD RBBM_STATUS -> 0x00000040 (idle, 64 free)
[007029] MMIO_RD size=4 addr=0x1720 (WAIT_UNTIL)
[007030] MMIO_RD size=4 addr=0x0e40 (RBBM_STATUS)
[007031] STATUS_RD RBBM_STATUS -> 0x00000040 (idle, 64 free)
[007032] MMIO_RD size=4 addr=0x1720 (WAIT_UNTIL)
[007033] MMIO_RD size=4 addr=0x0e40 (RBBM_STATUS)
[007034] STATUS_RD RBBM_STATUS -> 0x00000040 (idle, 64 free)
[007035] MMIO_RD size=4 addr=0x1720 (WAIT_UNTIL)
[007036] MMIO_RD size=4 addr=0x0e40 (RBBM_STATUS)
[007037] STATUS_RD RBBM_STATUS -> 0x00000040 (idle, 64 free)
[007038] MMIO_RD size=4 addr=0x1720 (WAIT_UNTIL)
[007039] MMIO_RD size=4 addr=0x0e40 (RBBM_STATUS)
[007040] STATUS_RD RBBM_STATUS -> 0x00000040 (idle, 64 free)
[007041] MMIO_RD size=4 addr=0x1720 (WAIT_UNTIL)
[007042] MMIO_RD size=4 addr=0x0e40 (RBBM_STATUS)
[007043] STATUS_RD RBBM_STATUS -> 0x00000040 (idle, 64 free)
[007044] MMIO_RD size=4 addr=0x1720 (WAIT_UNTIL)
[007045] MMIO_RD size=4 addr=0x0e40 (RBBM_STATUS)
[007046] STATUS_RD RBBM_STATUS -> 0x00000040 (idle, 64 free)
[007047] MMIO_RD size=4 addr=0x1720 (WAIT_UNTIL)
[007048] MMIO_RD size=4 addr=0x0e40 (RBBM_STATUS)
[007049] STATUS_RD RBBM_STATUS -> 0x00000040 (idle, 64 free)
[007050] MMIO_RD size=4 addr=0x1720 (WAIT_UNTIL)
[007051] MMIO_RD size=4 addr=0x0e40 (RBBM_STATUS)
[007052] STATUS_RD RBBM_STATUS -> 0x00000040 (idle, 64 free)
[007053] MMIO_RD size=4 addr=0x1720 (WAIT_UNTIL)
[007054] MMIO_RD size=4 addr=0x0e40 (RBBM_STATUS)
[007055] STATUS_RD RBBM_STATUS -> 0x00000040 (idle, 64 free)
[007056] MMIO_RD size=4 addr=0x1720 (WAIT_UNTIL)
[007057] MMIO_RD size=4 addr=0x0e40 (RBBM_STATUS)
[007058] STATUS_RD RBBM_STATUS -> 0x00000040 (idle, 64 free)
[007059] MMIO_RD size=4 addr=0x1720 (WAIT_UNTIL)
[007060] MMIO_RD size=4 addr=0x0e40 (RBBM_STATUS)
[007061] STATUS_RD RBBM_STATUS -> 0x00000040 (idle, 64 free)
[007062] MMIO_RD size=4 addr=0x1720 (WAIT_UNTIL)
[007063] MMIO_RD size=4 addr=0x0e40 (RBBM_STATUS)
[007064] STATUS_RD RBBM_STATUS -> 0x00000040 (idle, 64 free)
[007065] MMIO_RD size=4 addr=0x1720 (WAIT_UNTIL)
[007066] MMIO_RD size=4 addr=0x0e40 (RBBM_STATUS)
[007067] STATUS_RD RBBM_STATUS -> 0x00000040 (idle, 64 free)
[007068] MMIO_RD size=4 addr=0x1720 (WAIT_UNTIL)
[007069] MMIO_RD size=4 addr=0x0e40 (RBBM_STATUS)
[007070] STATUS_RD RBBM_STATUS -> 0x00000040 (idle, 64 free)
[007071] MMIO_RD size=4 addr=0x1720 (WAIT_UNTIL)
[007072] MMIO_RD size=4 addr=0x0e40 (RBBM_STATUS)
[007073] STATUS_RD RBBM_STATUS -> 0x00000040 (idle, 64 free)
[007074] MMIO_RD size=4 addr=0x1720 (WAIT_UNTIL)
[007075] MMIO_RD size=4 addr=0x0e40 (RBBM_STATUS)
[007076] STATUS_RD RBBM_STATUS -> 0x00000040 (idle, 64 free)
[007077] MMIO_RD size=4 addr=0x1720 (WAIT_UNTIL)
[007078] MMIO_RD size=4 addr=0x0e40 (RBBM_STATUS)
[007079] STATUS_RD RBBM_STATUS -> 0x00000040 (idle, 64 free)
[007080] MMIO_RD size=4 addr=0x1720 (WAIT_UNTIL)
[007081] MMIO_RD size=4 addr=0x0e40 (RBBM_STATUS)
[007082] STATUS_RD RBBM_STATUS -> 0x00000040 (idle, 64 free)
[007083] MMIO_RD size=4 addr=0x1720 (WAIT_UNTIL)
[007084] MMIO_RD size=4 addr=0x0e40 (RBBM_STATUS)
[007085] STATUS_RD RBBM_STATUS -> 0x00000040 (idle, 64 free)
[007086] MMIO_RD size=4 addr=0x1720 (WAIT_UNTIL)
[007087] MMIO_RD size=4 addr=0x0e40 (RBBM_STATUS)
[007088] STATUS_RD RBBM_STATUS -> 0x00000040 (idle, 64 free)
[007089] MMIO_RD size=4 addr=0x1720 (WAIT_UNTIL)
[007090] MMIO_RD size=4 addr=0x0e40 (RBBM_STATUS)
[007091] STATUS_RD RBBM_STATUS -> 0x00000040 (idle, 64 free)
[007092] MMIO_RD size=4 addr=0x1720 (WAIT_UNTIL)
[007093] MMIO_RD size=4 addr=0x0e40 (RBBM_STATUS)
[007094] STATUS_RD RBBM_STATUS -> 0x00000040 (idle, 64 free)
[007095] MMIO_RD size=4 addr=0x1720 (WAIT_UNTIL)
[007096] MMIO_RD size=4 addr=0x0e40 (RBBM_STATUS)
[007097] STATUS_RD RBBM_STATUS -> 0x00000040 (idle, 64 free)
[007098] MMIO_RD size=4 addr=0x1720 (WAIT_UNTIL)
[007099] MMIO_RD size=4 addr=0x0e40 (RBBM_STATUS)
[007100] STATUS_RD RBBM_STATUS -> 0x00000040 (idle, 64 free)
[007101] MMIO_RD size=4 addr=0x1720 (WAIT_UNTIL)
[007102] MMIO_RD size=4 addr=0x0e40 (RBBM_STATUS)
[007103] STATUS_RD RBBM_STATUS -> 0x00000040 (idle, 64 free)
[007104] MMIO_RD size=4 addr=0x1720 (WAIT_UNTIL)
[007105] MMIO_RD size=4 addr=0x0e40 (RBBM_STATUS)
[007106] STATUS_RD RBBM_STATUS -> 0x00000040 (idle, 64 free)
[007107] MMIO_RD size=4 addr=0x1720 (WAIT_UNTIL)
[007108] MMIO_RD size=4 addr=0x0e40 (RBBM_STATUS)
[007109] STATUS_RD RBBM_STATUS -> 0x00000040 (idle, 64 free)
[007110] MMIO_RD size=4 addr=0x1720 (WAIT_UNTIL)
[007111] MMIO_RD size=4 addr=0x0e40 (RBBM_STATUS)
[007112] STATUS_RD RBBM_STATUS -> 0x00000040 (idle, 64 free)
[007113] MMIO_RD size=4 addr=0x1720 (WAIT_UNTIL)
[007114] MMIO_RD size=4 addr=0x0e40 (RBBM_STATUS)
[007115] STATUS_RD RBBM_STATUS -> 0x00000040 (idle, 64 free)
[007116] MMIO_RD size=4 addr=0x1720 (WAIT_UNTIL)
[007117] MMIO_RD size=4 addr=0x0e40 (RBBM_STATUS)
[007118] STATUS_RD RBBM_STATUS -> 0x00000040 (idle, 64 free)
[007119] MMIO_RD size=4 addr=0x1720 (WAIT_UNTIL)
[007120] MMIO_RD size=4 addr=0x0e40 (RBBM_STATUS)
[007121] STATUS_RD RBBM_STATUS -> 0x00000040 (idle, 64 free)
[007122] MMIO_RD size=4 addr=0x1720 (WAIT_UNTIL)
[007123] MMIO_RD size=4 addr=0x0e40 (RBBM_STATUS)
[007124] STATUS_RD RBBM_STATUS -> 0x00000040 (idle, 64 free)
[007125] MMIO_RD size=4 addr=0x1720 (WAIT_UNTIL)
[007126] MMIO_RD size=4 addr=0x0e40 (RBBM_STATUS)
[007127] STATUS_RD RBBM_STATUS -> 0x00000040 (idle, 64 free)
[007128] MMIO_RD size=4 addr=0x1720 (WAIT_UNTIL)
[007129] MMIO_RD size=4 addr=0x0e40 (RBBM_STATUS)
[007130] STATUS_RD RBBM_STATUS -> 0x00000040 (idle, 64 free)
[007131] MMIO_RD size=4 addr=0x1720 (WAIT_UNTIL)
[007132] MMIO_RD size=4 addr=0x0e40 (RBBM_STATUS)
[007133] STATUS_RD RBBM_STATUS -> 0x00000040 (idle, 64 free)
[007134] MMIO_RD size=4 addr=0x1720 (WAIT_UNTIL)
[007135] MMIO_RD size=4 addr=0x0e40 (RBBM_STATUS)
[007136] STATUS_RD RBBM_STATUS -> 0x00000040 (idle, 64 free)
[007137] MMIO_RD size=4 addr=0x1720 (WAIT_UNTIL)
[007138] MMIO_RD size=4 addr=0x0e40 (RBBM_STATUS)
[007139] STATUS_RD RBBM_STATUS -> 0x00000040 (idle, 64 free)
[007140] MMIO_RD size=4 addr=0x1720 (WAIT_UNTIL)
[007141] MMIO_RD size=4 addr=0x0e40 (RBBM_STATUS)
[007142] STATUS_RD RBBM_STATUS -> 0x00000040 (idle, 64 free)
[007143] MMIO_RD size=4 addr=0x1720 (WAIT_UNTIL)
[007144] MMIO_RD size=4 addr=0x0e40 (RBBM_STATUS)
[007145] STATUS_RD RBBM_STATUS -> 0x00000040 (idle, 64 free)
[007146] MMIO_RD size=4 addr=0x1720 (WAIT_UNTIL)
[007147] MMIO_RD size=4 addr=0x0e40 (RBBM_STATUS)
[007148] STATUS_RD RBBM_STATUS -> 0x00000040 (idle, 64 free)
[007149] MMIO_RD size=4 addr=0x1720 (WAIT_UNTIL)
[007150] MMIO_RD size=4 addr=0x0e40 (RBBM_STATUS)
[007151] STATUS_RD RBBM_STATUS -> 0x00000040 (idle, 64 free)
[007152] MMIO_RD size=4 addr=0x1720 (WAIT_UNTIL)
[007153] MMIO_RD size=4 addr=0x0e40 (RBBM_STATUS)
[007154] STATUS_RD RBBM_STATUS -> 0x00000040 (idle, 64 free)
[007155] MMIO_RD size=4 addr=0x1720 (WAIT_UNTIL)
[007156] MMIO_RD size=4 addr=0x0e40 (RBBM_STATUS)
[007157] STATUS_RD RBBM_STATUS -> 0x00000040 (idle, 64 free)
[007158] MMIO_RD size=4 addr=0x1720 (WAIT_UNTIL)
[007159] MMIO_RD size=4 addr=0x0e40 (RBBM_STATUS)
[007160] STATUS_RD RBBM_STATUS -> 0x00000040 (idle, 64 free)
[007161] MMIO_RD size=4 addr=0x1720 (WAIT_UNTIL)
[007162] MMIO_RD size=4 addr=0x0e40 (RBBM_STATUS)
[007163] STATUS_RD RBBM_STATUS -> 0x00000040 (idle, 64 free)
[007164] MMIO_RD size=4 addr=0x1720 (WAIT_UNTIL)
[007165] MMIO_RD size=4 addr=0x0e40 (RBBM_STATUS)
[007166] STATUS_RD RBBM_STATUS -> 0x00000040 (idle, 64 free)
[007167] MMIO_RD size=4 addr=0x1720 (WAIT_UNTIL)
[007168] MMIO_RD size=4 addr=0x0e40 (RBBM_STATUS)
[007169] STATUS_RD RBBM_STATUS -> 0x00000040 (idle, 64 free)
[007170] MMIO_RD size=4 addr=0x1720 (WAIT_UNTIL)
[007171] MMIO_RD size=4 addr=0x0e40 (RBBM_STATUS)
[007172] STATUS_RD RBBM_STATUS -> 0x00000040 (idle, 64 free)
[007173] MMIO_RD size=4 addr=0x1720 (WAIT_UNTIL)
[007174] MMIO_RD size=4 addr=0x0e40 (RBBM_STATUS)
[007175] STATUS_RD RBBM_STATUS -> 0x00000040 (idle, 64 free)
[007176] MMIO_RD size=4 addr=0x1720 (WAIT_UNTIL)
[007177] MMIO_RD size=4 addr=0x0e40 (RBBM_STATUS)
[007178] STATUS_RD RBBM_STATUS -> 0x00000040 (idle, 64 free)
[007179] MMIO_RD size=4 addr=0x1720 (WAIT_UNTIL)
[007180] MMIO_RD size=4 addr=0x0e40 (RBBM_STATUS)
[007181] STATUS_RD RBBM_STATUS -> 0x00000040 (idle, 64 free)
[007182] MMIO_RD size=4 addr=0x1720 (WAIT_UNTIL)
[007183] MMIO_RD size=4 addr=0x0e40 (RBBM_STATUS)
[007184] STATUS_RD RBBM_STATUS -> 0x00000040 (idle, 64 free)
[007185] MMIO_RD size=4 addr=0x1720 (WAIT_UNTIL)
[007186] MMIO_RD size=4 addr=0x0e40 (RBBM_STATUS)
[007187] STATUS_RD RBBM_STATUS -> 0x00000040 (idle, 64 free)
[007188] MMIO_RD size=4 addr=0x1720 (WAIT_UNTIL)
[007189] MMIO_RD size=4 addr=0x0e40 (RBBM_STATUS)
[007190] STATUS_RD RBBM_STATUS -> 0x00000040 (idle, 64 free)
[007191] MMIO_RD size=4 addr=0x1720 (WAIT_UNTIL)
[007192] MMIO_RD size=4 addr=0x0e40 (RBBM_STATUS)
[007193] STATUS_RD RBBM_STATUS -> 0x00000040 (idle, 64 free)
[007194] MMIO_RD size=4 addr=0x1720 (WAIT_UNTIL)
[007195] MMIO_RD size=4 addr=0x0e40 (RBBM_STATUS)
[007196] STATUS_RD RBBM_STATUS -> 0x00000040 (idle, 64 free)
[007197] MMIO_RD size=4 addr=0x1720 (WAIT_UNTIL)
[007198] MMIO_RD size=4 addr=0x0e40 (RBBM_STATUS)
[007199] STATUS_RD RBBM_STATUS -> 0x00000040 (idle, 64 free)
[007200] MMIO_RD size=4 addr=0x1720 (WAIT_UNTIL)
[007201] MMIO_RD size=4 addr=0x0e40 (RBBM_STATUS)
[007202] STATUS_RD RBBM_STATUS -> 0x00000040 (idle, 64 free)
[007203] MMIO_RD size=4 addr=0x1720 (WAIT_UNTIL)
[007204] MMIO_RD size=4 addr=0x0e40 (RBBM_STATUS)
[007205] STATUS_RD RBBM_STATUS -> 0x00000040 (idle, 64 free)
[007206] MMIO_RD size=4 addr=0x1720 (WAIT_UNTIL)
[007207] MMIO_RD size=4 addr=0x0e40 (RBBM_STATUS)
[007208] STATUS_RD RBBM_STATUS -> 0x00000040 (idle, 64 free)
[007209] MMIO_RD size=4 addr=0x1720 (WAIT_UNTIL)
[007210] MMIO_RD size=4 addr=0x0e40 (RBBM_STATUS)
[007211] STATUS_RD RBBM_STATUS -> 0x00000040 (idle, 64 free)
[007212] MMIO_RD size=4 addr=0x1720 (WAIT_UNTIL)
[007213] MMIO_RD size=4 addr=0x0e40 (RBBM_STATUS)
[007214] STATUS_RD RBBM_STATUS -> 0x00000040 (idle, 64 free)
[007215] MMIO_RD size=4 addr=0x1720 (WAIT_UNTIL)
[007216] MMIO_RD size=4 addr=0x0e40 (RBBM_STATUS)
[007217] STATUS_RD RBBM_STATUS -> 0x00000040 (idle, 64 free)
[007218] MMIO_RD size=4 addr=0x1720 (WAIT_UNTIL)
[007219] MMIO_RD size=4 addr=0x0e40 (RBBM_STATUS)
[007220] STATUS_RD RBBM_STATUS -> 0x00000040 (idle, 64 free)
[007221] MMIO_RD size=4 addr=0x1720 (WAIT_UNTIL)
[007222] MMIO_RD size=4 addr=0x0e40 (RBBM_STATUS)
[007223] STATUS_RD RBBM_STATUS -> 0x00000040 (idle, 64 free)
[007224] MMIO_RD size=4 addr=0x1720 (WAIT_UNTIL)
[007225] MMIO_RD size=4 addr=0x0e40 (RBBM_STATUS)
[007226] STATUS_RD RBBM_STATUS -> 0x00000040 (idle, 64 free)
[007227] MMIO_RD size=4 addr=0x1720 (WAIT_UNTIL)
[007228] MMIO_RD size=4 addr=0x0e40 (RBBM_STATUS)
[007229] STATUS_RD RBBM_STATUS -> 0x00000040 (idle, 64 free)
[007230] MMIO_RD size=4 addr=0x1720 (WAIT_UNTIL)
[007231] MMIO_RD size=4 addr=0x0e40 (RBBM_STATUS)
[007232] STATUS_RD RBBM_STATUS -> 0x00000040 (idle, 64 free)
[007233] MMIO_RD size=4 addr=0x1720 (WAIT_UNTIL)
[007234] MMIO_RD size=4 addr=0x0e40 (RBBM_STATUS)
[007235] STATUS_RD RBBM_STATUS -> 0x00000040 (idle, 64 free)
[007236] MMIO_RD size=4 addr=0x1720 (WAIT_UNTIL)
[007237] MMIO_RD size=4 addr=0x0e40 (RBBM_STATUS)
[007238] STATUS_RD RBBM_STATUS -> 0x00000040 (idle, 64 free)
[007239] MMIO_RD size=4 addr=0x1720 (WAIT_UNTIL)
[007240] MMIO_RD size=4 addr=0x0e40 (RBBM_STATUS)
[007241] STATUS_RD RBBM_STATUS -> 0x00000040 (idle, 64 free)
[007242] MMIO_RD size=4 addr=0x1720 (WAIT_UNTIL)
[007243] MMIO_RD size=4 addr=0x0e40 (RBBM_STATUS)
[007244] STATUS_RD RBBM_STATUS -> 0x00000040 (idle, 64 free)
[007245] MMIO_RD size=4 addr=0x1720 (WAIT_UNTIL)
[007246] MMIO_RD size=4 addr=0x0e40 (RBBM_STATUS)
[007247] STATUS_RD RBBM_STATUS -> 0x00000040 (idle, 64 free)
[007248] MMIO_RD size=4 addr=0x1720 (WAIT_UNTIL)
[007249] MMIO_RD size=4 addr=0x0e40 (RBBM_STATUS)
[007250] STATUS_RD RBBM_STATUS -> 0x00000040 (idle, 64 free)
[007251] MMIO_RD size=4 addr=0x1720 (WAIT_UNTIL)
[007252] MMIO_RD size=4 addr=0x0e40 (RBBM_STATUS)
[007253] STATUS_RD RBBM_STATUS -> 0x00000040 (idle, 64 free)
[007254] MMIO_RD size=4 addr=0x1720 (WAIT_UNTIL)
[007255] MMIO_RD size=4 addr=0x0e40 (RBBM_STATUS)
[007256] STATUS_RD RBBM_STATUS -> 0x00000040 (idle, 64 free)
[007257] MMIO_RD size=4 addr=0x1720 (WAIT_UNTIL)
[007258] MMIO_RD size=4 addr=0x0e40 (RBBM_STATUS)
[007259] STATUS_RD RBBM_STATUS -> 0x00000040 (idle, 64 free)
[007260] MMIO_RD size=4 addr=0x1720 (WAIT_UNTIL)
[007261] MMIO_RD size=4 addr=0x0e40 (RBBM_STATUS)
[007262] STATUS_RD RBBM_STATUS -> 0x00000040 (idle, 64 free)
[007263] MMIO_RD size=4 addr=0x1720 (WAIT_UNTIL)
[007264] MMIO_RD size=4 addr=0x0e40 (RBBM_STATUS)
[007265] STATUS_RD RBBM_STATUS -> 0x00000040 (idle, 64 free)
[007266] MMIO_RD size=4 addr=0x1720 (WAIT_UNTIL)
[007267] MMIO_RD size=4 addr=0x0e40 (RBBM_STATUS)
[007268] STATUS_RD RBBM_STATUS -> 0x00000040 (idle, 64 free)
[007269] MMIO_RD size=4 addr=0x1720 (WAIT_UNTIL)
[007270] MMIO_RD size=4 addr=0x0e40 (RBBM_STATUS)
[007271] STATUS_RD RBBM_STATUS -> 0x00000040 (idle, 64 free)
[007272] MMIO_RD size=4 addr=0x1720 (WAIT_UNTIL)
[007273] MMIO_RD size=4 addr=0x0e40 (RBBM_STATUS)
[007274] STATUS_RD RBBM_STATUS -> 0x00000040 (idle, 64 free)
[007275] MMIO_RD size=4 addr=0x1720 (WAIT_UNTIL)
[007276] MMIO_RD size=4 addr=0x0e40 (RBBM_STATUS)
[007277] STATUS_RD RBBM_STATUS -> 0x00000040 (idle, 64 free)
[007278] MMIO_RD size=4 addr=0x1720 (WAIT_UNTIL)
[007279] MMIO_RD size=4 addr=0x0e40 (RBBM_STATUS)
[007280] STATUS_RD RBBM_STATUS -> 0x00000040 (idle, 64 free)
[007281] MMIO_RD size=4 addr=0x1720 (WAIT_UNTIL)
[007282] MMIO_RD size=4 addr=0x0e40 (RBBM_STATUS)
[007283] STATUS_RD RBBM_STATUS -> 0x00000040 (idle, 64 free)
[007284] MMIO_RD size=4 addr=0x1720 (WAIT_UNTIL)
[007285] MMIO_RD size=4 addr=0x0e40 (RBBM_STATUS)
[007286] STATUS_RD RBBM_STATUS -> 0x00000040 (idle, 64 free)
[007287] MMIO_RD size=4 addr=0x1720 (WAIT_UNTIL)
[007288] MMIO_RD size=4 addr=0x0e40 (RBBM_STATUS)
[007289] STATUS_RD RBBM_STATUS -> 0x00000040 (idle, 64 free)
[007290] MMIO_RD size=4 addr=0x1720 (WAIT_UNTIL)
[007291] MMIO_RD size=4 addr=0x0e40 (RBBM_STATUS)
[007292] STATUS_RD RBBM_STATUS -> 0x00000040 (idle, 64 free)
[007293] MMIO_RD size=4 addr=0x1720 (WAIT_UNTIL)
[007294] MMIO_RD size=4 addr=0x0e40 (RBBM_STATUS)
[007295] STATUS_RD RBBM_STATUS -> 0x00000040 (idle, 64 free)
[007296] MMIO_RD size=4 addr=0x1720 (WAIT_UNTIL)
[007297] MMIO_RD size=4 addr=0x0e40 (RBBM_STATUS)
[007298] STATUS_RD RBBM_STATUS -> 0x00000040 (idle, 64 free)
[007299] MMIO_RD size=4 addr=0x1720 (WAIT_UNTIL)
[007300] MMIO_RD size=4 addr=0x0e40 (RBBM_STATUS)
[007301] STATUS_RD RBBM_STATUS -> 0x00000040 (idle, 64 free)
[007302] MMIO_RD size=4 addr=0x1720 (WAIT_UNTIL)
[007303] MMIO_RD size=4 addr=0x0e40 (RBBM_STATUS)
[007304] STATUS_RD RBBM_STATUS -> 0x00000040 (idle, 64 free)
[007305] MMIO_RD size=4 addr=0x1720 (WAIT_UNTIL)
[007306] MMIO_RD size=4 addr=0x0e40 (RBBM_STATUS)
[007307] STATUS_RD RBBM_STATUS -> 0x00000040 (idle, 64 free)
[007308] MMIO_RD size=4 addr=0x1720 (WAIT_UNTIL)
[007309] MMIO_RD size=4 addr=0x0e40 (RBBM_STATUS)
[007310] STATUS_RD RBBM_STATUS -> 0x00000040 (idle, 64 free)
[007311] MMIO_RD size=4 addr=0x1720 (WAIT_UNTIL)
[007312] MMIO_RD size=4 addr=0x0e40 (RBBM_STATUS)
[007313] STATUS_RD RBBM_STATUS -> 0x00000040 (idle, 64 free)
[007314] MMIO_RD size=4 addr=0x1720 (WAIT_UNTIL)
[007315] MMIO_RD size=4 addr=0x0e40 (RBBM_STATUS)
[007316] STATUS_RD RBBM_STATUS -> 0x00000040 (idle, 64 free)
[007317] MMIO_RD size=4 addr=0x1720 (WAIT_UNTIL)
[007318] MMIO_RD size=4 addr=0x0e40 (RBBM_STATUS)
[007319] STATUS_RD RBBM_STATUS -> 0x00000040 (idle, 64 free)
[007320] MMIO_RD size=4 addr=0x1720 (WAIT_UNTIL)
[007321] MMIO_RD size=4 addr=0x0e40 (RBBM_STATUS)
[007322] STATUS_RD RBBM_STATUS -> 0x00000040 (idle, 64 free)
[007323] MMIO_RD size=4 addr=0x1720 (WAIT_UNTIL)
[007324] MMIO_RD size=4 addr=0x0e40 (RBBM_STATUS)
[007325] STATUS_RD RBBM_STATUS -> 0x00000040 (idle, 64 free)
[007326] MMIO_RD size=4 addr=0x1720 (WAIT_UNTIL)
[007327] MMIO_RD size=4 addr=0x0e40 (RBBM_STATUS)
[007328] STATUS_RD RBBM_STATUS -> 0x00000040 (idle, 64 free)
[007329] MMIO_RD size=4 addr=0x1720 (WAIT_UNTIL)
[007330] MMIO_RD size=4 addr=0x0e40 (RBBM_STATUS)
[007331] STATUS_RD RBBM_STATUS -> 0x00000040 (idle, 64 free)
[007332] MMIO_RD size=4 addr=0x1720 (WAIT_UNTIL)
[007333] MMIO_RD size=4 addr=0x0e40 (RBBM_STATUS)
[007334] STATUS_RD RBBM_STATUS -> 0x00000040 (idle, 64 free)
[007335] MMIO_RD size=4 addr=0x1720 (WAIT_UNTIL)
[007336] MMIO_RD size=4 addr=0x0e40 (RBBM_STATUS)
[007337] STATUS_RD RBBM_STATUS -> 0x00000040 (idle, 64 free)
[007338] MMIO_RD size=4 addr=0x1720 (WAIT_UNTIL)
[007339] MMIO_RD size=4 addr=0x0e40 (RBBM_STATUS)
[007340] STATUS_RD RBBM_STATUS -> 0x00000040 (idle, 64 free)
[007341] MMIO_RD size=4 addr=0x1720 (WAIT_UNTIL)
[007342] MMIO_RD size=4 addr=0x0e40 (RBBM_STATUS)
[007343] STATUS_RD RBBM_STATUS -> 0x00000040 (idle, 64 free)
[007344] MMIO_RD size=4 addr=0x1720 (WAIT_UNTIL)
[007345] MMIO_RD size=4 addr=0x0e40 (RBBM_STATUS)
[007346] STATUS_RD RBBM_STATUS -> 0x00000040 (idle, 64 free)
[007347] MMIO_RD size=4 addr=0x1720 (WAIT_UNTIL)
[007348] MMIO_RD size=4 addr=0x0e40 (RBBM_STATUS)
[007349] STATUS_RD RBBM_STATUS -> 0x00000040 (idle, 64 free)
[007350] MMIO_RD size=4 addr=0x1720 (WAIT_UNTIL)
[007351] MMIO_RD size=4 addr=0x0e40 (RBBM_STATUS)
[007352] STATUS_RD RBBM_STATUS -> 0x00000040 (idle, 64 free)
[007353] MMIO_RD size=4 addr=0x1720 (WAIT_UNTIL)
[007354] MMIO_RD size=4 addr=0x0e40 (RBBM_STATUS)
[007355] STATUS_RD RBBM_STATUS -> 0x00000040 (idle, 64 free)
[007356] MMIO_RD size=4 addr=0x1720 (WAIT_UNTIL)
[007357] MMIO_RD size=4 addr=0x0e40 (RBBM_STATUS)
[007358] STATUS_RD RBBM_STATUS -> 0x00000040 (idle, 64 free)
[007359] MMIO_RD size=4 addr=0x1720 (WAIT_UNTIL)
[007360] MMIO_RD size=4 addr=0x0e40 (RBBM_STATUS)
[007361] STATUS_RD RBBM_STATUS -> 0x00000040 (idle, 64 free)
[007362] MMIO_RD size=4 addr=0x1720 (WAIT_UNTIL)
[007363] MMIO_RD size=4 addr=0x0e40 (RBBM_STATUS)
[007364] STATUS_RD RBBM_STATUS -> 0x00000040 (idle, 64 free)
[007365] MMIO_RD size=4 addr=0x1720 (WAIT_UNTIL)
[007366] MMIO_RD size=4 addr=0x0e40 (RBBM_STATUS)
[007367] STATUS_RD RBBM_STATUS -> 0x00000040 (idle, 64 free)
[007368] MMIO_RD size=4 addr=0x1720 (WAIT_UNTIL)
[007369] MMIO_RD size=4 addr=0x0e40 (RBBM_STATUS)
[007370] STATUS_RD RBBM_STATUS -> 0x00000040 (idle, 64 free)
[007371] MMIO_RD size=4 addr=0x1720 (WAIT_UNTIL)
[007372] MMIO_RD size=4 addr=0x0e40 (RBBM_STATUS)
[007373] STATUS_RD RBBM_STATUS -> 0x00000040 (idle, 64 free)
[007374] MMIO_RD size=4 addr=0x1720 (WAIT_UNTIL)
[007375] MMIO_RD size=4 addr=0x0e40 (RBBM_STATUS)
[007376] STATUS_RD RBBM_STATUS -> 0x00000040 (idle, 64 free)
[007377] MMIO_RD size=4 addr=0x1720 (WAIT_UNTIL)
[007378] MMIO_RD size=4 addr=0x0e40 (RBBM_STATUS)
[007379] STATUS_RD RBBM_STATUS -> 0x00000040 (idle, 64 free)
[007380] MMIO_RD size=4 addr=0x1720 (WAIT_UNTIL)
[007381] MMIO_RD size=4 addr=0x0e40 (RBBM_STATUS)
[007382] STATUS_RD RBBM_STATUS -> 0x00000040 (idle, 64 free)
[007383] MMIO_RD size=4 addr=0x1720 (WAIT_UNTIL)
[007384] MMIO_RD size=4 addr=0x0e40 (RBBM_STATUS)
[007385] STATUS_RD RBBM_STATUS -> 0x00000040 (idle, 64 free)
[007386] MMIO_RD size=4 addr=0x1720 (WAIT_UNTIL)
[007387] MMIO_RD size=4 addr=0x0e40 (RBBM_STATUS)
[007388] STATUS_RD RBBM_STATUS -> 0x00000040 (idle, 64 free)
[007389] MMIO_RD size=4 addr=0x1720 (WAIT_UNTIL)
[007390] MMIO_RD size=4 addr=0x0e40 (RBBM_STATUS)
[007391] STATUS_RD RBBM_STATUS -> 0x00000040 (idle, 64 free)
[007392] MMIO_RD size=4 addr=0x1720 (WAIT_UNTIL)
[007393] MMIO_RD size=4 addr=0x0e40 (RBBM_STATUS)
[007394] STATUS_RD RBBM_STATUS -> 0x00000040 (idle, 64 free)
[007395] MMIO_RD size=4 addr=0x1720 (WAIT_UNTIL)
[007396] MMIO_RD size=4 addr=0x0e40 (RBBM_STATUS)
[007397] STATUS_RD RBBM_STATUS -> 0x00000040 (idle, 64 free)
[007398] MMIO_RD size=4 addr=0x1720 (WAIT_UNTIL)
[007399] MMIO_RD size=4 addr=0x0e40 (RBBM_STATUS)
[007400] STATUS_RD RBBM_STATUS -> 0x00000040 (idle, 64 free)
[007401] MMIO_RD size=4 addr=0x1720 (WAIT_UNTIL)
[007402] MMIO_RD size=4 addr=0x0e40 (RBBM_STATUS)
[007403] STATUS_RD RBBM_STATUS -> 0x00000040 (idle, 64 free)
[007404] MMIO_RD size=4 addr=0x1720 (WAIT_UNTIL)
[007405] MMIO_RD size=4 addr=0x0e40 (RBBM_STATUS)
[007406] STATUS_RD RBBM_STATUS -> 0x00000040 (idle, 64 free)
[007407] MMIO_RD size=4 addr=0x1720 (WAIT_UNTIL)
[007408] MMIO_RD size=4 addr=0x0e40 (RBBM_STATUS)
[007409] STATUS_RD RBBM_STATUS -> 0x00000040 (idle, 64 free)
[007410] MMIO_RD size=4 addr=0x1720 (WAIT_UNTIL)
[007411] MMIO_RD size=4 addr=0x0e40 (RBBM_STATUS)
[007412] STATUS_RD RBBM_STATUS -> 0x00000040 (idle, 64 free)
[007413] MMIO_RD size=4 addr=0x1720 (WAIT_UNTIL)
[007414] MMIO_RD size=4 addr=0x0e40 (RBBM_STATUS)
[007415] STATUS_RD RBBM_STATUS -> 0x00000040 (idle, 64 free)
[007416] MMIO_RD size=4 addr=0x1720 (WAIT_UNTIL)
[007417] MMIO_RD size=4 addr=0x0e40 (RBBM_STATUS)
[007418] STATUS_RD RBBM_STATUS -> 0x00000040 (idle, 64 free)
[007419] MMIO_RD size=4 addr=0x1720 (WAIT_UNTIL)
[007420] MMIO_RD size=4 addr=0x0e40 (RBBM_STATUS)
[007421] STATUS_RD RBBM_STATUS -> 0x00000040 (idle, 64 free)
[007422] MMIO_RD size=4 addr=0x1720 (WAIT_UNTIL)
[007423] MMIO_RD size=4 addr=0x0e40 (RBBM_STATUS)
[007424] STATUS_RD RBBM_STATUS -> 0x00000040 (idle, 64 free)
[007425] MMIO_RD size=4 addr=0x1720 (WAIT_UNTIL)
[007426] MMIO_RD size=4 addr=0x0e40 (RBBM_STATUS)
[007427] STATUS_RD RBBM_STATUS -> 0x00000040 (idle, 64 free)
[007428] MMIO_RD size=4 addr=0x1720 (WAIT_UNTIL)
[007429] MMIO_RD size=4 addr=0x0e40 (RBBM_STATUS)
[007430] STATUS_RD RBBM_STATUS -> 0x00000040 (idle, 64 free)
[007431] MMIO_RD size=4 addr=0x1720 (WAIT_UNTIL)
[007432] MMIO_RD size=4 addr=0x0e40 (RBBM_STATUS)
[007433] STATUS_RD RBBM_STATUS -> 0x00000040 (idle, 64 free)
[007434] MMIO_RD size=4 addr=0x1720 (WAIT_UNTIL)
[007435] MMIO_RD size=4 addr=0x0e40 (RBBM_STATUS)
[007436] STATUS_RD RBBM_STATUS -> 0x00000040 (idle, 64 free)
[007437] MMIO_RD size=4 addr=0x1720 (WAIT_UNTIL)
[007438] MMIO_RD size=4 addr=0x0e40 (RBBM_STATUS)
[007439] STATUS_RD RBBM_STATUS -> 0x00000040 (idle, 64 free)
[007440] MMIO_RD size=4 addr=0x1720 (WAIT_UNTIL)
[007441] MMIO_RD size=4 addr=0x0e40 (RBBM_STATUS)
[007442] STATUS_RD RBBM_STATUS -> 0x00000040 (idle, 64 free)
[007443] MMIO_RD size=4 addr=0x1720 (WAIT_UNTIL)
[007444] MMIO_RD size=4 addr=0x0e40 (RBBM_STATUS)
[007445] STATUS_RD RBBM_STATUS -> 0x00000040 (idle, 64 free)
[007446] MMIO_RD size=4 addr=0x1720 (WAIT_UNTIL)
[007447] MMIO_RD size=4 addr=0x0e40 (RBBM_STATUS)
[007448] STATUS_RD RBBM_STATUS -> 0x00000040 (idle, 64 free)
[007449] MMIO_RD size=4 addr=0x1720 (WAIT_UNTIL)
[007450] MMIO_RD size=4 addr=0x0e40 (RBBM_STATUS)
[007451] STATUS_RD RBBM_STATUS -> 0x00000040 (idle, 64 free)
[007452] MMIO_RD size=4 addr=0x1720 (WAIT_UNTIL)
[007453] MMIO_RD size=4 addr=0x0e40 (RBBM_STATUS)
[007454] STATUS_RD RBBM_STATUS -> 0x00000040 (idle, 64 free)
[007455] MMIO_RD size=4 addr=0x1720 (WAIT_UNTIL)
[007456] MMIO_RD size=4 addr=0x0e40 (RBBM_STATUS)
[007457] STATUS_RD RBBM_STATUS -> 0x00000040 (idle, 64 free)
[007458] MMIO_RD size=4 addr=0x1720 (WAIT_UNTIL)
[007459] MMIO_RD size=4 addr=0x0e40 (RBBM_STATUS)
[007460] STATUS_RD RBBM_STATUS -> 0x00000040 (idle, 64 free)
[007461] MMIO_RD size=4 addr=0x1720 (WAIT_UNTIL)
[007462] MMIO_RD size=4 addr=0x0e40 (RBBM_STATUS)
[007463] STATUS_RD RBBM_STATUS -> 0x00000040 (idle, 64 free)
[007464] MMIO_RD size=4 addr=0x1720 (WAIT_UNTIL)
[007465] MMIO_RD size=4 addr=0x0e40 (RBBM_STATUS)
[007466] STATUS_RD RBBM_STATUS -> 0x00000040 (idle, 64 free)
[007467] MMIO_RD size=4 addr=0x1720 (WAIT_UNTIL)
[007468] MMIO_RD size=4 addr=0x0e40 (RBBM_STATUS)
[007469] STATUS_RD RBBM_STATUS -> 0x00000040 (idle, 64 free)
[007470] MMIO_RD size=4 addr=0x1720 (WAIT_UNTIL)
[007471] MMIO_RD size=4 addr=0x0e40 (RBBM_STATUS)
[007472] STATUS_RD RBBM_STATUS -> 0x00000040 (idle, 64 free)
[007473] MMIO_RD size=4 addr=0x1720 (WAIT_UNTIL)
[007474] MMIO_RD size=4 addr=0x0e40 (RBBM_STATUS)
[007475] STATUS_RD RBBM_STATUS -> 0x00000040 (idle, 64 free)
[007476] MMIO_RD size=4 addr=0x1720 (WAIT_UNTIL)
[007477] MMIO_RD size=4 addr=0x0e40 (RBBM_STATUS)
[007478] STATUS_RD RBBM_STATUS -> 0x00000040 (idle, 64 free)
[007479] MMIO_RD size=4 addr=0x1720 (WAIT_UNTIL)
[007480] MMIO_RD size=4 addr=0x0e40 (RBBM_STATUS)
[007481] STATUS_RD RBBM_STATUS -> 0x00000040 (idle, 64 free)
[007482] MMIO_RD size=4 addr=0x1720 (WAIT_UNTIL)
[007483] MMIO_RD size=4 addr=0x0e40 (RBBM_STATUS)
[007484] STATUS_RD RBBM_STATUS -> 0x00000040 (idle, 64 free)
[007485] MMIO_RD size=4 addr=0x1720 (WAIT_UNTIL)
[007486] MMIO_RD size=4 addr=0x0e40 (RBBM_STATUS)
[007487] STATUS_RD RBBM_STATUS -> 0x00000040 (idle, 64 free)
[007488] MMIO_RD size=4 addr=0x1720 (WAIT_UNTIL)
[007489] MMIO_RD size=4 addr=0x0e40 (RBBM_STATUS)
[007490] STATUS_RD RBBM_STATUS -> 0x00000040 (idle, 64 free)
[007491] MMIO_RD size=4 addr=0x1720 (WAIT_UNTIL)
[007492] MMIO_RD size=4 addr=0x0e40 (RBBM_STATUS)
[007493] STATUS_RD RBBM_STATUS -> 0x00000040 (idle, 64 free)
[007494] MMIO_RD size=4 addr=0x1720 (WAIT_UNTIL)
[007495] MMIO_RD size=4 addr=0x0e40 (RBBM_STATUS)
[007496] STATUS_RD RBBM_STATUS -> 0x00000040 (idle, 64 free)
[007497] MMIO_RD size=4 addr=0x1720 (WAIT_UNTIL)
[007498] MMIO_RD size=4 addr=0x0e40 (RBBM_STATUS)
[007499] STATUS_RD RBBM_STATUS -> 0x00000040 (idle, 64 free)
[007500] MMIO_RD size=4 addr=0x1720 (WAIT_UNTIL)
[007501] MMIO_RD size=4 addr=0x0e40 (RBBM_STATUS)
[007502] STATUS_RD RBBM_STATUS -> 0x00000040 (idle, 64 free)
[007503] MMIO_RD size=4 addr=0x1720 (WAIT_UNTIL)
[007504] MMIO_RD size=4 addr=0x0e40 (RBBM_STATUS)
[007505] STATUS_RD RBBM_STATUS -> 0x00000040 (idle, 64 free)
[007506] MMIO_RD size=4 addr=0x1720 (WAIT_UNTIL)
[007507] MMIO_RD size=4 addr=0x0e40 (RBBM_STATUS)
[007508] STATUS_RD RBBM_STATUS -> 0x00000040 (idle, 64 free)
[007509] MMIO_RD size=4 addr=0x1720 (WAIT_UNTIL)
[007510] MMIO_RD size=4 addr=0x0e40 (RBBM_STATUS)
[007511] STATUS_RD RBBM_STATUS -> 0x00000040 (idle, 64 free)
[007512] MMIO_RD size=4 addr=0x1720 (WAIT_UNTIL)
[007513] MMIO_RD size=4 addr=0x0e40 (RBBM_STATUS)
[007514] STATUS_RD RBBM_STATUS -> 0x00000040 (idle, 64 free)
[007515] MMIO_RD size=4 addr=0x1720 (WAIT_UNTIL)
[007516] MMIO_RD size=4 addr=0x0e40 (RBBM_STATUS)
[007517] STATUS_RD RBBM_STATUS -> 0x00000040 (idle, 64 free)
[007518] MMIO_RD size=4 addr=0x1720 (WAIT_UNTIL)
[007519] MMIO_RD size=4 addr=0x0e40 (RBBM_STATUS)
[007520] STATUS_RD RBBM_STATUS -> 0x00000040 (idle, 64 free)
[007521] MMIO_RD size=4 addr=0x1720 (WAIT_UNTIL)
[007522] MMIO_RD size=4 addr=0x0e40 (RBBM_STATUS)
[007523] STATUS_RD RBBM_STATUS -> 0x00000040 (idle, 64 free)
[007524] MMIO_RD size=4 addr=0x1720 (WAIT_UNTIL)
[007525] MMIO_RD size=4 addr=0x0e40 (RBBM_STATUS)
[007526] STATUS_RD RBBM_STATUS -> 0x00000040 (idle, 64 free)
[007527] MMIO_RD size=4 addr=0x1720 (WAIT_UNTIL)
[007528] MMIO_RD size=4 addr=0x0e40 (RBBM_STATUS)
[007529] STATUS_RD RBBM_STATUS -> 0x00000040 (idle, 64 free)
[007530] MMIO_RD size=4 addr=0x1720 (WAIT_UNTIL)
[007531] MMIO_RD size=4 addr=0x0e40 (RBBM_STATUS)
[007532] STATUS_RD RBBM_STATUS -> 0x00000040 (idle, 64 free)
[007533] MMIO_RD size=4 addr=0x1720 (WAIT_UNTIL)
[007534] MMIO_RD size=4 addr=0x0e40 (RBBM_STATUS)
[007535] STATUS_RD RBBM_STATUS -> 0x00000040 (idle, 64 free)
[007536] MMIO_RD size=4 addr=0x1720 (WAIT_UNTIL)
[007537] MMIO_RD size=4 addr=0x0e40 (RBBM_STATUS)
[007538] STATUS_RD RBBM_STATUS -> 0x00000040 (idle, 64 free)
[007539] MMIO_RD size=4 addr=0x1720 (WAIT_UNTIL)
[007540] MMIO_RD size=4 addr=0x0e40 (RBBM_STATUS)
[007541] STATUS_RD RBBM_STATUS -> 0x00000040 (idle, 64 free)
[007542] MMIO_RD size=4 addr=0x1720 (WAIT_UNTIL)
[007543] MMIO_RD size=4 addr=0x0e40 (RBBM_STATUS)
[007544] STATUS_RD RBBM_STATUS -> 0x00000040 (idle, 64 free)
[007545] MMIO_RD size=4 addr=0x1720 (WAIT_UNTIL)
[007546] MMIO_RD size=4 addr=0x0e40 (RBBM_STATUS)
[007547] STATUS_RD RBBM_STATUS -> 0x00000040 (idle, 64 free)
[007548] MMIO_RD size=4 addr=0x1720 (WAIT_UNTIL)
[007549] MMIO_RD size=4 addr=0x0e40 (RBBM_STATUS)
[007550] STATUS_RD RBBM_STATUS -> 0x00000040 (idle, 64 free)
[007551] MMIO_RD size=4 addr=0x1720 (WAIT_UNTIL)
[007552] MMIO_RD size=4 addr=0x0e40 (RBBM_STATUS)
[007553] STATUS_RD RBBM_STATUS -> 0x00000040 (idle, 64 free)
[007554] MMIO_RD size=4 addr=0x1720 (WAIT_UNTIL)
[007555] MMIO_RD size=4 addr=0x0e40 (RBBM_STATUS)
[007556] STATUS_RD RBBM_STATUS -> 0x00000040 (idle, 64 free)
[007557] MMIO_RD size=4 addr=0x1720 (WAIT_UNTIL)
[007558] MMIO_RD size=4 addr=0x0e40 (RBBM_STATUS)
[007559] STATUS_RD RBBM_STATUS -> 0x00000040 (idle, 64 free)
[007560] MMIO_RD size=4 addr=0x1720 (WAIT_UNTIL)
[007561] MMIO_RD size=4 addr=0x0e40 (RBBM_STATUS)
[007562] STATUS_RD RBBM_STATUS -> 0x00000040 (idle, 64 free)
[007563] MMIO_RD size=4 addr=0x1720 (WAIT_UNTIL)
[007564] MMIO_RD size=4 addr=0x0e40 (RBBM_STATUS)
[007565] STATUS_RD RBBM_STATUS -> 0x00000040 (idle, 64 free)
[007566] MMIO_RD size=4 addr=0x1720 (WAIT_UNTIL)
[007567] MMIO_RD size=4 addr=0x0e40 (RBBM_STATUS)
[007568] STATUS_RD RBBM_STATUS -> 0x00000040 (idle, 64 free)
[007569] MMIO_RD size=4 addr=0x1720 (WAIT_UNTIL)
[007570] MMIO_RD size=4 addr=0x0e40 (RBBM_STATUS)
[007571] STATUS_RD RBBM_STATUS -> 0x00000040 (idle, 64 free)
[007572] MMIO_RD size=4 addr=0x1720 (WAIT_UNTIL)
[007573] MMIO_RD size=4 addr=0x0e40 (RBBM_STATUS)
[007574] STATUS_RD RBBM_STATUS -> 0x00000040 (idle, 64 free)
[007575] MMIO_RD size=4 addr=0x1720 (WAIT_UNTIL)
[007576] MMIO_RD size=4 addr=0x0e40 (RBBM_STATUS)
[007577] STATUS_RD RBBM_STATUS -> 0x00000040 (idle, 64 free)
[007578] MMIO_RD size=4 addr=0x1720 (WAIT_UNTIL)
[007579] MMIO_RD size=4 addr=0x0e40 (RBBM_STATUS)
[007580] STATUS_RD RBBM_STATUS -> 0x00000040 (idle, 64 free)
[007581] MMIO_RD size=4 addr=0x1720 (WAIT_UNTIL)
[007582] MMIO_RD size=4 addr=0x0e40 (RBBM_STATUS)
[007583] STATUS_RD RBBM_STATUS -> 0x00000040 (idle, 64 free)
[007584] MMIO_RD size=4 addr=0x1720 (WAIT_UNTIL)
[007585] MMIO_RD size=4 addr=0x0e40 (RBBM_STATUS)
[007586] STATUS_RD RBBM_STATUS -> 0x00000040 (idle, 64 free)
[007587] MMIO_RD size=4 addr=0x1720 (WAIT_UNTIL)
[007588] MMIO_RD size=4 addr=0x0e40 (RBBM_STATUS)
[007589] STATUS_RD RBBM_STATUS -> 0x00000040 (idle, 64 free)
[007590] MMIO_RD size=4 addr=0x1720 (WAIT_UNTIL)
[007591] MMIO_RD size=4 addr=0x0e40 (RBBM_STATUS)
[007592] STATUS_RD RBBM_STATUS -> 0x00000040 (idle, 64 free)
[007593] MMIO_RD size=4 addr=0x1720 (WAIT_UNTIL)
[007594] MMIO_RD size=4 addr=0x0e40 (RBBM_STATUS)
[007595] STATUS_RD RBBM_STATUS -> 0x00000040 (idle, 64 free)
[007596] MMIO_RD size=4 addr=0x1720 (WAIT_UNTIL)
[007597] MMIO_RD size=4 addr=0x0e40 (RBBM_STATUS)
[007598] STATUS_RD RBBM_STATUS -> 0x00000040 (idle, 64 free)
[007599] MMIO_RD size=4 addr=0x1720 (WAIT_UNTIL)
[007600] MMIO_RD size=4 addr=0x0e40 (RBBM_STATUS)
[007601] STATUS_RD RBBM_STATUS -> 0x00000040 (idle, 64 free)
[007602] MMIO_RD size=4 addr=0x1720 (WAIT_UNTIL)
[007603] MMIO_RD size=4 addr=0x0e40 (RBBM_STATUS)
[007604] STATUS_RD RBBM_STATUS -> 0x00000040 (idle, 64 free)
[007605] MMIO_RD size=4 addr=0x1720 (WAIT_UNTIL)
[007606] MMIO_RD size=4 addr=0x0e40 (RBBM_STATUS)
[007607] STATUS_RD RBBM_STATUS -> 0x00000040 (idle, 64 free)
[007608] MMIO_RD size=4 addr=0x1720 (WAIT_UNTIL)
[007609] MMIO_RD size=4 addr=0x0e40 (RBBM_STATUS)
[007610] STATUS_RD RBBM_STATUS -> 0x00000040 (idle, 64 free)
[007611] MMIO_RD size=4 addr=0x1720 (WAIT_UNTIL)
[007612] MMIO_RD size=4 addr=0x0e40 (RBBM_STATUS)
[007613] STATUS_RD RBBM_STATUS -> 0x00000040 (idle, 64 free)
[007614] MMIO_RD size=4 addr=0x1720 (WAIT_UNTIL)
[007615] MMIO_RD size=4 addr=0x0e40 (RBBM_STATUS)
[007616] STATUS_RD RBBM_STATUS -> 0x00000040 (idle, 64 free)
[007617] MMIO_RD size=4 addr=0x1720 (WAIT_UNTIL)
[007618] MMIO_RD size=4 addr=0x0e40 (RBBM_STATUS)
[007619] STATUS_RD RBBM_STATUS -> 0x00000040 (idle, 64 free)
[007620] MMIO_RD size=4 addr=0x1720 (WAIT_UNTIL)
[007621] MMIO_RD size=4 addr=0x0e40 (RBBM_STATUS)
[007622] STATUS_RD RBBM_STATUS -> 0x00000040 (idle, 64 free)
[007623] MMIO_RD size=4 addr=0x1720 (WAIT_UNTIL)
[007624] MMIO_RD size=4 addr=0x0e40 (RBBM_STATUS)
[007625] STATUS_RD RBBM_STATUS -> 0x00000040 (idle, 64 free)
[007626] MMIO_RD size=4 addr=0x1720 (WAIT_UNTIL)
[007627] MMIO_RD size=4 addr=0x0e40 (RBBM_STATUS)
[007628] STATUS_RD RBBM_STATUS -> 0x00000040 (idle, 64 free)
[007629] MMIO_RD size=4 addr=0x1720 (WAIT_UNTIL)
[007630] MMIO_RD size=4 addr=0x0e40 (RBBM_STATUS)
[007631] STATUS_RD RBBM_STATUS -> 0x00000040 (idle, 64 free)
[007632] MMIO_RD size=4 addr=0x1720 (WAIT_UNTIL)
[007633] MMIO_RD size=4 addr=0x0e40 (RBBM_STATUS)
[007634] STATUS_RD RBBM_STATUS -> 0x00000040 (idle, 64 free)
[007635] MMIO_RD size=4 addr=0x1720 (WAIT_UNTIL)
[007636] MMIO_RD size=4 addr=0x0e40 (RBBM_STATUS)
[007637] STATUS_RD RBBM_STATUS -> 0x00000040 (idle, 64 free)
[007638] MMIO_RD size=4 addr=0x1720 (WAIT_UNTIL)
[007639] MMIO_RD size=4 addr=0x0e40 (RBBM_STATUS)
[007640] STATUS_RD RBBM_STATUS -> 0x00000040 (idle, 64 free)
[007641] MMIO_RD size=4 addr=0x1720 (WAIT_UNTIL)
[007642] MMIO_RD size=4 addr=0x0e40 (RBBM_STATUS)
[007643] STATUS_RD RBBM_STATUS -> 0x00000040 (idle, 64 free)
[007644] MMIO_RD size=4 addr=0x1720 (WAIT_UNTIL)
[007645] MMIO_RD size=4 addr=0x0e40 (RBBM_STATUS)
[007646] STATUS_RD RBBM_STATUS -> 0x00000040 (idle, 64 free)
[007647] MMIO_RD size=4 addr=0x1720 (WAIT_UNTIL)
[007648] MMIO_RD size=4 addr=0x0e40 (RBBM_STATUS)
[007649] STATUS_RD RBBM_STATUS -> 0x00000040 (idle, 64 free)
[007650] MMIO_RD size=4 addr=0x1720 (WAIT_UNTIL)
[007651] MMIO_RD size=4 addr=0x0e40 (RBBM_STATUS)
[007652] STATUS_RD RBBM_STATUS -> 0x00000040 (idle, 64 free)
[007653] MMIO_RD size=4 addr=0x1720 (WAIT_UNTIL)
[007654] MMIO_RD size=4 addr=0x0e40 (RBBM_STATUS)
[007655] STATUS_RD RBBM_STATUS -> 0x00000040 (idle, 64 free)
[007656] MMIO_RD size=4 addr=0x1720 (WAIT_UNTIL)
[007657] MMIO_RD size=4 addr=0x0e40 (RBBM_STATUS)
[007658] STATUS_RD RBBM_STATUS -> 0x00000040 (idle, 64 free)
[007659] MMIO_RD size=4 addr=0x1720 (WAIT_UNTIL)
[007660] MMIO_RD size=4 addr=0x0e40 (RBBM_STATUS)
[007661] STATUS_RD RBBM_STATUS -> 0x00000040 (idle, 64 free)
[007662] MMIO_RD size=4 addr=0x1720 (WAIT_UNTIL)
[007663] MMIO_RD size=4 addr=0x0e40 (RBBM_STATUS)
[007664] STATUS_RD RBBM_STATUS -> 0x00000040 (idle, 64 free)
[007665] MMIO_RD size=4 addr=0x1720 (WAIT_UNTIL)
[007666] MMIO_RD size=4 addr=0x0e40 (RBBM_STATUS)
[007667] STATUS_RD RBBM_STATUS -> 0x00000040 (idle, 64 free)
[007668] MMIO_RD size=4 addr=0x1720 (WAIT_UNTIL)
[007669] MMIO_RD size=4 addr=0x0e40 (RBBM_STATUS)
[007670] STATUS_RD RBBM_STATUS -> 0x00000040 (idle, 64 free)
[007671] MMIO_RD size=4 addr=0x1720 (WAIT_UNTIL)
[007672] MMIO_RD size=4 addr=0x0e40 (RBBM_STATUS)
[007673] STATUS_RD RBBM_STATUS -> 0x00000040 (idle, 64 free)
[007674] MMIO_RD size=4 addr=0x1720 (WAIT_UNTIL)
[007675] MMIO_RD size=4 addr=0x0e40 (RBBM_STATUS)
[007676] STATUS_RD RBBM_STATUS -> 0x00000040 (idle, 64 free)
[007677] MMIO_RD size=4 addr=0x1720 (WAIT_UNTIL)
[007678] MMIO_RD size=4 addr=0x0e40 (RBBM_STATUS)
[007679] STATUS_RD RBBM_STATUS -> 0x00000040 (idle, 64 free)
[007680] MMIO_RD size=4 addr=0x1720 (WAIT_UNTIL)
[007681] MMIO_RD size=4 addr=0x0e40 (RBBM_STATUS)
[007682] STATUS_RD RBBM_STATUS -> 0x00000040 (idle, 64 free)
[007683] MMIO_RD size=4 addr=0x1720 (WAIT_UNTIL)
[007684] MMIO_RD size=4 addr=0x0e40 (RBBM_STATUS)
[007685] STATUS_RD RBBM_STATUS -> 0x00000040 (idle, 64 free)
[007686] MMIO_RD size=4 addr=0x1720 (WAIT_UNTIL)
[007687] MMIO_RD size=4 addr=0x0e40 (RBBM_STATUS)
[007688] STATUS_RD RBBM_STATUS -> 0x00000040 (idle, 64 free)
[007689] MMIO_RD size=4 addr=0x1720 (WAIT_UNTIL)
[007690] MMIO_RD size=4 addr=0x0e40 (RBBM_STATUS)
[007691] STATUS_RD RBBM_STATUS -> 0x00000040 (idle, 64 free)
[007692] MMIO_RD size=4 addr=0x1720 (WAIT_UNTIL)
[007693] MMIO_RD size=4 addr=0x0e40 (RBBM_STATUS)
[007694] STATUS_RD RBBM_STATUS -> 0x00000040 (idle, 64 free)
[007695] MMIO_RD size=4 addr=0x1720 (WAIT_UNTIL)
[007696] MMIO_RD size=4 addr=0x0e40 (RBBM_STATUS)
[007697] STATUS_RD RBBM_STATUS -> 0x00000040 (idle, 64 free)
[007698] MMIO_RD size=4 addr=0x1720 (WAIT_UNTIL)
[007699] MMIO_RD size=4 addr=0x0e40 (RBBM_STATUS)
[007700] STATUS_RD RBBM_STATUS -> 0x00000040 (idle, 64 free)
[007701] MMIO_RD size=4 addr=0x1720 (WAIT_UNTIL)
[007702] MMIO_RD size=4 addr=0x0e40 (RBBM_STATUS)
[007703] STATUS_RD RBBM_STATUS -> 0x00000040 (idle, 64 free)
[007704] MMIO_RD size=4 addr=0x1720 (WAIT_UNTIL)
[007705] MMIO_RD size=4 addr=0x0e40 (RBBM_STATUS)
[007706] STATUS_RD RBBM_STATUS -> 0x00000040 (idle, 64 free)
[007707] MMIO_RD size=4 addr=0x1720 (WAIT_UNTIL)
[007708] MMIO_RD size=4 addr=0x0e40 (RBBM_STATUS)
[007709] STATUS_RD RBBM_STATUS -> 0x00000040 (idle, 64 free)
[007710] MMIO_RD size=4 addr=0x1720 (WAIT_UNTIL)
[007711] MMIO_RD size=4 addr=0x0e40 (RBBM_STATUS)
[007712] STATUS_RD RBBM_STATUS -> 0x00000040 (idle, 64 free)
[007713] MMIO_RD size=4 addr=0x1720 (WAIT_UNTIL)
[007714] MMIO_RD size=4 addr=0x0e40 (RBBM_STATUS)
[007715] STATUS_RD RBBM_STATUS -> 0x00000040 (idle, 64 free)
[007716] MMIO_RD size=4 addr=0x1720 (WAIT_UNTIL)
[007717] MMIO_RD size=4 addr=0x0e40 (RBBM_STATUS)
[007718] STATUS_RD RBBM_STATUS -> 0x00000040 (idle, 64 free)
[007719] MMIO_RD size=4 addr=0x1720 (WAIT_UNTIL)
[007720] MMIO_RD size=4 addr=0x0e40 (RBBM_STATUS)
[007721] STATUS_RD RBBM_STATUS -> 0x00000040 (idle, 64 free)
[007722] MMIO_RD size=4 addr=0x1720 (WAIT_UNTIL)
[007723] MMIO_RD size=4 addr=0x0e40 (RBBM_STATUS)
[007724] STATUS_RD RBBM_STATUS -> 0x00000040 (idle, 64 free)
[007725] MMIO_RD size=4 addr=0x1720 (WAIT_UNTIL)
[007726] MMIO_RD size=4 addr=0x0e40 (RBBM_STATUS)
[007727] STATUS_RD RBBM_STATUS -> 0x00000040 (idle, 64 free)
[007728] MMIO_RD size=4 addr=0x1720 (WAIT_UNTIL)
[007729] MMIO_RD size=4 addr=0x0e40 (RBBM_STATUS)
[007730] STATUS_RD RBBM_STATUS -> 0x00000040 (idle, 64 free)
[007731] MMIO_RD size=4 addr=0x1720 (WAIT_UNTIL)
[007732] MMIO_RD size=4 addr=0x0e40 (RBBM_STATUS)
[007733] STATUS_RD RBBM_STATUS -> 0x00000040 (idle, 64 free)
[007734] MMIO_RD size=4 addr=0x1720 (WAIT_UNTIL)
[007735] MMIO_RD size=4 addr=0x0e40 (RBBM_STATUS)
[007736] STATUS_RD RBBM_STATUS -> 0x00000040 (idle, 64 free)
[007737] MMIO_RD size=4 addr=0x1720 (WAIT_UNTIL)
[007738] MMIO_RD size=4 addr=0x0e40 (RBBM_STATUS)
[007739] STATUS_RD RBBM_STATUS -> 0x00000040 (idle, 64 free)
[007740] MMIO_RD size=4 addr=0x1720 (WAIT_UNTIL)
[007741] MMIO_RD size=4 addr=0x0e40 (RBBM_STATUS)
[007742] STATUS_RD RBBM_STATUS -> 0x00000040 (idle, 64 free)
[007743] MMIO_RD size=4 addr=0x1720 (WAIT_UNTIL)
[007744] MMIO_RD size=4 addr=0x0e40 (RBBM_STATUS)
[007745] STATUS_RD RBBM_STATUS -> 0x00000040 (idle, 64 free)
[007746] MMIO_RD size=4 addr=0x1720 (WAIT_UNTIL)
[007747] MMIO_RD size=4 addr=0x0e40 (RBBM_STATUS)
[007748] STATUS_RD RBBM_STATUS -> 0x00000040 (idle, 64 free)
[007749] MMIO_RD size=4 addr=0x1720 (WAIT_UNTIL)
[007750] MMIO_RD size=4 addr=0x0e40 (RBBM_STATUS)
[007751] STATUS_RD RBBM_STATUS -> 0x00000040 (idle, 64 free)
[007752] MMIO_RD size=4 addr=0x1720 (WAIT_UNTIL)
[007753] MMIO_RD size=4 addr=0x0e40 (RBBM_STATUS)
[007754] STATUS_RD RBBM_STATUS -> 0x00000040 (idle, 64 free)
[007755] MMIO_RD size=4 addr=0x1720 (WAIT_UNTIL)
[007756] MMIO_RD size=4 addr=0x0e40 (RBBM_STATUS)
[007757] STATUS_RD RBBM_STATUS -> 0x00000040 (idle, 64 free)
[007758] MMIO_RD size=4 addr=0x1720 (WAIT_UNTIL)
[007759] MMIO_RD size=4 addr=0x0e40 (RBBM_STATUS)
[007760] STATUS_RD RBBM_STATUS -> 0x00000040 (idle, 64 free)
[007761] MMIO_RD size=4 addr=0x1720 (WAIT_UNTIL)
[007762] MMIO_RD size=4 addr=0x0e40 (RBBM_STATUS)
[007763] STATUS_RD RBBM_STATUS -> 0x00000040 (idle, 64 free)
[007764] MMIO_RD size=4 addr=0x1720 (WAIT_UNTIL)
[007765] MMIO_RD size=4 addr=0x0e40 (RBBM_STATUS)
[007766] STATUS_RD RBBM_STATUS -> 0x00000040 (idle, 64 free)
[007767] MMIO_RD size=4 addr=0x1720 (WAIT_UNTIL)
[007768] MMIO_RD size=4 addr=0x0e40 (RBBM_STATUS)
[007769] STATUS_RD RBBM_STATUS -> 0x00000040 (idle, 64 free)
[007770] MMIO_RD size=4 addr=0x1720 (WAIT_UNTIL)
[007771] MMIO_RD size=4 addr=0x0e40 (RBBM_STATUS)
[007772] STATUS_RD RBBM_STATUS -> 0x00000040 (idle, 64 free)
[007773] MMIO_RD size=4 addr=0x1720 (WAIT_UNTIL)
[007774] MMIO_RD size=4 addr=0x0e40 (RBBM_STATUS)
[007775] STATUS_RD RBBM_STATUS -> 0x00000040 (idle, 64 free)
[007776] MMIO_RD size=4 addr=0x1720 (WAIT_UNTIL)
[007777] MMIO_RD size=4 addr=0x0e40 (RBBM_STATUS)
[007778] STATUS_RD RBBM_STATUS -> 0x00000040 (idle, 64 free)
[007779] MMIO_RD size=4 addr=0x1720 (WAIT_UNTIL)
[007780] MMIO_RD size=4 addr=0x0e40 (RBBM_STATUS)
[007781] STATUS_RD RBBM_STATUS -> 0x00000040 (idle, 64 free)
[007782] MMIO_RD size=4 addr=0x1720 (WAIT_UNTIL)
[007783] MMIO_RD size=4 addr=0x0e40 (RBBM_STATUS)
[007784] STATUS_RD RBBM_STATUS -> 0x00000040 (idle, 64 free)
[007785] MMIO_RD size=4 addr=0x1720 (WAIT_UNTIL)
[007786] MMIO_RD size=4 addr=0x0e40 (RBBM_STATUS)
[007787] STATUS_RD RBBM_STATUS -> 0x00000040 (idle, 64 free)
[007788] MMIO_RD size=4 addr=0x1720 (WAIT_UNTIL)
[007789] MMIO_RD size=4 addr=0x0e40 (RBBM_STATUS)
[007790] STATUS_RD RBBM_STATUS -> 0x00000040 (idle, 64 free)
[007791] MMIO_RD size=4 addr=0x1720 (WAIT_UNTIL)
[007792] MMIO_RD size=4 addr=0x0e40 (RBBM_STATUS)
[007793] STATUS_RD RBBM_STATUS -> 0x00000040 (idle, 64 free)
[007794] MMIO_RD size=4 addr=0x1720 (WAIT_UNTIL)
[007795] MMIO_RD size=4 addr=0x0e40 (RBBM_STATUS)
[007796] STATUS_RD RBBM_STATUS -> 0x00000040 (idle, 64 free)
[007797] MMIO_RD size=4 addr=0x1720 (WAIT_UNTIL)
[007798] MMIO_RD size=4 addr=0x0e40 (RBBM_STATUS)
[007799] STATUS_RD RBBM_STATUS -> 0x00000040 (idle, 64 free)
[007800] MMIO_RD size=4 addr=0x1720 (WAIT_UNTIL)
[007801] MMIO_RD size=4 addr=0x0e40 (RBBM_STATUS)
[007802] STATUS_RD RBBM_STATUS -> 0x00000040 (idle, 64 free)
[007803] MMIO_RD size=4 addr=0x1720 (WAIT_UNTIL)
[007804] MMIO_RD size=4 addr=0x0e40 (RBBM_STATUS)
[007805] STATUS_RD RBBM_STATUS -> 0x00000040 (idle, 64 free)
[007806] MMIO_RD size=4 addr=0x1720 (WAIT_UNTIL)
[007807] MMIO_RD size=4 addr=0x0e40 (RBBM_STATUS)
[007808] STATUS_RD RBBM_STATUS -> 0x00000040 (idle, 64 free)
[007809] MMIO_RD size=4 addr=0x1720 (WAIT_UNTIL)
[007810] MMIO_RD size=4 addr=0x0e40 (RBBM_STATUS)
[007811] STATUS_RD RBBM_STATUS -> 0x00000040 (idle, 64 free)
[007812] MMIO_RD size=4 addr=0x1720 (WAIT_UNTIL)
[007813] MMIO_RD size=4 addr=0x0e40 (RBBM_STATUS)
[007814] STATUS_RD RBBM_STATUS -> 0x00000040 (idle, 64 free)
[007815] MMIO_RD size=4 addr=0x1720 (WAIT_UNTIL)
[007816] MMIO_RD size=4 addr=0x0e40 (RBBM_STATUS)
[007817] STATUS_RD RBBM_STATUS -> 0x00000040 (idle, 64 free)
[007818] MMIO_RD size=4 addr=0x1720 (WAIT_UNTIL)
[007819] MMIO_RD size=4 addr=0x0e40 (RBBM_STATUS)
[007820] STATUS_RD RBBM_STATUS -> 0x00000040 (idle, 64 free)
[007821] MMIO_RD size=4 addr=0x1720 (WAIT_UNTIL)
[007822] MMIO_RD size=4 addr=0x0e40 (RBBM_STATUS)
[007823] STATUS_RD RBBM_STATUS -> 0x00000040 (idle, 64 free)
[007824] MMIO_RD size=4 addr=0x1720 (WAIT_UNTIL)
[007825] MMIO_RD size=4 addr=0x0e40 (RBBM_STATUS)
[007826] STATUS_RD RBBM_STATUS -> 0x00000040 (idle, 64 free)
[007827] MMIO_RD size=4 addr=0x1720 (WAIT_UNTIL)
[007828] MMIO_RD size=4 addr=0x0e40 (RBBM_STATUS)
[007829] STATUS_RD RBBM_STATUS -> 0x00000040 (idle, 64 free)
[007830] MMIO_RD size=4 addr=0x1720 (WAIT_UNTIL)
[007831] MMIO_RD size=4 addr=0x0e40 (RBBM_STATUS)
[007832] STATUS_RD RBBM_STATUS -> 0x00000040 (idle, 64 free)
[007833] MMIO_RD size=4 addr=0x1720 (WAIT_UNTIL)
[007834] MMIO_RD size=4 addr=0x0e40 (RBBM_STATUS)
[007835] STATUS_RD RBBM_STATUS -> 0x00000040 (idle, 64 free)
[007836] MMIO_RD size=4 addr=0x1720 (WAIT_UNTIL)
[007837] MMIO_RD size=4 addr=0x0e40 (RBBM_STATUS)
[007838] STATUS_RD RBBM_STATUS -> 0x00000040 (idle, 64 free)
[007839] MMIO_RD size=4 addr=0x1720 (WAIT_UNTIL)
[007840] MMIO_RD size=4 addr=0x0e40 (RBBM_STATUS)
[007841] STATUS_RD RBBM_STATUS -> 0x00000040 (idle, 64 free)
[007842] MMIO_RD size=4 addr=0x1720 (WAIT_UNTIL)
[007843] MMIO_RD size=4 addr=0x0e40 (RBBM_STATUS)
[007844] STATUS_RD RBBM_STATUS -> 0x00000040 (idle, 64 free)
[007845] MMIO_RD size=4 addr=0x1720 (WAIT_UNTIL)
[007846] MMIO_RD size=4 addr=0x0e40 (RBBM_STATUS)
[007847] STATUS_RD RBBM_STATUS -> 0x00000040 (idle, 64 free)
[007848] MMIO_RD size=4 addr=0x1720 (WAIT_UNTIL)
[007849] MMIO_RD size=4 addr=0x0e40 (RBBM_STATUS)
[007850] STATUS_RD RBBM_STATUS -> 0x00000040 (idle, 64 free)
[007851] MMIO_RD size=4 addr=0x1720 (WAIT_UNTIL)
[007852] MMIO_RD size=4 addr=0x0e40 (RBBM_STATUS)
[007853] STATUS_RD RBBM_STATUS -> 0x00000040 (idle, 64 free)
[007854] MMIO_RD size=4 addr=0x1720 (WAIT_UNTIL)
[007855] MMIO_RD size=4 addr=0x0e40 (RBBM_STATUS)
[007856] STATUS_RD RBBM_STATUS -> 0x00000040 (idle, 64 free)
[007857] MMIO_RD size=4 addr=0x1720 (WAIT_UNTIL)
[007858] MMIO_RD size=4 addr=0x0e40 (RBBM_STATUS)
[007859] STATUS_RD RBBM_STATUS -> 0x00000040 (idle, 64 free)
[007860] MMIO_RD size=4 addr=0x1720 (WAIT_UNTIL)
[007861] MMIO_RD size=4 addr=0x0e40 (RBBM_STATUS)
[007862] STATUS_RD RBBM_STATUS -> 0x00000040 (idle, 64 free)
[007863] MMIO_RD size=4 addr=0x1720 (WAIT_UNTIL)
[007864] MMIO_RD size=4 addr=0x0e40 (RBBM_STATUS)
[007865] STATUS_RD RBBM_STATUS -> 0x00000040 (idle, 64 free)
[007866] MMIO_RD size=4 addr=0x1720 (WAIT_UNTIL)
[007867] MMIO_RD size=4 addr=0x0e40 (RBBM_STATUS)
[007868] STATUS_RD RBBM_STATUS -> 0x00000040 (idle, 64 free)
[007869] MMIO_RD size=4 addr=0x1720 (WAIT_UNTIL)
[007870] MMIO_RD size=4 addr=0x0e40 (RBBM_STATUS)
[007871] STATUS_RD RBBM_STATUS -> 0x00000040 (idle, 64 free)
[007872] MMIO_RD size=4 addr=0x1720 (WAIT_UNTIL)
[007873] MMIO_RD size=4 addr=0x0e40 (RBBM_STATUS)
[007874] STATUS_RD RBBM_STATUS -> 0x00000040 (idle, 64 free)
[007875] MMIO_RD size=4 addr=0x1720 (WAIT_UNTIL)
[007876] MMIO_RD size=4 addr=0x0e40 (RBBM_STATUS)
[007877] STATUS_RD RBBM_STATUS -> 0x00000040 (idle, 64 free)
[007878] MMIO_RD size=4 addr=0x1720 (WAIT_UNTIL)
[007879] MMIO_RD size=4 addr=0x0e40 (RBBM_STATUS)
[007880] STATUS_RD RBBM_STATUS -> 0x00000040 (idle, 64 free)
[007881] MMIO_RD size=4 addr=0x1720 (WAIT_UNTIL)
[007882] MMIO_RD size=4 addr=0x0e40 (RBBM_STATUS)
[007883] STATUS_RD RBBM_STATUS -> 0x00000040 (idle, 64 free)
[007884] MMIO_RD size=4 addr=0x1720 (WAIT_UNTIL)
[007885] MMIO_RD size=4 addr=0x0e40 (RBBM_STATUS)
[007886] STATUS_RD RBBM_STATUS -> 0x00000040 (idle, 64 free)
[007887] MMIO_RD size=4 addr=0x1720 (WAIT_UNTIL)
[007888] MMIO_RD size=4 addr=0x0e40 (RBBM_STATUS)
[007889] STATUS_RD RBBM_STATUS -> 0x00000040 (idle, 64 free)
[007890] MMIO_RD size=4 addr=0x1720 (WAIT_UNTIL)
[007891] MMIO_RD size=4 addr=0x0e40 (RBBM_STATUS)
[007892] STATUS_RD RBBM_STATUS -> 0x00000040 (idle, 64 free)
[007893] MMIO_RD size=4 addr=0x1720 (WAIT_UNTIL)
[007894] MMIO_RD size=4 addr=0x0e40 (RBBM_STATUS)
[007895] STATUS_RD RBBM_STATUS -> 0x00000040 (idle, 64 free)
[007896] MMIO_RD size=4 addr=0x1720 (WAIT_UNTIL)
[007897] MMIO_RD size=4 addr=0x0e40 (RBBM_STATUS)
[007898] STATUS_RD RBBM_STATUS -> 0x00000040 (idle, 64 free)
[007899] MMIO_RD size=4 addr=0x1720 (WAIT_UNTIL)
[007900] MMIO_RD size=4 addr=0x0e40 (RBBM_STATUS)
[007901] STATUS_RD RBBM_STATUS -> 0x00000040 (idle, 64 free)
[007902] MMIO_RD size=4 addr=0x1720 (WAIT_UNTIL)
[007903] MMIO_RD size=4 addr=0x0e40 (RBBM_STATUS)
[007904] STATUS_RD RBBM_STATUS -> 0x00000040 (idle, 64 free)
[007905] MMIO_RD size=4 addr=0x1720 (WAIT_UNTIL)
[007906] MMIO_RD size=4 addr=0x0e40 (RBBM_STATUS)
[007907] STATUS_RD RBBM_STATUS -> 0x00000040 (idle, 64 free)
[007908] MMIO_RD size=4 addr=0x1720 (WAIT_UNTIL)
[007909] MMIO_RD size=4 addr=0x0e40 (RBBM_STATUS)
[007910] STATUS_RD RBBM_STATUS -> 0x00000040 (idle, 64 free)
[007911] MMIO_RD size=4 addr=0x1720 (WAIT_UNTIL)
[007912] MMIO_RD size=4 addr=0x0e40 (RBBM_STATUS)
[007913] STATUS_RD RBBM_STATUS -> 0x00000040 (idle, 64 free)
[007914] MMIO_RD size=4 addr=0x1720 (WAIT_UNTIL)
[007915] MMIO_RD size=4 addr=0x0e40 (RBBM_STATUS)
[007916] STATUS_RD RBBM_STATUS -> 0x00000040 (idle, 64 free)
[007917] MMIO_RD size=4 addr=0x1720 (WAIT_UNTIL)
[007918] MMIO_RD size=4 addr=0x0e40 (RBBM_STATUS)
[007919] STATUS_RD RBBM_STATUS -> 0x00000040 (idle, 64 free)
[007920] MMIO_RD size=4 addr=0x1720 (WAIT_UNTIL)
[007921] MMIO_RD size=4 addr=0x0e40 (RBBM_STATUS)
[007922] STATUS_RD RBBM_STATUS -> 0x00000040 (idle, 64 free)
[007923] MMIO_RD size=4 addr=0x1720 (WAIT_UNTIL)
[007924] MMIO_RD size=4 addr=0x0e40 (RBBM_STATUS)
[007925] STATUS_RD RBBM_STATUS -> 0x00000040 (idle, 64 free)
[007926] MMIO_RD size=4 addr=0x1720 (WAIT_UNTIL)
[007927] MMIO_RD size=4 addr=0x0e40 (RBBM_STATUS)
[007928] STATUS_RD RBBM_STATUS -> 0x00000040 (idle, 64 free)
[007929] MMIO_RD size=4 addr=0x1720 (WAIT_UNTIL)
[007930] MMIO_RD size=4 addr=0x0e40 (RBBM_STATUS)
[007931] STATUS_RD RBBM_STATUS -> 0x00000040 (idle, 64 free)
[007932] MMIO_RD size=4 addr=0x1720 (WAIT_UNTIL)
[007933] MMIO_RD size=4 addr=0x0e40 (RBBM_STATUS)
[007934] STATUS_RD RBBM_STATUS -> 0x00000040 (idle, 64 free)
[007935] MMIO_RD size=4 addr=0x1720 (WAIT_UNTIL)
[007936] MMIO_RD size=4 addr=0x0e40 (RBBM_STATUS)
[007937] STATUS_RD RBBM_STATUS -> 0x00000040 (idle, 64 free)
[007938] MMIO_RD size=4 addr=0x1720 (WAIT_UNTIL)
[007939] MMIO_RD size=4 addr=0x0e40 (RBBM_STATUS)
[007940] STATUS_RD RBBM_STATUS -> 0x00000040 (idle, 64 free)
[007941] MMIO_RD size=4 addr=0x1720 (WAIT_UNTIL)
[007942] MMIO_RD size=4 addr=0x0e40 (RBBM_STATUS)
[007943] STATUS_RD RBBM_STATUS -> 0x00000040 (idle, 64 free)
[007944] MMIO_RD size=4 addr=0x1720 (WAIT_UNTIL)
[007945] MMIO_RD size=4 addr=0x0e40 (RBBM_STATUS)
[007946] STATUS_RD RBBM_STATUS -> 0x00000040 (idle, 64 free)
[007947] MMIO_RD size=4 addr=0x1720 (WAIT_UNTIL)
[007948] MMIO_RD size=4 addr=0x0e40 (RBBM_STATUS)
[007949] STATUS_RD RBBM_STATUS -> 0x00000040 (idle, 64 free)
[007950] MMIO_RD size=4 addr=0x1720 (WAIT_UNTIL)
[007951] MMIO_RD size=4 addr=0x0e40 (RBBM_STATUS)
[007952] STATUS_RD RBBM_STATUS -> 0x00000040 (idle, 64 free)
[007953] MMIO_RD size=4 addr=0x1720 (WAIT_UNTIL)
[007954] MMIO_RD size=4 addr=0x0e40 (RBBM_STATUS)
[007955] STATUS_RD RBBM_STATUS -> 0x00000040 (idle, 64 free)
[007956] MMIO_RD size=4 addr=0x1720 (WAIT_UNTIL)
[007957] MMIO_RD size=4 addr=0x0e40 (RBBM_STATUS)
[007958] STATUS_RD RBBM_STATUS -> 0x00000040 (idle, 64 free)
[007959] MMIO_RD size=4 addr=0x1720 (WAIT_UNTIL)
[007960] MMIO_RD size=4 addr=0x0e40 (RBBM_STATUS)
[007961] STATUS_RD RBBM_STATUS -> 0x00000040 (idle, 64 free)
[007962] MMIO_RD size=4 addr=0x1720 (WAIT_UNTIL)
[007963] MMIO_RD size=4 addr=0x0e40 (RBBM_STATUS)
[007964] STATUS_RD RBBM_STATUS -> 0x00000040 (idle, 64 free)
[007965] MMIO_RD size=4 addr=0x1720 (WAIT_UNTIL)
[007966] MMIO_RD size=4 addr=0x0e40 (RBBM_STATUS)
[007967] STATUS_RD RBBM_STATUS -> 0x00000040 (idle, 64 free)
[007968] MMIO_RD size=4 addr=0x1720 (WAIT_UNTIL)
[007969] MMIO_RD size=4 addr=0x0e40 (RBBM_STATUS)
[007970] STATUS_RD RBBM_STATUS -> 0x00000040 (idle, 64 free)
[007971] MMIO_RD size=4 addr=0x1720 (WAIT_UNTIL)
[007972] MMIO_RD size=4 addr=0x0e40 (RBBM_STATUS)
[007973] STATUS_RD RBBM_STATUS -> 0x00000040 (idle, 64 free)
[007974] MMIO_RD size=4 addr=0x1720 (WAIT_UNTIL)
[007975] MMIO_RD size=4 addr=0x0e40 (RBBM_STATUS)
[007976] STATUS_RD RBBM_STATUS -> 0x00000040 (idle, 64 free)
[007977] MMIO_RD size=4 addr=0x1720 (WAIT_UNTIL)
[007978] MMIO_RD size=4 addr=0x0e40 (RBBM_STATUS)
[007979] STATUS_RD RBBM_STATUS -> 0x00000040 (idle, 64 free)
[007980] MMIO_RD size=4 addr=0x1720 (WAIT_UNTIL)
[007981] MMIO_RD size=4 addr=0x0e40 (RBBM_STATUS)
[007982] STATUS_RD RBBM_STATUS -> 0x00000040 (idle, 64 free)
[007983] MMIO_RD size=4 addr=0x1720 (WAIT_UNTIL)
[007984] MMIO_RD size=4 addr=0x0e40 (RBBM_STATUS)
[007985] STATUS_RD RBBM_STATUS -> 0x00000040 (idle, 64 free)
[007986] MMIO_RD size=4 addr=0x1720 (WAIT_UNTIL)
[007987] MMIO_RD size=4 addr=0x0e40 (RBBM_STATUS)
[007988] STATUS_RD RBBM_STATUS -> 0x00000040 (idle, 64 free)
[007989] MMIO_RD size=4 addr=0x1720 (WAIT_UNTIL)
[007990] MMIO_RD size=4 addr=0x0e40 (RBBM_STATUS)
[007991] STATUS_RD RBBM_STATUS -> 0x00000040 (idle, 64 free)
[007992] MMIO_RD size=4 addr=0x1720 (WAIT_UNTIL)
[007993] MMIO_RD size=4 addr=0x0e40 (RBBM_STATUS)
[007994] STATUS_RD RBBM_STATUS -> 0x00000040 (idle, 64 free)
[007995] MMIO_RD size=4 addr=0x1720 (WAIT_UNTIL)
[007996] MMIO_RD size=4 addr=0x0e40 (RBBM_STATUS)
[007997] STATUS_RD RBBM_STATUS -> 0x00000040 (idle, 64 free)
[007998] MMIO_RD size=4 addr=0x1720 (WAIT_UNTIL)
[007999] MMIO_RD size=4 addr=0x0e40 (RBBM_STATUS)
[008000] STATUS_RD RBBM_STATUS -> 0x00000040 (idle, 64 free)
[008001] MMIO_RD size=4 addr=0x1720 (WAIT_UNTIL)
[008002] MMIO_RD size=4 addr=0x0e40 (RBBM_STATUS)
[008003] STATUS_RD RBBM_STATUS -> 0x00000040 (idle, 64 free)
[008004] MMIO_RD size=4 addr=0x1720 (WAIT_UNTIL)
[008005] MMIO_RD size=4 addr=0x0e40 (RBBM_STATUS)
[008006] STATUS_RD RBBM_STATUS -> 0x00000040 (idle, 64 free)
[008007] MMIO_RD size=4 addr=0x1720 (WAIT_UNTIL)
[008008] MMIO_RD size=4 addr=0x0e40 (RBBM_STATUS)
[008009] STATUS_RD RBBM_STATUS -> 0x00000040 (idle, 64 free)
[008010] MMIO_RD size=4 addr=0x1720 (WAIT_UNTIL)
[008011] MMIO_RD size=4 addr=0x0e40 (RBBM_STATUS)
[008012] STATUS_RD RBBM_STATUS -> 0x00000040 (idle, 64 free)
[008013] MMIO_RD size=4 addr=0x1720 (WAIT_UNTIL)
[008014] MMIO_RD size=4 addr=0x0e40 (RBBM_STATUS)
[008015] STATUS_RD RBBM_STATUS -> 0x00000040 (idle, 64 free)
[008016] MMIO_RD size=4 addr=0x1720 (WAIT_UNTIL)
[008017] MMIO_RD size=4 addr=0x0e40 (RBBM_STATUS)
[008018] STATUS_RD RBBM_STATUS -> 0x00000040 (idle, 64 free)
[008019] MMIO_RD size=4 addr=0x1720 (WAIT_UNTIL)
[008020] MMIO_RD size=4 addr=0x0e40 (RBBM_STATUS)
[008021] STATUS_RD RBBM_STATUS -> 0x00000040 (idle, 64 free)
[008022] MMIO_RD size=4 addr=0x1720 (WAIT_UNTIL)
[008023] MMIO_RD size=4 addr=0x0e40 (RBBM_STATUS)
[008024] STATUS_RD RBBM_STATUS -> 0x00000040 (idle, 64 free)
[008025] MMIO_RD size=4 addr=0x1720 (WAIT_UNTIL)
[008026] MMIO_RD size=4 addr=0x0e40 (RBBM_STATUS)
[008027] STATUS_RD RBBM_STATUS -> 0x00000040 (idle, 64 free)
[008028] MMIO_RD size=4 addr=0x1720 (WAIT_UNTIL)
[008029] MMIO_RD size=4 addr=0x0e40 (RBBM_STATUS)
[008030] STATUS_RD RBBM_STATUS -> 0x00000040 (idle, 64 free)
[008031] MMIO_RD size=4 addr=0x1720 (WAIT_UNTIL)
[008032] MMIO_RD size=4 addr=0x0e40 (RBBM_STATUS)
[008033] STATUS_RD RBBM_STATUS -> 0x00000040 (idle, 64 free)
[008034] MMIO_RD size=4 addr=0x1720 (WAIT_UNTIL)
[008035] MMIO_RD size=4 addr=0x0e40 (RBBM_STATUS)
[008036] STATUS_RD RBBM_STATUS -> 0x00000040 (idle, 64 free)
[008037] MMIO_RD size=4 addr=0x1720 (WAIT_UNTIL)
[008038] MMIO_RD size=4 addr=0x0e40 (RBBM_STATUS)
[008039] STATUS_RD RBBM_STATUS -> 0x00000040 (idle, 64 free)
[008040] MMIO_RD size=4 addr=0x1720 (WAIT_UNTIL)
[008041] MMIO_RD size=4 addr=0x0e40 (RBBM_STATUS)
[008042] STATUS_RD RBBM_STATUS -> 0x00000040 (idle, 64 free)
[008043] MMIO_RD size=4 addr=0x1720 (WAIT_UNTIL)
[008044] MMIO_RD size=4 addr=0x0e40 (RBBM_STATUS)
[008045] STATUS_RD RBBM_STATUS -> 0x00000040 (idle, 64 free)
[008046] MMIO_RD size=4 addr=0x1720 (WAIT_UNTIL)
[008047] MMIO_RD size=4 addr=0x0e40 (RBBM_STATUS)
[008048] STATUS_RD RBBM_STATUS -> 0x00000040 (idle, 64 free)
[008049] MMIO_RD size=4 addr=0x1720 (WAIT_UNTIL)
[008050] MMIO_RD size=4 addr=0x0e40 (RBBM_STATUS)
[008051] STATUS_RD RBBM_STATUS -> 0x00000040 (idle, 64 free)
[008052] MMIO_RD size=4 addr=0x1720 (WAIT_UNTIL)
[008053] MMIO_RD size=4 addr=0x0e40 (RBBM_STATUS)
[008054] STATUS_RD RBBM_STATUS -> 0x00000040 (idle, 64 free)
[008055] MMIO_RD size=4 addr=0x1720 (WAIT_UNTIL)
[008056] MMIO_RD size=4 addr=0x0e40 (RBBM_STATUS)
[008057] STATUS_RD RBBM_STATUS -> 0x00000040 (idle, 64 free)
[008058] MMIO_RD size=4 addr=0x1720 (WAIT_UNTIL)
[008059] MMIO_RD size=4 addr=0x0e40 (RBBM_STATUS)
[008060] STATUS_RD RBBM_STATUS -> 0x00000040 (idle, 64 free)
[008061] MMIO_RD size=4 addr=0x1720 (WAIT_UNTIL)
[008062] MMIO_RD size=4 addr=0x0e40 (RBBM_STATUS)
[008063] STATUS_RD RBBM_STATUS -> 0x00000040 (idle, 64 free)
[008064] MMIO_RD size=4 addr=0x1720 (WAIT_UNTIL)
[008065] MMIO_RD size=4 addr=0x0e40 (RBBM_STATUS)
[008066] STATUS_RD RBBM_STATUS -> 0x00000040 (idle, 64 free)
[008067] MMIO_RD size=4 addr=0x1720 (WAIT_UNTIL)
[008068] MMIO_RD size=4 addr=0x0e40 (RBBM_STATUS)
[008069] STATUS_RD RBBM_STATUS -> 0x00000040 (idle, 64 free)
[008070] MMIO_RD size=4 addr=0x1720 (WAIT_UNTIL)
[008071] MMIO_RD size=4 addr=0x0e40 (RBBM_STATUS)
[008072] STATUS_RD RBBM_STATUS -> 0x00000040 (idle, 64 free)
[008073] MMIO_RD size=4 addr=0x1720 (WAIT_UNTIL)
[008074] MMIO_RD size=4 addr=0x0e40 (RBBM_STATUS)
[008075] STATUS_RD RBBM_STATUS -> 0x00000040 (idle, 64 free)
[008076] MMIO_RD size=4 addr=0x1720 (WAIT_UNTIL)
[008077] MMIO_RD size=4 addr=0x0e40 (RBBM_STATUS)
[008078] STATUS_RD RBBM_STATUS -> 0x00000040 (idle, 64 free)
[008079] MMIO_RD size=4 addr=0x1720 (WAIT_UNTIL)
[008080] MMIO_RD size=4 addr=0x0e40 (RBBM_STATUS)
[008081] STATUS_RD RBBM_STATUS -> 0x00000040 (idle, 64 free)
[008082] MMIO_RD size=4 addr=0x1720 (WAIT_UNTIL)
[008083] MMIO_RD size=4 addr=0x0e40 (RBBM_STATUS)
[008084] STATUS_RD RBBM_STATUS -> 0x00000040 (idle, 64 free)
[008085] MMIO_RD size=4 addr=0x1720 (WAIT_UNTIL)
[008086] MMIO_RD size=4 addr=0x0e40 (RBBM_STATUS)
[008087] STATUS_RD RBBM_STATUS -> 0x00000040 (idle, 64 free)
[008088] MMIO_RD size=4 addr=0x1720 (WAIT_UNTIL)
[008089] MMIO_RD size=4 addr=0x0e40 (RBBM_STATUS)
[008090] STATUS_RD RBBM_STATUS -> 0x00000040 (idle, 64 free)
[008091] MMIO_RD size=4 addr=0x1720 (WAIT_UNTIL)
[008092] MMIO_RD size=4 addr=0x0e40 (RBBM_STATUS)
[008093] STATUS_RD RBBM_STATUS -> 0x00000040 (idle, 64 free)
[008094] MMIO_RD size=4 addr=0x1720 (WAIT_UNTIL)
[008095] MMIO_RD size=4 addr=0x0e40 (RBBM_STATUS)
[008096] STATUS_RD RBBM_STATUS -> 0x00000040 (idle, 64 free)
[008097] MMIO_RD size=4 addr=0x1720 (WAIT_UNTIL)
[008098] MMIO_RD size=4 addr=0x0e40 (RBBM_STATUS)
[008099] STATUS_RD RBBM_STATUS -> 0x00000040 (idle, 64 free)
[008100] MMIO_RD size=4 addr=0x1720 (WAIT_UNTIL)
[008101] MMIO_RD size=4 addr=0x0e40 (RBBM_STATUS)
[008102] STATUS_RD RBBM_STATUS -> 0x00000040 (idle, 64 free)
[008103] MMIO_RD size=4 addr=0x1720 (WAIT_UNTIL)
[008104] MMIO_RD size=4 addr=0x0e40 (RBBM_STATUS)
[008105] STATUS_RD RBBM_STATUS -> 0x00000040 (idle, 64 free)
[008106] MMIO_RD size=4 addr=0x1720 (WAIT_UNTIL)
[008107] MMIO_RD size=4 addr=0x0e40 (RBBM_STATUS)
[008108] STATUS_RD RBBM_STATUS -> 0x00000040 (idle, 64 free)
[008109] MMIO_RD size=4 addr=0x1720 (WAIT_UNTIL)
[008110] MMIO_RD size=4 addr=0x0e40 (RBBM_STATUS)
[008111] STATUS_RD RBBM_STATUS -> 0x00000040 (idle, 64 free)
[008112] MMIO_RD size=4 addr=0x1720 (WAIT_UNTIL)
[008113] MMIO_RD size=4 addr=0x0e40 (RBBM_STATUS)
[008114] STATUS_RD RBBM_STATUS -> 0x00000040 (idle, 64 free)
[008115] MMIO_RD size=4 addr=0x1720 (WAIT_UNTIL)
[008116] MMIO_RD size=4 addr=0x0e40 (RBBM_STATUS)
[008117] STATUS_RD RBBM_STATUS -> 0x00000040 (idle, 64 free)
[008118] MMIO_RD size=4 addr=0x1720 (WAIT_UNTIL)
[008119] MMIO_RD size=4 addr=0x0e40 (RBBM_STATUS)
[008120] STATUS_RD RBBM_STATUS -> 0x00000040 (idle, 64 free)
[008121] MMIO_RD size=4 addr=0x1720 (WAIT_UNTIL)
[008122] MMIO_RD size=4 addr=0x0e40 (RBBM_STATUS)
[008123] STATUS_RD RBBM_STATUS -> 0x00000040 (idle, 64 free)
[008124] MMIO_RD size=4 addr=0x1720 (WAIT_UNTIL)
[008125] MMIO_RD size=4 addr=0x0e40 (RBBM_STATUS)
[008126] STATUS_RD RBBM_STATUS -> 0x00000040 (idle, 64 free)
[008127] MMIO_RD size=4 addr=0x1720 (WAIT_UNTIL)
[008128] MMIO_RD size=4 addr=0x0e40 (RBBM_STATUS)
[008129] STATUS_RD RBBM_STATUS -> 0x00000040 (idle, 64 free)
[008130] MMIO_RD size=4 addr=0x1720 (WAIT_UNTIL)
[008131] MMIO_RD size=4 addr=0x0e40 (RBBM_STATUS)
[008132] STATUS_RD RBBM_STATUS -> 0x00000040 (idle, 64 free)
[008133] MMIO_RD size=4 addr=0x1720 (WAIT_UNTIL)
[008134] MMIO_RD size=4 addr=0x0e40 (RBBM_STATUS)
[008135] STATUS_RD RBBM_STATUS -> 0x00000040 (idle, 64 free)
[008136] MMIO_RD size=4 addr=0x1720 (WAIT_UNTIL)
[008137] MMIO_RD size=4 addr=0x0e40 (RBBM_STATUS)
[008138] STATUS_RD RBBM_STATUS -> 0x00000040 (idle, 64 free)
[008139] MMIO_RD size=4 addr=0x1720 (WAIT_UNTIL)
[008140] MMIO_RD size=4 addr=0x0e40 (RBBM_STATUS)
[008141] STATUS_RD RBBM_STATUS -> 0x00000040 (idle, 64 free)
[008142] MMIO_RD size=4 addr=0x1720 (WAIT_UNTIL)
[008143] MMIO_RD size=4 addr=0x0e40 (RBBM_STATUS)
[008144] STATUS_RD RBBM_STATUS -> 0x00000040 (idle, 64 free)
[008145] MMIO_RD size=4 addr=0x1720 (WAIT_UNTIL)
[008146] MMIO_RD size=4 addr=0x0e40 (RBBM_STATUS)
[008147] STATUS_RD RBBM_STATUS -> 0x00000040 (idle, 64 free)
[008148] MMIO_RD size=4 addr=0x1720 (WAIT_UNTIL)
[008149] MMIO_RD size=4 addr=0x0e40 (RBBM_STATUS)
[008150] STATUS_RD RBBM_STATUS -> 0x00000040 (idle, 64 free)
[008151] MMIO_RD size=4 addr=0x1720 (WAIT_UNTIL)
[008152] MMIO_RD size=4 addr=0x0e40 (RBBM_STATUS)
[008153] STATUS_RD RBBM_STATUS -> 0x00000040 (idle, 64 free)
[008154] MMIO_RD size=4 addr=0x1720 (WAIT_UNTIL)
[008155] MMIO_RD size=4 addr=0x0e40 (RBBM_STATUS)
[008156] STATUS_RD RBBM_STATUS -> 0x00000040 (idle, 64 free)
[008157] MMIO_RD size=4 addr=0x1720 (WAIT_UNTIL)
[008158] MMIO_RD size=4 addr=0x0e40 (RBBM_STATUS)
[008159] STATUS_RD RBBM_STATUS -> 0x00000040 (idle, 64 free)
[008160] MMIO_RD size=4 addr=0x1720 (WAIT_UNTIL)
[008161] MMIO_RD size=4 addr=0x0e40 (RBBM_STATUS)
[008162] STATUS_RD RBBM_STATUS -> 0x00000040 (idle, 64 free)
[008163] MMIO_RD size=4 addr=0x1720 (WAIT_UNTIL)
[008164] MMIO_RD size=4 addr=0x0e40 (RBBM_STATUS)
[008165] STATUS_RD RBBM_STATUS -> 0x00000040 (idle, 64 free)
[008166] MMIO_RD size=4 addr=0x1720 (WAIT_UNTIL)
[008167] MMIO_RD size=4 addr=0x0e40 (RBBM_STATUS)
[008168] STATUS_RD RBBM_STATUS -> 0x00000040 (idle, 64 free)
[008169] MMIO_RD size=4 addr=0x1720 (WAIT_UNTIL)
[008170] MMIO_RD size=4 addr=0x0e40 (RBBM_STATUS)
[008171] STATUS_RD RBBM_STATUS -> 0x00000040 (idle, 64 free)
[008172] MMIO_RD size=4 addr=0x1720 (WAIT_UNTIL)
[008173] MMIO_RD size=4 addr=0x0e40 (RBBM_STATUS)
[008174] STATUS_RD RBBM_STATUS -> 0x00000040 (idle, 64 free)
[008175] MMIO_RD size=4 addr=0x1720 (WAIT_UNTIL)
[008176] MMIO_RD size=4 addr=0x0e40 (RBBM_STATUS)
[008177] STATUS_RD RBBM_STATUS -> 0x00000040 (idle, 64 free)
[008178] MMIO_RD size=4 addr=0x1720 (WAIT_UNTIL)
[008179] MMIO_RD size=4 addr=0x0e40 (RBBM_STATUS)
[008180] STATUS_RD RBBM_STATUS -> 0x00000040 (idle, 64 free)
[008181] MMIO_RD size=4 addr=0x1720 (WAIT_UNTIL)
[008182] MMIO_RD size=4 addr=0x0e40 (RBBM_STATUS)
[008183] STATUS_RD RBBM_STATUS -> 0x00000040 (idle, 64 free)
[008184] MMIO_RD size=4 addr=0x1720 (WAIT_UNTIL)
[008185] MMIO_RD size=4 addr=0x0e40 (RBBM_STATUS)
[008186] STATUS_RD RBBM_STATUS -> 0x00000040 (idle, 64 free)
[008187] MMIO_RD size=4 addr=0x1720 (WAIT_UNTIL)
[008188] MMIO_RD size=4 addr=0x0e40 (RBBM_STATUS)
[008189] STATUS_RD RBBM_STATUS -> 0x00000040 (idle, 64 free)
[008190] MMIO_RD size=4 addr=0x1720 (WAIT_UNTIL)
[008191] MMIO_RD size=4 addr=0x0e40 (RBBM_STATUS)
[008192] STATUS_RD RBBM_STATUS -> 0x00000040 (idle, 64 free)
[008193] MMIO_RD size=4 addr=0x1720 (WAIT_UNTIL)
[008194] MMIO_RD size=4 addr=0x0e40 (RBBM_STATUS)
[008195] STATUS_RD RBBM_STATUS -> 0x00000040 (idle, 64 free)
[008196] MMIO_RD size=4 addr=0x1720 (WAIT_UNTIL)
[008197] MMIO_RD size=4 addr=0x0e40 (RBBM_STATUS)
[008198] STATUS_RD RBBM_STATUS -> 0x00000040 (idle, 64 free)
[008199] MMIO_RD size=4 addr=0x1720 (WAIT_UNTIL)
[008200] MMIO_RD size=4 addr=0x0e40 (RBBM_STATUS)
[008201] STATUS_RD RBBM_STATUS -> 0x00000040 (idle, 64 free)
[008202] MMIO_RD size=4 addr=0x1720 (WAIT_UNTIL)
[008203] MMIO_RD size=4 addr=0x0e40 (RBBM_STATUS)
[008204] STATUS_RD RBBM_STATUS -> 0x00000040 (idle, 64 free)
[008205] MMIO_RD size=4 addr=0x1720 (WAIT_UNTIL)
[008206] MMIO_RD size=4 addr=0x0e40 (RBBM_STATUS)
[008207] STATUS_RD RBBM_STATUS -> 0x00000040 (idle, 64 free)
[008208] MMIO_RD size=4 addr=0x1720 (WAIT_UNTIL)
[008209] MMIO_RD size=4 addr=0x0e40 (RBBM_STATUS)
[008210] STATUS_RD RBBM_STATUS -> 0x00000040 (idle, 64 free)
[008211] MMIO_RD size=4 addr=0x1720 (WAIT_UNTIL)
[008212] MMIO_RD size=4 addr=0x0e40 (RBBM_STATUS)
[008213] STATUS_RD RBBM_STATUS -> 0x00000040 (idle, 64 free)
[008214] MMIO_RD size=4 addr=0x1720 (WAIT_UNTIL)
[008215] MMIO_RD size=4 addr=0x0e40 (RBBM_STATUS)
[008216] STATUS_RD RBBM_STATUS -> 0x00000040 (idle, 64 free)
[008217] MMIO_RD size=4 addr=0x1720 (WAIT_UNTIL)
[008218] MMIO_RD size=4 addr=0x0e40 (RBBM_STATUS)
[008219] STATUS_RD RBBM_STATUS -> 0x00000040 (idle, 64 free)
[008220] MMIO_RD size=4 addr=0x1720 (WAIT_UNTIL)
[008221] MMIO_RD size=4 addr=0x0e40 (RBBM_STATUS)
[008222] STATUS_RD RBBM_STATUS -> 0x00000040 (idle, 64 free)
[008223] MMIO_RD size=4 addr=0x1720 (WAIT_UNTIL)
[008224] MMIO_RD size=4 addr=0x0e40 (RBBM_STATUS)
[008225] STATUS_RD RBBM_STATUS -> 0x00000040 (idle, 64 free)
[008226] MMIO_RD size=4 addr=0x1720 (WAIT_UNTIL)
[008227] MMIO_RD size=4 addr=0x0e40 (RBBM_STATUS)
[008228] STATUS_RD RBBM_STATUS -> 0x00000040 (idle, 64 free)
[008229] MMIO_RD size=4 addr=0x1720 (WAIT_UNTIL)
[008230] MMIO_RD size=4 addr=0x0e40 (RBBM_STATUS)
[008231] STATUS_RD RBBM_STATUS -> 0x00000040 (idle, 64 free)
[008232] MMIO_RD size=4 addr=0x1720 (WAIT_UNTIL)
[008233] MMIO_RD size=4 addr=0x0e40 (RBBM_STATUS)
[008234] STATUS_RD RBBM_STATUS -> 0x00000040 (idle, 64 free)
[008235] MMIO_RD size=4 addr=0x1720 (WAIT_UNTIL)
[008236] MMIO_RD size=4 addr=0x0e40 (RBBM_STATUS)
[008237] STATUS_RD RBBM_STATUS -> 0x00000040 (idle, 64 free)
[008238] MMIO_RD size=4 addr=0x1720 (WAIT_UNTIL)
[008239] MMIO_RD size=4 addr=0x0e40 (RBBM_STATUS)
[008240] STATUS_RD RBBM_STATUS -> 0x00000040 (idle, 64 free)
[008241] MMIO_RD size=4 addr=0x1720 (WAIT_UNTIL)
[008242] MMIO_RD size=4 addr=0x0e40 (RBBM_STATUS)
[008243] STATUS_RD RBBM_STATUS -> 0x00000040 (idle, 64 free)
[008244] MMIO_RD size=4 addr=0x1720 (WAIT_UNTIL)
[008245] MMIO_RD size=4 addr=0x0e40 (RBBM_STATUS)
[008246] STATUS_RD RBBM_STATUS -> 0x00000040 (idle, 64 free)
[008247] MMIO_RD size=4 addr=0x1720 (WAIT_UNTIL)
[008248] MMIO_RD size=4 addr=0x0e40 (RBBM_STATUS)
[008249] STATUS_RD RBBM_STATUS -> 0x00000040 (idle, 64 free)
[008250] MMIO_RD size=4 addr=0x1720 (WAIT_UNTIL)
[008251] MMIO_RD size=4 addr=0x0e40 (RBBM_STATUS)
[008252] STATUS_RD RBBM_STATUS -> 0x00000040 (idle, 64 free)
[008253] MMIO_RD size=4 addr=0x1720 (WAIT_UNTIL)
[008254] MMIO_RD size=4 addr=0x0e40 (RBBM_STATUS)
[008255] STATUS_RD RBBM_STATUS -> 0x00000040 (idle, 64 free)
[008256] MMIO_RD size=4 addr=0x1720 (WAIT_UNTIL)
[008257] MMIO_RD size=4 addr=0x0e40 (RBBM_STATUS)
[008258] STATUS_RD RBBM_STATUS -> 0x00000040 (idle, 64 free)
[008259] MMIO_RD size=4 addr=0x1720 (WAIT_UNTIL)
[008260] MMIO_RD size=4 addr=0x0e40 (RBBM_STATUS)
[008261] STATUS_RD RBBM_STATUS -> 0x00000040 (idle, 64 free)
[008262] MMIO_RD size=4 addr=0x1720 (WAIT_UNTIL)
[008263] MMIO_RD size=4 addr=0x0e40 (RBBM_STATUS)
[008264] STATUS_RD RBBM_STATUS -> 0x00000040 (idle, 64 free)
[008265] MMIO_RD size=4 addr=0x1720 (WAIT_UNTIL)
[008266] MMIO_RD size=4 addr=0x0e40 (RBBM_STATUS)
[008267] STATUS_RD RBBM_STATUS -> 0x00000040 (idle, 64 free)
[008268] MMIO_RD size=4 addr=0x1720 (WAIT_UNTIL)
[008269] MMIO_RD size=4 addr=0x0e40 (RBBM_STATUS)
[008270] STATUS_RD RBBM_STATUS -> 0x00000040 (idle, 64 free)
[008271] MMIO_RD size=4 addr=0x1720 (WAIT_UNTIL)
[008272] MMIO_RD size=4 addr=0x0e40 (RBBM_STATUS)
[008273] STATUS_RD RBBM_STATUS -> 0x00000040 (idle, 64 free)
[008274] MMIO_RD size=4 addr=0x1720 (WAIT_UNTIL)
[008275] MMIO_RD size=4 addr=0x0e40 (RBBM_STATUS)
[008276] STATUS_RD RBBM_STATUS -> 0x00000040 (idle, 64 free)
[008277] MMIO_RD size=4 addr=0x1720 (WAIT_UNTIL)
[008278] MMIO_RD size=4 addr=0x0e40 (RBBM_STATUS)
[008279] STATUS_RD RBBM_STATUS -> 0x00000040 (idle, 64 free)
[008280] MMIO_RD size=4 addr=0x1720 (WAIT_UNTIL)
[008281] MMIO_RD size=4 addr=0x0e40 (RBBM_STATUS)
[008282] STATUS_RD RBBM_STATUS -> 0x00000040 (idle, 64 free)
[008283] MMIO_RD size=4 addr=0x1720 (WAIT_UNTIL)
[008284] MMIO_RD size=4 addr=0x0e40 (RBBM_STATUS)
[008285] STATUS_RD RBBM_STATUS -> 0x00000040 (idle, 64 free)
[008286] MMIO_RD size=4 addr=0x1720 (WAIT_UNTIL)
[008287] MMIO_RD size=4 addr=0x0e40 (RBBM_STATUS)
[008288] STATUS_RD RBBM_STATUS -> 0x00000040 (idle, 64 free)
[008289] MMIO_RD size=4 addr=0x1720 (WAIT_UNTIL)
[008290] MMIO_RD size=4 addr=0x0e40 (RBBM_STATUS)
[008291] STATUS_RD RBBM_STATUS -> 0x00000040 (idle, 64 free)
[008292] MMIO_RD size=4 addr=0x1720 (WAIT_UNTIL)
[008293] MMIO_RD size=4 addr=0x0e40 (RBBM_STATUS)
[008294] STATUS_RD RBBM_STATUS -> 0x00000040 (idle, 64 free)
[008295] MMIO_RD size=4 addr=0x1720 (WAIT_UNTIL)
[008296] MMIO_RD size=4 addr=0x0e40 (RBBM_STATUS)
[008297] STATUS_RD RBBM_STATUS -> 0x00000040 (idle, 64 free)
[008298] MMIO_RD size=4 addr=0x1720 (WAIT_UNTIL)
[008299] MMIO_RD size=4 addr=0x0e40 (RBBM_STATUS)
[008300] STATUS_RD RBBM_STATUS -> 0x00000040 (idle, 64 free)
[008301] MMIO_RD size=4 addr=0x1720 (WAIT_UNTIL)
[008302] MMIO_RD size=4 addr=0x0e40 (RBBM_STATUS)
[008303] STATUS_RD RBBM_STATUS -> 0x00000040 (idle, 64 free)
[008304] MMIO_RD size=4 addr=0x1720 (WAIT_UNTIL)
[008305] MMIO_RD size=4 addr=0x0e40 (RBBM_STATUS)
[008306] STATUS_RD RBBM_STATUS -> 0x00000040 (idle, 64 free)
[008307] MMIO_RD size=4 addr=0x1720 (WAIT_UNTIL)
[008308] MMIO_RD size=4 addr=0x0e40 (RBBM_STATUS)
[008309] STATUS_RD RBBM_STATUS -> 0x00000040 (idle, 64 free)
[008310] MMIO_RD size=4 addr=0x1720 (WAIT_UNTIL)
[008311] MMIO_RD size=4 addr=0x0e40 (RBBM_STATUS)
[008312] STATUS_RD RBBM_STATUS -> 0x00000040 (idle, 64 free)
[008313] MMIO_RD size=4 addr=0x1720 (WAIT_UNTIL)
[008314] MMIO_RD size=4 addr=0x0e40 (RBBM_STATUS)
[008315] STATUS_RD RBBM_STATUS -> 0x00000040 (idle, 64 free)
[008316] MMIO_RD size=4 addr=0x1720 (WAIT_UNTIL)
[008317] MMIO_RD size=4 addr=0x0e40 (RBBM_STATUS)
[008318] STATUS_RD RBBM_STATUS -> 0x00000040 (idle, 64 free)
[008319] MMIO_RD size=4 addr=0x1720 (WAIT_UNTIL)
[008320] MMIO_RD size=4 addr=0x0e40 (RBBM_STATUS)
[008321] STATUS_RD RBBM_STATUS -> 0x00000040 (idle, 64 free)
[008322] MMIO_RD size=4 addr=0x1720 (WAIT_UNTIL)
[008323] MMIO_RD size=4 addr=0x0e40 (RBBM_STATUS)
[008324] STATUS_RD RBBM_STATUS -> 0x00000040 (idle, 64 free)
[008325] MMIO_RD size=4 addr=0x1720 (WAIT_UNTIL)
[008326] MMIO_RD size=4 addr=0x0e40 (RBBM_STATUS)
[008327] STATUS_RD RBBM_STATUS -> 0x00000040 (idle, 64 free)
[008328] MMIO_RD size=4 addr=0x1720 (WAIT_UNTIL)
[008329] MMIO_RD size=4 addr=0x0e40 (RBBM_STATUS)
[008330] STATUS_RD RBBM_STATUS -> 0x00000040 (idle, 64 free)
[008331] MMIO_RD size=4 addr=0x1720 (WAIT_UNTIL)
[008332] MMIO_RD size=4 addr=0x0e40 (RBBM_STATUS)
[008333] STATUS_RD RBBM_STATUS -> 0x00000040 (idle, 64 free)
[008334] MMIO_RD size=4 addr=0x1720 (WAIT_UNTIL)
[008335] MMIO_RD size=4 addr=0x0e40 (RBBM_STATUS)
[008336] STATUS_RD RBBM_STATUS -> 0x00000040 (idle, 64 free)
[008337] MMIO_RD size=4 addr=0x1720 (WAIT_UNTIL)
[008338] MMIO_RD size=4 addr=0x0e40 (RBBM_STATUS)
[008339] STATUS_RD RBBM_STATUS -> 0x00000040 (idle, 64 free)
[008340] MMIO_RD size=4 addr=0x1720 (WAIT_UNTIL)
[008341] MMIO_RD size=4 addr=0x0e40 (RBBM_STATUS)
[008342] STATUS_RD RBBM_STATUS -> 0x00000040 (idle, 64 free)
[008343] MMIO_RD size=4 addr=0x1720 (WAIT_UNTIL)
[008344] MMIO_RD size=4 addr=0x0e40 (RBBM_STATUS)
[008345] STATUS_RD RBBM_STATUS -> 0x00000040 (idle, 64 free)
[008346] MMIO_RD size=4 addr=0x1720 (WAIT_UNTIL)
[008347] MMIO_RD size=4 addr=0x0e40 (RBBM_STATUS)
[008348] STATUS_RD RBBM_STATUS -> 0x00000040 (idle, 64 free)
[008349] MMIO_RD size=4 addr=0x1720 (WAIT_UNTIL)
[008350] MMIO_RD size=4 addr=0x0e40 (RBBM_STATUS)
[008351] STATUS_RD RBBM_STATUS -> 0x00000040 (idle, 64 free)
[008352] MMIO_RD size=4 addr=0x1720 (WAIT_UNTIL)
[008353] MMIO_RD size=4 addr=0x0e40 (RBBM_STATUS)
[008354] STATUS_RD RBBM_STATUS -> 0x00000040 (idle, 64 free)
[008355] MMIO_RD size=4 addr=0x1720 (WAIT_UNTIL)
[008356] MMIO_RD size=4 addr=0x0e40 (RBBM_STATUS)
[008357] STATUS_RD RBBM_STATUS -> 0x00000040 (idle, 64 free)
[008358] MMIO_RD size=4 addr=0x1720 (WAIT_UNTIL)
[008359] MMIO_RD size=4 addr=0x0e40 (RBBM_STATUS)
[008360] STATUS_RD RBBM_STATUS -> 0x00000040 (idle, 64 free)
[008361] MMIO_RD size=4 addr=0x1720 (WAIT_UNTIL)
[008362] MMIO_RD size=4 addr=0x0e40 (RBBM_STATUS)
[008363] STATUS_RD RBBM_STATUS -> 0x00000040 (idle, 64 free)
[008364] MMIO_RD size=4 addr=0x1720 (WAIT_UNTIL)
[008365] MMIO_RD size=4 addr=0x0e40 (RBBM_STATUS)
[008366] STATUS_RD RBBM_STATUS -> 0x00000040 (idle, 64 free)
[008367] MMIO_RD size=4 addr=0x1720 (WAIT_UNTIL)
[008368] MMIO_RD size=4 addr=0x0e40 (RBBM_STATUS)
[008369] STATUS_RD RBBM_STATUS -> 0x00000040 (idle, 64 free)
[008370] MMIO_RD size=4 addr=0x1720 (WAIT_UNTIL)
[008371] MMIO_RD size=4 addr=0x0e40 (RBBM_STATUS)
[008372] STATUS_RD RBBM_STATUS -> 0x00000040 (idle, 64 free)
[008373] MMIO_RD size=4 addr=0x1720 (WAIT_UNTIL)
[008374] MMIO_RD size=4 addr=0x0e40 (RBBM_STATUS)
[008375] STATUS_RD RBBM_STATUS -> 0x00000040 (idle, 64 free)
[008376] MMIO_RD size=4 addr=0x1720 (WAIT_UNTIL)
[008377] MMIO_RD size=4 addr=0x0e40 (RBBM_STATUS)
[008378] STATUS_RD RBBM_STATUS -> 0x00000040 (idle, 64 free)
[008379] MMIO_RD size=4 addr=0x1720 (WAIT_UNTIL)
[008380] MMIO_RD size=4 addr=0x0e40 (RBBM_STATUS)
[008381] STATUS_RD RBBM_STATUS -> 0x00000040 (idle, 64 free)
[008382] MMIO_RD size=4 addr=0x1720 (WAIT_UNTIL)
[008383] MMIO_RD size=4 addr=0x0e40 (RBBM_STATUS)
[008384] STATUS_RD RBBM_STATUS -> 0x00000040 (idle, 64 free)
[008385] MMIO_RD size=4 addr=0x1720 (WAIT_UNTIL)
[008386] MMIO_RD size=4 addr=0x0e40 (RBBM_STATUS)
[008387] STATUS_RD RBBM_STATUS -> 0x00000040 (idle, 64 free)
[008388] MMIO_RD size=4 addr=0x1720 (WAIT_UNTIL)
[008389] MMIO_RD size=4 addr=0x0e40 (RBBM_STATUS)
[008390] STATUS_RD RBBM_STATUS -> 0x00000040 (idle, 64 free)
[008391] MMIO_RD size=4 addr=0x1720 (WAIT_UNTIL)
[008392] MMIO_RD size=4 addr=0x0e40 (RBBM_STATUS)
[008393] STATUS_RD RBBM_STATUS -> 0x00000040 (idle, 64 free)
[008394] MMIO_RD size=4 addr=0x1720 (WAIT_UNTIL)
[008395] MMIO_RD size=4 addr=0x0e40 (RBBM_STATUS)
[008396] STATUS_RD RBBM_STATUS -> 0x00000040 (idle, 64 free)
[008397] MMIO_RD size=4 addr=0x1720 (WAIT_UNTIL)
[008398] MMIO_RD size=4 addr=0x0e40 (RBBM_STATUS)
[008399] STATUS_RD RBBM_STATUS -> 0x00000040 (idle, 64 free)
[008400] MMIO_RD size=4 addr=0x1720 (WAIT_UNTIL)
[008401] MMIO_RD size=4 addr=0x0e40 (RBBM_STATUS)
[008402] STATUS_RD RBBM_STATUS -> 0x00000040 (idle, 64 free)
[008403] MMIO_RD size=4 addr=0x1720 (WAIT_UNTIL)
[008404] MMIO_RD size=4 addr=0x0e40 (RBBM_STATUS)
[008405] STATUS_RD RBBM_STATUS -> 0x00000040 (idle, 64 free)
[008406] MMIO_RD size=4 addr=0x1720 (WAIT_UNTIL)
[008407] MMIO_RD size=4 addr=0x0e40 (RBBM_STATUS)
[008408] STATUS_RD RBBM_STATUS -> 0x00000040 (idle, 64 free)
[008409] MMIO_RD size=4 addr=0x1720 (WAIT_UNTIL)
[008410] MMIO_RD size=4 addr=0x0e40 (RBBM_STATUS)
[008411] STATUS_RD RBBM_STATUS -> 0x00000040 (idle, 64 free)
[008412] MMIO_RD size=4 addr=0x1720 (WAIT_UNTIL)
[008413] MMIO_RD size=4 addr=0x0e40 (RBBM_STATUS)
[008414] STATUS_RD RBBM_STATUS -> 0x00000040 (idle, 64 free)
[008415] MMIO_RD size=4 addr=0x1720 (WAIT_UNTIL)
[008416] MMIO_RD size=4 addr=0x0e40 (RBBM_STATUS)
[008417] STATUS_RD RBBM_STATUS -> 0x00000040 (idle, 64 free)
[008418] MMIO_RD size=4 addr=0x1720 (WAIT_UNTIL)
[008419] MMIO_RD size=4 addr=0x0e40 (RBBM_STATUS)
[008420] STATUS_RD RBBM_STATUS -> 0x00000040 (idle, 64 free)
[008421] MMIO_RD size=4 addr=0x1720 (WAIT_UNTIL)
[008422] MMIO_RD size=4 addr=0x0e40 (RBBM_STATUS)
[008423] STATUS_RD RBBM_STATUS -> 0x00000040 (idle, 64 free)
[008424] MMIO_RD size=4 addr=0x1720 (WAIT_UNTIL)
[008425] MMIO_RD size=4 addr=0x0e40 (RBBM_STATUS)
[008426] STATUS_RD RBBM_STATUS -> 0x00000040 (idle, 64 free)
[008427] MMIO_RD size=4 addr=0x1720 (WAIT_UNTIL)
[008428] MMIO_RD size=4 addr=0x0e40 (RBBM_STATUS)
[008429] STATUS_RD RBBM_STATUS -> 0x00000040 (idle, 64 free)
[008430] MMIO_RD size=4 addr=0x1720 (WAIT_UNTIL)
[008431] MMIO_RD size=4 addr=0x0e40 (RBBM_STATUS)
[008432] STATUS_RD RBBM_STATUS -> 0x00000040 (idle, 64 free)
[008433] MMIO_RD size=4 addr=0x1720 (WAIT_UNTIL)
[008434] MMIO_RD size=4 addr=0x0e40 (RBBM_STATUS)
[008435] STATUS_RD RBBM_STATUS -> 0x00000040 (idle, 64 free)
[008436] MMIO_RD size=4 addr=0x1720 (WAIT_UNTIL)
[008437] MMIO_RD size=4 addr=0x0e40 (RBBM_STATUS)
[008438] STATUS_RD RBBM_STATUS -> 0x00000040 (idle, 64 free)
[008439] MMIO_RD size=4 addr=0x1720 (WAIT_UNTIL)
[008440] MMIO_RD size=4 addr=0x0e40 (RBBM_STATUS)
[008441] STATUS_RD RBBM_STATUS -> 0x00000040 (idle, 64 free)
[008442] MMIO_RD size=4 addr=0x1720 (WAIT_UNTIL)
[008443] MMIO_RD size=4 addr=0x0e40 (RBBM_STATUS)
[008444] STATUS_RD RBBM_STATUS -> 0x00000040 (idle, 64 free)
[008445] MMIO_RD size=4 addr=0x1720 (WAIT_UNTIL)
[008446] MMIO_RD size=4 addr=0x0e40 (RBBM_STATUS)
[008447] STATUS_RD RBBM_STATUS -> 0x00000040 (idle, 64 free)
[008448] MMIO_RD size=4 addr=0x1720 (WAIT_UNTIL)
[008449] MMIO_RD size=4 addr=0x0e40 (RBBM_STATUS)
[008450] STATUS_RD RBBM_STATUS -> 0x00000040 (idle, 64 free)
[008451] MMIO_RD size=4 addr=0x1720 (WAIT_UNTIL)
[008452] MMIO_RD size=4 addr=0x0e40 (RBBM_STATUS)
[008453] STATUS_RD RBBM_STATUS -> 0x00000040 (idle, 64 free)
[008454] MMIO_RD size=4 addr=0x1720 (WAIT_UNTIL)
[008455] MMIO_RD size=4 addr=0x0e40 (RBBM_STATUS)
[008456] STATUS_RD RBBM_STATUS -> 0x00000040 (idle, 64 free)
[008457] MMIO_RD size=4 addr=0x1720 (WAIT_UNTIL)
[008458] MMIO_RD size=4 addr=0x0e40 (RBBM_STATUS)
[008459] STATUS_RD RBBM_STATUS -> 0x00000040 (idle, 64 free)
[008460] MMIO_RD size=4 addr=0x1720 (WAIT_UNTIL)
[008461] MMIO_RD size=4 addr=0x0e40 (RBBM_STATUS)
[008462] STATUS_RD RBBM_STATUS -> 0x00000040 (idle, 64 free)
[008463] MMIO_RD size=4 addr=0x1720 (WAIT_UNTIL)
[008464] MMIO_RD size=4 addr=0x0e40 (RBBM_STATUS)
[008465] STATUS_RD RBBM_STATUS -> 0x00000040 (idle, 64 free)
[008466] MMIO_RD size=4 addr=0x1720 (WAIT_UNTIL)
[008467] MMIO_RD size=4 addr=0x0e40 (RBBM_STATUS)
[008468] STATUS_RD RBBM_STATUS -> 0x00000040 (idle, 64 free)
[008469] MMIO_RD size=4 addr=0x1720 (WAIT_UNTIL)
[008470] MMIO_RD size=4 addr=0x0e40 (RBBM_STATUS)
[008471] STATUS_RD RBBM_STATUS -> 0x00000040 (idle, 64 free)
[008472] MMIO_RD size=4 addr=0x1720 (WAIT_UNTIL)
[008473] MMIO_RD size=4 addr=0x0e40 (RBBM_STATUS)
[008474] STATUS_RD RBBM_STATUS -> 0x00000040 (idle, 64 free)
[008475] MMIO_RD size=4 addr=0x1720 (WAIT_UNTIL)
[008476] MMIO_RD size=4 addr=0x0e40 (RBBM_STATUS)
[008477] STATUS_RD RBBM_STATUS -> 0x00000040 (idle, 64 free)
[008478] MMIO_RD size=4 addr=0x1720 (WAIT_UNTIL)
[008479] MMIO_RD size=4 addr=0x0e40 (RBBM_STATUS)
[008480] STATUS_RD RBBM_STATUS -> 0x00000040 (idle, 64 free)
[008481] MMIO_RD size=4 addr=0x1720 (WAIT_UNTIL)
[008482] MMIO_RD size=4 addr=0x0e40 (RBBM_STATUS)
[008483] STATUS_RD RBBM_STATUS -> 0x00000040 (idle, 64 free)
[008484] MMIO_RD size=4 addr=0x1720 (WAIT_UNTIL)
[008485] MMIO_RD size=4 addr=0x0e40 (RBBM_STATUS)
[008486] STATUS_RD RBBM_STATUS -> 0x00000040 (idle, 64 free)
[008487] MMIO_RD size=4 addr=0x1720 (WAIT_UNTIL)
[008488] MMIO_RD size=4 addr=0x0e40 (RBBM_STATUS)
[008489] STATUS_RD RBBM_STATUS -> 0x00000040 (idle, 64 free)
[008490] MMIO_RD size=4 addr=0x1720 (WAIT_UNTIL)
[008491] MMIO_RD size=4 addr=0x0e40 (RBBM_STATUS)
[008492] STATUS_RD RBBM_STATUS -> 0x00000040 (idle, 64 free)
[008493] MMIO_RD size=4 addr=0x1720 (WAIT_UNTIL)
[008494] MMIO_RD size=4 addr=0x0e40 (RBBM_STATUS)
[008495] STATUS_RD RBBM_STATUS -> 0x00000040 (idle, 64 free)
[008496] MMIO_RD size=4 addr=0x1720 (WAIT_UNTIL)
[008497] MMIO_RD size=4 addr=0x0e40 (RBBM_STATUS)
[008498] STATUS_RD RBBM_STATUS -> 0x00000040 (idle, 64 free)
[008499] MMIO_RD size=4 addr=0x1720 (WAIT_UNTIL)
[008500] MMIO_RD size=4 addr=0x0e40 (RBBM_STATUS)
[008501] STATUS_RD RBBM_STATUS -> 0x00000040 (idle, 64 free)
[008502] MMIO_RD size=4 addr=0x1720 (WAIT_UNTIL)
[008503] MMIO_RD size=4 addr=0x0e40 (RBBM_STATUS)
[008504] STATUS_RD RBBM_STATUS -> 0x00000040 (idle, 64 free)
[008505] MMIO_RD size=4 addr=0x1720 (WAIT_UNTIL)
[008506] MMIO_RD size=4 addr=0x0e40 (RBBM_STATUS)
[008507] STATUS_RD RBBM_STATUS -> 0x00000040 (idle, 64 free)
[008508] MMIO_RD size=4 addr=0x1720 (WAIT_UNTIL)
[008509] MMIO_RD size=4 addr=0x0e40 (RBBM_STATUS)
[008510] STATUS_RD RBBM_STATUS -> 0x00000040 (idle, 64 free)
[008511] MMIO_RD size=4 addr=0x1720 (WAIT_UNTIL)
[008512] MMIO_RD size=4 addr=0x0e40 (RBBM_STATUS)
[008513] STATUS_RD RBBM_STATUS -> 0x00000040 (idle, 64 free)
[008514] MMIO_RD size=4 addr=0x1720 (WAIT_UNTIL)
[008515] MMIO_RD size=4 addr=0x0e40 (RBBM_STATUS)
[008516] STATUS_RD RBBM_STATUS -> 0x00000040 (idle, 64 free)
[008517] MMIO_RD size=4 addr=0x1720 (WAIT_UNTIL)
[008518] MMIO_RD size=4 addr=0x0e40 (RBBM_STATUS)
[008519] STATUS_RD RBBM_STATUS -> 0x00000040 (idle, 64 free)
[008520] MMIO_RD size=4 addr=0x1720 (WAIT_UNTIL)
[008521] MMIO_RD size=4 addr=0x0e40 (RBBM_STATUS)
[008522] STATUS_RD RBBM_STATUS -> 0x00000040 (idle, 64 free)
[008523] MMIO_RD size=4 addr=0x1720 (WAIT_UNTIL)
[008524] MMIO_RD size=4 addr=0x0e40 (RBBM_STATUS)
[008525] STATUS_RD RBBM_STATUS -> 0x00000040 (idle, 64 free)
[008526] MMIO_RD size=4 addr=0x1720 (WAIT_UNTIL)
[008527] MMIO_RD size=4 addr=0x0e40 (RBBM_STATUS)
[008528] STATUS_RD RBBM_STATUS -> 0x00000040 (idle, 64 free)
[008529] MMIO_RD size=4 addr=0x1720 (WAIT_UNTIL)
[008530] MMIO_RD size=4 addr=0x0e40 (RBBM_STATUS)
[008531] STATUS_RD RBBM_STATUS -> 0x00000040 (idle, 64 free)
[008532] MMIO_RD size=4 addr=0x1720 (WAIT_UNTIL)
[008533] MMIO_RD size=4 addr=0x0e40 (RBBM_STATUS)
[008534] STATUS_RD RBBM_STATUS -> 0x00000040 (idle, 64 free)
[008535] MMIO_RD size=4 addr=0x1720 (WAIT_UNTIL)
[008536] MMIO_RD size=4 addr=0x0e40 (RBBM_STATUS)
[008537] STATUS_RD RBBM_STATUS -> 0x00000040 (idle, 64 free)
[008538] MMIO_RD size=4 addr=0x1720 (WAIT_UNTIL)
[008539] MMIO_RD size=4 addr=0x0e40 (RBBM_STATUS)
[008540] STATUS_RD RBBM_STATUS -> 0x00000040 (idle, 64 free)
[008541] MMIO_RD size=4 addr=0x1720 (WAIT_UNTIL)
[008542] MMIO_RD size=4 addr=0x0e40 (RBBM_STATUS)
[008543] STATUS_RD RBBM_STATUS -> 0x00000040 (idle, 64 free)
[008544] MMIO_RD size=4 addr=0x1720 (WAIT_UNTIL)
[008545] MMIO_RD size=4 addr=0x0e40 (RBBM_STATUS)
[008546] STATUS_RD RBBM_STATUS -> 0x00000040 (idle, 64 free)
[008547] MMIO_RD size=4 addr=0x1720 (WAIT_UNTIL)
[008548] MMIO_RD size=4 addr=0x0e40 (RBBM_STATUS)
[008549] STATUS_RD RBBM_STATUS -> 0x00000040 (idle, 64 free)
[008550] MMIO_RD size=4 addr=0x1720 (WAIT_UNTIL)
[008551] MMIO_RD size=4 addr=0x0e40 (RBBM_STATUS)
[008552] STATUS_RD RBBM_STATUS -> 0x00000040 (idle, 64 free)
[008553] MMIO_RD size=4 addr=0x1720 (WAIT_UNTIL)
[008554] MMIO_RD size=4 addr=0x0e40 (RBBM_STATUS)
[008555] STATUS_RD RBBM_STATUS -> 0x00000040 (idle, 64 free)
[008556] MMIO_RD size=4 addr=0x1720 (WAIT_UNTIL)
[008557] MMIO_RD size=4 addr=0x0e40 (RBBM_STATUS)
[008558] STATUS_RD RBBM_STATUS -> 0x00000040 (idle, 64 free)
[008559] MMIO_RD size=4 addr=0x1720 (WAIT_UNTIL)
[008560] MMIO_RD size=4 addr=0x0e40 (RBBM_STATUS)
[008561] STATUS_RD RBBM_STATUS -> 0x00000040 (idle, 64 free)
[008562] MMIO_RD size=4 addr=0x1720 (WAIT_UNTIL)
[008563] MMIO_RD size=4 addr=0x0e40 (RBBM_STATUS)
[008564] STATUS_RD RBBM_STATUS -> 0x00000040 (idle, 64 free)
[008565] MMIO_RD size=4 addr=0x1720 (WAIT_UNTIL)
[008566] MMIO_RD size=4 addr=0x0e40 (RBBM_STATUS)
[008567] STATUS_RD RBBM_STATUS -> 0x00000040 (idle, 64 free)
[008568] MMIO_RD size=4 addr=0x1720 (WAIT_UNTIL)
[008569] MMIO_RD size=4 addr=0x0e40 (RBBM_STATUS)
[008570] STATUS_RD RBBM_STATUS -> 0x00000040 (idle, 64 free)
[008571] MMIO_RD size=4 addr=0x1720 (WAIT_UNTIL)
[008572] MMIO_RD size=4 addr=0x0e40 (RBBM_STATUS)
[008573] STATUS_RD RBBM_STATUS -> 0x00000040 (idle, 64 free)
[008574] MMIO_RD size=4 addr=0x1720 (WAIT_UNTIL)
[008575] MMIO_RD size=4 addr=0x0e40 (RBBM_STATUS)
[008576] STATUS_RD RBBM_STATUS -> 0x00000040 (idle, 64 free)
[008577] MMIO_RD size=4 addr=0x1720 (WAIT_UNTIL)
[008578] MMIO_RD size=4 addr=0x0e40 (RBBM_STATUS)
[008579] STATUS_RD RBBM_STATUS -> 0x00000040 (idle, 64 free)
[008580] MMIO_RD size=4 addr=0x1720 (WAIT_UNTIL)
[008581] MMIO_RD size=4 addr=0x0e40 (RBBM_STATUS)
[008582] STATUS_RD RBBM_STATUS -> 0x00000040 (idle, 64 free)
[008583] MMIO_RD size=4 addr=0x1720 (WAIT_UNTIL)
[008584] MMIO_RD size=4 addr=0x0e40 (RBBM_STATUS)
[008585] STATUS_RD RBBM_STATUS -> 0x00000040 (idle, 64 free)
[008586] MMIO_RD size=4 addr=0x1720 (WAIT_UNTIL)
[008587] MMIO_RD size=4 addr=0x0e40 (RBBM_STATUS)
[008588] STATUS_RD RBBM_STATUS -> 0x00000040 (idle, 64 free)
[008589] MMIO_RD size=4 addr=0x1720 (WAIT_UNTIL)
[008590] MMIO_RD size=4 addr=0x0e40 (RBBM_STATUS)
[008591] STATUS_RD RBBM_STATUS -> 0x00000040 (idle, 64 free)
[008592] MMIO_RD size=4 addr=0x1720 (WAIT_UNTIL)
[008593] MMIO_RD size=4 addr=0x0e40 (RBBM_STATUS)
[008594] STATUS_RD RBBM_STATUS -> 0x00000040 (idle, 64 free)
[008595] MMIO_RD size=4 addr=0x1720 (WAIT_UNTIL)
[008596] MMIO_RD size=4 addr=0x0e40 (RBBM_STATUS)
[008597] STATUS_RD RBBM_STATUS -> 0x00000040 (idle, 64 free)
[008598] MMIO_RD size=4 addr=0x1720 (WAIT_UNTIL)
[008599] MMIO_RD size=4 addr=0x0e40 (RBBM_STATUS)
[008600] STATUS_RD RBBM_STATUS -> 0x00000040 (idle, 64 free)
[008601] MMIO_RD size=4 addr=0x1720 (WAIT_UNTIL)
[008602] MMIO_RD size=4 addr=0x0e40 (RBBM_STATUS)
[008603] STATUS_RD RBBM_STATUS -> 0x00000040 (idle, 64 free)
[008604] MMIO_RD size=4 addr=0x1720 (WAIT_UNTIL)
[008605] MMIO_RD size=4 addr=0x0e40 (RBBM_STATUS)
[008606] STATUS_RD RBBM_STATUS -> 0x00000040 (idle, 64 free)
[008607] MMIO_RD size=4 addr=0x1720 (WAIT_UNTIL)
[008608] MMIO_RD size=4 addr=0x0e40 (RBBM_STATUS)
[008609] STATUS_RD RBBM_STATUS -> 0x00000040 (idle, 64 free)
[008610] MMIO_RD size=4 addr=0x1720 (WAIT_UNTIL)
[008611] MMIO_RD size=4 addr=0x0e40 (RBBM_STATUS)
[008612] STATUS_RD RBBM_STATUS -> 0x00000040 (idle, 64 free)
[008613] MMIO_RD size=4 addr=0x1720 (WAIT_UNTIL)
[008614] MMIO_RD size=4 addr=0x0e40 (RBBM_STATUS)
[008615] STATUS_RD RBBM_STATUS -> 0x00000040 (idle, 64 free)
[008616] MMIO_RD size=4 addr=0x1720 (WAIT_UNTIL)
[008617] MMIO_RD size=4 addr=0x0e40 (RBBM_STATUS)
[008618] STATUS_RD RBBM_STATUS -> 0x00000040 (idle, 64 free)
[008619] MMIO_RD size=4 addr=0x1720 (WAIT_UNTIL)
[008620] MMIO_RD size=4 addr=0x0e40 (RBBM_STATUS)
[008621] STATUS_RD RBBM_STATUS -> 0x00000040 (idle, 64 free)
[008622] MMIO_RD size=4 addr=0x1720 (WAIT_UNTIL)
[008623] MMIO_RD size=4 addr=0x0e40 (RBBM_STATUS)
[008624] STATUS_RD RBBM_STATUS -> 0x00000040 (idle, 64 free)
[008625] MMIO_RD size=4 addr=0x1720 (WAIT_UNTIL)
[008626] MMIO_RD size=4 addr=0x0e40 (RBBM_STATUS)
[008627] STATUS_RD RBBM_STATUS -> 0x00000040 (idle, 64 free)
[008628] MMIO_RD size=4 addr=0x1720 (WAIT_UNTIL)
[008629] MMIO_RD size=4 addr=0x0e40 (RBBM_STATUS)
[008630] STATUS_RD RBBM_STATUS -> 0x00000040 (idle, 64 free)
[008631] MMIO_RD size=4 addr=0x1720 (WAIT_UNTIL)
[008632] MMIO_RD size=4 addr=0x0e40 (RBBM_STATUS)
[008633] STATUS_RD RBBM_STATUS -> 0x00000040 (idle, 64 free)
[008634] MMIO_RD size=4 addr=0x1720 (WAIT_UNTIL)
[008635] MMIO_RD size=4 addr=0x0e40 (RBBM_STATUS)
[008636] STATUS_RD RBBM_STATUS -> 0x00000040 (idle, 64 free)
[008637] MMIO_RD size=4 addr=0x1720 (WAIT_UNTIL)
[008638] MMIO_RD size=4 addr=0x0e40 (RBBM_STATUS)
[008639] STATUS_RD RBBM_STATUS -> 0x00000040 (idle, 64 free)
[008640] MMIO_RD size=4 addr=0x1720 (WAIT_UNTIL)
[008641] MMIO_RD size=4 addr=0x0e40 (RBBM_STATUS)
[008642] STATUS_RD RBBM_STATUS -> 0x00000040 (idle, 64 free)
[008643] MMIO_RD size=4 addr=0x1720 (WAIT_UNTIL)
[008644] MMIO_RD size=4 addr=0x0e40 (RBBM_STATUS)
[008645] STATUS_RD RBBM_STATUS -> 0x00000040 (idle, 64 free)
[008646] MMIO_RD size=4 addr=0x1720 (WAIT_UNTIL)
[008647] MMIO_RD size=4 addr=0x0e40 (RBBM_STATUS)
[008648] STATUS_RD RBBM_STATUS -> 0x00000040 (idle, 64 free)
[008649] MMIO_RD size=4 addr=0x1720 (WAIT_UNTIL)
[008650] MMIO_RD size=4 addr=0x0e40 (RBBM_STATUS)
[008651] STATUS_RD RBBM_STATUS -> 0x00000040 (idle, 64 free)
[008652] MMIO_RD size=4 addr=0x1720 (WAIT_UNTIL)
[008653] MMIO_RD size=4 addr=0x0e40 (RBBM_STATUS)
[008654] STATUS_RD RBBM_STATUS -> 0x00000040 (idle, 64 free)
[008655] MMIO_RD size=4 addr=0x1720 (WAIT_UNTIL)
[008656] MMIO_RD size=4 addr=0x0e40 (RBBM_STATUS)
[008657] STATUS_RD RBBM_STATUS -> 0x00000040 (idle, 64 free)
[008658] MMIO_RD size=4 addr=0x1720 (WAIT_UNTIL)
[008659] MMIO_RD size=4 addr=0x0e40 (RBBM_STATUS)
[008660] STATUS_RD RBBM_STATUS -> 0x00000040 (idle, 64 free)
[008661] MMIO_RD size=4 addr=0x1720 (WAIT_UNTIL)
[008662] MMIO_RD size=4 addr=0x0e40 (RBBM_STATUS)
[008663] STATUS_RD RBBM_STATUS -> 0x00000040 (idle, 64 free)
[008664] MMIO_RD size=4 addr=0x1720 (WAIT_UNTIL)
[008665] MMIO_RD size=4 addr=0x0e40 (RBBM_STATUS)
[008666] STATUS_RD RBBM_STATUS -> 0x00000040 (idle, 64 free)
[008667] MMIO_RD size=4 addr=0x1720 (WAIT_UNTIL)
[008668] MMIO_RD size=4 addr=0x0e40 (RBBM_STATUS)
[008669] STATUS_RD RBBM_STATUS -> 0x00000040 (idle, 64 free)
[008670] MMIO_RD size=4 addr=0x1720 (WAIT_UNTIL)
[008671] MMIO_RD size=4 addr=0x0e40 (RBBM_STATUS)
[008672] STATUS_RD RBBM_STATUS -> 0x00000040 (idle, 64 free)
[008673] MMIO_RD size=4 addr=0x1720 (WAIT_UNTIL)
[008674] MMIO_RD size=4 addr=0x0e40 (RBBM_STATUS)
[008675] STATUS_RD RBBM_STATUS -> 0x00000040 (idle, 64 free)
[008676] MMIO_RD size=4 addr=0x1720 (WAIT_UNTIL)
[008677] MMIO_RD size=4 addr=0x0e40 (RBBM_STATUS)
[008678] STATUS_RD RBBM_STATUS -> 0x00000040 (idle, 64 free)
[008679] MMIO_RD size=4 addr=0x1720 (WAIT_UNTIL)
[008680] MMIO_RD size=4 addr=0x0e40 (RBBM_STATUS)
[008681] STATUS_RD RBBM_STATUS -> 0x00000040 (idle, 64 free)
[008682] MMIO_RD size=4 addr=0x1720 (WAIT_UNTIL)
[008683] MMIO_RD size=4 addr=0x0e40 (RBBM_STATUS)
[008684] STATUS_RD RBBM_STATUS -> 0x00000040 (idle, 64 free)
[008685] MMIO_RD size=4 addr=0x1720 (WAIT_UNTIL)
[008686] MMIO_RD size=4 addr=0x0e40 (RBBM_STATUS)
[008687] STATUS_RD RBBM_STATUS -> 0x00000040 (idle, 64 free)
[008688] MMIO_RD size=4 addr=0x1720 (WAIT_UNTIL)
[008689] MMIO_RD size=4 addr=0x0e40 (RBBM_STATUS)
[008690] STATUS_RD RBBM_STATUS -> 0x00000040 (idle, 64 free)
[008691] MMIO_RD size=4 addr=0x1720 (WAIT_UNTIL)
[008692] MMIO_RD size=4 addr=0x0e40 (RBBM_STATUS)
[008693] STATUS_RD RBBM_STATUS -> 0x00000040 (idle, 64 free)
[008694] MMIO_RD size=4 addr=0x1720 (WAIT_UNTIL)
[008695] MMIO_RD size=4 addr=0x0e40 (RBBM_STATUS)
[008696] STATUS_RD RBBM_STATUS -> 0x00000040 (idle, 64 free)
[008697] MMIO_RD size=4 addr=0x1720 (WAIT_UNTIL)
[008698] MMIO_RD size=4 addr=0x0e40 (RBBM_STATUS)
[008699] STATUS_RD RBBM_STATUS -> 0x00000040 (idle, 64 free)
[008700] MMIO_RD size=4 addr=0x1720 (WAIT_UNTIL)
[008701] MMIO_RD size=4 addr=0x0e40 (RBBM_STATUS)
[008702] STATUS_RD RBBM_STATUS -> 0x00000040 (idle, 64 free)
[008703] MMIO_RD size=4 addr=0x1720 (WAIT_UNTIL)
[008704] MMIO_RD size=4 addr=0x0e40 (RBBM_STATUS)
[008705] STATUS_RD RBBM_STATUS -> 0x00000040 (idle, 64 free)
[008706] MMIO_RD size=4 addr=0x1720 (WAIT_UNTIL)
[008707] MMIO_RD size=4 addr=0x0e40 (RBBM_STATUS)
[008708] STATUS_RD RBBM_STATUS -> 0x00000040 (idle, 64 free)
[008709] MMIO_RD size=4 addr=0x1720 (WAIT_UNTIL)
[008710] MMIO_RD size=4 addr=0x0e40 (RBBM_STATUS)
[008711] STATUS_RD RBBM_STATUS -> 0x00000040 (idle, 64 free)
[008712] MMIO_RD size=4 addr=0x1720 (WAIT_UNTIL)
[008713] MMIO_RD size=4 addr=0x0e40 (RBBM_STATUS)
[008714] STATUS_RD RBBM_STATUS -> 0x00000040 (idle, 64 free)
[008715] MMIO_RD size=4 addr=0x1720 (WAIT_UNTIL)
[008716] MMIO_RD size=4 addr=0x0e40 (RBBM_STATUS)
[008717] STATUS_RD RBBM_STATUS -> 0x00000040 (idle, 64 free)
[008718] MMIO_RD size=4 addr=0x1720 (WAIT_UNTIL)
[008719] MMIO_RD size=4 addr=0x0e40 (RBBM_STATUS)
[008720] STATUS_RD RBBM_STATUS -> 0x00000040 (idle, 64 free)
[008721] MMIO_RD size=4 addr=0x1720 (WAIT_UNTIL)
[008722] MMIO_RD size=4 addr=0x0e40 (RBBM_STATUS)
[008723] STATUS_RD RBBM_STATUS -> 0x00000040 (idle, 64 free)
[008724] MMIO_RD size=4 addr=0x1720 (WAIT_UNTIL)
[008725] MMIO_RD size=4 addr=0x0e40 (RBBM_STATUS)
[008726] STATUS_RD RBBM_STATUS -> 0x00000040 (idle, 64 free)
[008727] MMIO_RD size=4 addr=0x1720 (WAIT_UNTIL)
[008728] MMIO_RD size=4 addr=0x0e40 (RBBM_STATUS)
[008729] STATUS_RD RBBM_STATUS -> 0x00000040 (idle, 64 free)
[008730] MMIO_RD size=4 addr=0x1720 (WAIT_UNTIL)
[008731] MMIO_RD size=4 addr=0x0e40 (RBBM_STATUS)
[008732] STATUS_RD RBBM_STATUS -> 0x00000040 (idle, 64 free)
[008733] MMIO_RD size=4 addr=0x1720 (WAIT_UNTIL)
[008734] MMIO_RD size=4 addr=0x0e40 (RBBM_STATUS)
[008735] STATUS_RD RBBM_STATUS -> 0x00000040 (idle, 64 free)
[008736] MMIO_RD size=4 addr=0x1720 (WAIT_UNTIL)
[008737] MMIO_RD size=4 addr=0x0e40 (RBBM_STATUS)
[008738] STATUS_RD RBBM_STATUS -> 0x00000040 (idle, 64 free)
[008739] MMIO_RD size=4 addr=0x1720 (WAIT_UNTIL)
[008740] MMIO_RD size=4 addr=0x0e40 (RBBM_STATUS)
[008741] STATUS_RD RBBM_STATUS -> 0x00000040 (idle, 64 free)
[008742] MMIO_RD size=4 addr=0x1720 (WAIT_UNTIL)
[008743] MMIO_RD size=4 addr=0x0e40 (RBBM_STATUS)
[008744] STATUS_RD RBBM_STATUS -> 0x00000040 (idle, 64 free)
[008745] MMIO_RD size=4 addr=0x1720 (WAIT_UNTIL)
[008746] MMIO_RD size=4 addr=0x0e40 (RBBM_STATUS)
[008747] STATUS_RD RBBM_STATUS -> 0x00000040 (idle, 64 free)
[008748] MMIO_RD size=4 addr=0x1720 (WAIT_UNTIL)
[008749] MMIO_RD size=4 addr=0x0e40 (RBBM_STATUS)
[008750] STATUS_RD RBBM_STATUS -> 0x00000040 (idle, 64 free)
[008751] MMIO_RD size=4 addr=0x1720 (WAIT_UNTIL)
[008752] MMIO_RD size=4 addr=0x0e40 (RBBM_STATUS)
[008753] STATUS_RD RBBM_STATUS -> 0x00000040 (idle, 64 free)
[008754] MMIO_RD size=4 addr=0x1720 (WAIT_UNTIL)
[008755] MMIO_RD size=4 addr=0x0e40 (RBBM_STATUS)
[008756] STATUS_RD RBBM_STATUS -> 0x00000040 (idle, 64 free)
[008757] MMIO_RD size=4 addr=0x1720 (WAIT_UNTIL)
[008758] MMIO_RD size=4 addr=0x0e40 (RBBM_STATUS)
[008759] STATUS_RD RBBM_STATUS -> 0x00000040 (idle, 64 free)
[008760] MMIO_RD size=4 addr=0x1720 (WAIT_UNTIL)
[008761] MMIO_RD size=4 addr=0x0e40 (RBBM_STATUS)
[008762] STATUS_RD RBBM_STATUS -> 0x00000040 (idle, 64 free)
[008763] MMIO_RD size=4 addr=0x1720 (WAIT_UNTIL)
[008764] MMIO_RD size=4 addr=0x0e40 (RBBM_STATUS)
[008765] STATUS_RD RBBM_STATUS -> 0x00000040 (idle, 64 free)
[008766] MMIO_RD size=4 addr=0x1720 (WAIT_UNTIL)
[008767] MMIO_RD size=4 addr=0x0e40 (RBBM_STATUS)
[008768] STATUS_RD RBBM_STATUS -> 0x00000040 (idle, 64 free)
[008769] MMIO_RD size=4 addr=0x1720 (WAIT_UNTIL)
[008770] MMIO_RD size=4 addr=0x0e40 (RBBM_STATUS)
[008771] STATUS_RD RBBM_STATUS -> 0x00000040 (idle, 64 free)
[008772] MMIO_RD size=4 addr=0x1720 (WAIT_UNTIL)
[008773] MMIO_RD size=4 addr=0x0e40 (RBBM_STATUS)
[008774] STATUS_RD RBBM_STATUS -> 0x00000040 (idle, 64 free)
[008775] MMIO_RD size=4 addr=0x1720 (WAIT_UNTIL)
[008776] MMIO_RD size=4 addr=0x0e40 (RBBM_STATUS)
[008777] STATUS_RD RBBM_STATUS -> 0x00000040 (idle, 64 free)
[008778] MMIO_RD size=4 addr=0x1720 (WAIT_UNTIL)
[008779] MMIO_RD size=4 addr=0x0e40 (RBBM_STATUS)
[008780] STATUS_RD RBBM_STATUS -> 0x00000040 (idle, 64 free)
[008781] MMIO_RD size=4 addr=0x1720 (WAIT_UNTIL)
[008782] MMIO_RD size=4 addr=0x0e40 (RBBM_STATUS)
[008783] STATUS_RD RBBM_STATUS -> 0x00000040 (idle, 64 free)
[008784] MMIO_RD size=4 addr=0x1720 (WAIT_UNTIL)
[008785] MMIO_RD size=4 addr=0x0e40 (RBBM_STATUS)
[008786] STATUS_RD RBBM_STATUS -> 0x00000040 (idle, 64 free)
[008787] MMIO_RD size=4 addr=0x1720 (WAIT_UNTIL)
[008788] MMIO_RD size=4 addr=0x0e40 (RBBM_STATUS)
[008789] STATUS_RD RBBM_STATUS -> 0x00000040 (idle, 64 free)
[008790] MMIO_RD size=4 addr=0x1720 (WAIT_UNTIL)
[008791] MMIO_RD size=4 addr=0x0e40 (RBBM_STATUS)
[008792] STATUS_RD RBBM_STATUS -> 0x00000040 (idle, 64 free)
[008793] MMIO_RD size=4 addr=0x1720 (WAIT_UNTIL)
[008794] MMIO_RD size=4 addr=0x0e40 (RBBM_STATUS)
[008795] STATUS_RD RBBM_STATUS -> 0x00000040 (idle, 64 free)
[008796] MMIO_RD size=4 addr=0x1720 (WAIT_UNTIL)
[008797] MMIO_RD size=4 addr=0x0e40 (RBBM_STATUS)
[008798] STATUS_RD RBBM_STATUS -> 0x00000040 (idle, 64 free)
[008799] MMIO_RD size=4 addr=0x1720 (WAIT_UNTIL)
[008800] MMIO_RD size=4 addr=0x0e40 (RBBM_STATUS)
[008801] STATUS_RD RBBM_STATUS -> 0x00000040 (idle, 64 free)
[008802] MMIO_RD size=4 addr=0x1720 (WAIT_UNTIL)
[008803] MMIO_RD size=4 addr=0x0e40 (RBBM_STATUS)
[008804] STATUS_RD RBBM_STATUS -> 0x00000040 (idle, 64 free)
[008805] MMIO_RD size=4 addr=0x1720 (WAIT_UNTIL)
[008806] MMIO_RD size=4 addr=0x0e40 (RBBM_STATUS)
[008807] STATUS_RD RBBM_STATUS -> 0x00000040 (idle, 64 free)
[008808] MMIO_RD size=4 addr=0x1720 (WAIT_UNTIL)
[008809] MMIO_RD size=4 addr=0x0e40 (RBBM_STATUS)
[008810] STATUS_RD RBBM_STATUS -> 0x00000040 (idle, 64 free)
[008811] MMIO_RD size=4 addr=0x1720 (WAIT_UNTIL)
[008812] MMIO_RD size=4 addr=0x0e40 (RBBM_STATUS)
[008813] STATUS_RD RBBM_STATUS -> 0x00000040 (idle, 64 free)
[008814] MMIO_RD size=4 addr=0x1720 (WAIT_UNTIL)
[008815] MMIO_RD size=4 addr=0x0e40 (RBBM_STATUS)
[008816] STATUS_RD RBBM_STATUS -> 0x00000040 (idle, 64 free)
[008817] MMIO_RD size=4 addr=0x1720 (WAIT_UNTIL)
[008818] MMIO_RD size=4 addr=0x0e40 (RBBM_STATUS)
[008819] STATUS_RD RBBM_STATUS -> 0x00000040 (idle, 64 free)
[008820] MMIO_RD size=4 addr=0x1720 (WAIT_UNTIL)
[008821] MMIO_RD size=4 addr=0x0e40 (RBBM_STATUS)
[008822] STATUS_RD RBBM_STATUS -> 0x00000040 (idle, 64 free)
[008823] MMIO_RD size=4 addr=0x1720 (WAIT_UNTIL)
[008824] MMIO_RD size=4 addr=0x0e40 (RBBM_STATUS)
[008825] STATUS_RD RBBM_STATUS -> 0x00000040 (idle, 64 free)
[008826] MMIO_RD size=4 addr=0x1720 (WAIT_UNTIL)
[008827] MMIO_RD size=4 addr=0x0e40 (RBBM_STATUS)
[008828] STATUS_RD RBBM_STATUS -> 0x00000040 (idle, 64 free)
[008829] MMIO_RD size=4 addr=0x1720 (WAIT_UNTIL)
[008830] MMIO_RD size=4 addr=0x0e40 (RBBM_STATUS)
[008831] STATUS_RD RBBM_STATUS -> 0x00000040 (idle, 64 free)
[008832] MMIO_RD size=4 addr=0x1720 (WAIT_UNTIL)
[008833] MMIO_RD size=4 addr=0x0e40 (RBBM_STATUS)
[008834] STATUS_RD RBBM_STATUS -> 0x00000040 (idle, 64 free)
[008835] MMIO_RD size=4 addr=0x1720 (WAIT_UNTIL)
[008836] MMIO_RD size=4 addr=0x0e40 (RBBM_STATUS)
[008837] STATUS_RD RBBM_STATUS -> 0x00000040 (idle, 64 free)
[008838] MMIO_RD size=4 addr=0x1720 (WAIT_UNTIL)
[008839] MMIO_RD size=4 addr=0x0e40 (RBBM_STATUS)
[008840] STATUS_RD RBBM_STATUS -> 0x00000040 (idle, 64 free)
[008841] MMIO_RD size=4 addr=0x1720 (WAIT_UNTIL)
[008842] MMIO_RD size=4 addr=0x0e40 (RBBM_STATUS)
[008843] STATUS_RD RBBM_STATUS -> 0x00000040 (idle, 64 free)
[008844] MMIO_RD size=4 addr=0x1720 (WAIT_UNTIL)
[008845] MMIO_RD size=4 addr=0x0e40 (RBBM_STATUS)
[008846] STATUS_RD RBBM_STATUS -> 0x00000040 (idle, 64 free)
[008847] MMIO_RD size=4 addr=0x1720 (WAIT_UNTIL)
[008848] MMIO_RD size=4 addr=0x0e40 (RBBM_STATUS)
[008849] STATUS_RD RBBM_STATUS -> 0x00000040 (idle, 64 free)
[008850] MMIO_RD size=4 addr=0x1720 (WAIT_UNTIL)
[008851] MMIO_RD size=4 addr=0x0e40 (RBBM_STATUS)
[008852] STATUS_RD RBBM_STATUS -> 0x00000040 (idle, 64 free)
[008853] MMIO_RD size=4 addr=0x1720 (WAIT_UNTIL)
[008854] MMIO_RD size=4 addr=0x0e40 (RBBM_STATUS)
[008855] STATUS_RD RBBM_STATUS -> 0x00000040 (idle, 64 free)
[008856] MMIO_RD size=4 addr=0x1720 (WAIT_UNTIL)
[008857] MMIO_RD size=4 addr=0x0e40 (RBBM_STATUS)
[008858] STATUS_RD RBBM_STATUS -> 0x00000040 (idle, 64 free)
[008859] MMIO_RD size=4 addr=0x1720 (WAIT_UNTIL)
[008860] MMIO_RD size=4 addr=0x0e40 (RBBM_STATUS)
[008861] STATUS_RD RBBM_STATUS -> 0x00000040 (idle, 64 free)
[008862] MMIO_RD size=4 addr=0x1720 (WAIT_UNTIL)
[008863] MMIO_RD size=4 addr=0x0e40 (RBBM_STATUS)
[008864] STATUS_RD RBBM_STATUS -> 0x00000040 (idle, 64 free)
[008865] MMIO_RD size=4 addr=0x1720 (WAIT_UNTIL)
[008866] MMIO_RD size=4 addr=0x0e40 (RBBM_STATUS)
[008867] STATUS_RD RBBM_STATUS -> 0x00000040 (idle, 64 free)
[008868] MMIO_RD size=4 addr=0x1720 (WAIT_UNTIL)
[008869] MMIO_RD size=4 addr=0x0e40 (RBBM_STATUS)
[008870] STATUS_RD RBBM_STATUS -> 0x00000040 (idle, 64 free)
[008871] MMIO_RD size=4 addr=0x1720 (WAIT_UNTIL)
[008872] MMIO_RD size=4 addr=0x0e40 (RBBM_STATUS)
[008873] STATUS_RD RBBM_STATUS -> 0x00000040 (idle, 64 free)
[008874] MMIO_RD size=4 addr=0x1720 (WAIT_UNTIL)
[008875] MMIO_RD size=4 addr=0x0e40 (RBBM_STATUS)
[008876] STATUS_RD RBBM_STATUS -> 0x00000040 (idle, 64 free)
[008877] MMIO_RD size=4 addr=0x1720 (WAIT_UNTIL)
[008878] MMIO_RD size=4 addr=0x0e40 (RBBM_STATUS)
[008879] STATUS_RD RBBM_STATUS -> 0x00000040 (idle, 64 free)
[008880] MMIO_RD size=4 addr=0x1720 (WAIT_UNTIL)
[008881] MMIO_RD size=4 addr=0x0e40 (RBBM_STATUS)
[008882] STATUS_RD RBBM_STATUS -> 0x00000040 (idle, 64 free)
[008883] MMIO_RD size=4 addr=0x1720 (WAIT_UNTIL)
[008884] MMIO_RD size=4 addr=0x0e40 (RBBM_STATUS)
[008885] STATUS_RD RBBM_STATUS -> 0x00000040 (idle, 64 free)
[008886] MMIO_RD size=4 addr=0x1720 (WAIT_UNTIL)
[008887] MMIO_RD size=4 addr=0x0e40 (RBBM_STATUS)
[008888] STATUS_RD RBBM_STATUS -> 0x00000040 (idle, 64 free)
[008889] MMIO_RD size=4 addr=0x1720 (WAIT_UNTIL)
[008890] MMIO_RD size=4 addr=0x0e40 (RBBM_STATUS)
[008891] STATUS_RD RBBM_STATUS -> 0x00000040 (idle, 64 free)
[008892] MMIO_RD size=4 addr=0x1720 (WAIT_UNTIL)
[008893] MMIO_RD size=4 addr=0x0e40 (RBBM_STATUS)
[008894] STATUS_RD RBBM_STATUS -> 0x00000040 (idle, 64 free)
[008895] MMIO_RD size=4 addr=0x1720 (WAIT_UNTIL)
[008896] MMIO_RD size=4 addr=0x0e40 (RBBM_STATUS)
[008897] STATUS_RD RBBM_STATUS -> 0x00000040 (idle, 64 free)
[008898] MMIO_RD size=4 addr=0x1720 (WAIT_UNTIL)
[008899] MMIO_RD size=4 addr=0x0e40 (RBBM_STATUS)
[008900] STATUS_RD RBBM_STATUS -> 0x00000040 (idle, 64 free)
[008901] MMIO_RD size=4 addr=0x1720 (WAIT_UNTIL)
[008902] MMIO_RD size=4 addr=0x0e40 (RBBM_STATUS)
[008903] STATUS_RD RBBM_STATUS -> 0x00000040 (idle, 64 free)
[008904] MMIO_RD size=4 addr=0x1720 (WAIT_UNTIL)
[008905] MMIO_RD size=4 addr=0x0e40 (RBBM_STATUS)
[008906] STATUS_RD RBBM_STATUS -> 0x00000040 (idle, 64 free)
[008907] MMIO_RD size=4 addr=0x1720 (WAIT_UNTIL)
[008908] MMIO_RD size=4 addr=0x0e40 (RBBM_STATUS)
[008909] STATUS_RD RBBM_STATUS -> 0x00000040 (idle, 64 free)
[008910] MMIO_RD size=4 addr=0x1720 (WAIT_UNTIL)
[008911] MMIO_RD size=4 addr=0x0e40 (RBBM_STATUS)
[008912] STATUS_RD RBBM_STATUS -> 0x00000040 (idle, 64 free)
[008913] MMIO_RD size=4 addr=0x1720 (WAIT_UNTIL)
[008914] MMIO_RD size=4 addr=0x0e40 (RBBM_STATUS)
[008915] STATUS_RD RBBM_STATUS -> 0x00000040 (idle, 64 free)
[008916] MMIO_RD size=4 addr=0x1720 (WAIT_UNTIL)
[008917] MMIO_RD size=4 addr=0x0e40 (RBBM_STATUS)
[008918] STATUS_RD RBBM_STATUS -> 0x00000040 (idle, 64 free)
[008919] MMIO_RD size=4 addr=0x1720 (WAIT_UNTIL)
[008920] MMIO_RD size=4 addr=0x0e40 (RBBM_STATUS)
[008921] STATUS_RD RBBM_STATUS -> 0x00000040 (idle, 64 free)
[008922] MMIO_RD size=4 addr=0x1720 (WAIT_UNTIL)
[008923] MMIO_RD size=4 addr=0x0e40 (RBBM_STATUS)
[008924] STATUS_RD RBBM_STATUS -> 0x00000040 (idle, 64 free)
[008925] MMIO_RD size=4 addr=0x1720 (WAIT_UNTIL)
[008926] MMIO_RD size=4 addr=0x0e40 (RBBM_STATUS)
[008927] STATUS_RD RBBM_STATUS -> 0x00000040 (idle, 64 free)
[008928] MMIO_RD size=4 addr=0x1720 (WAIT_UNTIL)
[008929] MMIO_RD size=4 addr=0x0e40 (RBBM_STATUS)
[008930] STATUS_RD RBBM_STATUS -> 0x00000040 (idle, 64 free)
[008931] MMIO_RD size=4 addr=0x1720 (WAIT_UNTIL)
[008932] MMIO_RD size=4 addr=0x0e40 (RBBM_STATUS)
[008933] STATUS_RD RBBM_STATUS -> 0x00000040 (idle, 64 free)
[008934] MMIO_RD size=4 addr=0x1720 (WAIT_UNTIL)
[008935] MMIO_RD size=4 addr=0x0e40 (RBBM_STATUS)
[008936] STATUS_RD RBBM_STATUS -> 0x00000040 (idle, 64 free)
[008937] MMIO_RD size=4 addr=0x1720 (WAIT_UNTIL)
[008938] MMIO_RD size=4 addr=0x0e40 (RBBM_STATUS)
[008939] STATUS_RD RBBM_STATUS -> 0x00000040 (idle, 64 free)
[008940] MMIO_RD size=4 addr=0x1720 (WAIT_UNTIL)
[008941] MMIO_RD size=4 addr=0x0e40 (RBBM_STATUS)
[008942] STATUS_RD RBBM_STATUS -> 0x00000040 (idle, 64 free)
[008943] MMIO_RD size=4 addr=0x1720 (WAIT_UNTIL)
[008944] MMIO_RD size=4 addr=0x0e40 (RBBM_STATUS)
[008945] STATUS_RD RBBM_STATUS -> 0x00000040 (idle, 64 free)
[008946] MMIO_RD size=4 addr=0x1720 (WAIT_UNTIL)
[008947] MMIO_RD size=4 addr=0x0e40 (RBBM_STATUS)
[008948] STATUS_RD RBBM_STATUS -> 0x00000040 (idle, 64 free)
[008949] MMIO_RD size=4 addr=0x1720 (WAIT_UNTIL)
[008950] MMIO_RD size=4 addr=0x0e40 (RBBM_STATUS)
[008951] STATUS_RD RBBM_STATUS -> 0x00000040 (idle, 64 free)
[008952] MMIO_RD size=4 addr=0x1720 (WAIT_UNTIL)
[008953] MMIO_RD size=4 addr=0x0e40 (RBBM_STATUS)
[008954] STATUS_RD RBBM_STATUS -> 0x00000040 (idle, 64 free)
[008955] MMIO_RD size=4 addr=0x1720 (WAIT_UNTIL)
[008956] MMIO_RD size=4 addr=0x0e40 (RBBM_STATUS)
[008957] STATUS_RD RBBM_STATUS -> 0x00000040 (idle, 64 free)
[008958] MMIO_RD size=4 addr=0x1720 (WAIT_UNTIL)
[008959] MMIO_RD size=4 addr=0x0e40 (RBBM_STATUS)
[008960] STATUS_RD RBBM_STATUS -> 0x00000040 (idle, 64 free)
[008961] MMIO_RD size=4 addr=0x1720 (WAIT_UNTIL)
[008962] MMIO_RD size=4 addr=0x0e40 (RBBM_STATUS)
[008963] STATUS_RD RBBM_STATUS -> 0x00000040 (idle, 64 free)
[008964] MMIO_RD size=4 addr=0x1720 (WAIT_UNTIL)
[008965] MMIO_RD size=4 addr=0x0e40 (RBBM_STATUS)
[008966] STATUS_RD RBBM_STATUS -> 0x00000040 (idle, 64 free)
[008967] MMIO_RD size=4 addr=0x1720 (WAIT_UNTIL)
[008968] MMIO_RD size=4 addr=0x0e40 (RBBM_STATUS)
[008969] STATUS_RD RBBM_STATUS -> 0x00000040 (idle, 64 free)
[008970] MMIO_RD size=4 addr=0x1720 (WAIT_UNTIL)
[008971] MMIO_RD size=4 addr=0x0e40 (RBBM_STATUS)
[008972] STATUS_RD RBBM_STATUS -> 0x00000040 (idle, 64 free)
[008973] MMIO_RD size=4 addr=0x1720 (WAIT_UNTIL)
[008974] MMIO_RD size=4 addr=0x0e40 (RBBM_STATUS)
[008975] STATUS_RD RBBM_STATUS -> 0x00000040 (idle, 64 free)
[008976] MMIO_RD size=4 addr=0x1720 (WAIT_UNTIL)
[008977] MMIO_RD size=4 addr=0x0e40 (RBBM_STATUS)
[008978] STATUS_RD RBBM_STATUS -> 0x00000040 (idle, 64 free)
[008979] MMIO_RD size=4 addr=0x1720 (WAIT_UNTIL)
[008980] MMIO_RD size=4 addr=0x0e40 (RBBM_STATUS)
[008981] STATUS_RD RBBM_STATUS -> 0x00000040 (idle, 64 free)
[008982] MMIO_RD size=4 addr=0x1720 (WAIT_UNTIL)
[008983] MMIO_RD size=4 addr=0x0e40 (RBBM_STATUS)
[008984] STATUS_RD RBBM_STATUS -> 0x00000040 (idle, 64 free)
[008985] MMIO_RD size=4 addr=0x1720 (WAIT_UNTIL)
[008986] MMIO_RD size=4 addr=0x0e40 (RBBM_STATUS)
[008987] STATUS_RD RBBM_STATUS -> 0x00000040 (idle, 64 free)
[008988] MMIO_RD size=4 addr=0x1720 (WAIT_UNTIL)
[008989] MMIO_RD size=4 addr=0x0e40 (RBBM_STATUS)
[008990] STATUS_RD RBBM_STATUS -> 0x00000040 (idle, 64 free)
[008991] MMIO_RD size=4 addr=0x1720 (WAIT_UNTIL)
[008992] MMIO_RD size=4 addr=0x0e40 (RBBM_STATUS)
[008993] STATUS_RD RBBM_STATUS -> 0x00000040 (idle, 64 free)
[008994] MMIO_RD size=4 addr=0x1720 (WAIT_UNTIL)
[008995] MMIO_RD size=4 addr=0x0e40 (RBBM_STATUS)
[008996] STATUS_RD RBBM_STATUS -> 0x00000040 (idle, 64 free)
[008997] MMIO_RD size=4 addr=0x1720 (WAIT_UNTIL)
[008998] MMIO_RD size=4 addr=0x0e40 (RBBM_STATUS)
[008999] STATUS_RD RBBM_STATUS -> 0x00000040 (idle, 64 free)
[009000] MMIO_RD size=4 addr=0x1720 (WAIT_UNTIL)
[009001] MMIO_RD size=4 addr=0x0e40 (RBBM_STATUS)
[009002] STATUS_RD RBBM_STATUS -> 0x00000040 (idle, 64 free)
[009003] MMIO_RD size=4 addr=0x1720 (WAIT_UNTIL)
[009004] MMIO_RD size=4 addr=0x0e40 (RBBM_STATUS)
[009005] STATUS_RD RBBM_STATUS -> 0x00000040 (idle, 64 free)
[009006] MMIO_RD size=4 addr=0x1720 (WAIT_UNTIL)
[009007] MMIO_RD size=4 addr=0x0e40 (RBBM_STATUS)
[009008] STATUS_RD RBBM_STATUS -> 0x00000040 (idle, 64 free)
[009009] MMIO_RD size=4 addr=0x1720 (WAIT_UNTIL)
[009010] MMIO_RD size=4 addr=0x0e40 (RBBM_STATUS)
[009011] STATUS_RD RBBM_STATUS -> 0x00000040 (idle, 64 free)
[009012] MMIO_RD size=4 addr=0x1720 (WAIT_UNTIL)
[009013] MMIO_RD size=4 addr=0x0e40 (RBBM_STATUS)
[009014] STATUS_RD RBBM_STATUS -> 0x00000040 (idle, 64 free)
[009015] MMIO_RD size=4 addr=0x1720 (WAIT_UNTIL)
[009016] MMIO_RD size=4 addr=0x0e40 (RBBM_STATUS)
[009017] STATUS_RD RBBM_STATUS -> 0x00000040 (idle, 64 free)
[009018] MMIO_RD size=4 addr=0x1720 (WAIT_UNTIL)
[009019] MMIO_RD size=4 addr=0x0e40 (RBBM_STATUS)
[009020] STATUS_RD RBBM_STATUS -> 0x00000040 (idle, 64 free)
[009021] MMIO_RD size=4 addr=0x1720 (WAIT_UNTIL)
[009022] MMIO_RD size=4 addr=0x0e40 (RBBM_STATUS)
[009023] STATUS_RD RBBM_STATUS -> 0x00000040 (idle, 64 free)
[009024] MMIO_RD size=4 addr=0x1720 (WAIT_UNTIL)
[009025] MMIO_RD size=4 addr=0x0e40 (RBBM_STATUS)
[009026] STATUS_RD RBBM_STATUS -> 0x00000040 (idle, 64 free)
[009027] MMIO_RD size=4 addr=0x1720 (WAIT_UNTIL)
[009028] MMIO_RD size=4 addr=0x0e40 (RBBM_STATUS)
[009029] STATUS_RD RBBM_STATUS -> 0x00000040 (idle, 64 free)
[009030] MMIO_RD size=4 addr=0x1720 (WAIT_UNTIL)
[009031] MMIO_RD size=4 addr=0x0e40 (RBBM_STATUS)
[009032] STATUS_RD RBBM_STATUS -> 0x00000040 (idle, 64 free)
[009033] MMIO_RD size=4 addr=0x1720 (WAIT_UNTIL)
[009034] MMIO_RD size=4 addr=0x0e40 (RBBM_STATUS)
[009035] STATUS_RD RBBM_STATUS -> 0x00000040 (idle, 64 free)
[009036] MMIO_RD size=4 addr=0x1720 (WAIT_UNTIL)
[009037] MMIO_RD size=4 addr=0x0e40 (RBBM_STATUS)
[009038] STATUS_RD RBBM_STATUS -> 0x00000040 (idle, 64 free)
[009039] MMIO_RD size=4 addr=0x1720 (WAIT_UNTIL)
[009040] MMIO_RD size=4 addr=0x0e40 (RBBM_STATUS)
[009041] STATUS_RD RBBM_STATUS -> 0x00000040 (idle, 64 free)
[009042] MMIO_RD size=4 addr=0x1720 (WAIT_UNTIL)
[009043] MMIO_RD size=4 addr=0x0e40 (RBBM_STATUS)
[009044] STATUS_RD RBBM_STATUS -> 0x00000040 (idle, 64 free)
[009045] MMIO_RD size=4 addr=0x1720 (WAIT_UNTIL)
[009046] MMIO_RD size=4 addr=0x0e40 (RBBM_STATUS)
[009047] STATUS_RD RBBM_STATUS -> 0x00000040 (idle, 64 free)
[009048] MMIO_RD size=4 addr=0x1720 (WAIT_UNTIL)
[009049] MMIO_RD size=4 addr=0x0e40 (RBBM_STATUS)
[009050] STATUS_RD RBBM_STATUS -> 0x00000040 (idle, 64 free)
[009051] MMIO_RD size=4 addr=0x1720 (WAIT_UNTIL)
[009052] MMIO_RD size=4 addr=0x0e40 (RBBM_STATUS)
[009053] STATUS_RD RBBM_STATUS -> 0x00000040 (idle, 64 free)
[009054] MMIO_RD size=4 addr=0x1720 (WAIT_UNTIL)
[009055] MMIO_RD size=4 addr=0x0e40 (RBBM_STATUS)
[009056] STATUS_RD RBBM_STATUS -> 0x00000040 (idle, 64 free)
[009057] MMIO_RD size=4 addr=0x1720 (WAIT_UNTIL)
[009058] MMIO_RD size=4 addr=0x0e40 (RBBM_STATUS)
[009059] STATUS_RD RBBM_STATUS -> 0x00000040 (idle, 64 free)
[009060] MMIO_RD size=4 addr=0x1720 (WAIT_UNTIL)
[009061] MMIO_RD size=4 addr=0x0e40 (RBBM_STATUS)
[009062] STATUS_RD RBBM_STATUS -> 0x00000040 (idle, 64 free)
[009063] MMIO_RD size=4 addr=0x1720 (WAIT_UNTIL)
[009064] MMIO_RD size=4 addr=0x0e40 (RBBM_STATUS)
[009065] STATUS_RD RBBM_STATUS -> 0x00000040 (idle, 64 free)
[009066] MMIO_RD size=4 addr=0x1720 (WAIT_UNTIL)
[009067] MMIO_RD size=4 addr=0x0e40 (RBBM_STATUS)
[009068] STATUS_RD RBBM_STATUS -> 0x00000040 (idle, 64 free)
[009069] MMIO_RD size=4 addr=0x1720 (WAIT_UNTIL)
[009070] MMIO_RD size=4 addr=0x0e40 (RBBM_STATUS)
[009071] STATUS_RD RBBM_STATUS -> 0x00000040 (idle, 64 free)
[009072] MMIO_RD size=4 addr=0x1720 (WAIT_UNTIL)
[009073] MMIO_RD size=4 addr=0x0e40 (RBBM_STATUS)
[009074] STATUS_RD RBBM_STATUS -> 0x00000040 (idle, 64 free)
[009075] MMIO_RD size=4 addr=0x1720 (WAIT_UNTIL)
[009076] MMIO_RD size=4 addr=0x0e40 (RBBM_STATUS)
[009077] STATUS_RD RBBM_STATUS -> 0x00000040 (idle, 64 free)
[009078] MMIO_RD size=4 addr=0x1720 (WAIT_UNTIL)
[009079] MMIO_RD size=4 addr=0x0e40 (RBBM_STATUS)
[009080] STATUS_RD RBBM_STATUS -> 0x00000040 (idle, 64 free)
[009081] MMIO_RD size=4 addr=0x1720 (WAIT_UNTIL)
[009082] MMIO_RD size=4 addr=0x0e40 (RBBM_STATUS)
[009083] STATUS_RD RBBM_STATUS -> 0x00000040 (idle, 64 free)
[009084] MMIO_RD size=4 addr=0x1720 (WAIT_UNTIL)
[009085] MMIO_RD size=4 addr=0x0e40 (RBBM_STATUS)
[009086] STATUS_RD RBBM_STATUS -> 0x00000040 (idle, 64 free)
[009087] MMIO_RD size=4 addr=0x1720 (WAIT_UNTIL)
[009088] MMIO_RD size=4 addr=0x0e40 (RBBM_STATUS)
[009089] STATUS_RD RBBM_STATUS -> 0x00000040 (idle, 64 free)
[009090] MMIO_RD size=4 addr=0x1720 (WAIT_UNTIL)
[009091] MMIO_RD size=4 addr=0x0e40 (RBBM_STATUS)
[009092] STATUS_RD RBBM_STATUS -> 0x00000040 (idle, 64 free)
[009093] MMIO_RD size=4 addr=0x1720 (WAIT_UNTIL)
[009094] MMIO_RD size=4 addr=0x0e40 (RBBM_STATUS)
[009095] STATUS_RD RBBM_STATUS -> 0x00000040 (idle, 64 free)
[009096] MMIO_RD size=4 addr=0x1720 (WAIT_UNTIL)
[009097] MMIO_RD size=4 addr=0x0e40 (RBBM_STATUS)
[009098] STATUS_RD RBBM_STATUS -> 0x00000040 (idle, 64 free)
[009099] MMIO_RD size=4 addr=0x1720 (WAIT_UNTIL)
[009100] MMIO_RD size=4 addr=0x0e40 (RBBM_STATUS)
[009101] STATUS_RD RBBM_STATUS -> 0x00000040 (idle, 64 free)
[009102] MMIO_RD size=4 addr=0x1720 (WAIT_UNTIL)
[009103] MMIO_RD size=4 addr=0x0e40 (RBBM_STATUS)
[009104] STATUS_RD RBBM_STATUS -> 0x00000040 (idle, 64 free)
[009105] MMIO_RD size=4 addr=0x1720 (WAIT_UNTIL)
[009106] MMIO_RD size=4 addr=0x0e40 (RBBM_STATUS)
[009107] STATUS_RD RBBM_STATUS -> 0x00000040 (idle, 64 free)
[009108] MMIO_RD size=4 addr=0x1720 (WAIT_UNTIL)
[009109] MMIO_RD size=4 addr=0x0e40 (RBBM_STATUS)
[009110] STATUS_RD RBBM_STATUS -> 0x00000040 (idle, 64 free)
[009111] MMIO_RD size=4 addr=0x1720 (WAIT_UNTIL)
[009112] MMIO_RD size=4 addr=0x0e40 (RBBM_STATUS)
[009113] STATUS_RD RBBM_STATUS -> 0x00000040 (idle, 64 free)
[009114] MMIO_RD size=4 addr=0x1720 (WAIT_UNTIL)
[009115] MMIO_RD size=4 addr=0x0e40 (RBBM_STATUS)
[009116] STATUS_RD RBBM_STATUS -> 0x00000040 (idle, 64 free)
[009117] MMIO_RD size=4 addr=0x1720 (WAIT_UNTIL)
[009118] MMIO_RD size=4 addr=0x0e40 (RBBM_STATUS)
[009119] STATUS_RD RBBM_STATUS -> 0x00000040 (idle, 64 free)
[009120] MMIO_RD size=4 addr=0x1720 (WAIT_UNTIL)
[009121] MMIO_RD size=4 addr=0x0e40 (RBBM_STATUS)
[009122] STATUS_RD RBBM_STATUS -> 0x00000040 (idle, 64 free)
[009123] MMIO_RD size=4 addr=0x1720 (WAIT_UNTIL)
[009124] MMIO_RD size=4 addr=0x0e40 (RBBM_STATUS)
[009125] STATUS_RD RBBM_STATUS -> 0x00000040 (idle, 64 free)
[009126] MMIO_RD size=4 addr=0x1720 (WAIT_UNTIL)
[009127] MMIO_RD size=4 addr=0x0e40 (RBBM_STATUS)
[009128] STATUS_RD RBBM_STATUS -> 0x00000040 (idle, 64 free)
[009129] MMIO_RD size=4 addr=0x1720 (WAIT_UNTIL)
[009130] MMIO_RD size=4 addr=0x0e40 (RBBM_STATUS)
[009131] STATUS_RD RBBM_STATUS -> 0x00000040 (idle, 64 free)
[009132] MMIO_RD size=4 addr=0x1720 (WAIT_UNTIL)
[009133] MMIO_RD size=4 addr=0x0e40 (RBBM_STATUS)
[009134] STATUS_RD RBBM_STATUS -> 0x00000040 (idle, 64 free)
[009135] MMIO_RD size=4 addr=0x1720 (WAIT_UNTIL)
[009136] MMIO_RD size=4 addr=0x0e40 (RBBM_STATUS)
[009137] STATUS_RD RBBM_STATUS -> 0x00000040 (idle, 64 free)
[009138] MMIO_RD size=4 addr=0x1720 (WAIT_UNTIL)
[009139] MMIO_RD size=4 addr=0x0e40 (RBBM_STATUS)
[009140] STATUS_RD RBBM_STATUS -> 0x00000040 (idle, 64 free)
[009141] MMIO_RD size=4 addr=0x1720 (WAIT_UNTIL)
[009142] MMIO_RD size=4 addr=0x0e40 (RBBM_STATUS)
[009143] STATUS_RD RBBM_STATUS -> 0x00000040 (idle, 64 free)
[009144] MMIO_RD size=4 addr=0x1720 (WAIT_UNTIL)
[009145] MMIO_RD size=4 addr=0x0e40 (RBBM_STATUS)
[009146] STATUS_RD RBBM_STATUS -> 0x00000040 (idle, 64 free)
[009147] MMIO_RD size=4 addr=0x1720 (WAIT_UNTIL)
[009148] MMIO_RD size=4 addr=0x0e40 (RBBM_STATUS)
[009149] STATUS_RD RBBM_STATUS -> 0x00000040 (idle, 64 free)
[009150] MMIO_RD size=4 addr=0x1720 (WAIT_UNTIL)
[009151] MMIO_RD size=4 addr=0x0e40 (RBBM_STATUS)
[009152] STATUS_RD RBBM_STATUS -> 0x00000040 (idle, 64 free)
[009153] MMIO_RD size=4 addr=0x1720 (WAIT_UNTIL)
[009154] MMIO_RD size=4 addr=0x0e40 (RBBM_STATUS)
[009155] STATUS_RD RBBM_STATUS -> 0x00000040 (idle, 64 free)
[009156] MMIO_RD size=4 addr=0x1720 (WAIT_UNTIL)
[009157] MMIO_RD size=4 addr=0x0e40 (RBBM_STATUS)
[009158] STATUS_RD RBBM_STATUS -> 0x00000040 (idle, 64 free)
[009159] MMIO_RD size=4 addr=0x1720 (WAIT_UNTIL)
[009160] MMIO_RD size=4 addr=0x0e40 (RBBM_STATUS)
[009161] STATUS_RD RBBM_STATUS -> 0x00000040 (idle, 64 free)
[009162] MMIO_RD size=4 addr=0x1720 (WAIT_UNTIL)
[009163] MMIO_RD size=4 addr=0x0e40 (RBBM_STATUS)
[009164] STATUS_RD RBBM_STATUS -> 0x00000040 (idle, 64 free)
[009165] MMIO_RD size=4 addr=0x1720 (WAIT_UNTIL)
[009166] MMIO_RD size=4 addr=0x0e40 (RBBM_STATUS)
[009167] STATUS_RD RBBM_STATUS -> 0x00000040 (idle, 64 free)
[009168] MMIO_RD size=4 addr=0x1720 (WAIT_UNTIL)
[009169] MMIO_RD size=4 addr=0x0e40 (RBBM_STATUS)
[009170] STATUS_RD RBBM_STATUS -> 0x00000040 (idle, 64 free)
[009171] MMIO_RD size=4 addr=0x1720 (WAIT_UNTIL)
[009172] MMIO_RD size=4 addr=0x0e40 (RBBM_STATUS)
[009173] STATUS_RD RBBM_STATUS -> 0x00000040 (idle, 64 free)
[009174] MMIO_RD size=4 addr=0x1720 (WAIT_UNTIL)
[009175] MMIO_RD size=4 addr=0x0e40 (RBBM_STATUS)
[009176] STATUS_RD RBBM_STATUS -> 0x00000040 (idle, 64 free)
[009177] MMIO_RD size=4 addr=0x1720 (WAIT_UNTIL)
[009178] MMIO_RD size=4 addr=0x0e40 (RBBM_STATUS)
[009179] STATUS_RD RBBM_STATUS -> 0x00000040 (idle, 64 free)
[009180] MMIO_RD size=4 addr=0x1720 (WAIT_UNTIL)
[009181] MMIO_RD size=4 addr=0x0e40 (RBBM_STATUS)
[009182] STATUS_RD RBBM_STATUS -> 0x00000040 (idle, 64 free)
[009183] MMIO_RD size=4 addr=0x1720 (WAIT_UNTIL)
[009184] MMIO_RD size=4 addr=0x0e40 (RBBM_STATUS)
[009185] STATUS_RD RBBM_STATUS -> 0x00000040 (idle, 64 free)
[009186] MMIO_RD size=4 addr=0x1720 (WAIT_UNTIL)
[009187] MMIO_RD size=4 addr=0x0e40 (RBBM_STATUS)
[009188] STATUS_RD RBBM_STATUS -> 0x00000040 (idle, 64 free)
[009189] MMIO_RD size=4 addr=0x1720 (WAIT_UNTIL)
[009190] MMIO_RD size=4 addr=0x0e40 (RBBM_STATUS)
[009191] STATUS_RD RBBM_STATUS -> 0x00000040 (idle, 64 free)
[009192] MMIO_RD size=4 addr=0x1720 (WAIT_UNTIL)
[009193] MMIO_RD size=4 addr=0x0e40 (RBBM_STATUS)
[009194] STATUS_RD RBBM_STATUS -> 0x00000040 (idle, 64 free)
[009195] MMIO_RD size=4 addr=0x1720 (WAIT_UNTIL)
[009196] MMIO_RD size=4 addr=0x0e40 (RBBM_STATUS)
[009197] STATUS_RD RBBM_STATUS -> 0x00000040 (idle, 64 free)
[009198] MMIO_RD size=4 addr=0x1720 (WAIT_UNTIL)
[009199] MMIO_RD size=4 addr=0x0e40 (RBBM_STATUS)
[009200] STATUS_RD RBBM_STATUS -> 0x00000040 (idle, 64 free)
[009201] MMIO_RD size=4 addr=0x1720 (WAIT_UNTIL)
[009202] MMIO_RD size=4 addr=0x0e40 (RBBM_STATUS)
[009203] STATUS_RD RBBM_STATUS -> 0x00000040 (idle, 64 free)
[009204] MMIO_RD size=4 addr=0x1720 (WAIT_UNTIL)
[009205] MMIO_RD size=4 addr=0x0e40 (RBBM_STATUS)
[009206] STATUS_RD RBBM_STATUS -> 0x00000040 (idle, 64 free)
[009207] MMIO_RD size=4 addr=0x1720 (WAIT_UNTIL)
[009208] MMIO_RD size=4 addr=0x0e40 (RBBM_STATUS)
[009209] STATUS_RD RBBM_STATUS -> 0x00000040 (idle, 64 free)
[009210] MMIO_RD size=4 addr=0x1720 (WAIT_UNTIL)
[009211] MMIO_RD size=4 addr=0x0e40 (RBBM_STATUS)
[009212] STATUS_RD RBBM_STATUS -> 0x00000040 (idle, 64 free)
[009213] MMIO_RD size=4 addr=0x1720 (WAIT_UNTIL)
[009214] MMIO_RD size=4 addr=0x0e40 (RBBM_STATUS)
[009215] STATUS_RD RBBM_STATUS -> 0x00000040 (idle, 64 free)
[009216] MMIO_RD size=4 addr=0x1720 (WAIT_UNTIL)
[009217] MMIO_RD size=4 addr=0x0e40 (RBBM_STATUS)
[009218] STATUS_RD RBBM_STATUS -> 0x00000040 (idle, 64 free)
[009219] MMIO_RD size=4 addr=0x1720 (WAIT_UNTIL)
[009220] MMIO_RD size=4 addr=0x0e40 (RBBM_STATUS)
[009221] STATUS_RD RBBM_STATUS -> 0x00000040 (idle, 64 free)
[009222] MMIO_RD size=4 addr=0x1720 (WAIT_UNTIL)
[009223] MMIO_RD size=4 addr=0x0e40 (RBBM_STATUS)
[009224] STATUS_RD RBBM_STATUS -> 0x00000040 (idle, 64 free)
[009225] MMIO_RD size=4 addr=0x1720 (WAIT_UNTIL)
[009226] MMIO_RD size=4 addr=0x0e40 (RBBM_STATUS)
[009227] STATUS_RD RBBM_STATUS -> 0x00000040 (idle, 64 free)
[009228] MMIO_RD size=4 addr=0x1720 (WAIT_UNTIL)
[009229] MMIO_RD size=4 addr=0x0e40 (RBBM_STATUS)
[009230] STATUS_RD RBBM_STATUS -> 0x00000040 (idle, 64 free)
[009231] MMIO_RD size=4 addr=0x1720 (WAIT_UNTIL)
[009232] MMIO_RD size=4 addr=0x0e40 (RBBM_STATUS)
[009233] STATUS_RD RBBM_STATUS -> 0x00000040 (idle, 64 free)
[009234] MMIO_RD size=4 addr=0x1720 (WAIT_UNTIL)
[009235] MMIO_RD size=4 addr=0x0e40 (RBBM_STATUS)
[009236] STATUS_RD RBBM_STATUS -> 0x00000040 (idle, 64 free)
[009237] MMIO_RD size=4 addr=0x1720 (WAIT_UNTIL)
[009238] MMIO_RD size=4 addr=0x0e40 (RBBM_STATUS)
[009239] STATUS_RD RBBM_STATUS -> 0x00000040 (idle, 64 free)
[009240] MMIO_RD size=4 addr=0x1720 (WAIT_UNTIL)
[009241] MMIO_RD size=4 addr=0x0e40 (RBBM_STATUS)
[009242] STATUS_RD RBBM_STATUS -> 0x00000040 (idle, 64 free)
[009243] MMIO_RD size=4 addr=0x1720 (WAIT_UNTIL)
[009244] MMIO_RD size=4 addr=0x0e40 (RBBM_STATUS)
[009245] STATUS_RD RBBM_STATUS -> 0x00000040 (idle, 64 free)
[009246] MMIO_RD size=4 addr=0x1720 (WAIT_UNTIL)
[009247] MMIO_RD size=4 addr=0x0e40 (RBBM_STATUS)
[009248] STATUS_RD RBBM_STATUS -> 0x00000040 (idle, 64 free)
[009249] MMIO_RD size=4 addr=0x1720 (WAIT_UNTIL)
[009250] MMIO_RD size=4 addr=0x0e40 (RBBM_STATUS)
[009251] STATUS_RD RBBM_STATUS -> 0x00000040 (idle, 64 free)
[009252] MMIO_RD size=4 addr=0x1720 (WAIT_UNTIL)
[009253] MMIO_RD size=4 addr=0x0e40 (RBBM_STATUS)
[009254] STATUS_RD RBBM_STATUS -> 0x00000040 (idle, 64 free)
[009255] MMIO_RD size=4 addr=0x1720 (WAIT_UNTIL)
[009256] MMIO_RD size=4 addr=0x0e40 (RBBM_STATUS)
[009257] STATUS_RD RBBM_STATUS -> 0x00000040 (idle, 64 free)
[009258] MMIO_RD size=4 addr=0x1720 (WAIT_UNTIL)
[009259] MMIO_RD size=4 addr=0x0e40 (RBBM_STATUS)
[009260] STATUS_RD RBBM_STATUS -> 0x00000040 (idle, 64 free)
[009261] MMIO_RD size=4 addr=0x1720 (WAIT_UNTIL)
[009262] MMIO_RD size=4 addr=0x0e40 (RBBM_STATUS)
[009263] STATUS_RD RBBM_STATUS -> 0x00000040 (idle, 64 free)
[009264] MMIO_RD size=4 addr=0x1720 (WAIT_UNTIL)
[009265] MMIO_RD size=4 addr=0x0e40 (RBBM_STATUS)
[009266] STATUS_RD RBBM_STATUS -> 0x00000040 (idle, 64 free)
[009267] MMIO_RD size=4 addr=0x1720 (WAIT_UNTIL)
[009268] MMIO_RD size=4 addr=0x0e40 (RBBM_STATUS)
[009269] STATUS_RD RBBM_STATUS -> 0x00000040 (idle, 64 free)
[009270] MMIO_RD size=4 addr=0x1720 (WAIT_UNTIL)
[009271] MMIO_RD size=4 addr=0x0e40 (RBBM_STATUS)
[009272] STATUS_RD RBBM_STATUS -> 0x00000040 (idle, 64 free)
[009273] MMIO_RD size=4 addr=0x1720 (WAIT_UNTIL)
[009274] MMIO_RD size=4 addr=0x0e40 (RBBM_STATUS)
[009275] STATUS_RD RBBM_STATUS -> 0x00000040 (idle, 64 free)
[009276] MMIO_RD size=4 addr=0x1720 (WAIT_UNTIL)
[009277] MMIO_RD size=4 addr=0x0e40 (RBBM_STATUS)
[009278] STATUS_RD RBBM_STATUS -> 0x00000040 (idle, 64 free)
[009279] MMIO_RD size=4 addr=0x1720 (WAIT_UNTIL)
[009280] MMIO_RD size=4 addr=0x0e40 (RBBM_STATUS)
[009281] STATUS_RD RBBM_STATUS -> 0x00000040 (idle, 64 free)
[009282] MMIO_RD size=4 addr=0x1720 (WAIT_UNTIL)
[009283] MMIO_RD size=4 addr=0x0e40 (RBBM_STATUS)
[009284] STATUS_RD RBBM_STATUS -> 0x00000040 (idle, 64 free)
[009285] MMIO_RD size=4 addr=0x1720 (WAIT_UNTIL)
[009286] MMIO_RD size=4 addr=0x0e40 (RBBM_STATUS)
[009287] STATUS_RD RBBM_STATUS -> 0x00000040 (idle, 64 free)
[009288] MMIO_RD size=4 addr=0x1720 (WAIT_UNTIL)
[009289] MMIO_RD size=4 addr=0x0e40 (RBBM_STATUS)
[009290] STATUS_RD RBBM_STATUS -> 0x00000040 (idle, 64 free)
[009291] MMIO_RD size=4 addr=0x1720 (WAIT_UNTIL)
[009292] MMIO_RD size=4 addr=0x0e40 (RBBM_STATUS)
[009293] STATUS_RD RBBM_STATUS -> 0x00000040 (idle, 64 free)
[009294] MMIO_RD size=4 addr=0x1720 (WAIT_UNTIL)
[009295] MMIO_RD size=4 addr=0x0e40 (RBBM_STATUS)
[009296] STATUS_RD RBBM_STATUS -> 0x00000040 (idle, 64 free)
[009297] MMIO_RD size=4 addr=0x1720 (WAIT_UNTIL)
[009298] MMIO_RD size=4 addr=0x0e40 (RBBM_STATUS)
[009299] STATUS_RD RBBM_STATUS -> 0x00000040 (idle, 64 free)
[009300] MMIO_RD size=4 addr=0x1720 (WAIT_UNTIL)
[009301] MMIO_RD size=4 addr=0x0e40 (RBBM_STATUS)
[009302] STATUS_RD RBBM_STATUS -> 0x00000040 (idle, 64 free)
[009303] MMIO_RD size=4 addr=0x1720 (WAIT_UNTIL)
[009304] MMIO_RD size=4 addr=0x0e40 (RBBM_STATUS)
[009305] STATUS_RD RBBM_STATUS -> 0x00000040 (idle, 64 free)
[009306] MMIO_RD size=4 addr=0x1720 (WAIT_UNTIL)
[009307] MMIO_RD size=4 addr=0x0e40 (RBBM_STATUS)
[009308] STATUS_RD RBBM_STATUS -> 0x00000040 (idle, 64 free)
[009309] MMIO_RD size=4 addr=0x1720 (WAIT_UNTIL)
[009310] MMIO_RD size=4 addr=0x0e40 (RBBM_STATUS)
[009311] STATUS_RD RBBM_STATUS -> 0x00000040 (idle, 64 free)
[009312] MMIO_RD size=4 addr=0x1720 (WAIT_UNTIL)
[009313] MMIO_RD size=4 addr=0x0e40 (RBBM_STATUS)
[009314] STATUS_RD RBBM_STATUS -> 0x00000040 (idle, 64 free)
[009315] MMIO_RD size=4 addr=0x1720 (WAIT_UNTIL)
[009316] MMIO_RD size=4 addr=0x0e40 (RBBM_STATUS)
[009317] STATUS_RD RBBM_STATUS -> 0x00000040 (idle, 64 free)
[009318] MMIO_RD size=4 addr=0x1720 (WAIT_UNTIL)
[009319] MMIO_RD size=4 addr=0x0e40 (RBBM_STATUS)
[009320] STATUS_RD RBBM_STATUS -> 0x00000040 (idle, 64 free)
[009321] MMIO_RD size=4 addr=0x1720 (WAIT_UNTIL)
[009322] MMIO_RD size=4 addr=0x0e40 (RBBM_STATUS)
[009323] STATUS_RD RBBM_STATUS -> 0x00000040 (idle, 64 free)
[009324] MMIO_RD size=4 addr=0x1720 (WAIT_UNTIL)
[009325] MMIO_RD size=4 addr=0x0e40 (RBBM_STATUS)
[009326] STATUS_RD RBBM_STATUS -> 0x00000040 (idle, 64 free)
[009327] MMIO_RD size=4 addr=0x1720 (WAIT_UNTIL)
[009328] MMIO_RD size=4 addr=0x0e40 (RBBM_STATUS)
[009329] STATUS_RD RBBM_STATUS -> 0x00000040 (idle, 64 free)
[009330] MMIO_RD size=4 addr=0x1720 (WAIT_UNTIL)
[009331] MMIO_RD size=4 addr=0x0e40 (RBBM_STATUS)
[009332] STATUS_RD RBBM_STATUS -> 0x00000040 (idle, 64 free)
[009333] MMIO_RD size=4 addr=0x1720 (WAIT_UNTIL)
[009334] MMIO_RD size=4 addr=0x0e40 (RBBM_STATUS)
[009335] STATUS_RD RBBM_STATUS -> 0x00000040 (idle, 64 free)
[009336] MMIO_RD size=4 addr=0x1720 (WAIT_UNTIL)
[009337] MMIO_RD size=4 addr=0x0e40 (RBBM_STATUS)
[009338] STATUS_RD RBBM_STATUS -> 0x00000040 (idle, 64 free)
[009339] MMIO_RD size=4 addr=0x1720 (WAIT_UNTIL)
[009340] MMIO_RD size=4 addr=0x0e40 (RBBM_STATUS)
[009341] STATUS_RD RBBM_STATUS -> 0x00000040 (idle, 64 free)
[009342] MMIO_RD size=4 addr=0x1720 (WAIT_UNTIL)
[009343] MMIO_RD size=4 addr=0x0e40 (RBBM_STATUS)
[009344] STATUS_RD RBBM_STATUS -> 0x00000040 (idle, 64 free)
[009345] MMIO_RD size=4 addr=0x1720 (WAIT_UNTIL)
[009346] MMIO_RD size=4 addr=0x0e40 (RBBM_STATUS)
[009347] STATUS_RD RBBM_STATUS -> 0x00000040 (idle, 64 free)
[009348] MMIO_RD size=4 addr=0x1720 (WAIT_UNTIL)
[009349] MMIO_RD size=4 addr=0x0e40 (RBBM_STATUS)
[009350] STATUS_RD RBBM_STATUS -> 0x00000040 (idle, 64 free)
[009351] MMIO_RD size=4 addr=0x1720 (WAIT_UNTIL)
[009352] MMIO_RD size=4 addr=0x0e40 (RBBM_STATUS)
[009353] STATUS_RD RBBM_STATUS -> 0x00000040 (idle, 64 free)
[009354] MMIO_RD size=4 addr=0x1720 (WAIT_UNTIL)
[009355] MMIO_RD size=4 addr=0x0e40 (RBBM_STATUS)
[009356] STATUS_RD RBBM_STATUS -> 0x00000040 (idle, 64 free)
[009357] MMIO_RD size=4 addr=0x1720 (WAIT_UNTIL)
[009358] MMIO_RD size=4 addr=0x0e40 (RBBM_STATUS)
[009359] STATUS_RD RBBM_STATUS -> 0x00000040 (idle, 64 free)
[009360] MMIO_RD size=4 addr=0x1720 (WAIT_UNTIL)
[009361] MMIO_RD size=4 addr=0x0e40 (RBBM_STATUS)
[009362] STATUS_RD RBBM_STATUS -> 0x00000040 (idle, 64 free)
[009363] MMIO_RD size=4 addr=0x1720 (WAIT_UNTIL)
[009364] MMIO_RD size=4 addr=0x0e40 (RBBM_STATUS)
[009365] STATUS_RD RBBM_STATUS -> 0x00000040 (idle, 64 free)
[009366] MMIO_RD size=4 addr=0x1720 (WAIT_UNTIL)
[009367] MMIO_RD size=4 addr=0x0e40 (RBBM_STATUS)
[009368] STATUS_RD RBBM_STATUS -> 0x00000040 (idle, 64 free)
[009369] MMIO_RD size=4 addr=0x1720 (WAIT_UNTIL)
[009370] MMIO_RD size=4 addr=0x0e40 (RBBM_STATUS)
[009371] STATUS_RD RBBM_STATUS -> 0x00000040 (idle, 64 free)
[009372] MMIO_RD size=4 addr=0x1720 (WAIT_UNTIL)
[009373] MMIO_RD size=4 addr=0x0e40 (RBBM_STATUS)
[009374] STATUS_RD RBBM_STATUS -> 0x00000040 (idle, 64 free)
[009375] MMIO_RD size=4 addr=0x1720 (WAIT_UNTIL)
[009376] MMIO_RD size=4 addr=0x0e40 (RBBM_STATUS)
[009377] STATUS_RD RBBM_STATUS -> 0x00000040 (idle, 64 free)
[009378] MMIO_RD size=4 addr=0x1720 (WAIT_UNTIL)
[009379] MMIO_RD size=4 addr=0x0e40 (RBBM_STATUS)
[009380] STATUS_RD RBBM_STATUS -> 0x00000040 (idle, 64 free)
[009381] MMIO_RD size=4 addr=0x1720 (WAIT_UNTIL)
[009382] MMIO_RD size=4 addr=0x0e40 (RBBM_STATUS)
[009383] STATUS_RD RBBM_STATUS -> 0x00000040 (idle, 64 free)
[009384] MMIO_RD size=4 addr=0x1720 (WAIT_UNTIL)
[009385] MMIO_RD size=4 addr=0x0e40 (RBBM_STATUS)
[009386] STATUS_RD RBBM_STATUS -> 0x00000040 (idle, 64 free)
[009387] MMIO_RD size=4 addr=0x1720 (WAIT_UNTIL)
[009388] MMIO_RD size=4 addr=0x0e40 (RBBM_STATUS)
[009389] STATUS_RD RBBM_STATUS -> 0x00000040 (idle, 64 free)
[009390] MMIO_RD size=4 addr=0x1720 (WAIT_UNTIL)
[009391] MMIO_RD size=4 addr=0x0e40 (RBBM_STATUS)
[009392] STATUS_RD RBBM_STATUS -> 0x00000040 (idle, 64 free)
[009393] MMIO_RD size=4 addr=0x1720 (WAIT_UNTIL)
[009394] MMIO_RD size=4 addr=0x0e40 (RBBM_STATUS)
[009395] STATUS_RD RBBM_STATUS -> 0x00000040 (idle, 64 free)
[009396] MMIO_RD size=4 addr=0x1720 (WAIT_UNTIL)
[009397] MMIO_RD size=4 addr=0x0e40 (RBBM_STATUS)
[009398] STATUS_RD RBBM_STATUS -> 0x00000040 (idle, 64 free)
[009399] MMIO_RD size=4 addr=0x1720 (WAIT_UNTIL)
[009400] MMIO_RD size=4 addr=0x0e40 (RBBM_STATUS)
[009401] STATUS_RD RBBM_STATUS -> 0x00000040 (idle, 64 free)
[009402] MMIO_RD size=4 addr=0x1720 (WAIT_UNTIL)
[009403] MMIO_RD size=4 addr=0x0e40 (RBBM_STATUS)
[009404] STATUS_RD RBBM_STATUS -> 0x00000040 (idle, 64 free)
[009405] MMIO_RD size=4 addr=0x1720 (WAIT_UNTIL)
[009406] MMIO_RD size=4 addr=0x0e40 (RBBM_STATUS)
[009407] STATUS_RD RBBM_STATUS -> 0x00000040 (idle, 64 free)
[009408] MMIO_RD size=4 addr=0x1720 (WAIT_UNTIL)
[009409] MMIO_RD size=4 addr=0x0e40 (RBBM_STATUS)
[009410] STATUS_RD RBBM_STATUS -> 0x00000040 (idle, 64 free)
[009411] MMIO_RD size=4 addr=0x1720 (WAIT_UNTIL)
[009412] MMIO_RD size=4 addr=0x0e40 (RBBM_STATUS)
[009413] STATUS_RD RBBM_STATUS -> 0x00000040 (idle, 64 free)
[009414] MMIO_RD size=4 addr=0x1720 (WAIT_UNTIL)
[009415] MMIO_RD size=4 addr=0x0e40 (RBBM_STATUS)
[009416] STATUS_RD RBBM_STATUS -> 0x00000040 (idle, 64 free)
[009417] MMIO_RD size=4 addr=0x1720 (WAIT_UNTIL)
[009418] MMIO_RD size=4 addr=0x0e40 (RBBM_STATUS)
[009419] STATUS_RD RBBM_STATUS -> 0x00000040 (idle, 64 free)
[009420] MMIO_RD size=4 addr=0x1720 (WAIT_UNTIL)
[009421] MMIO_RD size=4 addr=0x0e40 (RBBM_STATUS)
[009422] STATUS_RD RBBM_STATUS -> 0x00000040 (idle, 64 free)
[009423] MMIO_RD size=4 addr=0x1720 (WAIT_UNTIL)
[009424] MMIO_RD size=4 addr=0x0e40 (RBBM_STATUS)
[009425] STATUS_RD RBBM_STATUS -> 0x00000040 (idle, 64 free)
[009426] MMIO_RD size=4 addr=0x1720 (WAIT_UNTIL)
[009427] MMIO_RD size=4 addr=0x0e40 (RBBM_STATUS)
[009428] STATUS_RD RBBM_STATUS -> 0x00000040 (idle, 64 free)
[009429] MMIO_RD size=4 addr=0x1720 (WAIT_UNTIL)
[009430] MMIO_RD size=4 addr=0x0e40 (RBBM_STATUS)
[009431] STATUS_RD RBBM_STATUS -> 0x00000040 (idle, 64 free)
[009432] MMIO_RD size=4 addr=0x1720 (WAIT_UNTIL)
[009433] MMIO_RD size=4 addr=0x0e40 (RBBM_STATUS)
[009434] STATUS_RD RBBM_STATUS -> 0x00000040 (idle, 64 free)
[009435] MMIO_RD size=4 addr=0x1720 (WAIT_UNTIL)
[009436] MMIO_RD size=4 addr=0x0e40 (RBBM_STATUS)
[009437] STATUS_RD RBBM_STATUS -> 0x00000040 (idle, 64 free)
[009438] MMIO_RD size=4 addr=0x1720 (WAIT_UNTIL)
[009439] MMIO_RD size=4 addr=0x0e40 (RBBM_STATUS)
[009440] STATUS_RD RBBM_STATUS -> 0x00000040 (idle, 64 free)
[009441] MMIO_RD size=4 addr=0x1720 (WAIT_UNTIL)
[009442] MMIO_RD size=4 addr=0x0e40 (RBBM_STATUS)
[009443] STATUS_RD RBBM_STATUS -> 0x00000040 (idle, 64 free)
[009444] MMIO_RD size=4 addr=0x1720 (WAIT_UNTIL)
[009445] MMIO_RD size=4 addr=0x0e40 (RBBM_STATUS)
[009446] STATUS_RD RBBM_STATUS -> 0x00000040 (idle, 64 free)
[009447] MMIO_RD size=4 addr=0x1720 (WAIT_UNTIL)
[009448] MMIO_RD size=4 addr=0x0e40 (RBBM_STATUS)
[009449] STATUS_RD RBBM_STATUS -> 0x00000040 (idle, 64 free)
[009450] MMIO_RD size=4 addr=0x1720 (WAIT_UNTIL)
[009451] MMIO_RD size=4 addr=0x0e40 (RBBM_STATUS)
[009452] STATUS_RD RBBM_STATUS -> 0x00000040 (idle, 64 free)
[009453] MMIO_RD size=4 addr=0x1720 (WAIT_UNTIL)
[009454] MMIO_RD size=4 addr=0x0e40 (RBBM_STATUS)
[009455] STATUS_RD RBBM_STATUS -> 0x00000040 (idle, 64 free)
[009456] MMIO_RD size=4 addr=0x1720 (WAIT_UNTIL)
[009457] MMIO_RD size=4 addr=0x0e40 (RBBM_STATUS)
[009458] STATUS_RD RBBM_STATUS -> 0x00000040 (idle, 64 free)
[009459] MMIO_RD size=4 addr=0x1720 (WAIT_UNTIL)
[009460] MMIO_RD size=4 addr=0x0e40 (RBBM_STATUS)
[009461] STATUS_RD RBBM_STATUS -> 0x00000040 (idle, 64 free)
[009462] MMIO_RD size=4 addr=0x1720 (WAIT_UNTIL)
[009463] MMIO_RD size=4 addr=0x0e40 (RBBM_STATUS)
[009464] STATUS_RD RBBM_STATUS -> 0x00000040 (idle, 64 free)
[009465] MMIO_RD size=4 addr=0x1720 (WAIT_UNTIL)
[009466] MMIO_RD size=4 addr=0x0e40 (RBBM_STATUS)
[009467] STATUS_RD RBBM_STATUS -> 0x00000040 (idle, 64 free)
[009468] MMIO_RD size=4 addr=0x1720 (WAIT_UNTIL)
[009469] MMIO_RD size=4 addr=0x0e40 (RBBM_STATUS)
[009470] STATUS_RD RBBM_STATUS -> 0x00000040 (idle, 64 free)
[009471] MMIO_RD size=4 addr=0x1720 (WAIT_UNTIL)
[009472] MMIO_RD size=4 addr=0x0e40 (RBBM_STATUS)
[009473] STATUS_RD RBBM_STATUS -> 0x00000040 (idle, 64 free)
[009474] MMIO_RD size=4 addr=0x1720 (WAIT_UNTIL)
[009475] MMIO_RD size=4 addr=0x0e40 (RBBM_STATUS)
[009476] STATUS_RD RBBM_STATUS -> 0x00000040 (idle, 64 free)
[009477] MMIO_RD size=4 addr=0x1720 (WAIT_UNTIL)
[009478] MMIO_RD size=4 addr=0x0e40 (RBBM_STATUS)
[009479] STATUS_RD RBBM_STATUS -> 0x00000040 (idle, 64 free)
[009480] MMIO_RD size=4 addr=0x1720 (WAIT_UNTIL)
[009481] MMIO_RD size=4 addr=0x0e40 (RBBM_STATUS)
[009482] STATUS_RD RBBM_STATUS -> 0x00000040 (idle, 64 free)
[009483] MMIO_RD size=4 addr=0x1720 (WAIT_UNTIL)
[009484] MMIO_RD size=4 addr=0x0e40 (RBBM_STATUS)
[009485] STATUS_RD RBBM_STATUS -> 0x00000040 (idle, 64 free)
[009486] MMIO_RD size=4 addr=0x1720 (WAIT_UNTIL)
[009487] MMIO_RD size=4 addr=0x0e40 (RBBM_STATUS)
[009488] STATUS_RD RBBM_STATUS -> 0x00000040 (idle, 64 free)
[009489] MMIO_RD size=4 addr=0x1720 (WAIT_UNTIL)
[009490] MMIO_RD size=4 addr=0x0e40 (RBBM_STATUS)
[009491] STATUS_RD RBBM_STATUS -> 0x00000040 (idle, 64 free)
[009492] MMIO_RD size=4 addr=0x1720 (WAIT_UNTIL)
[009493] MMIO_RD size=4 addr=0x0e40 (RBBM_STATUS)
[009494] STATUS_RD RBBM_STATUS -> 0x00000040 (idle, 64 free)
[009495] MMIO_RD size=4 addr=0x1720 (WAIT_UNTIL)
[009496] MMIO_RD size=4 addr=0x0e40 (RBBM_STATUS)
[009497] STATUS_RD RBBM_STATUS -> 0x00000040 (idle, 64 free)
[009498] MMIO_RD size=4 addr=0x1720 (WAIT_UNTIL)
[009499] MMIO_RD size=4 addr=0x0e40 (RBBM_STATUS)
[009500] STATUS_RD RBBM_STATUS -> 0x00000040 (idle, 64 free)
[009501] MMIO_RD size=4 addr=0x1720 (WAIT_UNTIL)
[009502] MMIO_RD size=4 addr=0x0e40 (RBBM_STATUS)
[009503] STATUS_RD RBBM_STATUS -> 0x00000040 (idle, 64 free)
[009504] MMIO_RD size=4 addr=0x1720 (WAIT_UNTIL)
[009505] MMIO_RD size=4 addr=0x0e40 (RBBM_STATUS)
[009506] STATUS_RD RBBM_STATUS -> 0x00000040 (idle, 64 free)
[009507] MMIO_RD size=4 addr=0x1720 (WAIT_UNTIL)
[009508] MMIO_RD size=4 addr=0x0e40 (RBBM_STATUS)
[009509] STATUS_RD RBBM_STATUS -> 0x00000040 (idle, 64 free)
[009510] MMIO_RD size=4 addr=0x1720 (WAIT_UNTIL)
[009511] MMIO_RD size=4 addr=0x0e40 (RBBM_STATUS)
[009512] STATUS_RD RBBM_STATUS -> 0x00000040 (idle, 64 free)
[009513] MMIO_RD size=4 addr=0x1720 (WAIT_UNTIL)
[009514] MMIO_RD size=4 addr=0x0e40 (RBBM_STATUS)
[009515] STATUS_RD RBBM_STATUS -> 0x00000040 (idle, 64 free)
[009516] MMIO_RD size=4 addr=0x1720 (WAIT_UNTIL)
[009517] MMIO_RD size=4 addr=0x0e40 (RBBM_STATUS)
[009518] STATUS_RD RBBM_STATUS -> 0x00000040 (idle, 64 free)
[009519] MMIO_RD size=4 addr=0x1720 (WAIT_UNTIL)
[009520] MMIO_RD size=4 addr=0x0e40 (RBBM_STATUS)
[009521] STATUS_RD RBBM_STATUS -> 0x00000040 (idle, 64 free)
[009522] MMIO_RD size=4 addr=0x1720 (WAIT_UNTIL)
[009523] MMIO_RD size=4 addr=0x0e40 (RBBM_STATUS)
[009524] STATUS_RD RBBM_STATUS -> 0x00000040 (idle, 64 free)
[009525] MMIO_RD size=4 addr=0x1720 (WAIT_UNTIL)
[009526] MMIO_RD size=4 addr=0x0e40 (RBBM_STATUS)
[009527] STATUS_RD RBBM_STATUS -> 0x00000040 (idle, 64 free)
[009528] MMIO_RD size=4 addr=0x1720 (WAIT_UNTIL)
[009529] MMIO_RD size=4 addr=0x0e40 (RBBM_STATUS)
[009530] STATUS_RD RBBM_STATUS -> 0x00000040 (idle, 64 free)
[009531] MMIO_RD size=4 addr=0x1720 (WAIT_UNTIL)
[009532] MMIO_RD size=4 addr=0x0e40 (RBBM_STATUS)
[009533] STATUS_RD RBBM_STATUS -> 0x00000040 (idle, 64 free)
[009534] MMIO_RD size=4 addr=0x1720 (WAIT_UNTIL)
[009535] MMIO_RD size=4 addr=0x0e40 (RBBM_STATUS)
[009536] STATUS_RD RBBM_STATUS -> 0x00000040 (idle, 64 free)
[009537] MMIO_RD size=4 addr=0x1720 (WAIT_UNTIL)
[009538] MMIO_RD size=4 addr=0x0e40 (RBBM_STATUS)
[009539] STATUS_RD RBBM_STATUS -> 0x00000040 (idle, 64 free)
[009540] MMIO_RD size=4 addr=0x1720 (WAIT_UNTIL)
[009541] MMIO_RD size=4 addr=0x0e40 (RBBM_STATUS)
[009542] STATUS_RD RBBM_STATUS -> 0x00000040 (idle, 64 free)
[009543] MMIO_RD size=4 addr=0x1720 (WAIT_UNTIL)
[009544] MMIO_RD size=4 addr=0x0e40 (RBBM_STATUS)
[009545] STATUS_RD RBBM_STATUS -> 0x00000040 (idle, 64 free)
[009546] MMIO_RD size=4 addr=0x1720 (WAIT_UNTIL)
[009547] MMIO_RD size=4 addr=0x0e40 (RBBM_STATUS)
[009548] STATUS_RD RBBM_STATUS -> 0x00000040 (idle, 64 free)
[009549] MMIO_RD size=4 addr=0x1720 (WAIT_UNTIL)
[009550] MMIO_RD size=4 addr=0x0e40 (RBBM_STATUS)
[009551] STATUS_RD RBBM_STATUS -> 0x00000040 (idle, 64 free)
[009552] MMIO_RD size=4 addr=0x1720 (WAIT_UNTIL)
[009553] MMIO_RD size=4 addr=0x0e40 (RBBM_STATUS)
[009554] STATUS_RD RBBM_STATUS -> 0x00000040 (idle, 64 free)
[009555] MMIO_RD size=4 addr=0x1720 (WAIT_UNTIL)
[009556] MMIO_RD size=4 addr=0x0e40 (RBBM_STATUS)
[009557] STATUS_RD RBBM_STATUS -> 0x00000040 (idle, 64 free)
[009558] MMIO_RD size=4 addr=0x1720 (WAIT_UNTIL)
[009559] MMIO_RD size=4 addr=0x0e40 (RBBM_STATUS)
[009560] STATUS_RD RBBM_STATUS -> 0x00000040 (idle, 64 free)
[009561] MMIO_RD size=4 addr=0x1720 (WAIT_UNTIL)
[009562] MMIO_RD size=4 addr=0x0e40 (RBBM_STATUS)
[009563] STATUS_RD RBBM_STATUS -> 0x00000040 (idle, 64 free)
[009564] MMIO_RD size=4 addr=0x1720 (WAIT_UNTIL)
[009565] MMIO_RD size=4 addr=0x0e40 (RBBM_STATUS)
[009566] STATUS_RD RBBM_STATUS -> 0x00000040 (idle, 64 free)
[009567] MMIO_RD size=4 addr=0x1720 (WAIT_UNTIL)
[009568] MMIO_RD size=4 addr=0x0e40 (RBBM_STATUS)
[009569] STATUS_RD RBBM_STATUS -> 0x00000040 (idle, 64 free)
[009570] MMIO_RD size=4 addr=0x1720 (WAIT_UNTIL)
[009571] MMIO_RD size=4 addr=0x0e40 (RBBM_STATUS)
[009572] STATUS_RD RBBM_STATUS -> 0x00000040 (idle, 64 free)
[009573] MMIO_RD size=4 addr=0x1720 (WAIT_UNTIL)
[009574] MMIO_RD size=4 addr=0x0e40 (RBBM_STATUS)
[009575] STATUS_RD RBBM_STATUS -> 0x00000040 (idle, 64 free)
[009576] MMIO_RD size=4 addr=0x1720 (WAIT_UNTIL)
[009577] MMIO_RD size=4 addr=0x0e40 (RBBM_STATUS)
[009578] STATUS_RD RBBM_STATUS -> 0x00000040 (idle, 64 free)
[009579] MMIO_RD size=4 addr=0x1720 (WAIT_UNTIL)
[009580] MMIO_RD size=4 addr=0x0e40 (RBBM_STATUS)
[009581] STATUS_RD RBBM_STATUS -> 0x00000040 (idle, 64 free)
[009582] MMIO_RD size=4 addr=0x1720 (WAIT_UNTIL)
[009583] MMIO_RD size=4 addr=0x0e40 (RBBM_STATUS)
[009584] STATUS_RD RBBM_STATUS -> 0x00000040 (idle, 64 free)
[009585] MMIO_RD size=4 addr=0x1720 (WAIT_UNTIL)
[009586] MMIO_RD size=4 addr=0x0e40 (RBBM_STATUS)
[009587] STATUS_RD RBBM_STATUS -> 0x00000040 (idle, 64 free)
[009588] MMIO_RD size=4 addr=0x1720 (WAIT_UNTIL)
[009589] MMIO_RD size=4 addr=0x0e40 (RBBM_STATUS)
[009590] STATUS_RD RBBM_STATUS -> 0x00000040 (idle, 64 free)
[009591] MMIO_RD size=4 addr=0x1720 (WAIT_UNTIL)
[009592] MMIO_RD size=4 addr=0x0e40 (RBBM_STATUS)
[009593] STATUS_RD RBBM_STATUS -> 0x00000040 (idle, 64 free)
[009594] MMIO_RD size=4 addr=0x1720 (WAIT_UNTIL)
[009595] MMIO_RD size=4 addr=0x0e40 (RBBM_STATUS)
[009596] STATUS_RD RBBM_STATUS -> 0x00000040 (idle, 64 free)
[009597] MMIO_RD size=4 addr=0x1720 (WAIT_UNTIL)
[009598] MMIO_RD size=4 addr=0x0e40 (RBBM_STATUS)
[009599] STATUS_RD RBBM_STATUS -> 0x00000040 (idle, 64 free)
[009600] MMIO_RD size=4 addr=0x1720 (WAIT_UNTIL)
[009601] MMIO_RD size=4 addr=0x0e40 (RBBM_STATUS)
[009602] STATUS_RD RBBM_STATUS -> 0x00000040 (idle, 64 free)
[009603] MMIO_RD size=4 addr=0x1720 (WAIT_UNTIL)
[009604] MMIO_RD size=4 addr=0x0e40 (RBBM_STATUS)
[009605] STATUS_RD RBBM_STATUS -> 0x00000040 (idle, 64 free)
[009606] MMIO_RD size=4 addr=0x1720 (WAIT_UNTIL)
[009607] MMIO_RD size=4 addr=0x0e40 (RBBM_STATUS)
[009608] STATUS_RD RBBM_STATUS -> 0x00000040 (idle, 64 free)
[009609] MMIO_RD size=4 addr=0x1720 (WAIT_UNTIL)
[009610] MMIO_RD size=4 addr=0x0e40 (RBBM_STATUS)
[009611] STATUS_RD RBBM_STATUS -> 0x00000040 (idle, 64 free)
[009612] MMIO_RD size=4 addr=0x1720 (WAIT_UNTIL)
[009613] MMIO_RD size=4 addr=0x0e40 (RBBM_STATUS)
[009614] STATUS_RD RBBM_STATUS -> 0x00000040 (idle, 64 free)
[009615] MMIO_RD size=4 addr=0x1720 (WAIT_UNTIL)
[009616] MMIO_RD size=4 addr=0x0e40 (RBBM_STATUS)
[009617] STATUS_RD RBBM_STATUS -> 0x00000040 (idle, 64 free)
[009618] MMIO_RD size=4 addr=0x1720 (WAIT_UNTIL)
[009619] MMIO_RD size=4 addr=0x0e40 (RBBM_STATUS)
[009620] STATUS_RD RBBM_STATUS -> 0x00000040 (idle, 64 free)
[009621] MMIO_RD size=4 addr=0x1720 (WAIT_UNTIL)
[009622] MMIO_RD size=4 addr=0x0e40 (RBBM_STATUS)
[009623] STATUS_RD RBBM_STATUS -> 0x00000040 (idle, 64 free)
[009624] MMIO_RD size=4 addr=0x1720 (WAIT_UNTIL)
[009625] MMIO_RD size=4 addr=0x0e40 (RBBM_STATUS)
[009626] STATUS_RD RBBM_STATUS -> 0x00000040 (idle, 64 free)
[009627] MMIO_RD size=4 addr=0x1720 (WAIT_UNTIL)
[009628] MMIO_RD size=4 addr=0x0e40 (RBBM_STATUS)
[009629] STATUS_RD RBBM_STATUS -> 0x00000040 (idle, 64 free)
[009630] MMIO_RD size=4 addr=0x1720 (WAIT_UNTIL)
[009631] MMIO_RD size=4 addr=0x0e40 (RBBM_STATUS)
[009632] STATUS_RD RBBM_STATUS -> 0x00000040 (idle, 64 free)
[009633] MMIO_RD size=4 addr=0x1720 (WAIT_UNTIL)
[009634] MMIO_RD size=4 addr=0x0e40 (RBBM_STATUS)
[009635] STATUS_RD RBBM_STATUS -> 0x00000040 (idle, 64 free)
[009636] MMIO_RD size=4 addr=0x1720 (WAIT_UNTIL)
[009637] MMIO_RD size=4 addr=0x0e40 (RBBM_STATUS)
[009638] STATUS_RD RBBM_STATUS -> 0x00000040 (idle, 64 free)
[009639] MMIO_RD size=4 addr=0x1720 (WAIT_UNTIL)
[009640] MMIO_RD size=4 addr=0x0e40 (RBBM_STATUS)
[009641] STATUS_RD RBBM_STATUS -> 0x00000040 (idle, 64 free)
[009642] MMIO_RD size=4 addr=0x1720 (WAIT_UNTIL)
[009643] MMIO_RD size=4 addr=0x0e40 (RBBM_STATUS)
[009644] STATUS_RD RBBM_STATUS -> 0x00000040 (idle, 64 free)
[009645] MMIO_RD size=4 addr=0x1720 (WAIT_UNTIL)
[009646] MMIO_RD size=4 addr=0x0e40 (RBBM_STATUS)
[009647] STATUS_RD RBBM_STATUS -> 0x00000040 (idle, 64 free)
[009648] MMIO_RD size=4 addr=0x1720 (WAIT_UNTIL)
[009649] MMIO_RD size=4 addr=0x0e40 (RBBM_STATUS)
[009650] STATUS_RD RBBM_STATUS -> 0x00000040 (idle, 64 free)
[009651] MMIO_RD size=4 addr=0x1720 (WAIT_UNTIL)
[009652] MMIO_RD size=4 addr=0x0e40 (RBBM_STATUS)
[009653] STATUS_RD RBBM_STATUS -> 0x00000040 (idle, 64 free)
[009654] MMIO_RD size=4 addr=0x1720 (WAIT_UNTIL)
[009655] MMIO_RD size=4 addr=0x0e40 (RBBM_STATUS)
[009656] STATUS_RD RBBM_STATUS -> 0x00000040 (idle, 64 free)
[009657] MMIO_RD size=4 addr=0x1720 (WAIT_UNTIL)
[009658] MMIO_RD size=4 addr=0x0e40 (RBBM_STATUS)
[009659] STATUS_RD RBBM_STATUS -> 0x00000040 (idle, 64 free)
[009660] MMIO_RD size=4 addr=0x1720 (WAIT_UNTIL)
[009661] MMIO_RD size=4 addr=0x0e40 (RBBM_STATUS)
[009662] STATUS_RD RBBM_STATUS -> 0x00000040 (idle, 64 free)
[009663] MMIO_RD size=4 addr=0x1720 (WAIT_UNTIL)
[009664] MMIO_RD size=4 addr=0x0e40 (RBBM_STATUS)
[009665] STATUS_RD RBBM_STATUS -> 0x00000040 (idle, 64 free)
[009666] MMIO_RD size=4 addr=0x1720 (WAIT_UNTIL)
[009667] MMIO_RD size=4 addr=0x0e40 (RBBM_STATUS)
[009668] STATUS_RD RBBM_STATUS -> 0x00000040 (idle, 64 free)
[009669] MMIO_RD size=4 addr=0x1720 (WAIT_UNTIL)
[009670] MMIO_RD size=4 addr=0x0e40 (RBBM_STATUS)
[009671] STATUS_RD RBBM_STATUS -> 0x00000040 (idle, 64 free)
[009672] MMIO_RD size=4 addr=0x1720 (WAIT_UNTIL)
[009673] MMIO_RD size=4 addr=0x0e40 (RBBM_STATUS)
[009674] STATUS_RD RBBM_STATUS -> 0x00000040 (idle, 64 free)
[009675] MMIO_RD size=4 addr=0x1720 (WAIT_UNTIL)
[009676] MMIO_RD size=4 addr=0x0e40 (RBBM_STATUS)
[009677] STATUS_RD RBBM_STATUS -> 0x00000040 (idle, 64 free)
[009678] MMIO_RD size=4 addr=0x1720 (WAIT_UNTIL)
[009679] MMIO_RD size=4 addr=0x0e40 (RBBM_STATUS)
[009680] STATUS_RD RBBM_STATUS -> 0x00000040 (idle, 64 free)
[009681] MMIO_RD size=4 addr=0x1720 (WAIT_UNTIL)
[009682] MMIO_RD size=4 addr=0x0e40 (RBBM_STATUS)
[009683] STATUS_RD RBBM_STATUS -> 0x00000040 (idle, 64 free)
[009684] MMIO_RD size=4 addr=0x1720 (WAIT_UNTIL)
[009685] MMIO_RD size=4 addr=0x0e40 (RBBM_STATUS)
[009686] STATUS_RD RBBM_STATUS -> 0x00000040 (idle, 64 free)
[009687] MMIO_RD size=4 addr=0x1720 (WAIT_UNTIL)
[009688] MMIO_RD size=4 addr=0x0e40 (RBBM_STATUS)
[009689] STATUS_RD RBBM_STATUS -> 0x00000040 (idle, 64 free)
[009690] MMIO_RD size=4 addr=0x1720 (WAIT_UNTIL)
[009691] MMIO_RD size=4 addr=0x0e40 (RBBM_STATUS)
[009692] STATUS_RD RBBM_STATUS -> 0x00000040 (idle, 64 free)
[009693] MMIO_RD size=4 addr=0x1720 (WAIT_UNTIL)
[009694] MMIO_RD size=4 addr=0x0e40 (RBBM_STATUS)
[009695] STATUS_RD RBBM_STATUS -> 0x00000040 (idle, 64 free)
[009696] MMIO_RD size=4 addr=0x1720 (WAIT_UNTIL)
[009697] MMIO_RD size=4 addr=0x0e40 (RBBM_STATUS)
[009698] STATUS_RD RBBM_STATUS -> 0x00000040 (idle, 64 free)
[009699] MMIO_RD size=4 addr=0x1720 (WAIT_UNTIL)
[009700] MMIO_RD size=4 addr=0x0e40 (RBBM_STATUS)
[009701] STATUS_RD RBBM_STATUS -> 0x00000040 (idle, 64 free)
[009702] MMIO_RD size=4 addr=0x1720 (WAIT_UNTIL)
[009703] MMIO_RD size=4 addr=0x0e40 (RBBM_STATUS)
[009704] STATUS_RD RBBM_STATUS -> 0x00000040 (idle, 64 free)
[009705] MMIO_RD size=4 addr=0x1720 (WAIT_UNTIL)
[009706] MMIO_RD size=4 addr=0x0e40 (RBBM_STATUS)
[009707] STATUS_RD RBBM_STATUS -> 0x00000040 (idle, 64 free)
[009708] MMIO_RD size=4 addr=0x1720 (WAIT_UNTIL)
[009709] MMIO_RD size=4 addr=0x0e40 (RBBM_STATUS)
[009710] STATUS_RD RBBM_STATUS -> 0x00000040 (idle, 64 free)
[009711] MMIO_RD size=4 addr=0x1720 (WAIT_UNTIL)
[009712] MMIO_RD size=4 addr=0x0e40 (RBBM_STATUS)
[009713] STATUS_RD RBBM_STATUS -> 0x00000040 (idle, 64 free)
[009714] MMIO_RD size=4 addr=0x1720 (WAIT_UNTIL)
[009715] MMIO_RD size=4 addr=0x0e40 (RBBM_STATUS)
[009716] STATUS_RD RBBM_STATUS -> 0x00000040 (idle, 64 free)
[009717] MMIO_RD size=4 addr=0x1720 (WAIT_UNTIL)
[009718] MMIO_RD size=4 addr=0x0e40 (RBBM_STATUS)
[009719] STATUS_RD RBBM_STATUS -> 0x00000040 (idle, 64 free)
[009720] MMIO_RD size=4 addr=0x1720 (WAIT_UNTIL)
[009721] MMIO_RD size=4 addr=0x0e40 (RBBM_STATUS)
[009722] STATUS_RD RBBM_STATUS -> 0x00000040 (idle, 64 free)
[009723] MMIO_RD size=4 addr=0x1720 (WAIT_UNTIL)
[009724] MMIO_RD size=4 addr=0x0e40 (RBBM_STATUS)
[009725] STATUS_RD RBBM_STATUS -> 0x00000040 (idle, 64 free)
[009726] MMIO_RD size=4 addr=0x1720 (WAIT_UNTIL)
[009727] MMIO_RD size=4 addr=0x0e40 (RBBM_STATUS)
[009728] STATUS_RD RBBM_STATUS -> 0x00000040 (idle, 64 free)
[009729] MMIO_RD size=4 addr=0x1720 (WAIT_UNTIL)
[009730] MMIO_RD size=4 addr=0x0e40 (RBBM_STATUS)
[009731] STATUS_RD RBBM_STATUS -> 0x00000040 (idle, 64 free)
[009732] MMIO_RD size=4 addr=0x1720 (WAIT_UNTIL)
[009733] MMIO_RD size=4 addr=0x0e40 (RBBM_STATUS)
[009734] STATUS_RD RBBM_STATUS -> 0x00000040 (idle, 64 free)
[009735] MMIO_RD size=4 addr=0x1720 (WAIT_UNTIL)
[009736] MMIO_RD size=4 addr=0x0e40 (RBBM_STATUS)
[009737] STATUS_RD RBBM_STATUS -> 0x00000040 (idle, 64 free)
[009738] MMIO_RD size=4 addr=0x1720 (WAIT_UNTIL)
[009739] MMIO_RD size=4 addr=0x0e40 (RBBM_STATUS)
[009740] STATUS_RD RBBM_STATUS -> 0x00000040 (idle, 64 free)
[009741] MMIO_RD size=4 addr=0x1720 (WAIT_UNTIL)
[009742] MMIO_RD size=4 addr=0x0e40 (RBBM_STATUS)
[009743] STATUS_RD RBBM_STATUS -> 0x00000040 (idle, 64 free)
[009744] MMIO_RD size=4 addr=0x1720 (WAIT_UNTIL)
[009745] MMIO_RD size=4 addr=0x0e40 (RBBM_STATUS)
[009746] STATUS_RD RBBM_STATUS -> 0x00000040 (idle, 64 free)
[009747] MMIO_RD size=4 addr=0x1720 (WAIT_UNTIL)
[009748] MMIO_RD size=4 addr=0x0e40 (RBBM_STATUS)
[009749] STATUS_RD RBBM_STATUS -> 0x00000040 (idle, 64 free)
[009750] MMIO_RD size=4 addr=0x1720 (WAIT_UNTIL)
[009751] MMIO_RD size=4 addr=0x0e40 (RBBM_STATUS)
[009752] STATUS_RD RBBM_STATUS -> 0x00000040 (idle, 64 free)
[009753] MMIO_RD size=4 addr=0x1720 (WAIT_UNTIL)
[009754] MMIO_RD size=4 addr=0x0e40 (RBBM_STATUS)
[009755] STATUS_RD RBBM_STATUS -> 0x00000040 (idle, 64 free)
[009756] MMIO_RD size=4 addr=0x1720 (WAIT_UNTIL)
[009757] MMIO_RD size=4 addr=0x0e40 (RBBM_STATUS)
[009758] STATUS_RD RBBM_STATUS -> 0x00000040 (idle, 64 free)
[009759] MMIO_RD size=4 addr=0x1720 (WAIT_UNTIL)
[009760] MMIO_RD size=4 addr=0x0e40 (RBBM_STATUS)
[009761] STATUS_RD RBBM_STATUS -> 0x00000040 (idle, 64 free)
[009762] MMIO_RD size=4 addr=0x1720 (WAIT_UNTIL)
[009763] MMIO_RD size=4 addr=0x0e40 (RBBM_STATUS)
[009764] STATUS_RD RBBM_STATUS -> 0x00000040 (idle, 64 free)
[009765] MMIO_RD size=4 addr=0x1720 (WAIT_UNTIL)
[009766] MMIO_RD size=4 addr=0x0e40 (RBBM_STATUS)
[009767] STATUS_RD RBBM_STATUS -> 0x00000040 (idle, 64 free)
[009768] MMIO_RD size=4 addr=0x1720 (WAIT_UNTIL)
[009769] MMIO_RD size=4 addr=0x0e40 (RBBM_STATUS)
[009770] STATUS_RD RBBM_STATUS -> 0x00000040 (idle, 64 free)
[009771] MMIO_RD size=4 addr=0x1720 (WAIT_UNTIL)
[009772] MMIO_RD size=4 addr=0x0e40 (RBBM_STATUS)
[009773] STATUS_RD RBBM_STATUS -> 0x00000040 (idle, 64 free)
[009774] MMIO_RD size=4 addr=0x1720 (WAIT_UNTIL)
[009775] MMIO_RD size=4 addr=0x0e40 (RBBM_STATUS)
[009776] STATUS_RD RBBM_STATUS -> 0x00000040 (idle, 64 free)
[009777] MMIO_RD size=4 addr=0x1720 (WAIT_UNTIL)
[009778] MMIO_RD size=4 addr=0x0e40 (RBBM_STATUS)
[009779] STATUS_RD RBBM_STATUS -> 0x00000040 (idle, 64 free)
[009780] MMIO_RD size=4 addr=0x1720 (WAIT_UNTIL)
[009781] MMIO_RD size=4 addr=0x0e40 (RBBM_STATUS)
[009782] STATUS_RD RBBM_STATUS -> 0x00000040 (idle, 64 free)
[009783] MMIO_RD size=4 addr=0x1720 (WAIT_UNTIL)
[009784] MMIO_RD size=4 addr=0x0e40 (RBBM_STATUS)
[009785] STATUS_RD RBBM_STATUS -> 0x00000040 (idle, 64 free)
[009786] MMIO_RD size=4 addr=0x1720 (WAIT_UNTIL)
[009787] MMIO_RD size=4 addr=0x0e40 (RBBM_STATUS)
[009788] STATUS_RD RBBM_STATUS -> 0x00000040 (idle, 64 free)
[009789] MMIO_RD size=4 addr=0x1720 (WAIT_UNTIL)
[009790] MMIO_RD size=4 addr=0x0e40 (RBBM_STATUS)
[009791] STATUS_RD RBBM_STATUS -> 0x00000040 (idle, 64 free)
[009792] MMIO_RD size=4 addr=0x1720 (WAIT_UNTIL)
[009793] MMIO_RD size=4 addr=0x0e40 (RBBM_STATUS)
[009794] STATUS_RD RBBM_STATUS -> 0x00000040 (idle, 64 free)
[009795] MMIO_RD size=4 addr=0x1720 (WAIT_UNTIL)
[009796] MMIO_RD size=4 addr=0x0e40 (RBBM_STATUS)
[009797] STATUS_RD RBBM_STATUS -> 0x00000040 (idle, 64 free)
[009798] MMIO_RD size=4 addr=0x1720 (WAIT_UNTIL)
[009799] MMIO_RD size=4 addr=0x0e40 (RBBM_STATUS)
[009800] STATUS_RD RBBM_STATUS -> 0x00000040 (idle, 64 free)
[009801] MMIO_RD size=4 addr=0x1720 (WAIT_UNTIL)
[009802] MMIO_RD size=4 addr=0x0e40 (RBBM_STATUS)
[009803] STATUS_RD RBBM_STATUS -> 0x00000040 (idle, 64 free)
[009804] MMIO_RD size=4 addr=0x1720 (WAIT_UNTIL)
[009805] MMIO_RD size=4 addr=0x0e40 (RBBM_STATUS)
[009806] STATUS_RD RBBM_STATUS -> 0x00000040 (idle, 64 free)
[009807] MMIO_RD size=4 addr=0x1720 (WAIT_UNTIL)
[009808] MMIO_RD size=4 addr=0x0e40 (RBBM_STATUS)
[009809] STATUS_RD RBBM_STATUS -> 0x00000040 (idle, 64 free)
[009810] MMIO_RD size=4 addr=0x1720 (WAIT_UNTIL)
[009811] MMIO_RD size=4 addr=0x0e40 (RBBM_STATUS)
[009812] STATUS_RD RBBM_STATUS -> 0x00000040 (idle, 64 free)
[009813] MMIO_RD size=4 addr=0x1720 (WAIT_UNTIL)
[009814] MMIO_RD size=4 addr=0x0e40 (RBBM_STATUS)
[009815] STATUS_RD RBBM_STATUS -> 0x00000040 (idle, 64 free)
[009816] MMIO_RD size=4 addr=0x1720 (WAIT_UNTIL)
[009817] MMIO_RD size=4 addr=0x0e40 (RBBM_STATUS)
[009818] STATUS_RD RBBM_STATUS -> 0x00000040 (idle, 64 free)
[009819] MMIO_RD size=4 addr=0x1720 (WAIT_UNTIL)
[009820] MMIO_RD size=4 addr=0x0e40 (RBBM_STATUS)
[009821] STATUS_RD RBBM_STATUS -> 0x00000040 (idle, 64 free)
[009822] MMIO_RD size=4 addr=0x1720 (WAIT_UNTIL)
[009823] MMIO_RD size=4 addr=0x0e40 (RBBM_STATUS)
[009824] STATUS_RD RBBM_STATUS -> 0x00000040 (idle, 64 free)
[009825] MMIO_RD size=4 addr=0x1720 (WAIT_UNTIL)
[009826] MMIO_RD size=4 addr=0x0e40 (RBBM_STATUS)
[009827] STATUS_RD RBBM_STATUS -> 0x00000040 (idle, 64 free)
[009828] MMIO_RD size=4 addr=0x1720 (WAIT_UNTIL)
[009829] MMIO_RD size=4 addr=0x0e40 (RBBM_STATUS)
[009830] STATUS_RD RBBM_STATUS -> 0x00000040 (idle, 64 free)
[009831] MMIO_RD size=4 addr=0x1720 (WAIT_UNTIL)
[009832] MMIO_RD size=4 addr=0x0e40 (RBBM_STATUS)
[009833] STATUS_RD RBBM_STATUS -> 0x00000040 (idle, 64 free)
[009834] MMIO_RD size=4 addr=0x1720 (WAIT_UNTIL)
[009835] MMIO_RD size=4 addr=0x0e40 (RBBM_STATUS)
[009836] STATUS_RD RBBM_STATUS -> 0x00000040 (idle, 64 free)
[009837] MMIO_RD size=4 addr=0x1720 (WAIT_UNTIL)
[009838] MMIO_RD size=4 addr=0x0e40 (RBBM_STATUS)
[009839] STATUS_RD RBBM_STATUS -> 0x00000040 (idle, 64 free)
[009840] MMIO_RD size=4 addr=0x1720 (WAIT_UNTIL)
[009841] MMIO_RD size=4 addr=0x0e40 (RBBM_STATUS)
[009842] STATUS_RD RBBM_STATUS -> 0x00000040 (idle, 64 free)
[009843] MMIO_RD size=4 addr=0x1720 (WAIT_UNTIL)
[009844] MMIO_RD size=4 addr=0x0e40 (RBBM_STATUS)
[009845] STATUS_RD RBBM_STATUS -> 0x00000040 (idle, 64 free)
[009846] MMIO_RD size=4 addr=0x1720 (WAIT_UNTIL)
[009847] MMIO_RD size=4 addr=0x0e40 (RBBM_STATUS)
[009848] STATUS_RD RBBM_STATUS -> 0x00000040 (idle, 64 free)
[009849] MMIO_RD size=4 addr=0x1720 (WAIT_UNTIL)
[009850] MMIO_RD size=4 addr=0x0e40 (RBBM_STATUS)
[009851] STATUS_RD RBBM_STATUS -> 0x00000040 (idle, 64 free)
[009852] MMIO_RD size=4 addr=0x1720 (WAIT_UNTIL)
[009853] MMIO_RD size=4 addr=0x0e40 (RBBM_STATUS)
[009854] STATUS_RD RBBM_STATUS -> 0x00000040 (idle, 64 free)
[009855] MMIO_RD size=4 addr=0x1720 (WAIT_UNTIL)
[009856] MMIO_RD size=4 addr=0x0e40 (RBBM_STATUS)
[009857] STATUS_RD RBBM_STATUS -> 0x00000040 (idle, 64 free)
[009858] MMIO_RD size=4 addr=0x1720 (WAIT_UNTIL)
[009859] MMIO_RD size=4 addr=0x0e40 (RBBM_STATUS)
[009860] STATUS_RD RBBM_STATUS -> 0x00000040 (idle, 64 free)
[009861] MMIO_RD size=4 addr=0x1720 (WAIT_UNTIL)
[009862] MMIO_RD size=4 addr=0x0e40 (RBBM_STATUS)
[009863] STATUS_RD RBBM_STATUS -> 0x00000040 (idle, 64 free)
[009864] MMIO_RD size=4 addr=0x1720 (WAIT_UNTIL)
[009865] MMIO_RD size=4 addr=0x0e40 (RBBM_STATUS)
[009866] STATUS_RD RBBM_STATUS -> 0x00000040 (idle, 64 free)
[009867] MMIO_RD size=4 addr=0x1720 (WAIT_UNTIL)
[009868] MMIO_RD size=4 addr=0x0e40 (RBBM_STATUS)
[009869] STATUS_RD RBBM_STATUS -> 0x00000040 (idle, 64 free)
[009870] MMIO_RD size=4 addr=0x1720 (WAIT_UNTIL)
[009871] MMIO_RD size=4 addr=0x0e40 (RBBM_STATUS)
[009872] STATUS_RD RBBM_STATUS -> 0x00000040 (idle, 64 free)
[009873] MMIO_RD size=4 addr=0x1720 (WAIT_UNTIL)
[009874] MMIO_RD size=4 addr=0x0e40 (RBBM_STATUS)
[009875] STATUS_RD RBBM_STATUS -> 0x00000040 (idle, 64 free)
[009876] MMIO_RD size=4 addr=0x1720 (WAIT_UNTIL)
[009877] MMIO_RD size=4 addr=0x0e40 (RBBM_STATUS)
[009878] STATUS_RD RBBM_STATUS -> 0x00000040 (idle, 64 free)
[009879] MMIO_RD size=4 addr=0x1720 (WAIT_UNTIL)
[009880] MMIO_RD size=4 addr=0x0e40 (RBBM_STATUS)
[009881] STATUS_RD RBBM_STATUS -> 0x00000040 (idle, 64 free)
[009882] MMIO_RD size=4 addr=0x1720 (WAIT_UNTIL)
[009883] MMIO_RD size=4 addr=0x0e40 (RBBM_STATUS)
[009884] STATUS_RD RBBM_STATUS -> 0x00000040 (idle, 64 free)
[009885] MMIO_RD size=4 addr=0x1720 (WAIT_UNTIL)
[009886] MMIO_RD size=4 addr=0x0e40 (RBBM_STATUS)
[009887] STATUS_RD RBBM_STATUS -> 0x00000040 (idle, 64 free)
[009888] MMIO_RD size=4 addr=0x1720 (WAIT_UNTIL)
[009889] MMIO_RD size=4 addr=0x0e40 (RBBM_STATUS)
[009890] STATUS_RD RBBM_STATUS -> 0x00000040 (idle, 64 free)
[009891] MMIO_RD size=4 addr=0x1720 (WAIT_UNTIL)
[009892] MMIO_RD size=4 addr=0x0e40 (RBBM_STATUS)
[009893] STATUS_RD RBBM_STATUS -> 0x00000040 (idle, 64 free)
[009894] MMIO_RD size=4 addr=0x1720 (WAIT_UNTIL)
[009895] MMIO_RD size=4 addr=0x0e40 (RBBM_STATUS)
[009896] STATUS_RD RBBM_STATUS -> 0x00000040 (idle, 64 free)
[009897] MMIO_RD size=4 addr=0x1720 (WAIT_UNTIL)
[009898] MMIO_RD size=4 addr=0x0e40 (RBBM_STATUS)
[009899] STATUS_RD RBBM_STATUS -> 0x00000040 (idle, 64 free)
[009900] MMIO_RD size=4 addr=0x1720 (WAIT_UNTIL)
[009901] MMIO_RD size=4 addr=0x0e40 (RBBM_STATUS)
[009902] STATUS_RD RBBM_STATUS -> 0x00000040 (idle, 64 free)
[009903] MMIO_RD size=4 addr=0x1720 (WAIT_UNTIL)
[009904] MMIO_RD size=4 addr=0x0e40 (RBBM_STATUS)
[009905] STATUS_RD RBBM_STATUS -> 0x00000040 (idle, 64 free)
[009906] MMIO_RD size=4 addr=0x1720 (WAIT_UNTIL)
[009907] MMIO_RD size=4 addr=0x0e40 (RBBM_STATUS)
[009908] STATUS_RD RBBM_STATUS -> 0x00000040 (idle, 64 free)
[009909] MMIO_RD size=4 addr=0x1720 (WAIT_UNTIL)
[009910] MMIO_RD size=4 addr=0x0e40 (RBBM_STATUS)
[009911] STATUS_RD RBBM_STATUS -> 0x00000040 (idle, 64 free)
[009912] MMIO_RD size=4 addr=0x1720 (WAIT_UNTIL)
[009913] MMIO_RD size=4 addr=0x0e40 (RBBM_STATUS)
[009914] STATUS_RD RBBM_STATUS -> 0x00000040 (idle, 64 free)
[009915] MMIO_RD size=4 addr=0x1720 (WAIT_UNTIL)
[009916] MMIO_RD size=4 addr=0x0e40 (RBBM_STATUS)
[009917] STATUS_RD RBBM_STATUS -> 0x00000040 (idle, 64 free)
[009918] MMIO_RD size=4 addr=0x1720 (WAIT_UNTIL)
[009919] MMIO_RD size=4 addr=0x0e40 (RBBM_STATUS)
[009920] STATUS_RD RBBM_STATUS -> 0x00000040 (idle, 64 free)
[009921] MMIO_RD size=4 addr=0x1720 (WAIT_UNTIL)
[009922] MMIO_RD size=4 addr=0x0e40 (RBBM_STATUS)
[009923] STATUS_RD RBBM_STATUS -> 0x00000040 (idle, 64 free)
[009924] MMIO_RD size=4 addr=0x1720 (WAIT_UNTIL)
[009925] MMIO_RD size=4 addr=0x0e40 (RBBM_STATUS)
[009926] STATUS_RD RBBM_STATUS -> 0x00000040 (idle, 64 free)
[009927] MMIO_RD size=4 addr=0x1720 (WAIT_UNTIL)
[009928] MMIO_RD size=4 addr=0x0e40 (RBBM_STATUS)
[009929] STATUS_RD RBBM_STATUS -> 0x00000040 (idle, 64 free)
[009930] MMIO_RD size=4 addr=0x1720 (WAIT_UNTIL)
[009931] MMIO_RD size=4 addr=0x0e40 (RBBM_STATUS)
[009932] STATUS_RD RBBM_STATUS -> 0x00000040 (idle, 64 free)
[009933] MMIO_RD size=4 addr=0x1720 (WAIT_UNTIL)
[009934] MMIO_RD size=4 addr=0x0e40 (RBBM_STATUS)
[009935] STATUS_RD RBBM_STATUS -> 0x00000040 (idle, 64 free)
[009936] MMIO_RD size=4 addr=0x1720 (WAIT_UNTIL)
[009937] MMIO_RD size=4 addr=0x0e40 (RBBM_STATUS)
[009938] STATUS_RD RBBM_STATUS -> 0x00000040 (idle, 64 free)
[009939] MMIO_RD size=4 addr=0x1720 (WAIT_UNTIL)
[009940] MMIO_RD size=4 addr=0x0e40 (RBBM_STATUS)
[009941] STATUS_RD RBBM_STATUS -> 0x00000040 (idle, 64 free)
[009942] MMIO_RD size=4 addr=0x1720 (WAIT_UNTIL)
[009943] MMIO_RD size=4 addr=0x0e40 (RBBM_STATUS)
[009944] STATUS_RD RBBM_STATUS -> 0x00000040 (idle, 64 free)
[009945] MMIO_RD size=4 addr=0x1720 (WAIT_UNTIL)
[009946] MMIO_RD size=4 addr=0x0e40 (RBBM_STATUS)
[009947] STATUS_RD RBBM_STATUS -> 0x00000040 (idle, 64 free)
[009948] MMIO_RD size=4 addr=0x1720 (WAIT_UNTIL)
[009949] MMIO_RD size=4 addr=0x0e40 (RBBM_STATUS)
[009950] STATUS_RD RBBM_STATUS -> 0x00000040 (idle, 64 free)
[009951] MMIO_RD size=4 addr=0x1720 (WAIT_UNTIL)
[009952] MMIO_RD size=4 addr=0x0e40 (RBBM_STATUS)
[009953] STATUS_RD RBBM_STATUS -> 0x00000040 (idle, 64 free)
[009954] MMIO_RD size=4 addr=0x1720 (WAIT_UNTIL)
[009955] MMIO_RD size=4 addr=0x0e40 (RBBM_STATUS)
[009956] STATUS_RD RBBM_STATUS -> 0x00000040 (idle, 64 free)
[009957] MMIO_RD size=4 addr=0x1720 (WAIT_UNTIL)
[009958] MMIO_RD size=4 addr=0x0e40 (RBBM_STATUS)
[009959] STATUS_RD RBBM_STATUS -> 0x00000040 (idle, 64 free)
[009960] MMIO_RD size=4 addr=0x1720 (WAIT_UNTIL)
[009961] MMIO_RD size=4 addr=0x0e40 (RBBM_STATUS)
[009962] STATUS_RD RBBM_STATUS -> 0x00000040 (idle, 64 free)
[009963] MMIO_RD size=4 addr=0x1720 (WAIT_UNTIL)
[009964] MMIO_RD size=4 addr=0x0e40 (RBBM_STATUS)
[009965] STATUS_RD RBBM_STATUS -> 0x00000040 (idle, 64 free)
[009966] MMIO_RD size=4 addr=0x1720 (WAIT_UNTIL)
[009967] MMIO_RD size=4 addr=0x0e40 (RBBM_STATUS)
[009968] STATUS_RD RBBM_STATUS -> 0x00000040 (idle, 64 free)
[009969] MMIO_RD size=4 addr=0x1720 (WAIT_UNTIL)
[009970] MMIO_RD size=4 addr=0x0e40 (RBBM_STATUS)
[009971] STATUS_RD RBBM_STATUS -> 0x00000040 (idle, 64 free)
[009972] MMIO_RD size=4 addr=0x1720 (WAIT_UNTIL)
[009973] MMIO_RD size=4 addr=0x0e40 (RBBM_STATUS)
[009974] STATUS_RD RBBM_STATUS -> 0x00000040 (idle, 64 free)
[009975] MMIO_RD size=4 addr=0x1720 (WAIT_UNTIL)
[009976] MMIO_RD size=4 addr=0x0e40 (RBBM_STATUS)
[009977] STATUS_RD RBBM_STATUS -> 0x00000040 (idle, 64 free)
[009978] MMIO_RD size=4 addr=0x1720 (WAIT_UNTIL)
[009979] MMIO_RD size=4 addr=0x0e40 (RBBM_STATUS)
[009980] STATUS_RD RBBM_STATUS -> 0x00000040 (idle, 64 free)
[009981] MMIO_RD size=4 addr=0x1720 (WAIT_UNTIL)
[009982] MMIO_RD size=4 addr=0x0e40 (RBBM_STATUS)
[009983] STATUS_RD RBBM_STATUS -> 0x00000040 (idle, 64 free)
[009984] MMIO_RD size=4 addr=0x1720 (WAIT_UNTIL)
[009985] MMIO_RD size=4 addr=0x0e40 (RBBM_STATUS)
[009986] STATUS_RD RBBM_STATUS -> 0x00000040 (idle, 64 free)
[009987] MMIO_RD size=4 addr=0x1720 (WAIT_UNTIL)
[009988] MMIO_RD size=4 addr=0x0e40 (RBBM_STATUS)
[009989] STATUS_RD RBBM_STATUS -> 0x00000040 (idle, 64 free)
[009990] MMIO_RD size=4 addr=0x1720 (WAIT_UNTIL)
[009991] MMIO_RD size=4 addr=0x0e40 (RBBM_STATUS)
[009992] STATUS_RD RBBM_STATUS -> 0x00000040 (idle, 64 free)
[009993] MMIO_RD size=4 addr=0x1720 (WAIT_UNTIL)
[009994] MMIO_RD size=4 addr=0x0e40 (RBBM_STATUS)
[009995] STATUS_RD RBBM_STATUS -> 0x00000040 (idle, 64 free)
[009996] MMIO_RD size=4 addr=0x1720 (WAIT_UNTIL)
[009997] MMIO_RD size=4 addr=0x0e40 (RBBM_STATUS)
[009998] STATUS_RD RBBM_STATUS -> 0x00000040 (idle, 64 free)
[009999] MMIO_RD size=4 addr=0x1720 (WAIT_UNTIL)
[010000] MMIO_RD size=4 addr=0x0e40 (RBBM_STATUS)
[010001] STATUS_RD RBBM_STATUS -> 0x00000040 (idle, 64 free)
[010002] MMIO_RD size=4 addr=0x1720 (WAIT_UNTIL)
[010003] MMIO_RD size=4 addr=0x0e40 (RBBM_STATUS)
[010004] STATUS_RD RBBM_STATUS -> 0x00000040 (idle, 64 free)
[010005] MMIO_RD size=4 addr=0x1720 (WAIT_UNTIL)
[010006] MMIO_RD size=4 addr=0x0e40 (RBBM_STATUS)
[010007] STATUS_RD RBBM_STATUS -> 0x00000040 (idle, 64 free)
[010008] MMIO_RD size=4 addr=0x1720 (WAIT_UNTIL)
[010009] MMIO_RD size=4 addr=0x0e40 (RBBM_STATUS)
[010010] STATUS_RD RBBM_STATUS -> 0x00000040 (idle, 64 free)
[010011] MMIO_RD size=4 addr=0x1720 (WAIT_UNTIL)
[010012] MMIO_RD size=4 addr=0x0e40 (RBBM_STATUS)
[010013] STATUS_RD RBBM_STATUS -> 0x00000040 (idle, 64 free)
[010014] MMIO_RD size=4 addr=0x1720 (WAIT_UNTIL)
[010015] MMIO_RD size=4 addr=0x0e40 (RBBM_STATUS)
[010016] STATUS_RD RBBM_STATUS -> 0x00000040 (idle, 64 free)
[010017] MMIO_RD size=4 addr=0x1720 (WAIT_UNTIL)
[010018] MMIO_RD size=4 addr=0x0e40 (RBBM_STATUS)
[010019] STATUS_RD RBBM_STATUS -> 0x00000040 (idle, 64 free)
[010020] MMIO_RD size=4 addr=0x1720 (WAIT_UNTIL)
[010021] MMIO_RD size=4 addr=0x0e40 (RBBM_STATUS)
[010022] STATUS_RD RBBM_STATUS -> 0x00000040 (idle, 64 free)
[010023] MMIO_RD size=4 addr=0x1720 (WAIT_UNTIL)
[010024] MMIO_RD size=4 addr=0x0e40 (RBBM_STATUS)
[010025] STATUS_RD RBBM_STATUS -> 0x00000040 (idle, 64 free)
[010026] MMIO_RD size=4 addr=0x1720 (WAIT_UNTIL)
[010027] MMIO_RD size=4 addr=0x0e40 (RBBM_STATUS)
[010028] STATUS_RD RBBM_STATUS -> 0x00000040 (idle, 64 free)
[010029] MMIO_RD size=4 addr=0x1720 (WAIT_UNTIL)
[010030] MMIO_RD size=4 addr=0x0e40 (RBBM_STATUS)
[010031] STATUS_RD RBBM_STATUS -> 0x00000040 (idle, 64 free)
[010032] MMIO_RD size=4 addr=0x1720 (WAIT_UNTIL)
[010033] MMIO_RD size=4 addr=0x0e40 (RBBM_STATUS)
[010034] STATUS_RD RBBM_STATUS -> 0x00000040 (idle, 64 free)
[010035] MMIO_RD size=4 addr=0x1720 (WAIT_UNTIL)
[010036] MMIO_RD size=4 addr=0x0e40 (RBBM_STATUS)
[010037] STATUS_RD RBBM_STATUS -> 0x00000040 (idle, 64 free)
[010038] MMIO_RD size=4 addr=0x1720 (WAIT_UNTIL)
[010039] MMIO_RD size=4 addr=0x0e40 (RBBM_STATUS)
[010040] STATUS_RD RBBM_STATUS -> 0x00000040 (idle, 64 free)
[010041] MMIO_RD size=4 addr=0x1720 (WAIT_UNTIL)
[010042] MMIO_RD size=4 addr=0x0e40 (RBBM_STATUS)
[010043] STATUS_RD RBBM_STATUS -> 0x00000040 (idle, 64 free)
[010044] MMIO_RD size=4 addr=0x1720 (WAIT_UNTIL)
[010045] MMIO_RD size=4 addr=0x0e40 (RBBM_STATUS)
[010046] STATUS_RD RBBM_STATUS -> 0x00000040 (idle, 64 free)
[010047] MMIO_RD size=4 addr=0x1720 (WAIT_UNTIL)
[010048] MMIO_RD size=4 addr=0x0e40 (RBBM_STATUS)
[010049] STATUS_RD RBBM_STATUS -> 0x00000040 (idle, 64 free)
[010050] MMIO_RD size=4 addr=0x1720 (WAIT_UNTIL)
[010051] MMIO_RD size=4 addr=0x0e40 (RBBM_STATUS)
[010052] STATUS_RD RBBM_STATUS -> 0x00000040 (idle, 64 free)
[010053] MMIO_RD size=4 addr=0x1720 (WAIT_UNTIL)
[010054] MMIO_RD size=4 addr=0x0e40 (RBBM_STATUS)
[010055] STATUS_RD RBBM_STATUS -> 0x00000040 (idle, 64 free)
[010056] MMIO_RD size=4 addr=0x1720 (WAIT_UNTIL)
[010057] MMIO_RD size=4 addr=0x0e40 (RBBM_STATUS)
[010058] STATUS_RD RBBM_STATUS -> 0x00000040 (idle, 64 free)
[010059] MMIO_RD size=4 addr=0x1720 (WAIT_UNTIL)
[010060] MMIO_RD size=4 addr=0x0e40 (RBBM_STATUS)
[010061] STATUS_RD RBBM_STATUS -> 0x00000040 (idle, 64 free)
[010062] MMIO_RD size=4 addr=0x1720 (WAIT_UNTIL)
[010063] MMIO_RD size=4 addr=0x0e40 (RBBM_STATUS)
[010064] STATUS_RD RBBM_STATUS -> 0x00000040 (idle, 64 free)
[010065] MMIO_RD size=4 addr=0x1720 (WAIT_UNTIL)
[010066] MMIO_RD size=4 addr=0x0e40 (RBBM_STATUS)
[010067] STATUS_RD RBBM_STATUS -> 0x00000040 (idle, 64 free)
[010068] MMIO_RD size=4 addr=0x1720 (WAIT_UNTIL)
[010069] MMIO_RD size=4 addr=0x0e40 (RBBM_STATUS)
[010070] STATUS_RD RBBM_STATUS -> 0x00000040 (idle, 64 free)
[010071] MMIO_RD size=4 addr=0x1720 (WAIT_UNTIL)
[010072] MMIO_RD size=4 addr=0x0e40 (RBBM_STATUS)
[010073] STATUS_RD RBBM_STATUS -> 0x00000040 (idle, 64 free)
[010074] MMIO_RD size=4 addr=0x1720 (WAIT_UNTIL)
[010075] MMIO_RD size=4 addr=0x0e40 (RBBM_STATUS)
[010076] STATUS_RD RBBM_STATUS -> 0x00000040 (idle, 64 free)
[010077] MMIO_RD size=4 addr=0x1720 (WAIT_UNTIL)
[010078] MMIO_RD size=4 addr=0x0e40 (RBBM_STATUS)
[010079] STATUS_RD RBBM_STATUS -> 0x00000040 (idle, 64 free)
[010080] MMIO_RD size=4 addr=0x1720 (WAIT_UNTIL)
[010081] MMIO_RD size=4 addr=0x0e40 (RBBM_STATUS)
[010082] STATUS_RD RBBM_STATUS -> 0x00000040 (idle, 64 free)
[010083] MMIO_RD size=4 addr=0x1720 (WAIT_UNTIL)
[010084] MMIO_RD size=4 addr=0x0e40 (RBBM_STATUS)
[010085] STATUS_RD RBBM_STATUS -> 0x00000040 (idle, 64 free)
[010086] MMIO_RD size=4 addr=0x1720 (WAIT_UNTIL)
[010087] MMIO_RD size=4 addr=0x0e40 (RBBM_STATUS)
[010088] STATUS_RD RBBM_STATUS -> 0x00000040 (idle, 64 free)
[010089] MMIO_RD size=4 addr=0x1720 (WAIT_UNTIL)
[010090] MMIO_RD size=4 addr=0x0e40 (RBBM_STATUS)
[010091] STATUS_RD RBBM_STATUS -> 0x00000040 (idle, 64 free)
[010092] MMIO_RD size=4 addr=0x1720 (WAIT_UNTIL)
[010093] MMIO_RD size=4 addr=0x0e40 (RBBM_STATUS)
[010094] STATUS_RD RBBM_STATUS -> 0x00000040 (idle, 64 free)
[010095] MMIO_RD size=4 addr=0x1720 (WAIT_UNTIL)
[010096] MMIO_RD size=4 addr=0x0e40 (RBBM_STATUS)
[010097] STATUS_RD RBBM_STATUS -> 0x00000040 (idle, 64 free)
[010098] MMIO_RD size=4 addr=0x1720 (WAIT_UNTIL)
[010099] MMIO_RD size=4 addr=0x0e40 (RBBM_STATUS)
[010100] STATUS_RD RBBM_STATUS -> 0x00000040 (idle, 64 free)
[010101] MMIO_RD size=4 addr=0x1720 (WAIT_UNTIL)
[010102] MMIO_RD size=4 addr=0x0e40 (RBBM_STATUS)
[010103] STATUS_RD RBBM_STATUS -> 0x00000040 (idle, 64 free)
[010104] MMIO_RD size=4 addr=0x1720 (WAIT_UNTIL)
[010105] MMIO_RD size=4 addr=0x0e40 (RBBM_STATUS)
[010106] STATUS_RD RBBM_STATUS -> 0x00000040 (idle, 64 free)
[010107] MMIO_RD size=4 addr=0x1720 (WAIT_UNTIL)
[010108] MMIO_RD size=4 addr=0x0e40 (RBBM_STATUS)
[010109] STATUS_RD RBBM_STATUS -> 0x00000040 (idle, 64 free)
[010110] MMIO_RD size=4 addr=0x1720 (WAIT_UNTIL)
[010111] MMIO_RD size=4 addr=0x0e40 (RBBM_STATUS)
[010112] STATUS_RD RBBM_STATUS -> 0x00000040 (idle, 64 free)
[010113] MMIO_RD size=4 addr=0x1720 (WAIT_UNTIL)
[010114] MMIO_RD size=4 addr=0x0e40 (RBBM_STATUS)
[010115] STATUS_RD RBBM_STATUS -> 0x00000040 (idle, 64 free)
[010116] MMIO_RD size=4 addr=0x1720 (WAIT_UNTIL)
[010117] MMIO_RD size=4 addr=0x0e40 (RBBM_STATUS)
[010118] STATUS_RD RBBM_STATUS -> 0x00000040 (idle, 64 free)
[010119] MMIO_RD size=4 addr=0x1720 (WAIT_UNTIL)
[010120] MMIO_RD size=4 addr=0x0e40 (RBBM_STATUS)
[010121] STATUS_RD RBBM_STATUS -> 0x00000040 (idle, 64 free)
[010122] MMIO_RD size=4 addr=0x1720 (WAIT_UNTIL)
[010123] MMIO_RD size=4 addr=0x0e40 (RBBM_STATUS)
[010124] STATUS_RD RBBM_STATUS -> 0x00000040 (idle, 64 free)
[010125] MMIO_RD size=4 addr=0x1720 (WAIT_UNTIL)
[010126] MMIO_RD size=4 addr=0x0e40 (RBBM_STATUS)
[010127] STATUS_RD RBBM_STATUS -> 0x00000040 (idle, 64 free)
[010128] MMIO_RD size=4 addr=0x1720 (WAIT_UNTIL)
[010129] MMIO_RD size=4 addr=0x0e40 (RBBM_STATUS)
[010130] STATUS_RD RBBM_STATUS -> 0x00000040 (idle, 64 free)
[010131] MMIO_RD size=4 addr=0x1720 (WAIT_UNTIL)
[010132] MMIO_RD size=4 addr=0x0e40 (RBBM_STATUS)
[010133] STATUS_RD RBBM_STATUS -> 0x00000040 (idle, 64 free)
[010134] MMIO_RD size=4 addr=0x1720 (WAIT_UNTIL)
[010135] MMIO_RD size=4 addr=0x0e40 (RBBM_STATUS)
[010136] STATUS_RD RBBM_STATUS -> 0x00000040 (idle, 64 free)
[010137] MMIO_RD size=4 addr=0x1720 (WAIT_UNTIL)
[010138] MMIO_RD size=4 addr=0x0e40 (RBBM_STATUS)
[010139] STATUS_RD RBBM_STATUS -> 0x00000040 (idle, 64 free)
[010140] MMIO_RD size=4 addr=0x1720 (WAIT_UNTIL)
[010141] MMIO_RD size=4 addr=0x0e40 (RBBM_STATUS)
[010142] STATUS_RD RBBM_STATUS -> 0x00000040 (idle, 64 free)
[010143] MMIO_RD size=4 addr=0x1720 (WAIT_UNTIL)
[010144] MMIO_RD size=4 addr=0x0e40 (RBBM_STATUS)
[010145] STATUS_RD RBBM_STATUS -> 0x00000040 (idle, 64 free)
[010146] MMIO_RD size=4 addr=0x1720 (WAIT_UNTIL)
[010147] MMIO_RD size=4 addr=0x0e40 (RBBM_STATUS)
[010148] STATUS_RD RBBM_STATUS -> 0x00000040 (idle, 64 free)
[010149] MMIO_RD size=4 addr=0x1720 (WAIT_UNTIL)
[010150] MMIO_RD size=4 addr=0x0e40 (RBBM_STATUS)
[010151] STATUS_RD RBBM_STATUS -> 0x00000040 (idle, 64 free)
[010152] MMIO_RD size=4 addr=0x1720 (WAIT_UNTIL)
[010153] MMIO_RD size=4 addr=0x0e40 (RBBM_STATUS)
[010154] STATUS_RD RBBM_STATUS -> 0x00000040 (idle, 64 free)
[010155] MMIO_RD size=4 addr=0x1720 (WAIT_UNTIL)
[010156] MMIO_RD size=4 addr=0x0e40 (RBBM_STATUS)
[010157] STATUS_RD RBBM_STATUS -> 0x00000040 (idle, 64 free)
[010158] MMIO_RD size=4 addr=0x1720 (WAIT_UNTIL)
[010159] MMIO_RD size=4 addr=0x0e40 (RBBM_STATUS)
[010160] STATUS_RD RBBM_STATUS -> 0x00000040 (idle, 64 free)
[010161] MMIO_RD size=4 addr=0x1720 (WAIT_UNTIL)
[010162] MMIO_RD size=4 addr=0x0e40 (RBBM_STATUS)
[010163] STATUS_RD RBBM_STATUS -> 0x00000040 (idle, 64 free)
[010164] MMIO_RD size=4 addr=0x1720 (WAIT_UNTIL)
[010165] MMIO_RD size=4 addr=0x0e40 (RBBM_STATUS)
[010166] STATUS_RD RBBM_STATUS -> 0x00000040 (idle, 64 free)
[010167] MMIO_RD size=4 addr=0x1720 (WAIT_UNTIL)
[010168] MMIO_RD size=4 addr=0x0e40 (RBBM_STATUS)
[010169] STATUS_RD RBBM_STATUS -> 0x00000040 (idle, 64 free)
[010170] MMIO_RD size=4 addr=0x1720 (WAIT_UNTIL)
[010171] MMIO_RD size=4 addr=0x0e40 (RBBM_STATUS)
[010172] STATUS_RD RBBM_STATUS -> 0x00000040 (idle, 64 free)
[010173] MMIO_RD size=4 addr=0x1720 (WAIT_UNTIL)
[010174] MMIO_RD size=4 addr=0x0e40 (RBBM_STATUS)
[010175] STATUS_RD RBBM_STATUS -> 0x00000040 (idle, 64 free)
[010176] MMIO_RD size=4 addr=0x1720 (WAIT_UNTIL)
[010177] MMIO_RD size=4 addr=0x0e40 (RBBM_STATUS)
[010178] STATUS_RD RBBM_STATUS -> 0x00000040 (idle, 64 free)
[010179] MMIO_RD size=4 addr=0x1720 (WAIT_UNTIL)
[010180] MMIO_RD size=4 addr=0x0e40 (RBBM_STATUS)
[010181] STATUS_RD RBBM_STATUS -> 0x00000040 (idle, 64 free)
[010182] MMIO_RD size=4 addr=0x1720 (WAIT_UNTIL)
[010183] MMIO_RD size=4 addr=0x0e40 (RBBM_STATUS)
[010184] STATUS_RD RBBM_STATUS -> 0x00000040 (idle, 64 free)
[010185] MMIO_RD size=4 addr=0x1720 (WAIT_UNTIL)
[010186] MMIO_RD size=4 addr=0x0e40 (RBBM_STATUS)
[010187] STATUS_RD RBBM_STATUS -> 0x00000040 (idle, 64 free)
[010188] MMIO_RD size=4 addr=0x1720 (WAIT_UNTIL)
[010189] MMIO_RD size=4 addr=0x0e40 (RBBM_STATUS)
[010190] STATUS_RD RBBM_STATUS -> 0x00000040 (idle, 64 free)
[010191] MMIO_RD size=4 addr=0x1720 (WAIT_UNTIL)
[010192] MMIO_RD size=4 addr=0x0e40 (RBBM_STATUS)
[010193] STATUS_RD RBBM_STATUS -> 0x00000040 (idle, 64 free)
[010194] MMIO_RD size=4 addr=0x1720 (WAIT_UNTIL)
[010195] MMIO_RD size=4 addr=0x0e40 (RBBM_STATUS)
[010196] STATUS_RD RBBM_STATUS -> 0x00000040 (idle, 64 free)
[010197] MMIO_RD size=4 addr=0x1720 (WAIT_UNTIL)
[010198] MMIO_RD size=4 addr=0x0e40 (RBBM_STATUS)
[010199] STATUS_RD RBBM_STATUS -> 0x00000040 (idle, 64 free)
[010200] MMIO_RD size=4 addr=0x1720 (WAIT_UNTIL)
[010201] MMIO_RD size=4 addr=0x0e40 (RBBM_STATUS)
[010202] STATUS_RD RBBM_STATUS -> 0x00000040 (idle, 64 free)
[010203] MMIO_RD size=4 addr=0x1720 (WAIT_UNTIL)
[010204] MMIO_RD size=4 addr=0x0e40 (RBBM_STATUS)
[010205] STATUS_RD RBBM_STATUS -> 0x00000040 (idle, 64 free)
[010206] MMIO_RD size=4 addr=0x1720 (WAIT_UNTIL)
[010207] MMIO_RD size=4 addr=0x0e40 (RBBM_STATUS)
[010208] STATUS_RD RBBM_STATUS -> 0x00000040 (idle, 64 free)
[010209] MMIO_RD size=4 addr=0x1720 (WAIT_UNTIL)
[010210] MMIO_RD size=4 addr=0x0e40 (RBBM_STATUS)
[010211] STATUS_RD RBBM_STATUS -> 0x00000040 (idle, 64 free)
[010212] MMIO_RD size=4 addr=0x1720 (WAIT_UNTIL)
[010213] MMIO_RD size=4 addr=0x0e40 (RBBM_STATUS)
[010214] STATUS_RD RBBM_STATUS -> 0x00000040 (idle, 64 free)
[010215] MMIO_RD size=4 addr=0x1720 (WAIT_UNTIL)
[010216] MMIO_RD size=4 addr=0x0e40 (RBBM_STATUS)
[010217] STATUS_RD RBBM_STATUS -> 0x00000040 (idle, 64 free)
[010218] MMIO_RD size=4 addr=0x1720 (WAIT_UNTIL)
[010219] MMIO_RD size=4 addr=0x0e40 (RBBM_STATUS)
[010220] STATUS_RD RBBM_STATUS -> 0x00000040 (idle, 64 free)
[010221] MMIO_RD size=4 addr=0x1720 (WAIT_UNTIL)
[010222] MMIO_RD size=4 addr=0x0e40 (RBBM_STATUS)
[010223] STATUS_RD RBBM_STATUS -> 0x00000040 (idle, 64 free)
[010224] MMIO_RD size=4 addr=0x1720 (WAIT_UNTIL)
[010225] MMIO_RD size=4 addr=0x0e40 (RBBM_STATUS)
[010226] STATUS_RD RBBM_STATUS -> 0x00000040 (idle, 64 free)
[010227] MMIO_RD size=4 addr=0x1720 (WAIT_UNTIL)
[010228] MMIO_RD size=4 addr=0x0e40 (RBBM_STATUS)
[010229] STATUS_RD RBBM_STATUS -> 0x00000040 (idle, 64 free)
[010230] MMIO_RD size=4 addr=0x1720 (WAIT_UNTIL)
[010231] MMIO_RD size=4 addr=0x0e40 (RBBM_STATUS)
[010232] STATUS_RD RBBM_STATUS -> 0x00000040 (idle, 64 free)
[010233] MMIO_RD size=4 addr=0x1720 (WAIT_UNTIL)
[010234] MMIO_RD size=4 addr=0x0e40 (RBBM_STATUS)
[010235] STATUS_RD RBBM_STATUS -> 0x00000040 (idle, 64 free)
[010236] MMIO_RD size=4 addr=0x1720 (WAIT_UNTIL)
[010237] MMIO_RD size=4 addr=0x0e40 (RBBM_STATUS)
[010238] STATUS_RD RBBM_STATUS -> 0x00000040 (idle, 64 free)
[010239] MMIO_RD size=4 addr=0x1720 (WAIT_UNTIL)
[010240] MMIO_RD size=4 addr=0x0e40 (RBBM_STATUS)
[010241] STATUS_RD RBBM_STATUS -> 0x00000040 (idle, 64 free)
[010242] MMIO_RD size=4 addr=0x1720 (WAIT_UNTIL)
[010243] MMIO_RD size=4 addr=0x0e40 (RBBM_STATUS)
[010244] STATUS_RD RBBM_STATUS -> 0x00000040 (idle, 64 free)
[010245] MMIO_RD size=4 addr=0x1720 (WAIT_UNTIL)
[010246] MMIO_RD size=4 addr=0x0e40 (RBBM_STATUS)
[010247] STATUS_RD RBBM_STATUS -> 0x00000040 (idle, 64 free)
[010248] MMIO_RD size=4 addr=0x1720 (WAIT_UNTIL)
[010249] MMIO_RD size=4 addr=0x0e40 (RBBM_STATUS)
[010250] STATUS_RD RBBM_STATUS -> 0x00000040 (idle, 64 free)
[010251] MMIO_RD size=4 addr=0x1720 (WAIT_UNTIL)
[010252] MMIO_RD size=4 addr=0x0e40 (RBBM_STATUS)
[010253] STATUS_RD RBBM_STATUS -> 0x00000040 (idle, 64 free)
[010254] MMIO_RD size=4 addr=0x1720 (WAIT_UNTIL)
[010255] MMIO_RD size=4 addr=0x0e40 (RBBM_STATUS)
[010256] STATUS_RD RBBM_STATUS -> 0x00000040 (idle, 64 free)
[010257] MMIO_RD size=4 addr=0x1720 (WAIT_UNTIL)
[010258] MMIO_RD size=4 addr=0x0e40 (RBBM_STATUS)
[010259] STATUS_RD RBBM_STATUS -> 0x00000040 (idle, 64 free)
[010260] MMIO_RD size=4 addr=0x1720 (WAIT_UNTIL)
[010261] MMIO_RD size=4 addr=0x0e40 (RBBM_STATUS)
[010262] STATUS_RD RBBM_STATUS -> 0x00000040 (idle, 64 free)
[010263] MMIO_RD size=4 addr=0x1720 (WAIT_UNTIL)
[010264] MMIO_RD size=4 addr=0x0e40 (RBBM_STATUS)
[010265] STATUS_RD RBBM_STATUS -> 0x00000040 (idle, 64 free)
[010266] MMIO_RD size=4 addr=0x1720 (WAIT_UNTIL)
[010267] MMIO_RD size=4 addr=0x0e40 (RBBM_STATUS)
[010268] STATUS_RD RBBM_STATUS -> 0x00000040 (idle, 64 free)
[010269] MMIO_RD size=4 addr=0x1720 (WAIT_UNTIL)
[010270] MMIO_RD size=4 addr=0x0e40 (RBBM_STATUS)
[010271] STATUS_RD RBBM_STATUS -> 0x00000040 (idle, 64 free)
[010272] MMIO_RD size=4 addr=0x1720 (WAIT_UNTIL)
[010273] MMIO_RD size=4 addr=0x0e40 (RBBM_STATUS)
[010274] STATUS_RD RBBM_STATUS -> 0x00000040 (idle, 64 free)
[010275] MMIO_RD size=4 addr=0x1720 (WAIT_UNTIL)
[010276] MMIO_RD size=4 addr=0x0e40 (RBBM_STATUS)
[010277] STATUS_RD RBBM_STATUS -> 0x00000040 (idle, 64 free)
[010278] MMIO_RD size=4 addr=0x1720 (WAIT_UNTIL)
[010279] MMIO_RD size=4 addr=0x0e40 (RBBM_STATUS)
[010280] STATUS_RD RBBM_STATUS -> 0x00000040 (idle, 64 free)
[010281] MMIO_RD size=4 addr=0x1720 (WAIT_UNTIL)
[010282] MMIO_RD size=4 addr=0x0e40 (RBBM_STATUS)
[010283] STATUS_RD RBBM_STATUS -> 0x00000040 (idle, 64 free)
[010284] MMIO_RD size=4 addr=0x1720 (WAIT_UNTIL)
[010285] MMIO_RD size=4 addr=0x0e40 (RBBM_STATUS)
[010286] STATUS_RD RBBM_STATUS -> 0x00000040 (idle, 64 free)
[010287] MMIO_RD size=4 addr=0x1720 (WAIT_UNTIL)
[010288] MMIO_RD size=4 addr=0x0e40 (RBBM_STATUS)
[010289] STATUS_RD RBBM_STATUS -> 0x00000040 (idle, 64 free)
[010290] MMIO_RD size=4 addr=0x1720 (WAIT_UNTIL)
[010291] MMIO_RD size=4 addr=0x0e40 (RBBM_STATUS)
[010292] STATUS_RD RBBM_STATUS -> 0x00000040 (idle, 64 free)
[010293] MMIO_RD size=4 addr=0x1720 (WAIT_UNTIL)
[010294] MMIO_RD size=4 addr=0x0e40 (RBBM_STATUS)
[010295] STATUS_RD RBBM_STATUS -> 0x00000040 (idle, 64 free)
[010296] MMIO_RD size=4 addr=0x1720 (WAIT_UNTIL)
[010297] MMIO_RD size=4 addr=0x0e40 (RBBM_STATUS)
[010298] STATUS_RD RBBM_STATUS -> 0x00000040 (idle, 64 free)
[010299] MMIO_RD size=4 addr=0x1720 (WAIT_UNTIL)
[010300] MMIO_RD size=4 addr=0x0e40 (RBBM_STATUS)
[010301] STATUS_RD RBBM_STATUS -> 0x00000040 (idle, 64 free)
[010302] MMIO_RD size=4 addr=0x1720 (WAIT_UNTIL)
[010303] MMIO_RD size=4 addr=0x0e40 (RBBM_STATUS)
[010304] STATUS_RD RBBM_STATUS -> 0x00000040 (idle, 64 free)
[010305] MMIO_RD size=4 addr=0x1720 (WAIT_UNTIL)
[010306] MMIO_RD size=4 addr=0x0e40 (RBBM_STATUS)
[010307] STATUS_RD RBBM_STATUS -> 0x00000040 (idle, 64 free)
[010308] MMIO_RD size=4 addr=0x1720 (WAIT_UNTIL)
[010309] MMIO_RD size=4 addr=0x0e40 (RBBM_STATUS)
[010310] STATUS_RD RBBM_STATUS -> 0x00000040 (idle, 64 free)
[010311] MMIO_RD size=4 addr=0x1720 (WAIT_UNTIL)
[010312] MMIO_RD size=4 addr=0x0e40 (RBBM_STATUS)
[010313] STATUS_RD RBBM_STATUS -> 0x00000040 (idle, 64 free)
[010314] MMIO_RD size=4 addr=0x1720 (WAIT_UNTIL)
[010315] MMIO_RD size=4 addr=0x0e40 (RBBM_STATUS)
[010316] STATUS_RD RBBM_STATUS -> 0x00000040 (idle, 64 free)
[010317] MMIO_RD size=4 addr=0x1720 (WAIT_UNTIL)
[010318] MMIO_RD size=4 addr=0x0e40 (RBBM_STATUS)
[010319] STATUS_RD RBBM_STATUS -> 0x00000040 (idle, 64 free)
[010320] MMIO_RD size=4 addr=0x1720 (WAIT_UNTIL)
[010321] MMIO_RD size=4 addr=0x0e40 (RBBM_STATUS)
[010322] STATUS_RD RBBM_STATUS -> 0x00000040 (idle, 64 free)
[010323] MMIO_RD size=4 addr=0x1720 (WAIT_UNTIL)
[010324] MMIO_RD size=4 addr=0x0e40 (RBBM_STATUS)
[010325] STATUS_RD RBBM_STATUS -> 0x00000040 (idle, 64 free)
[010326] MMIO_RD size=4 addr=0x1720 (WAIT_UNTIL)
[010327] MMIO_RD size=4 addr=0x0e40 (RBBM_STATUS)
[010328] STATUS_RD RBBM_STATUS -> 0x00000040 (idle, 64 free)
[010329] MMIO_RD size=4 addr=0x1720 (WAIT_UNTIL)
[010330] MMIO_RD size=4 addr=0x0e40 (RBBM_STATUS)
[010331] STATUS_RD RBBM_STATUS -> 0x00000040 (idle, 64 free)
[010332] MMIO_RD size=4 addr=0x1720 (WAIT_UNTIL)
[010333] MMIO_RD size=4 addr=0x0e40 (RBBM_STATUS)
[010334] STATUS_RD RBBM_STATUS -> 0x00000040 (idle, 64 free)
[010335] MMIO_RD size=4 addr=0x1720 (WAIT_UNTIL)
[010336] MMIO_RD size=4 addr=0x0e40 (RBBM_STATUS)
[010337] STATUS_RD RBBM_STATUS -> 0x00000040 (idle, 64 free)
[010338] MMIO_RD size=4 addr=0x1720 (WAIT_UNTIL)
[010339] MMIO_RD size=4 addr=0x0e40 (RBBM_STATUS)
[010340] STATUS_RD RBBM_STATUS -> 0x00000040 (idle, 64 free)
[010341] MMIO_RD size=4 addr=0x1720 (WAIT_UNTIL)
[010342] MMIO_RD size=4 addr=0x0e40 (RBBM_STATUS)
[010343] STATUS_RD RBBM_STATUS -> 0x00000040 (idle, 64 free)
[010344] MMIO_RD size=4 addr=0x1720 (WAIT_UNTIL)
[010345] MMIO_RD size=4 addr=0x0e40 (RBBM_STATUS)
[010346] STATUS_RD RBBM_STATUS -> 0x00000040 (idle, 64 free)
[010347] MMIO_RD size=4 addr=0x1720 (WAIT_UNTIL)
[010348] MMIO_RD size=4 addr=0x0e40 (RBBM_STATUS)
[010349] STATUS_RD RBBM_STATUS -> 0x00000040 (idle, 64 free)
[010350] MMIO_RD size=4 addr=0x1720 (WAIT_UNTIL)
[010351] MMIO_RD size=4 addr=0x0e40 (RBBM_STATUS)
[010352] STATUS_RD RBBM_STATUS -> 0x00000040 (idle, 64 free)
[010353] MMIO_RD size=4 addr=0x1720 (WAIT_UNTIL)
[010354] MMIO_RD size=4 addr=0x0e40 (RBBM_STATUS)
[010355] STATUS_RD RBBM_STATUS -> 0x00000040 (idle, 64 free)
[010356] MMIO_RD size=4 addr=0x1720 (WAIT_UNTIL)
[010357] MMIO_RD size=4 addr=0x0e40 (RBBM_STATUS)
[010358] STATUS_RD RBBM_STATUS -> 0x00000040 (idle, 64 free)
[010359] MMIO_RD size=4 addr=0x1720 (WAIT_UNTIL)
[010360] MMIO_RD size=4 addr=0x0e40 (RBBM_STATUS)
[010361] STATUS_RD RBBM_STATUS -> 0x00000040 (idle, 64 free)
[010362] MMIO_RD size=4 addr=0x1720 (WAIT_UNTIL)
[010363] MMIO_RD size=4 addr=0x0e40 (RBBM_STATUS)
[010364] STATUS_RD RBBM_STATUS -> 0x00000040 (idle, 64 free)
[010365] MMIO_RD size=4 addr=0x1720 (WAIT_UNTIL)
[010366] MMIO_RD size=4 addr=0x0e40 (RBBM_STATUS)
[010367] STATUS_RD RBBM_STATUS -> 0x00000040 (idle, 64 free)
[010368] MMIO_RD size=4 addr=0x1720 (WAIT_UNTIL)
[010369] MMIO_RD size=4 addr=0x0e40 (RBBM_STATUS)
[010370] STATUS_RD RBBM_STATUS -> 0x00000040 (idle, 64 free)
[010371] MMIO_RD size=4 addr=0x1720 (WAIT_UNTIL)
[010372] MMIO_RD size=4 addr=0x0e40 (RBBM_STATUS)
[010373] STATUS_RD RBBM_STATUS -> 0x00000040 (idle, 64 free)
[010374] MMIO_RD size=4 addr=0x1720 (WAIT_UNTIL)
[010375] MMIO_RD size=4 addr=0x0e40 (RBBM_STATUS)
[010376] STATUS_RD RBBM_STATUS -> 0x00000040 (idle, 64 free)
[010377] MMIO_RD size=4 addr=0x1720 (WAIT_UNTIL)
[010378] MMIO_RD size=4 addr=0x0e40 (RBBM_STATUS)
[010379] STATUS_RD RBBM_STATUS -> 0x00000040 (idle, 64 free)
[010380] MMIO_RD size=4 addr=0x1720 (WAIT_UNTIL)
[010381] MMIO_RD size=4 addr=0x0e40 (RBBM_STATUS)
[010382] STATUS_RD RBBM_STATUS -> 0x00000040 (idle, 64 free)
[010383] MMIO_RD size=4 addr=0x1720 (WAIT_UNTIL)
[010384] MMIO_RD size=4 addr=0x0e40 (RBBM_STATUS)
[010385] STATUS_RD RBBM_STATUS -> 0x00000040 (idle, 64 free)
[010386] MMIO_RD size=4 addr=0x1720 (WAIT_UNTIL)
[010387] MMIO_RD size=4 addr=0x0e40 (RBBM_STATUS)
[010388] STATUS_RD RBBM_STATUS -> 0x00000040 (idle, 64 free)
[010389] MMIO_RD size=4 addr=0x1720 (WAIT_UNTIL)
[010390] MMIO_RD size=4 addr=0x0e40 (RBBM_STATUS)
[010391] STATUS_RD RBBM_STATUS -> 0x00000040 (idle, 64 free)
[010392] MMIO_RD size=4 addr=0x1720 (WAIT_UNTIL)
[010393] MMIO_RD size=4 addr=0x0e40 (RBBM_STATUS)
[010394] STATUS_RD RBBM_STATUS -> 0x00000040 (idle, 64 free)
[010395] MMIO_RD size=4 addr=0x1720 (WAIT_UNTIL)
[010396] MMIO_RD size=4 addr=0x0e40 (RBBM_STATUS)
[010397] STATUS_RD RBBM_STATUS -> 0x00000040 (idle, 64 free)
[010398] MMIO_RD size=4 addr=0x1720 (WAIT_UNTIL)
[010399] MMIO_RD size=4 addr=0x0e40 (RBBM_STATUS)
[010400] STATUS_RD RBBM_STATUS -> 0x00000040 (idle, 64 free)
[010401] MMIO_RD size=4 addr=0x1720 (WAIT_UNTIL)
[010402] MMIO_RD size=4 addr=0x0e40 (RBBM_STATUS)
[010403] STATUS_RD RBBM_STATUS -> 0x00000040 (idle, 64 free)
[010404] MMIO_RD size=4 addr=0x1720 (WAIT_UNTIL)
[010405] MMIO_RD size=4 addr=0x0e40 (RBBM_STATUS)
[010406] STATUS_RD RBBM_STATUS -> 0x00000040 (idle, 64 free)
[010407] MMIO_RD size=4 addr=0x1720 (WAIT_UNTIL)
[010408] MMIO_RD size=4 addr=0x0e40 (RBBM_STATUS)
[010409] STATUS_RD RBBM_STATUS -> 0x00000040 (idle, 64 free)
[010410] MMIO_RD size=4 addr=0x1720 (WAIT_UNTIL)
[010411] MMIO_RD size=4 addr=0x0e40 (RBBM_STATUS)
[010412] STATUS_RD RBBM_STATUS -> 0x00000040 (idle, 64 free)
[010413] MMIO_RD size=4 addr=0x1720 (WAIT_UNTIL)
[010414] MMIO_RD size=4 addr=0x0e40 (RBBM_STATUS)
[010415] STATUS_RD RBBM_STATUS -> 0x00000040 (idle, 64 free)
[010416] MMIO_RD size=4 addr=0x1720 (WAIT_UNTIL)
[010417] MMIO_RD size=4 addr=0x0e40 (RBBM_STATUS)
[010418] STATUS_RD RBBM_STATUS -> 0x00000040 (idle, 64 free)
[010419] MMIO_RD size=4 addr=0x1720 (WAIT_UNTIL)
[010420] MMIO_RD size=4 addr=0x0e40 (RBBM_STATUS)
[010421] STATUS_RD RBBM_STATUS -> 0x00000040 (idle, 64 free)
[010422] MMIO_RD size=4 addr=0x1720 (WAIT_UNTIL)
[010423] MMIO_RD size=4 addr=0x0e40 (RBBM_STATUS)
[010424] STATUS_RD RBBM_STATUS -> 0x00000040 (idle, 64 free)
[010425] MMIO_RD size=4 addr=0x1720 (WAIT_UNTIL)
[010426] MMIO_RD size=4 addr=0x0e40 (RBBM_STATUS)
[010427] STATUS_RD RBBM_STATUS -> 0x00000040 (idle, 64 free)
[010428] MMIO_RD size=4 addr=0x1720 (WAIT_UNTIL)
[010429] MMIO_RD size=4 addr=0x0e40 (RBBM_STATUS)
[010430] STATUS_RD RBBM_STATUS -> 0x00000040 (idle, 64 free)
[010431] MMIO_RD size=4 addr=0x1720 (WAIT_UNTIL)
[010432] MMIO_RD size=4 addr=0x0e40 (RBBM_STATUS)
[010433] STATUS_RD RBBM_STATUS -> 0x00000040 (idle, 64 free)
[010434] MMIO_RD size=4 addr=0x1720 (WAIT_UNTIL)
[010435] MMIO_RD size=4 addr=0x0e40 (RBBM_STATUS)
[010436] STATUS_RD RBBM_STATUS -> 0x00000040 (idle, 64 free)
[010437] MMIO_RD size=4 addr=0x1720 (WAIT_UNTIL)
[010438] MMIO_RD size=4 addr=0x0e40 (RBBM_STATUS)
[010439] STATUS_RD RBBM_STATUS -> 0x00000040 (idle, 64 free)
[010440] MMIO_RD size=4 addr=0x1720 (WAIT_UNTIL)
[010441] MMIO_RD size=4 addr=0x0e40 (RBBM_STATUS)
[010442] STATUS_RD RBBM_STATUS -> 0x00000040 (idle, 64 free)
[010443] MMIO_RD size=4 addr=0x1720 (WAIT_UNTIL)
[010444] MMIO_RD size=4 addr=0x0e40 (RBBM_STATUS)
[010445] STATUS_RD RBBM_STATUS -> 0x00000040 (idle, 64 free)
[010446] MMIO_RD size=4 addr=0x1720 (WAIT_UNTIL)
[010447] MMIO_RD size=4 addr=0x0e40 (RBBM_STATUS)
[010448] STATUS_RD RBBM_STATUS -> 0x00000040 (idle, 64 free)
[010449] MMIO_RD size=4 addr=0x1720 (WAIT_UNTIL)
[010450] MMIO_RD size=4 addr=0x0e40 (RBBM_STATUS)
[010451] STATUS_RD RBBM_STATUS -> 0x00000040 (idle, 64 free)
[010452] MMIO_RD size=4 addr=0x1720 (WAIT_UNTIL)
[010453] MMIO_RD size=4 addr=0x0e40 (RBBM_STATUS)
[010454] STATUS_RD RBBM_STATUS -> 0x00000040 (idle, 64 free)
[010455] MMIO_RD size=4 addr=0x1720 (WAIT_UNTIL)
[010456] MMIO_RD size=4 addr=0x0e40 (RBBM_STATUS)
[010457] STATUS_RD RBBM_STATUS -> 0x00000040 (idle, 64 free)
[010458] MMIO_RD size=4 addr=0x1720 (WAIT_UNTIL)
[010459] MMIO_RD size=4 addr=0x0e40 (RBBM_STATUS)
[010460] STATUS_RD RBBM_STATUS -> 0x00000040 (idle, 64 free)
[010461] MMIO_RD size=4 addr=0x1720 (WAIT_UNTIL)
[010462] MMIO_RD size=4 addr=0x0e40 (RBBM_STATUS)
[010463] STATUS_RD RBBM_STATUS -> 0x00000040 (idle, 64 free)
[010464] MMIO_RD size=4 addr=0x1720 (WAIT_UNTIL)
[010465] MMIO_RD size=4 addr=0x0e40 (RBBM_STATUS)
[010466] STATUS_RD RBBM_STATUS -> 0x00000040 (idle, 64 free)
[010467] MMIO_RD size=4 addr=0x1720 (WAIT_UNTIL)
[010468] MMIO_RD size=4 addr=0x0e40 (RBBM_STATUS)
[010469] STATUS_RD RBBM_STATUS -> 0x00000040 (idle, 64 free)
[010470] MMIO_RD size=4 addr=0x1720 (WAIT_UNTIL)
[010471] MMIO_RD size=4 addr=0x0e40 (RBBM_STATUS)
[010472] STATUS_RD RBBM_STATUS -> 0x00000040 (idle, 64 free)
[010473] MMIO_RD size=4 addr=0x1720 (WAIT_UNTIL)
[010474] MMIO_RD size=4 addr=0x0e40 (RBBM_STATUS)
[010475] STATUS_RD RBBM_STATUS -> 0x00000040 (idle, 64 free)
[010476] MMIO_RD size=4 addr=0x1720 (WAIT_UNTIL)
[010477] MMIO_RD size=4 addr=0x0e40 (RBBM_STATUS)
[010478] STATUS_RD RBBM_STATUS -> 0x00000040 (idle, 64 free)
[010479] MMIO_RD size=4 addr=0x1720 (WAIT_UNTIL)
[010480] MMIO_RD size=4 addr=0x0e40 (RBBM_STATUS)
[010481] STATUS_RD RBBM_STATUS -> 0x00000040 (idle, 64 free)
[010482] MMIO_RD size=4 addr=0x1720 (WAIT_UNTIL)
[010483] MMIO_RD size=4 addr=0x0e40 (RBBM_STATUS)
[010484] STATUS_RD RBBM_STATUS -> 0x00000040 (idle, 64 free)
[010485] MMIO_RD size=4 addr=0x1720 (WAIT_UNTIL)
[010486] MMIO_RD size=4 addr=0x0e40 (RBBM_STATUS)
[010487] STATUS_RD RBBM_STATUS -> 0x00000040 (idle, 64 free)
[010488] MMIO_RD size=4 addr=0x1720 (WAIT_UNTIL)
[010489] MMIO_RD size=4 addr=0x0e40 (RBBM_STATUS)
[010490] STATUS_RD RBBM_STATUS -> 0x00000040 (idle, 64 free)
[010491] MMIO_RD size=4 addr=0x1720 (WAIT_UNTIL)
[010492] MMIO_RD size=4 addr=0x0e40 (RBBM_STATUS)
[010493] STATUS_RD RBBM_STATUS -> 0x00000040 (idle, 64 free)
[010494] MMIO_RD size=4 addr=0x1720 (WAIT_UNTIL)
[010495] MMIO_RD size=4 addr=0x0e40 (RBBM_STATUS)
[010496] STATUS_RD RBBM_STATUS -> 0x00000040 (idle, 64 free)
[010497] MMIO_RD size=4 addr=0x1720 (WAIT_UNTIL)
[010498] MMIO_RD size=4 addr=0x0e40 (RBBM_STATUS)
[010499] STATUS_RD RBBM_STATUS -> 0x00000040 (idle, 64 free)
[010500] MMIO_RD size=4 addr=0x1720 (WAIT_UNTIL)
[010501] MMIO_RD size=4 addr=0x0e40 (RBBM_STATUS)
[010502] STATUS_RD RBBM_STATUS -> 0x00000040 (idle, 64 free)
[010503] MMIO_RD size=4 addr=0x1720 (WAIT_UNTIL)
[010504] MMIO_RD size=4 addr=0x0e40 (RBBM_STATUS)
[010505] STATUS_RD RBBM_STATUS -> 0x00000040 (idle, 64 free)
[010506] MMIO_RD size=4 addr=0x1720 (WAIT_UNTIL)
[010507] MMIO_RD size=4 addr=0x0e40 (RBBM_STATUS)
[010508] STATUS_RD RBBM_STATUS -> 0x00000040 (idle, 64 free)
[010509] MMIO_RD size=4 addr=0x1720 (WAIT_UNTIL)
[010510] MMIO_RD size=4 addr=0x0e40 (RBBM_STATUS)
[010511] STATUS_RD RBBM_STATUS -> 0x00000040 (idle, 64 free)
[010512] MMIO_RD size=4 addr=0x1720 (WAIT_UNTIL)
[010513] MMIO_RD size=4 addr=0x0e40 (RBBM_STATUS)
[010514] STATUS_RD RBBM_STATUS -> 0x00000040 (idle, 64 free)
[010515] MMIO_RD size=4 addr=0x1720 (WAIT_UNTIL)
[010516] MMIO_RD size=4 addr=0x0e40 (RBBM_STATUS)
[010517] STATUS_RD RBBM_STATUS -> 0x00000040 (idle, 64 free)
[010518] MMIO_RD size=4 addr=0x1720 (WAIT_UNTIL)
[010519] MMIO_RD size=4 addr=0x0e40 (RBBM_STATUS)
[010520] STATUS_RD RBBM_STATUS -> 0x00000040 (idle, 64 free)
[010521] MMIO_RD size=4 addr=0x1720 (WAIT_UNTIL)
[010522] MMIO_RD size=4 addr=0x0e40 (RBBM_STATUS)
[010523] STATUS_RD RBBM_STATUS -> 0x00000040 (idle, 64 free)
[010524] MMIO_RD size=4 addr=0x1720 (WAIT_UNTIL)
[010525] MMIO_RD size=4 addr=0x0e40 (RBBM_STATUS)
[010526] STATUS_RD RBBM_STATUS -> 0x00000040 (idle, 64 free)
[010527] MMIO_RD size=4 addr=0x1720 (WAIT_UNTIL)
[010528] MMIO_RD size=4 addr=0x0e40 (RBBM_STATUS)
[010529] STATUS_RD RBBM_STATUS -> 0x00000040 (idle, 64 free)
[010530] MMIO_RD size=4 addr=0x1720 (WAIT_UNTIL)
[010531] MMIO_RD size=4 addr=0x0e40 (RBBM_STATUS)
[010532] STATUS_RD RBBM_STATUS -> 0x00000040 (idle, 64 free)
[010533] MMIO_RD size=4 addr=0x1720 (WAIT_UNTIL)
[010534] MMIO_RD size=4 addr=0x0e40 (RBBM_STATUS)
[010535] STATUS_RD RBBM_STATUS -> 0x00000040 (idle, 64 free)
[010536] MMIO_RD size=4 addr=0x1720 (WAIT_UNTIL)
[010537] MMIO_RD size=4 addr=0x0e40 (RBBM_STATUS)
[010538] STATUS_RD RBBM_STATUS -> 0x00000040 (idle, 64 free)
[010539] MMIO_RD size=4 addr=0x1720 (WAIT_UNTIL)
[010540] MMIO_RD size=4 addr=0x0e40 (RBBM_STATUS)
[010541] STATUS_RD RBBM_STATUS -> 0x00000040 (idle, 64 free)
[010542] MMIO_RD size=4 addr=0x1720 (WAIT_UNTIL)
[010543] MMIO_RD size=4 addr=0x0e40 (RBBM_STATUS)
[010544] STATUS_RD RBBM_STATUS -> 0x00000040 (idle, 64 free)
[010545] MMIO_RD size=4 addr=0x1720 (WAIT_UNTIL)
[010546] MMIO_RD size=4 addr=0x0e40 (RBBM_STATUS)
[010547] STATUS_RD RBBM_STATUS -> 0x00000040 (idle, 64 free)
[010548] MMIO_RD size=4 addr=0x1720 (WAIT_UNTIL)
[010549] MMIO_RD size=4 addr=0x0e40 (RBBM_STATUS)
[010550] STATUS_RD RBBM_STATUS -> 0x00000040 (idle, 64 free)
[010551] MMIO_RD size=4 addr=0x1720 (WAIT_UNTIL)
[010552] MMIO_RD size=4 addr=0x0e40 (RBBM_STATUS)
[010553] STATUS_RD RBBM_STATUS -> 0x00000040 (idle, 64 free)
[010554] MMIO_RD size=4 addr=0x1720 (WAIT_UNTIL)
[010555] MMIO_RD size=4 addr=0x0e40 (RBBM_STATUS)
[010556] STATUS_RD RBBM_STATUS -> 0x00000040 (idle, 64 free)
[010557] MMIO_RD size=4 addr=0x1720 (WAIT_UNTIL)
[010558] MMIO_RD size=4 addr=0x0e40 (RBBM_STATUS)
[010559] STATUS_RD RBBM_STATUS -> 0x00000040 (idle, 64 free)
[010560] MMIO_RD size=4 addr=0x1720 (WAIT_UNTIL)
[010561] MMIO_RD size=4 addr=0x0e40 (RBBM_STATUS)
[010562] STATUS_RD RBBM_STATUS -> 0x00000040 (idle, 64 free)
[010563] MMIO_RD size=4 addr=0x1720 (WAIT_UNTIL)
[010564] MMIO_RD size=4 addr=0x0e40 (RBBM_STATUS)
[010565] STATUS_RD RBBM_STATUS -> 0x00000040 (idle, 64 free)
[010566] MMIO_RD size=4 addr=0x1720 (WAIT_UNTIL)
[010567] MMIO_RD size=4 addr=0x0e40 (RBBM_STATUS)
[010568] STATUS_RD RBBM_STATUS -> 0x00000040 (idle, 64 free)
[010569] MMIO_RD size=4 addr=0x1720 (WAIT_UNTIL)
[010570] MMIO_RD size=4 addr=0x0e40 (RBBM_STATUS)
[010571] STATUS_RD RBBM_STATUS -> 0x00000040 (idle, 64 free)
[010572] MMIO_RD size=4 addr=0x1720 (WAIT_UNTIL)
[010573] MMIO_RD size=4 addr=0x0e40 (RBBM_STATUS)
[010574] STATUS_RD RBBM_STATUS -> 0x00000040 (idle, 64 free)
[010575] MMIO_RD size=4 addr=0x1720 (WAIT_UNTIL)
[010576] MMIO_RD size=4 addr=0x0e40 (RBBM_STATUS)
[010577] STATUS_RD RBBM_STATUS -> 0x00000040 (idle, 64 free)
[010578] MMIO_RD size=4 addr=0x1720 (WAIT_UNTIL)
[010579] MMIO_RD size=4 addr=0x0e40 (RBBM_STATUS)
[010580] STATUS_RD RBBM_STATUS -> 0x00000040 (idle, 64 free)
[010581] MMIO_RD size=4 addr=0x1720 (WAIT_UNTIL)
[010582] MMIO_RD size=4 addr=0x0e40 (RBBM_STATUS)
[010583] STATUS_RD RBBM_STATUS -> 0x00000040 (idle, 64 free)
[010584] MMIO_RD size=4 addr=0x1720 (WAIT_UNTIL)
[010585] MMIO_RD size=4 addr=0x0e40 (RBBM_STATUS)
[010586] STATUS_RD RBBM_STATUS -> 0x00000040 (idle, 64 free)
[010587] MMIO_RD size=4 addr=0x1720 (WAIT_UNTIL)
[010588] MMIO_RD size=4 addr=0x0e40 (RBBM_STATUS)
[010589] STATUS_RD RBBM_STATUS -> 0x00000040 (idle, 64 free)
[010590] MMIO_RD size=4 addr=0x1720 (WAIT_UNTIL)
[010591] MMIO_RD size=4 addr=0x0e40 (RBBM_STATUS)
[010592] STATUS_RD RBBM_STATUS -> 0x00000040 (idle, 64 free)
[010593] MMIO_RD size=4 addr=0x1720 (WAIT_UNTIL)
[010594] MMIO_RD size=4 addr=0x0e40 (RBBM_STATUS)
[010595] STATUS_RD RBBM_STATUS -> 0x00000040 (idle, 64 free)
[010596] MMIO_RD size=4 addr=0x1720 (WAIT_UNTIL)
[010597] MMIO_RD size=4 addr=0x0e40 (RBBM_STATUS)
[010598] STATUS_RD RBBM_STATUS -> 0x00000040 (idle, 64 free)
[010599] MMIO_RD size=4 addr=0x1720 (WAIT_UNTIL)
[010600] MMIO_RD size=4 addr=0x0e40 (RBBM_STATUS)
[010601] STATUS_RD RBBM_STATUS -> 0x00000040 (idle, 64 free)
[010602] MMIO_RD size=4 addr=0x1720 (WAIT_UNTIL)
[010603] MMIO_RD size=4 addr=0x0e40 (RBBM_STATUS)
[010604] STATUS_RD RBBM_STATUS -> 0x00000040 (idle, 64 free)
[010605] MMIO_RD size=4 addr=0x1720 (WAIT_UNTIL)
[010606] MMIO_RD size=4 addr=0x0e40 (RBBM_STATUS)
[010607] STATUS_RD RBBM_STATUS -> 0x00000040 (idle, 64 free)
[010608] MMIO_RD size=4 addr=0x1720 (WAIT_UNTIL)
[010609] MMIO_RD size=4 addr=0x0e40 (RBBM_STATUS)
[010610] STATUS_RD RBBM_STATUS -> 0x00000040 (idle, 64 free)
[010611] MMIO_RD size=4 addr=0x1720 (WAIT_UNTIL)
[010612] MMIO_RD size=4 addr=0x0e40 (RBBM_STATUS)
[010613] STATUS_RD RBBM_STATUS -> 0x00000040 (idle, 64 free)
[010614] MMIO_RD size=4 addr=0x1720 (WAIT_UNTIL)
[010615] MMIO_RD size=4 addr=0x0e40 (RBBM_STATUS)
[010616] STATUS_RD RBBM_STATUS -> 0x00000040 (idle, 64 free)
[010617] MMIO_RD size=4 addr=0x1720 (WAIT_UNTIL)
[010618] MMIO_RD size=4 addr=0x0e40 (RBBM_STATUS)
[010619] STATUS_RD RBBM_STATUS -> 0x00000040 (idle, 64 free)
[010620] MMIO_RD size=4 addr=0x1720 (WAIT_UNTIL)
[010621] MMIO_RD size=4 addr=0x0e40 (RBBM_STATUS)
[010622] STATUS_RD RBBM_STATUS -> 0x00000040 (idle, 64 free)
[010623] MMIO_RD size=4 addr=0x1720 (WAIT_UNTIL)
[010624] MMIO_RD size=4 addr=0x0e40 (RBBM_STATUS)
[010625] STATUS_RD RBBM_STATUS -> 0x00000040 (idle, 64 free)
[010626] MMIO_RD size=4 addr=0x1720 (WAIT_UNTIL)
[010627] MMIO_RD size=4 addr=0x0e40 (RBBM_STATUS)
[010628] STATUS_RD RBBM_STATUS -> 0x00000040 (idle, 64 free)
[010629] MMIO_RD size=4 addr=0x1720 (WAIT_UNTIL)
[010630] MMIO_RD size=4 addr=0x0e40 (RBBM_STATUS)
[010631] STATUS_RD RBBM_STATUS -> 0x00000040 (idle, 64 free)
[010632] MMIO_RD size=4 addr=0x1720 (WAIT_UNTIL)
[010633] MMIO_RD size=4 addr=0x0e40 (RBBM_STATUS)
[010634] STATUS_RD RBBM_STATUS -> 0x00000040 (idle, 64 free)
[010635] MMIO_RD size=4 addr=0x1720 (WAIT_UNTIL)
[010636] MMIO_RD size=4 addr=0x0e40 (RBBM_STATUS)
[010637] STATUS_RD RBBM_STATUS -> 0x00000040 (idle, 64 free)
[010638] MMIO_RD size=4 addr=0x1720 (WAIT_UNTIL)
[010639] MMIO_RD size=4 addr=0x0e40 (RBBM_STATUS)
[010640] STATUS_RD RBBM_STATUS -> 0x00000040 (idle, 64 free)
[010641] MMIO_RD size=4 addr=0x1720 (WAIT_UNTIL)
[010642] MMIO_RD size=4 addr=0x0e40 (RBBM_STATUS)
[010643] STATUS_RD RBBM_STATUS -> 0x00000040 (idle, 64 free)
[010644] MMIO_RD size=4 addr=0x1720 (WAIT_UNTIL)
[010645] MMIO_RD size=4 addr=0x0e40 (RBBM_STATUS)
[010646] STATUS_RD RBBM_STATUS -> 0x00000040 (idle, 64 free)
[010647] MMIO_RD size=4 addr=0x1720 (WAIT_UNTIL)
[010648] MMIO_RD size=4 addr=0x0e40 (RBBM_STATUS)
[010649] STATUS_RD RBBM_STATUS -> 0x00000040 (idle, 64 free)
[010650] MMIO_RD size=4 addr=0x1720 (WAIT_UNTIL)
[010651] MMIO_RD size=4 addr=0x0e40 (RBBM_STATUS)
[010652] STATUS_RD RBBM_STATUS -> 0x00000040 (idle, 64 free)
[010653] MMIO_RD size=4 addr=0x1720 (WAIT_UNTIL)
[010654] MMIO_RD size=4 addr=0x0e40 (RBBM_STATUS)
[010655] STATUS_RD RBBM_STATUS -> 0x00000040 (idle, 64 free)
[010656] MMIO_RD size=4 addr=0x1720 (WAIT_UNTIL)
[010657] MMIO_RD size=4 addr=0x0e40 (RBBM_STATUS)
[010658] STATUS_RD RBBM_STATUS -> 0x00000040 (idle, 64 free)
[010659] MMIO_RD size=4 addr=0x1720 (WAIT_UNTIL)
[010660] MMIO_RD size=4 addr=0x0e40 (RBBM_STATUS)
[010661] STATUS_RD RBBM_STATUS -> 0x00000040 (idle, 64 free)
[010662] MMIO_RD size=4 addr=0x1720 (WAIT_UNTIL)
[010663] MMIO_RD size=4 addr=0x0e40 (RBBM_STATUS)
[010664] STATUS_RD RBBM_STATUS -> 0x00000040 (idle, 64 free)
[010665] MMIO_RD size=4 addr=0x1720 (WAIT_UNTIL)
[010666] MMIO_RD size=4 addr=0x0e40 (RBBM_STATUS)
[010667] STATUS_RD RBBM_STATUS -> 0x00000040 (idle, 64 free)
[010668] MMIO_RD size=4 addr=0x1720 (WAIT_UNTIL)
[010669] MMIO_RD size=4 addr=0x0e40 (RBBM_STATUS)
[010670] STATUS_RD RBBM_STATUS -> 0x00000040 (idle, 64 free)
[010671] MMIO_RD size=4 addr=0x1720 (WAIT_UNTIL)
[010672] MMIO_RD size=4 addr=0x0e40 (RBBM_STATUS)
[010673] STATUS_RD RBBM_STATUS -> 0x00000040 (idle, 64 free)
[010674] MMIO_RD size=4 addr=0x1720 (WAIT_UNTIL)
[010675] MMIO_RD size=4 addr=0x0e40 (RBBM_STATUS)
[010676] STATUS_RD RBBM_STATUS -> 0x00000040 (idle, 64 free)
[010677] MMIO_RD size=4 addr=0x1720 (WAIT_UNTIL)
[010678] MMIO_RD size=4 addr=0x0e40 (RBBM_STATUS)
[010679] STATUS_RD RBBM_STATUS -> 0x00000040 (idle, 64 free)
[010680] MMIO_RD size=4 addr=0x1720 (WAIT_UNTIL)
[010681] MMIO_RD size=4 addr=0x0e40 (RBBM_STATUS)
[010682] STATUS_RD RBBM_STATUS -> 0x00000040 (idle, 64 free)
[010683] MMIO_RD size=4 addr=0x1720 (WAIT_UNTIL)
[010684] MMIO_RD size=4 addr=0x0e40 (RBBM_STATUS)
[010685] STATUS_RD RBBM_STATUS -> 0x00000040 (idle, 64 free)
[010686] MMIO_RD size=4 addr=0x1720 (WAIT_UNTIL)
[010687] MMIO_RD size=4 addr=0x0e40 (RBBM_STATUS)
[010688] STATUS_RD RBBM_STATUS -> 0x00000040 (idle, 64 free)
[010689] MMIO_RD size=4 addr=0x1720 (WAIT_UNTIL)
[010690] MMIO_RD size=4 addr=0x0e40 (RBBM_STATUS)
[010691] STATUS_RD RBBM_STATUS -> 0x00000040 (idle, 64 free)
[010692] MMIO_RD size=4 addr=0x1720 (WAIT_UNTIL)
[010693] MMIO_RD size=4 addr=0x0e40 (RBBM_STATUS)
[010694] STATUS_RD RBBM_STATUS -> 0x00000040 (idle, 64 free)
[010695] MMIO_RD size=4 addr=0x1720 (WAIT_UNTIL)
[010696] MMIO_RD size=4 addr=0x0e40 (RBBM_STATUS)
[010697] STATUS_RD RBBM_STATUS -> 0x00000040 (idle, 64 free)
[010698] MMIO_RD size=4 addr=0x1720 (WAIT_UNTIL)
[010699] MMIO_RD size=4 addr=0x0e40 (RBBM_STATUS)
[010700] STATUS_RD RBBM_STATUS -> 0x00000040 (idle, 64 free)
[010701] MMIO_RD size=4 addr=0x1720 (WAIT_UNTIL)
[010702] MMIO_RD size=4 addr=0x0e40 (RBBM_STATUS)
[010703] STATUS_RD RBBM_STATUS -> 0x00000040 (idle, 64 free)
[010704] MMIO_RD size=4 addr=0x1720 (WAIT_UNTIL)
[010705] MMIO_RD size=4 addr=0x0e40 (RBBM_STATUS)
[010706] STATUS_RD RBBM_STATUS -> 0x00000040 (idle, 64 free)
[010707] MMIO_RD size=4 addr=0x1720 (WAIT_UNTIL)
[010708] MMIO_RD size=4 addr=0x0e40 (RBBM_STATUS)
[010709] STATUS_RD RBBM_STATUS -> 0x00000040 (idle, 64 free)
[010710] MMIO_RD size=4 addr=0x1720 (WAIT_UNTIL)
[010711] MMIO_RD size=4 addr=0x0e40 (RBBM_STATUS)
[010712] STATUS_RD RBBM_STATUS -> 0x00000040 (idle, 64 free)
[010713] MMIO_RD size=4 addr=0x1720 (WAIT_UNTIL)
[010714] MMIO_RD size=4 addr=0x0e40 (RBBM_STATUS)
[010715] STATUS_RD RBBM_STATUS -> 0x00000040 (idle, 64 free)
[010716] MMIO_RD size=4 addr=0x1720 (WAIT_UNTIL)
[010717] MMIO_RD size=4 addr=0x0e40 (RBBM_STATUS)
[010718] STATUS_RD RBBM_STATUS -> 0x00000040 (idle, 64 free)
[010719] MMIO_RD size=4 addr=0x1720 (WAIT_UNTIL)
[010720] MMIO_RD size=4 addr=0x0e40 (RBBM_STATUS)
[010721] STATUS_RD RBBM_STATUS -> 0x00000040 (idle, 64 free)
[010722] MMIO_RD size=4 addr=0x1720 (WAIT_UNTIL)
[010723] MMIO_RD size=4 addr=0x0e40 (RBBM_STATUS)
[010724] STATUS_RD RBBM_STATUS -> 0x00000040 (idle, 64 free)
[010725] MMIO_RD size=4 addr=0x1720 (WAIT_UNTIL)
[010726] MMIO_RD size=4 addr=0x0e40 (RBBM_STATUS)
[010727] STATUS_RD RBBM_STATUS -> 0x00000040 (idle, 64 free)
[010728] MMIO_RD size=4 addr=0x1720 (WAIT_UNTIL)
[010729] MMIO_RD size=4 addr=0x0e40 (RBBM_STATUS)
[010730] STATUS_RD RBBM_STATUS -> 0x00000040 (idle, 64 free)
[010731] MMIO_RD size=4 addr=0x1720 (WAIT_UNTIL)
[010732] MMIO_RD size=4 addr=0x0e40 (RBBM_STATUS)
[010733] STATUS_RD RBBM_STATUS -> 0x00000040 (idle, 64 free)
[010734] MMIO_RD size=4 addr=0x1720 (WAIT_UNTIL)
[010735] MMIO_RD size=4 addr=0x0e40 (RBBM_STATUS)
[010736] STATUS_RD RBBM_STATUS -> 0x00000040 (idle, 64 free)
[010737] MMIO_RD size=4 addr=0x1720 (WAIT_UNTIL)
[010738] MMIO_RD size=4 addr=0x0e40 (RBBM_STATUS)
[010739] STATUS_RD RBBM_STATUS -> 0x00000040 (idle, 64 free)
[010740] MMIO_RD size=4 addr=0x1720 (WAIT_UNTIL)
[010741] MMIO_RD size=4 addr=0x0e40 (RBBM_STATUS)
[010742] STATUS_RD RBBM_STATUS -> 0x00000040 (idle, 64 free)
[010743] MMIO_RD size=4 addr=0x1720 (WAIT_UNTIL)
[010744] MMIO_RD size=4 addr=0x0e40 (RBBM_STATUS)
[010745] STATUS_RD RBBM_STATUS -> 0x00000040 (idle, 64 free)
[010746] MMIO_RD size=4 addr=0x1720 (WAIT_UNTIL)
[010747] MMIO_RD size=4 addr=0x0e40 (RBBM_STATUS)
[010748] STATUS_RD RBBM_STATUS -> 0x00000040 (idle, 64 free)
[010749] MMIO_RD size=4 addr=0x1720 (WAIT_UNTIL)
[010750] MMIO_RD size=4 addr=0x0e40 (RBBM_STATUS)
[010751] STATUS_RD RBBM_STATUS -> 0x00000040 (idle, 64 free)
[010752] MMIO_RD size=4 addr=0x1720 (WAIT_UNTIL)
[010753] MMIO_RD size=4 addr=0x0e40 (RBBM_STATUS)
[010754] STATUS_RD RBBM_STATUS -> 0x00000040 (idle, 64 free)
[010755] MMIO_RD size=4 addr=0x1720 (WAIT_UNTIL)
[010756] MMIO_RD size=4 addr=0x0e40 (RBBM_STATUS)
[010757] STATUS_RD RBBM_STATUS -> 0x00000040 (idle, 64 free)
[010758] MMIO_RD size=4 addr=0x1720 (WAIT_UNTIL)
[010759] MMIO_RD size=4 addr=0x0e40 (RBBM_STATUS)
[010760] STATUS_RD RBBM_STATUS -> 0x00000040 (idle, 64 free)
[010761] MMIO_RD size=4 addr=0x1720 (WAIT_UNTIL)
[010762] MMIO_RD size=4 addr=0x0e40 (RBBM_STATUS)
[010763] STATUS_RD RBBM_STATUS -> 0x00000040 (idle, 64 free)
[010764] MMIO_RD size=4 addr=0x1720 (WAIT_UNTIL)
[010765] MMIO_RD size=4 addr=0x0e40 (RBBM_STATUS)
[010766] STATUS_RD RBBM_STATUS -> 0x00000040 (idle, 64 free)
[010767] MMIO_RD size=4 addr=0x1720 (WAIT_UNTIL)
[010768] MMIO_RD size=4 addr=0x0e40 (RBBM_STATUS)
[010769] STATUS_RD RBBM_STATUS -> 0x00000040 (idle, 64 free)
[010770] MMIO_RD size=4 addr=0x1720 (WAIT_UNTIL)
[010771] MMIO_RD size=4 addr=0x0e40 (RBBM_STATUS)
[010772] STATUS_RD RBBM_STATUS -> 0x00000040 (idle, 64 free)
[010773] MMIO_RD size=4 addr=0x1720 (WAIT_UNTIL)
[010774] MMIO_RD size=4 addr=0x0e40 (RBBM_STATUS)
[010775] STATUS_RD RBBM_STATUS -> 0x00000040 (idle, 64 free)
[010776] MMIO_RD size=4 addr=0x1720 (WAIT_UNTIL)
[010777] MMIO_RD size=4 addr=0x0e40 (RBBM_STATUS)
[010778] STATUS_RD RBBM_STATUS -> 0x00000040 (idle, 64 free)
[010779] MMIO_RD size=4 addr=0x1720 (WAIT_UNTIL)
[010780] MMIO_RD size=4 addr=0x0e40 (RBBM_STATUS)
[010781] STATUS_RD RBBM_STATUS -> 0x00000040 (idle, 64 free)
[010782] MMIO_RD size=4 addr=0x1720 (WAIT_UNTIL)
[010783] MMIO_RD size=4 addr=0x0e40 (RBBM_STATUS)
[010784] STATUS_RD RBBM_STATUS -> 0x00000040 (idle, 64 free)
[010785] MMIO_RD size=4 addr=0x1720 (WAIT_UNTIL)
[010786] MMIO_RD size=4 addr=0x0e40 (RBBM_STATUS)
[010787] STATUS_RD RBBM_STATUS -> 0x00000040 (idle, 64 free)
[010788] MMIO_RD size=4 addr=0x1720 (WAIT_UNTIL)
[010789] MMIO_RD size=4 addr=0x0e40 (RBBM_STATUS)
[010790] STATUS_RD RBBM_STATUS -> 0x00000040 (idle, 64 free)
[010791] MMIO_RD size=4 addr=0x1720 (WAIT_UNTIL)
[010792] MMIO_RD size=4 addr=0x0e40 (RBBM_STATUS)
[010793] STATUS_RD RBBM_STATUS -> 0x00000040 (idle, 64 free)
[010794] MMIO_RD size=4 addr=0x1720 (WAIT_UNTIL)
[010795] MMIO_RD size=4 addr=0x0e40 (RBBM_STATUS)
[010796] STATUS_RD RBBM_STATUS -> 0x00000040 (idle, 64 free)
[010797] MMIO_RD size=4 addr=0x1720 (WAIT_UNTIL)
[010798] MMIO_RD size=4 addr=0x0e40 (RBBM_STATUS)
[010799] STATUS_RD RBBM_STATUS -> 0x00000040 (idle, 64 free)
[010800] MMIO_RD size=4 addr=0x1720 (WAIT_UNTIL)
[010801] MMIO_RD size=4 addr=0x0e40 (RBBM_STATUS)
[010802] STATUS_RD RBBM_STATUS -> 0x00000040 (idle, 64 free)
[010803] MMIO_RD size=4 addr=0x1720 (WAIT_UNTIL)
[010804] MMIO_RD size=4 addr=0x0e40 (RBBM_STATUS)
[010805] STATUS_RD RBBM_STATUS -> 0x00000040 (idle, 64 free)
[010806] MMIO_RD size=4 addr=0x1720 (WAIT_UNTIL)
[010807] MMIO_RD size=4 addr=0x0e40 (RBBM_STATUS)
[010808] STATUS_RD RBBM_STATUS -> 0x00000040 (idle, 64 free)
[010809] MMIO_RD size=4 addr=0x1720 (WAIT_UNTIL)
[010810] MMIO_RD size=4 addr=0x0e40 (RBBM_STATUS)
[010811] STATUS_RD RBBM_STATUS -> 0x00000040 (idle, 64 free)
[010812] MMIO_RD size=4 addr=0x1720 (WAIT_UNTIL)
[010813] MMIO_RD size=4 addr=0x0e40 (RBBM_STATUS)
[010814] STATUS_RD RBBM_STATUS -> 0x00000040 (idle, 64 free)
[010815] MMIO_RD size=4 addr=0x1720 (WAIT_UNTIL)
[010816] MMIO_RD size=4 addr=0x0e40 (RBBM_STATUS)
[010817] STATUS_RD RBBM_STATUS -> 0x00000040 (idle, 64 free)
[010818] MMIO_RD size=4 addr=0x1720 (WAIT_UNTIL)
[010819] MMIO_RD size=4 addr=0x0e40 (RBBM_STATUS)
[010820] STATUS_RD RBBM_STATUS -> 0x00000040 (idle, 64 free)
[010821] MMIO_RD size=4 addr=0x1720 (WAIT_UNTIL)
[010822] MMIO_RD size=4 addr=0x0e40 (RBBM_STATUS)
[010823] STATUS_RD RBBM_STATUS -> 0x00000040 (idle, 64 free)
[010824] MMIO_RD size=4 addr=0x1720 (WAIT_UNTIL)
[010825] MMIO_RD size=4 addr=0x0e40 (RBBM_STATUS)
[010826] STATUS_RD RBBM_STATUS -> 0x00000040 (idle, 64 free)
[010827] MMIO_RD size=4 addr=0x1720 (WAIT_UNTIL)
[010828] MMIO_RD size=4 addr=0x0e40 (RBBM_STATUS)
[010829] STATUS_RD RBBM_STATUS -> 0x00000040 (idle, 64 free)
[010830] MMIO_RD size=4 addr=0x1720 (WAIT_UNTIL)
[010831] MMIO_RD size=4 addr=0x0e40 (RBBM_STATUS)
[010832] STATUS_RD RBBM_STATUS -> 0x00000040 (idle, 64 free)
[010833] MMIO_RD size=4 addr=0x1720 (WAIT_UNTIL)
[010834] MMIO_RD size=4 addr=0x0e40 (RBBM_STATUS)
[010835] STATUS_RD RBBM_STATUS -> 0x00000040 (idle, 64 free)
[010836] MMIO_RD size=4 addr=0x1720 (WAIT_UNTIL)
[010837] MMIO_RD size=4 addr=0x0e40 (RBBM_STATUS)
[010838] STATUS_RD RBBM_STATUS -> 0x00000040 (idle, 64 free)
[010839] MMIO_RD size=4 addr=0x1720 (WAIT_UNTIL)
[010840] MMIO_RD size=4 addr=0x0e40 (RBBM_STATUS)
[010841] STATUS_RD RBBM_STATUS -> 0x00000040 (idle, 64 free)
[010842] MMIO_RD size=4 addr=0x1720 (WAIT_UNTIL)
[010843] MMIO_RD size=4 addr=0x0e40 (RBBM_STATUS)
[010844] STATUS_RD RBBM_STATUS -> 0x00000040 (idle, 64 free)
[010845] MMIO_RD size=4 addr=0x1720 (WAIT_UNTIL)
[010846] MMIO_RD size=4 addr=0x0e40 (RBBM_STATUS)
[010847] STATUS_RD RBBM_STATUS -> 0x00000040 (idle, 64 free)
[010848] MMIO_RD size=4 addr=0x1720 (WAIT_UNTIL)
[010849] MMIO_RD size=4 addr=0x0e40 (RBBM_STATUS)
[010850] STATUS_RD RBBM_STATUS -> 0x00000040 (idle, 64 free)
[010851] MMIO_RD size=4 addr=0x1720 (WAIT_UNTIL)
[010852] MMIO_RD size=4 addr=0x0e40 (RBBM_STATUS)
[010853] STATUS_RD RBBM_STATUS -> 0x00000040 (idle, 64 free)
[010854] MMIO_RD size=4 addr=0x1720 (WAIT_UNTIL)
[010855] MMIO_RD size=4 addr=0x0e40 (RBBM_STATUS)
[010856] STATUS_RD RBBM_STATUS -> 0x00000040 (idle, 64 free)
[010857] MMIO_RD size=4 addr=0x1720 (WAIT_UNTIL)
[010858] MMIO_RD size=4 addr=0x0e40 (RBBM_STATUS)
[010859] STATUS_RD RBBM_STATUS -> 0x00000040 (idle, 64 free)
[010860] MMIO_RD size=4 addr=0x1720 (WAIT_UNTIL)
[010861] MMIO_RD size=4 addr=0x0e40 (RBBM_STATUS)
[010862] STATUS_RD RBBM_STATUS -> 0x00000040 (idle, 64 free)
[010863] MMIO_RD size=4 addr=0x1720 (WAIT_UNTIL)
[010864] MMIO_RD size=4 addr=0x0e40 (RBBM_STATUS)
[010865] STATUS_RD RBBM_STATUS -> 0x00000040 (idle, 64 free)
[010866] MMIO_RD size=4 addr=0x1720 (WAIT_UNTIL)
[010867] MMIO_RD size=4 addr=0x0e40 (RBBM_STATUS)
[010868] STATUS_RD RBBM_STATUS -> 0x00000040 (idle, 64 free)
[010869] MMIO_RD size=4 addr=0x1720 (WAIT_UNTIL)
[010870] MMIO_RD size=4 addr=0x0e40 (RBBM_STATUS)
[010871] STATUS_RD RBBM_STATUS -> 0x00000040 (idle, 64 free)
[010872] MMIO_RD size=4 addr=0x1720 (WAIT_UNTIL)
[010873] MMIO_RD size=4 addr=0x0e40 (RBBM_STATUS)
[010874] STATUS_RD RBBM_STATUS -> 0x00000040 (idle, 64 free)
[010875] MMIO_RD size=4 addr=0x1720 (WAIT_UNTIL)
[010876] MMIO_RD size=4 addr=0x0e40 (RBBM_STATUS)
[010877] STATUS_RD RBBM_STATUS -> 0x00000040 (idle, 64 free)
[010878] MMIO_RD size=4 addr=0x1720 (WAIT_UNTIL)
[010879] MMIO_RD size=4 addr=0x0e40 (RBBM_STATUS)
[010880] STATUS_RD RBBM_STATUS -> 0x00000040 (idle, 64 free)
[010881] MMIO_RD size=4 addr=0x1720 (WAIT_UNTIL)
[010882] MMIO_RD size=4 addr=0x0e40 (RBBM_STATUS)
[010883] STATUS_RD RBBM_STATUS -> 0x00000040 (idle, 64 free)
[010884] MMIO_RD size=4 addr=0x1720 (WAIT_UNTIL)
[010885] MMIO_RD size=4 addr=0x0e40 (RBBM_STATUS)
[010886] STATUS_RD RBBM_STATUS -> 0x00000040 (idle, 64 free)
[010887] MMIO_RD size=4 addr=0x1720 (WAIT_UNTIL)
[010888] MMIO_RD size=4 addr=0x0e40 (RBBM_STATUS)
[010889] STATUS_RD RBBM_STATUS -> 0x00000040 (idle, 64 free)
[010890] MMIO_RD size=4 addr=0x1720 (WAIT_UNTIL)
[010891] MMIO_RD size=4 addr=0x0e40 (RBBM_STATUS)
[010892] STATUS_RD RBBM_STATUS -> 0x00000040 (idle, 64 free)
[010893] MMIO_RD size=4 addr=0x1720 (WAIT_UNTIL)
[010894] MMIO_RD size=4 addr=0x0e40 (RBBM_STATUS)
[010895] STATUS_RD RBBM_STATUS -> 0x00000040 (idle, 64 free)
[010896] MMIO_RD size=4 addr=0x1720 (WAIT_UNTIL)
[010897] MMIO_RD size=4 addr=0x0e40 (RBBM_STATUS)
[010898] STATUS_RD RBBM_STATUS -> 0x00000040 (idle, 64 free)
[010899] MMIO_RD size=4 addr=0x1720 (WAIT_UNTIL)
[010900] MMIO_RD size=4 addr=0x0e40 (RBBM_STATUS)
[010901] STATUS_RD RBBM_STATUS -> 0x00000040 (idle, 64 free)
[010902] MMIO_RD size=4 addr=0x1720 (WAIT_UNTIL)
[010903] MMIO_RD size=4 addr=0x0e40 (RBBM_STATUS)
[010904] STATUS_RD RBBM_STATUS -> 0x00000040 (idle, 64 free)
[010905] MMIO_RD size=4 addr=0x1720 (WAIT_UNTIL)
[010906] MMIO_RD size=4 addr=0x0e40 (RBBM_STATUS)
[010907] STATUS_RD RBBM_STATUS -> 0x00000040 (idle, 64 free)
[010908] MMIO_RD size=4 addr=0x1720 (WAIT_UNTIL)
[010909] MMIO_RD size=4 addr=0x0e40 (RBBM_STATUS)
[010910] STATUS_RD RBBM_STATUS -> 0x00000040 (idle, 64 free)
[010911] MMIO_RD size=4 addr=0x1720 (WAIT_UNTIL)
[010912] MMIO_RD size=4 addr=0x0e40 (RBBM_STATUS)
[010913] STATUS_RD RBBM_STATUS -> 0x00000040 (idle, 64 free)
[010914] MMIO_RD size=4 addr=0x1720 (WAIT_UNTIL)
[010915] MMIO_RD size=4 addr=0x0e40 (RBBM_STATUS)
[010916] STATUS_RD RBBM_STATUS -> 0x00000040 (idle, 64 free)
[010917] MMIO_RD size=4 addr=0x1720 (WAIT_UNTIL)
[010918] MMIO_RD size=4 addr=0x0e40 (RBBM_STATUS)
[010919] STATUS_RD RBBM_STATUS -> 0x00000040 (idle, 64 free)
[010920] MMIO_RD size=4 addr=0x1720 (WAIT_UNTIL)
[010921] MMIO_RD size=4 addr=0x0e40 (RBBM_STATUS)
[010922] STATUS_RD RBBM_STATUS -> 0x00000040 (idle, 64 free)
[010923] MMIO_RD size=4 addr=0x1720 (WAIT_UNTIL)
[010924] MMIO_RD size=4 addr=0x0e40 (RBBM_STATUS)
[010925] STATUS_RD RBBM_STATUS -> 0x00000040 (idle, 64 free)
[010926] MMIO_RD size=4 addr=0x1720 (WAIT_UNTIL)
[010927] MMIO_RD size=4 addr=0x0e40 (RBBM_STATUS)
[010928] STATUS_RD RBBM_STATUS -> 0x00000040 (idle, 64 free)
[010929] MMIO_RD size=4 addr=0x1720 (WAIT_UNTIL)
[010930] MMIO_RD size=4 addr=0x0e40 (RBBM_STATUS)
[010931] STATUS_RD RBBM_STATUS -> 0x00000040 (idle, 64 free)
[010932] MMIO_RD size=4 addr=0x1720 (WAIT_UNTIL)
[010933] MMIO_RD size=4 addr=0x0e40 (RBBM_STATUS)
[010934] STATUS_RD RBBM_STATUS -> 0x00000040 (idle, 64 free)
[010935] MMIO_RD size=4 addr=0x1720 (WAIT_UNTIL)
[010936] MMIO_RD size=4 addr=0x0e40 (RBBM_STATUS)
[010937] STATUS_RD RBBM_STATUS -> 0x00000040 (idle, 64 free)
[010938] MMIO_RD size=4 addr=0x1720 (WAIT_UNTIL)
[010939] MMIO_RD size=4 addr=0x0e40 (RBBM_STATUS)
[010940] STATUS_RD RBBM_STATUS -> 0x00000040 (idle, 64 free)
[010941] MMIO_RD size=4 addr=0x1720 (WAIT_UNTIL)
[010942] MMIO_RD size=4 addr=0x0e40 (RBBM_STATUS)
[010943] STATUS_RD RBBM_STATUS -> 0x00000040 (idle, 64 free)
[010944] MMIO_RD size=4 addr=0x1720 (WAIT_UNTIL)
[010945] MMIO_RD size=4 addr=0x0e40 (RBBM_STATUS)
[010946] STATUS_RD RBBM_STATUS -> 0x00000040 (idle, 64 free)
[010947] MMIO_RD size=4 addr=0x1720 (WAIT_UNTIL)
[010948] MMIO_RD size=4 addr=0x0e40 (RBBM_STATUS)
[010949] STATUS_RD RBBM_STATUS -> 0x00000040 (idle, 64 free)
[010950] MMIO_RD size=4 addr=0x1720 (WAIT_UNTIL)
[010951] MMIO_RD size=4 addr=0x0e40 (RBBM_STATUS)
[010952] STATUS_RD RBBM_STATUS -> 0x00000040 (idle, 64 free)
[010953] MMIO_RD size=4 addr=0x1720 (WAIT_UNTIL)
[010954] MMIO_RD size=4 addr=0x0e40 (RBBM_STATUS)
[010955] STATUS_RD RBBM_STATUS -> 0x00000040 (idle, 64 free)
[010956] MMIO_RD size=4 addr=0x1720 (WAIT_UNTIL)
[010957] MMIO_RD size=4 addr=0x0e40 (RBBM_STATUS)
[010958] STATUS_RD RBBM_STATUS -> 0x00000040 (idle, 64 free)
[010959] MMIO_RD size=4 addr=0x1720 (WAIT_UNTIL)
[010960] MMIO_RD size=4 addr=0x0e40 (RBBM_STATUS)
[010961] STATUS_RD RBBM_STATUS -> 0x00000040 (idle, 64 free)
[010962] MMIO_RD size=4 addr=0x1720 (WAIT_UNTIL)
[010963] MMIO_RD size=4 addr=0x0e40 (RBBM_STATUS)
[010964] STATUS_RD RBBM_STATUS -> 0x00000040 (idle, 64 free)
[010965] MMIO_RD size=4 addr=0x1720 (WAIT_UNTIL)
[010966] MMIO_RD size=4 addr=0x0e40 (RBBM_STATUS)
[010967] STATUS_RD RBBM_STATUS -> 0x00000040 (idle, 64 free)
[010968] MMIO_RD size=4 addr=0x1720 (WAIT_UNTIL)
[010969] MMIO_RD size=4 addr=0x0e40 (RBBM_STATUS)
[010970] STATUS_RD RBBM_STATUS -> 0x00000040 (idle, 64 free)
[010971] MMIO_RD size=4 addr=0x1720 (WAIT_UNTIL)
[010972] MMIO_RD size=4 addr=0x0e40 (RBBM_STATUS)
[010973] STATUS_RD RBBM_STATUS -> 0x00000040 (idle, 64 free)
[010974] MMIO_RD size=4 addr=0x1720 (WAIT_UNTIL)
[010975] MMIO_RD size=4 addr=0x0e40 (RBBM_STATUS)
[010976] STATUS_RD RBBM_STATUS -> 0x00000040 (idle, 64 free)
[010977] MMIO_RD size=4 addr=0x1720 (WAIT_UNTIL)
[010978] MMIO_RD size=4 addr=0x0e40 (RBBM_STATUS)
[010979] STATUS_RD RBBM_STATUS -> 0x00000040 (idle, 64 free)
[010980] MMIO_RD size=4 addr=0x1720 (WAIT_UNTIL)
[010981] MMIO_RD size=4 addr=0x0e40 (RBBM_STATUS)
[010982] STATUS_RD RBBM_STATUS -> 0x00000040 (idle, 64 free)
[010983] MMIO_RD size=4 addr=0x1720 (WAIT_UNTIL)
[010984] MMIO_RD size=4 addr=0x0e40 (RBBM_STATUS)
[010985] STATUS_RD RBBM_STATUS -> 0x00000040 (idle, 64 free)
[010986] MMIO_RD size=4 addr=0x1720 (WAIT_UNTIL)
[010987] MMIO_RD size=4 addr=0x0e40 (RBBM_STATUS)
[010988] STATUS_RD RBBM_STATUS -> 0x00000040 (idle, 64 free)
[010989] MMIO_RD size=4 addr=0x1720 (WAIT_UNTIL)
[010990] MMIO_RD size=4 addr=0x0e40 (RBBM_STATUS)
[010991] STATUS_RD RBBM_STATUS -> 0x00000040 (idle, 64 free)
[010992] MMIO_RD size=4 addr=0x1720 (WAIT_UNTIL)
[010993] MMIO_RD size=4 addr=0x0e40 (RBBM_STATUS)
[010994] STATUS_RD RBBM_STATUS -> 0x00000040 (idle, 64 free)
[010995] MMIO_RD size=4 addr=0x1720 (WAIT_UNTIL)
[010996] MMIO_RD size=4 addr=0x0e40 (RBBM_STATUS)
[010997] STATUS_RD RBBM_STATUS -> 0x00000040 (idle, 64 free)
[010998] MMIO_RD size=4 addr=0x1720 (WAIT_UNTIL)
[010999] MMIO_RD size=4 addr=0x0e40 (RBBM_STATUS)
[011000] STATUS_RD RBBM_STATUS -> 0x00000040 (idle, 64 free)
[011001] MMIO_RD size=4 addr=0x1720 (WAIT_UNTIL)
[011002] MMIO_RD size=4 addr=0x0e40 (RBBM_STATUS)
[011003] STATUS_RD RBBM_STATUS -> 0x00000040 (idle, 64 free)
[011004] MMIO_RD size=4 addr=0x1720 (WAIT_UNTIL)
[011005] MMIO_RD size=4 addr=0x0e40 (RBBM_STATUS)
[011006] STATUS_RD RBBM_STATUS -> 0x00000040 (idle, 64 free)
[011007] MMIO_RD size=4 addr=0x1720 (WAIT_UNTIL)
[011008] MMIO_RD size=4 addr=0x0e40 (RBBM_STATUS)
[011009] STATUS_RD RBBM_STATUS -> 0x00000040 (idle, 64 free)
[011010] MMIO_RD size=4 addr=0x1720 (WAIT_UNTIL)
[011011] MMIO_RD size=4 addr=0x0e40 (RBBM_STATUS)
[011012] STATUS_RD RBBM_STATUS -> 0x00000040 (idle, 64 free)
[011013] MMIO_RD size=4 addr=0x1720 (WAIT_UNTIL)
[011014] MMIO_RD size=4 addr=0x0e40 (RBBM_STATUS)
[011015] STATUS_RD RBBM_STATUS -> 0x00000040 (idle, 64 free)
[011016] MMIO_RD size=4 addr=0x1720 (WAIT_UNTIL)
[011017] MMIO_RD size=4 addr=0x0e40 (RBBM_STATUS)
[011018] STATUS_RD RBBM_STATUS -> 0x00000040 (idle, 64 free)
[011019] MMIO_RD size=4 addr=0x1720 (WAIT_UNTIL)
[011020] MMIO_RD size=4 addr=0x0e40 (RBBM_STATUS)
[011021] STATUS_RD RBBM_STATUS -> 0x00000040 (idle, 64 free)
[011022] MMIO_RD size=4 addr=0x1720 (WAIT_UNTIL)
[011023] MMIO_RD size=4 addr=0x0e40 (RBBM_STATUS)
[011024] STATUS_RD RBBM_STATUS -> 0x00000040 (idle, 64 free)
[011025] MMIO_RD size=4 addr=0x1720 (WAIT_UNTIL)
[011026] MMIO_RD size=4 addr=0x0e40 (RBBM_STATUS)
[011027] STATUS_RD RBBM_STATUS -> 0x00000040 (idle, 64 free)
[011028] MMIO_RD size=4 addr=0x1720 (WAIT_UNTIL)
[011029] MMIO_RD size=4 addr=0x0e40 (RBBM_STATUS)
[011030] STATUS_RD RBBM_STATUS -> 0x00000040 (idle, 64 free)
[011031] MMIO_RD size=4 addr=0x1720 (WAIT_UNTIL)
[011032] MMIO_RD size=4 addr=0x0e40 (RBBM_STATUS)
[011033] STATUS_RD RBBM_STATUS -> 0x00000040 (idle, 64 free)
[011034] MMIO_RD size=4 addr=0x1720 (WAIT_UNTIL)
[011035] MMIO_RD size=4 addr=0x0e40 (RBBM_STATUS)
[011036] STATUS_RD RBBM_STATUS -> 0x00000040 (idle, 64 free)
[011037] MMIO_RD size=4 addr=0x1720 (WAIT_UNTIL)
[011038] MMIO_RD size=4 addr=0x0e40 (RBBM_STATUS)
[011039] STATUS_RD RBBM_STATUS -> 0x00000040 (idle, 64 free)
[011040] MMIO_RD size=4 addr=0x1720 (WAIT_UNTIL)
[011041] MMIO_RD size=4 addr=0x0e40 (RBBM_STATUS)
[011042] STATUS_RD RBBM_STATUS -> 0x00000040 (idle, 64 free)
[011043] MMIO_RD size=4 addr=0x1720 (WAIT_UNTIL)
[011044] MMIO_RD size=4 addr=0x0e40 (RBBM_STATUS)
[011045] STATUS_RD RBBM_STATUS -> 0x00000040 (idle, 64 free)
[011046] MMIO_RD size=4 addr=0x1720 (WAIT_UNTIL)
[011047] MMIO_RD size=4 addr=0x0e40 (RBBM_STATUS)
[011048] STATUS_RD RBBM_STATUS -> 0x00000040 (idle, 64 free)
[011049] MMIO_RD size=4 addr=0x1720 (WAIT_UNTIL)
[011050] MMIO_RD size=4 addr=0x0e40 (RBBM_STATUS)
[011051] STATUS_RD RBBM_STATUS -> 0x00000040 (idle, 64 free)
[011052] MMIO_RD size=4 addr=0x1720 (WAIT_UNTIL)
[011053] MMIO_RD size=4 addr=0x0e40 (RBBM_STATUS)
[011054] STATUS_RD RBBM_STATUS -> 0x00000040 (idle, 64 free)
[011055] MMIO_RD size=4 addr=0x1720 (WAIT_UNTIL)
[011056] MMIO_RD size=4 addr=0x0e40 (RBBM_STATUS)
[011057] STATUS_RD RBBM_STATUS -> 0x00000040 (idle, 64 free)
[011058] MMIO_RD size=4 addr=0x1720 (WAIT_UNTIL)
[011059] MMIO_RD size=4 addr=0x0e40 (RBBM_STATUS)
[011060] STATUS_RD RBBM_STATUS -> 0x00000040 (idle, 64 free)
[011061] MMIO_RD size=4 addr=0x1720 (WAIT_UNTIL)
[011062] MMIO_RD size=4 addr=0x0e40 (RBBM_STATUS)
[011063] STATUS_RD RBBM_STATUS -> 0x00000040 (idle, 64 free)
[011064] MMIO_RD size=4 addr=0x1720 (WAIT_UNTIL)
[011065] MMIO_RD size=4 addr=0x0e40 (RBBM_STATUS)
[011066] STATUS_RD RBBM_STATUS -> 0x00000040 (idle, 64 free)
[011067] MMIO_RD size=4 addr=0x1720 (WAIT_UNTIL)
[011068] MMIO_RD size=4 addr=0x0e40 (RBBM_STATUS)
[011069] STATUS_RD RBBM_STATUS -> 0x00000040 (idle, 64 free)
[011070] MMIO_RD size=4 addr=0x1720 (WAIT_UNTIL)
[011071] MMIO_RD size=4 addr=0x0e40 (RBBM_STATUS)
[011072] STATUS_RD RBBM_STATUS -> 0x00000040 (idle, 64 free)
[011073] MMIO_RD size=4 addr=0x1720 (WAIT_UNTIL)
[011074] MMIO_RD size=4 addr=0x0e40 (RBBM_STATUS)
[011075] STATUS_RD RBBM_STATUS -> 0x00000040 (idle, 64 free)
[011076] MMIO_RD size=4 addr=0x1720 (WAIT_UNTIL)
[011077] MMIO_RD size=4 addr=0x0e40 (RBBM_STATUS)
[011078] STATUS_RD RBBM_STATUS -> 0x00000040 (idle, 64 free)
[011079] MMIO_RD size=4 addr=0x1720 (WAIT_UNTIL)
[011080] MMIO_RD size=4 addr=0x0e40 (RBBM_STATUS)
[011081] STATUS_RD RBBM_STATUS -> 0x00000040 (idle, 64 free)
[011082] MMIO_RD size=4 addr=0x1720 (WAIT_UNTIL)
[011083] MMIO_RD size=4 addr=0x0e40 (RBBM_STATUS)
[011084] STATUS_RD RBBM_STATUS -> 0x00000040 (idle, 64 free)
[011085] MMIO_RD size=4 addr=0x1720 (WAIT_UNTIL)
[011086] MMIO_RD size=4 addr=0x0e40 (RBBM_STATUS)
[011087] STATUS_RD RBBM_STATUS -> 0x00000040 (idle, 64 free)
[011088] MMIO_RD size=4 addr=0x1720 (WAIT_UNTIL)
[011089] MMIO_RD size=4 addr=0x0e40 (RBBM_STATUS)
[011090] STATUS_RD RBBM_STATUS -> 0x00000040 (idle, 64 free)
[011091] MMIO_RD size=4 addr=0x1720 (WAIT_UNTIL)
[011092] MMIO_RD size=4 addr=0x0e40 (RBBM_STATUS)
[011093] STATUS_RD RBBM_STATUS -> 0x00000040 (idle, 64 free)
[011094] MMIO_RD size=4 addr=0x1720 (WAIT_UNTIL)
[011095] MMIO_RD size=4 addr=0x0e40 (RBBM_STATUS)
[011096] STATUS_RD RBBM_STATUS -> 0x00000040 (idle, 64 free)
[011097] MMIO_RD size=4 addr=0x1720 (WAIT_UNTIL)
[011098] MMIO_RD size=4 addr=0x0e40 (RBBM_STATUS)
[011099] STATUS_RD RBBM_STATUS -> 0x00000040 (idle, 64 free)
[011100] MMIO_RD size=4 addr=0x1720 (WAIT_UNTIL)
[011101] MMIO_RD size=4 addr=0x0e40 (RBBM_STATUS)
[011102] STATUS_RD RBBM_STATUS -> 0x00000040 (idle, 64 free)
[011103] MMIO_RD size=4 addr=0x1720 (WAIT_UNTIL)
[011104] MMIO_RD size=4 addr=0x0e40 (RBBM_STATUS)
[011105] STATUS_RD RBBM_STATUS -> 0x00000040 (idle, 64 free)
[011106] MMIO_RD size=4 addr=0x1720 (WAIT_UNTIL)
[011107] MMIO_RD size=4 addr=0x0e40 (RBBM_STATUS)
[011108] STATUS_RD RBBM_STATUS -> 0x00000040 (idle, 64 free)
[011109] MMIO_RD size=4 addr=0x1720 (WAIT_UNTIL)
[011110] MMIO_RD size=4 addr=0x0e40 (RBBM_STATUS)
[011111] STATUS_RD RBBM_STATUS -> 0x00000040 (idle, 64 free)
[011112] MMIO_RD size=4 addr=0x1720 (WAIT_UNTIL)
[011113] MMIO_RD size=4 addr=0x0e40 (RBBM_STATUS)
[011114] STATUS_RD RBBM_STATUS -> 0x00000040 (idle, 64 free)
[011115] MMIO_RD size=4 addr=0x1720 (WAIT_UNTIL)
[011116] MMIO_RD size=4 addr=0x0e40 (RBBM_STATUS)
[011117] STATUS_RD RBBM_STATUS -> 0x00000040 (idle, 64 free)
[011118] MMIO_RD size=4 addr=0x1720 (WAIT_UNTIL)
[011119] MMIO_RD size=4 addr=0x0e40 (RBBM_STATUS)
[011120] STATUS_RD RBBM_STATUS -> 0x00000040 (idle, 64 free)
[011121] MMIO_RD size=4 addr=0x1720 (WAIT_UNTIL)
[011122] MMIO_RD size=4 addr=0x0e40 (RBBM_STATUS)
[011123] STATUS_RD RBBM_STATUS -> 0x00000040 (idle, 64 free)
[011124] MMIO_RD size=4 addr=0x1720 (WAIT_UNTIL)
[011125] MMIO_RD size=4 addr=0x0e40 (RBBM_STATUS)
[011126] STATUS_RD RBBM_STATUS -> 0x00000040 (idle, 64 free)
[011127] MMIO_RD size=4 addr=0x1720 (WAIT_UNTIL)
[011128] MMIO_RD size=4 addr=0x0e40 (RBBM_STATUS)
[011129] STATUS_RD RBBM_STATUS -> 0x00000040 (idle, 64 free)
[011130] MMIO_RD size=4 addr=0x1720 (WAIT_UNTIL)
[011131] MMIO_RD size=4 addr=0x0e40 (RBBM_STATUS)
[011132] STATUS_RD RBBM_STATUS -> 0x00000040 (idle, 64 free)
[011133] MMIO_RD size=4 addr=0x1720 (WAIT_UNTIL)
[011134] MMIO_RD size=4 addr=0x0e40 (RBBM_STATUS)
[011135] STATUS_RD RBBM_STATUS -> 0x00000040 (idle, 64 free)
[011136] MMIO_RD size=4 addr=0x1720 (WAIT_UNTIL)
[011137] MMIO_RD size=4 addr=0x0e40 (RBBM_STATUS)
[011138] STATUS_RD RBBM_STATUS -> 0x00000040 (idle, 64 free)
[011139] MMIO_RD size=4 addr=0x1720 (WAIT_UNTIL)
[011140] MMIO_RD size=4 addr=0x0e40 (RBBM_STATUS)
[011141] STATUS_RD RBBM_STATUS -> 0x00000040 (idle, 64 free)
[011142] MMIO_RD size=4 addr=0x1720 (WAIT_UNTIL)
[011143] MMIO_RD size=4 addr=0x0e40 (RBBM_STATUS)
[011144] STATUS_RD RBBM_STATUS -> 0x00000040 (idle, 64 free)
[011145] MMIO_RD size=4 addr=0x1720 (WAIT_UNTIL)
[011146] MMIO_RD size=4 addr=0x0e40 (RBBM_STATUS)
[011147] STATUS_RD RBBM_STATUS -> 0x00000040 (idle, 64 free)
[011148] MMIO_RD size=4 addr=0x1720 (WAIT_UNTIL)
[011149] MMIO_RD size=4 addr=0x0e40 (RBBM_STATUS)
[011150] STATUS_RD RBBM_STATUS -> 0x00000040 (idle, 64 free)
[011151] MMIO_RD size=4 addr=0x1720 (WAIT_UNTIL)
[011152] MMIO_RD size=4 addr=0x0e40 (RBBM_STATUS)
[011153] STATUS_RD RBBM_STATUS -> 0x00000040 (idle, 64 free)
[011154] MMIO_RD size=4 addr=0x1720 (WAIT_UNTIL)
[011155] MMIO_RD size=4 addr=0x0e40 (RBBM_STATUS)
[011156] STATUS_RD RBBM_STATUS -> 0x00000040 (idle, 64 free)
[011157] MMIO_RD size=4 addr=0x1720 (WAIT_UNTIL)
[011158] MMIO_RD size=4 addr=0x0e40 (RBBM_STATUS)
[011159] STATUS_RD RBBM_STATUS -> 0x00000040 (idle, 64 free)
[011160] MMIO_RD size=4 addr=0x1720 (WAIT_UNTIL)
[011161] MMIO_RD size=4 addr=0x0e40 (RBBM_STATUS)
[011162] STATUS_RD RBBM_STATUS -> 0x00000040 (idle, 64 free)
[011163] MMIO_RD size=4 addr=0x1720 (WAIT_UNTIL)
[011164] MMIO_RD size=4 addr=0x0e40 (RBBM_STATUS)
[011165] STATUS_RD RBBM_STATUS -> 0x00000040 (idle, 64 free)
[011166] MMIO_RD size=4 addr=0x1720 (WAIT_UNTIL)
[011167] MMIO_RD size=4 addr=0x0e40 (RBBM_STATUS)
[011168] STATUS_RD RBBM_STATUS -> 0x00000040 (idle, 64 free)
[011169] MMIO_RD size=4 addr=0x1720 (WAIT_UNTIL)
[011170] MMIO_RD size=4 addr=0x0e40 (RBBM_STATUS)
[011171] STATUS_RD RBBM_STATUS -> 0x00000040 (idle, 64 free)
[011172] MMIO_RD size=4 addr=0x1720 (WAIT_UNTIL)
[011173] MMIO_RD size=4 addr=0x0e40 (RBBM_STATUS)
[011174] STATUS_RD RBBM_STATUS -> 0x00000040 (idle, 64 free)
[011175] MMIO_RD size=4 addr=0x1720 (WAIT_UNTIL)
[011176] MMIO_RD size=4 addr=0x0e40 (RBBM_STATUS)
[011177] STATUS_RD RBBM_STATUS -> 0x00000040 (idle, 64 free)
[011178] MMIO_RD size=4 addr=0x1720 (WAIT_UNTIL)
[011179] MMIO_RD size=4 addr=0x0e40 (RBBM_STATUS)
[011180] STATUS_RD RBBM_STATUS -> 0x00000040 (idle, 64 free)
[011181] MMIO_RD size=4 addr=0x1720 (WAIT_UNTIL)
[011182] MMIO_RD size=4 addr=0x0e40 (RBBM_STATUS)
[011183] STATUS_RD RBBM_STATUS -> 0x00000040 (idle, 64 free)
[011184] MMIO_RD size=4 addr=0x1720 (WAIT_UNTIL)
[011185] MMIO_RD size=4 addr=0x0e40 (RBBM_STATUS)
[011186] STATUS_RD RBBM_STATUS -> 0x00000040 (idle, 64 free)
[011187] MMIO_RD size=4 addr=0x1720 (WAIT_UNTIL)
[011188] MMIO_RD size=4 addr=0x0e40 (RBBM_STATUS)
[011189] STATUS_RD RBBM_STATUS -> 0x00000040 (idle, 64 free)
[011190] MMIO_RD size=4 addr=0x1720 (WAIT_UNTIL)
[011191] MMIO_RD size=4 addr=0x0e40 (RBBM_STATUS)
[011192] STATUS_RD RBBM_STATUS -> 0x00000040 (idle, 64 free)
[011193] MMIO_RD size=4 addr=0x1720 (WAIT_UNTIL)
[011194] MMIO_RD size=4 addr=0x0e40 (RBBM_STATUS)
[011195] STATUS_RD RBBM_STATUS -> 0x00000040 (idle, 64 free)
[011196] MMIO_RD size=4 addr=0x1720 (WAIT_UNTIL)
[011197] MMIO_RD size=4 addr=0x0e40 (RBBM_STATUS)
[011198] STATUS_RD RBBM_STATUS -> 0x00000040 (idle, 64 free)
[011199] MMIO_RD size=4 addr=0x1720 (WAIT_UNTIL)
[011200] MMIO_RD size=4 addr=0x0e40 (RBBM_STATUS)
[011201] STATUS_RD RBBM_STATUS -> 0x00000040 (idle, 64 free)
[011202] MMIO_RD size=4 addr=0x1720 (WAIT_UNTIL)
[011203] MMIO_RD size=4 addr=0x0e40 (RBBM_STATUS)
[011204] STATUS_RD RBBM_STATUS -> 0x00000040 (idle, 64 free)
[011205] MMIO_RD size=4 addr=0x1720 (WAIT_UNTIL)
[011206] MMIO_RD size=4 addr=0x0e40 (RBBM_STATUS)
[011207] STATUS_RD RBBM_STATUS -> 0x00000040 (idle, 64 free)
[011208] MMIO_RD size=4 addr=0x1720 (WAIT_UNTIL)
[011209] MMIO_RD size=4 addr=0x0e40 (RBBM_STATUS)
[011210] STATUS_RD RBBM_STATUS -> 0x00000040 (idle, 64 free)
[011211] MMIO_RD size=4 addr=0x1720 (WAIT_UNTIL)
[011212] MMIO_RD size=4 addr=0x0e40 (RBBM_STATUS)
[011213] STATUS_RD RBBM_STATUS -> 0x00000040 (idle, 64 free)
[011214] MMIO_RD size=4 addr=0x1720 (WAIT_UNTIL)
[011215] MMIO_RD size=4 addr=0x0e40 (RBBM_STATUS)
[011216] STATUS_RD RBBM_STATUS -> 0x00000040 (idle, 64 free)
[011217] MMIO_RD size=4 addr=0x1720 (WAIT_UNTIL)
[011218] MMIO_RD size=4 addr=0x0e40 (RBBM_STATUS)
[011219] STATUS_RD RBBM_STATUS -> 0x00000040 (idle, 64 free)
[011220] MMIO_RD size=4 addr=0x1720 (WAIT_UNTIL)
[011221] MMIO_RD size=4 addr=0x0e40 (RBBM_STATUS)
[011222] STATUS_RD RBBM_STATUS -> 0x00000040 (idle, 64 free)
[011223] MMIO_RD size=4 addr=0x1720 (WAIT_UNTIL)
[011224] MMIO_RD size=4 addr=0x0e40 (RBBM_STATUS)
[011225] STATUS_RD RBBM_STATUS -> 0x00000040 (idle, 64 free)
[011226] MMIO_RD size=4 addr=0x1720 (WAIT_UNTIL)
[011227] MMIO_RD size=4 addr=0x0e40 (RBBM_STATUS)
[011228] STATUS_RD RBBM_STATUS -> 0x00000040 (idle, 64 free)
[011229] MMIO_RD size=4 addr=0x1720 (WAIT_UNTIL)
[011230] MMIO_RD size=4 addr=0x0e40 (RBBM_STATUS)
[011231] STATUS_RD RBBM_STATUS -> 0x00000040 (idle, 64 free)
[011232] MMIO_RD size=4 addr=0x1720 (WAIT_UNTIL)
[011233] MMIO_RD size=4 addr=0x0e40 (RBBM_STATUS)
[011234] STATUS_RD RBBM_STATUS -> 0x00000040 (idle, 64 free)
[011235] MMIO_RD size=4 addr=0x1720 (WAIT_UNTIL)
[011236] MMIO_RD size=4 addr=0x0e40 (RBBM_STATUS)
[011237] STATUS_RD RBBM_STATUS -> 0x00000040 (idle, 64 free)
[011238] MMIO_RD size=4 addr=0x1720 (WAIT_UNTIL)
[011239] MMIO_RD size=4 addr=0x0e40 (RBBM_STATUS)
[011240] STATUS_RD RBBM_STATUS -> 0x00000040 (idle, 64 free)
[011241] MMIO_RD size=4 addr=0x1720 (WAIT_UNTIL)
[011242] MMIO_RD size=4 addr=0x0e40 (RBBM_STATUS)
[011243] STATUS_RD RBBM_STATUS -> 0x00000040 (idle, 64 free)
[011244] MMIO_RD size=4 addr=0x1720 (WAIT_UNTIL)
[011245] MMIO_RD size=4 addr=0x0e40 (RBBM_STATUS)
[011246] STATUS_RD RBBM_STATUS -> 0x00000040 (idle, 64 free)
[011247] MMIO_RD size=4 addr=0x1720 (WAIT_UNTIL)
[011248] MMIO_RD size=4 addr=0x0e40 (RBBM_STATUS)
[011249] STATUS_RD RBBM_STATUS -> 0x00000040 (idle, 64 free)
[011250] MMIO_RD size=4 addr=0x1720 (WAIT_UNTIL)
[011251] MMIO_RD size=4 addr=0x0e40 (RBBM_STATUS)
[011252] STATUS_RD RBBM_STATUS -> 0x00000040 (idle, 64 free)
[011253] MMIO_RD size=4 addr=0x1720 (WAIT_UNTIL)
[011254] MMIO_RD size=4 addr=0x0e40 (RBBM_STATUS)
[011255] STATUS_RD RBBM_STATUS -> 0x00000040 (idle, 64 free)
[011256] MMIO_RD size=4 addr=0x1720 (WAIT_UNTIL)
[011257] MMIO_RD size=4 addr=0x0e40 (RBBM_STATUS)
[011258] STATUS_RD RBBM_STATUS -> 0x00000040 (idle, 64 free)
[011259] MMIO_RD size=4 addr=0x1720 (WAIT_UNTIL)
[011260] MMIO_RD size=4 addr=0x0e40 (RBBM_STATUS)
[011261] STATUS_RD RBBM_STATUS -> 0x00000040 (idle, 64 free)
[011262] MMIO_RD size=4 addr=0x1720 (WAIT_UNTIL)
[011263] MMIO_RD size=4 addr=0x0e40 (RBBM_STATUS)
[011264] STATUS_RD RBBM_STATUS -> 0x00000040 (idle, 64 free)
[011265] MMIO_RD size=4 addr=0x1720 (WAIT_UNTIL)
[011266] MMIO_RD size=4 addr=0x0e40 (RBBM_STATUS)
[011267] STATUS_RD RBBM_STATUS -> 0x00000040 (idle, 64 free)
[011268] MMIO_RD size=4 addr=0x1720 (WAIT_UNTIL)
[011269] MMIO_RD size=4 addr=0x0e40 (RBBM_STATUS)
[011270] STATUS_RD RBBM_STATUS -> 0x00000040 (idle, 64 free)
[011271] MMIO_RD size=4 addr=0x1720 (WAIT_UNTIL)
[011272] MMIO_RD size=4 addr=0x0e40 (RBBM_STATUS)
[011273] STATUS_RD RBBM_STATUS -> 0x00000040 (idle, 64 free)
[011274] MMIO_RD size=4 addr=0x1720 (WAIT_UNTIL)
[011275] MMIO_RD size=4 addr=0x0e40 (RBBM_STATUS)
[011276] STATUS_RD RBBM_STATUS -> 0x00000040 (idle, 64 free)
[011277] MMIO_RD size=4 addr=0x1720 (WAIT_UNTIL)
[011278] MMIO_RD size=4 addr=0x0e40 (RBBM_STATUS)
[011279] STATUS_RD RBBM_STATUS -> 0x00000040 (idle, 64 free)
[011280] MMIO_RD size=4 addr=0x1720 (WAIT_UNTIL)
[011281] MMIO_RD size=4 addr=0x0e40 (RBBM_STATUS)
[011282] STATUS_RD RBBM_STATUS -> 0x00000040 (idle, 64 free)
[011283] MMIO_RD size=4 addr=0x1720 (WAIT_UNTIL)
[011284] MMIO_RD size=4 addr=0x0e40 (RBBM_STATUS)
[011285] STATUS_RD RBBM_STATUS -> 0x00000040 (idle, 64 free)
[011286] MMIO_RD size=4 addr=0x1720 (WAIT_UNTIL)
[011287] MMIO_RD size=4 addr=0x0e40 (RBBM_STATUS)
[011288] STATUS_RD RBBM_STATUS -> 0x00000040 (idle, 64 free)
[011289] MMIO_RD size=4 addr=0x1720 (WAIT_UNTIL)
[011290] MMIO_RD size=4 addr=0x0e40 (RBBM_STATUS)
[011291] STATUS_RD RBBM_STATUS -> 0x00000040 (idle, 64 free)
[011292] MMIO_RD size=4 addr=0x1720 (WAIT_UNTIL)
[011293] MMIO_RD size=4 addr=0x0e40 (RBBM_STATUS)
[011294] STATUS_RD RBBM_STATUS -> 0x00000040 (idle, 64 free)
[011295] MMIO_RD size=4 addr=0x1720 (WAIT_UNTIL)
[011296] MMIO_RD size=4 addr=0x0e40 (RBBM_STATUS)
[011297] STATUS_RD RBBM_STATUS -> 0x00000040 (idle, 64 free)
[011298] MMIO_RD size=4 addr=0x1720 (WAIT_UNTIL)
[011299] MMIO_RD size=4 addr=0x0e40 (RBBM_STATUS)
[011300] STATUS_RD RBBM_STATUS -> 0x00000040 (idle, 64 free)
[011301] MMIO_RD size=4 addr=0x1720 (WAIT_UNTIL)
[011302] MMIO_RD size=4 addr=0x0e40 (RBBM_STATUS)
[011303] STATUS_RD RBBM_STATUS -> 0x00000040 (idle, 64 free)
[011304] MMIO_RD size=4 addr=0x1720 (WAIT_UNTIL)
[011305] MMIO_RD size=4 addr=0x0e40 (RBBM_STATUS)
[011306] STATUS_RD RBBM_STATUS -> 0x00000040 (idle, 64 free)
[011307] MMIO_RD size=4 addr=0x1720 (WAIT_UNTIL)
[011308] MMIO_RD size=4 addr=0x0e40 (RBBM_STATUS)
[011309] STATUS_RD RBBM_STATUS -> 0x00000040 (idle, 64 free)
[011310] MMIO_RD size=4 addr=0x1720 (WAIT_UNTIL)
[011311] MMIO_RD size=4 addr=0x0e40 (RBBM_STATUS)
[011312] STATUS_RD RBBM_STATUS -> 0x00000040 (idle, 64 free)
[011313] MMIO_RD size=4 addr=0x1720 (WAIT_UNTIL)
[011314] MMIO_RD size=4 addr=0x0e40 (RBBM_STATUS)
[011315] STATUS_RD RBBM_STATUS -> 0x00000040 (idle, 64 free)
[011316] MMIO_RD size=4 addr=0x1720 (WAIT_UNTIL)
[011317] MMIO_RD size=4 addr=0x0e40 (RBBM_STATUS)
[011318] STATUS_RD RBBM_STATUS -> 0x00000040 (idle, 64 free)
[011319] MMIO_RD size=4 addr=0x1720 (WAIT_UNTIL)
[011320] MMIO_RD size=4 addr=0x0e40 (RBBM_STATUS)
[011321] STATUS_RD RBBM_STATUS -> 0x00000040 (idle, 64 free)
[011322] MMIO_RD size=4 addr=0x1720 (WAIT_UNTIL)
[011323] MMIO_RD size=4 addr=0x0e40 (RBBM_STATUS)
[011324] STATUS_RD RBBM_STATUS -> 0x00000040 (idle, 64 free)
[011325] MMIO_RD size=4 addr=0x1720 (WAIT_UNTIL)
[011326] MMIO_RD size=4 addr=0x0e40 (RBBM_STATUS)
[011327] STATUS_RD RBBM_STATUS -> 0x00000040 (idle, 64 free)
[011328] MMIO_RD size=4 addr=0x1720 (WAIT_UNTIL)
[011329] MMIO_RD size=4 addr=0x0e40 (RBBM_STATUS)
[011330] STATUS_RD RBBM_STATUS -> 0x00000040 (idle, 64 free)
[011331] MMIO_RD size=4 addr=0x1720 (WAIT_UNTIL)
[011332] MMIO_RD size=4 addr=0x0e40 (RBBM_STATUS)
[011333] STATUS_RD RBBM_STATUS -> 0x00000040 (idle, 64 free)
[011334] MMIO_RD size=4 addr=0x1720 (WAIT_UNTIL)
[011335] MMIO_RD size=4 addr=0x0e40 (RBBM_STATUS)
[011336] STATUS_RD RBBM_STATUS -> 0x00000040 (idle, 64 free)
[011337] MMIO_RD size=4 addr=0x1720 (WAIT_UNTIL)
[011338] MMIO_RD size=4 addr=0x0e40 (RBBM_STATUS)
[011339] STATUS_RD RBBM_STATUS -> 0x00000040 (idle, 64 free)
[011340] MMIO_RD size=4 addr=0x1720 (WAIT_UNTIL)
[011341] MMIO_RD size=4 addr=0x0e40 (RBBM_STATUS)
[011342] STATUS_RD RBBM_STATUS -> 0x00000040 (idle, 64 free)
[011343] MMIO_RD size=4 addr=0x1720 (WAIT_UNTIL)
[011344] MMIO_RD size=4 addr=0x0e40 (RBBM_STATUS)
[011345] STATUS_RD RBBM_STATUS -> 0x00000040 (idle, 64 free)
[011346] MMIO_RD size=4 addr=0x1720 (WAIT_UNTIL)
[011347] MMIO_RD size=4 addr=0x0e40 (RBBM_STATUS)
[011348] STATUS_RD RBBM_STATUS -> 0x00000040 (idle, 64 free)
[011349] MMIO_RD size=4 addr=0x1720 (WAIT_UNTIL)
[011350] MMIO_RD size=4 addr=0x0e40 (RBBM_STATUS)
[011351] STATUS_RD RBBM_STATUS -> 0x00000040 (idle, 64 free)
[011352] MMIO_RD size=4 addr=0x1720 (WAIT_UNTIL)
[011353] MMIO_RD size=4 addr=0x0e40 (RBBM_STATUS)
[011354] STATUS_RD RBBM_STATUS -> 0x00000040 (idle, 64 free)
[011355] MMIO_RD size=4 addr=0x1720 (WAIT_UNTIL)
[011356] MMIO_RD size=4 addr=0x0e40 (RBBM_STATUS)
[011357] STATUS_RD RBBM_STATUS -> 0x00000040 (idle, 64 free)
[011358] MMIO_RD size=4 addr=0x1720 (WAIT_UNTIL)
[011359] MMIO_RD size=4 addr=0x0e40 (RBBM_STATUS)
[011360] STATUS_RD RBBM_STATUS -> 0x00000040 (idle, 64 free)
[011361] MMIO_RD size=4 addr=0x1720 (WAIT_UNTIL)
[011362] MMIO_RD size=4 addr=0x0e40 (RBBM_STATUS)
[011363] STATUS_RD RBBM_STATUS -> 0x00000040 (idle, 64 free)
[011364] MMIO_RD size=4 addr=0x1720 (WAIT_UNTIL)
[011365] MMIO_RD size=4 addr=0x0e40 (RBBM_STATUS)
[011366] STATUS_RD RBBM_STATUS -> 0x00000040 (idle, 64 free)
[011367] MMIO_RD size=4 addr=0x1720 (WAIT_UNTIL)
[011368] MMIO_RD size=4 addr=0x0e40 (RBBM_STATUS)
[011369] STATUS_RD RBBM_STATUS -> 0x00000040 (idle, 64 free)
[011370] MMIO_RD size=4 addr=0x1720 (WAIT_UNTIL)
[011371] MMIO_RD size=4 addr=0x0e40 (RBBM_STATUS)
[011372] STATUS_RD RBBM_STATUS -> 0x00000040 (idle, 64 free)
[011373] MMIO_RD size=4 addr=0x1720 (WAIT_UNTIL)
[011374] MMIO_RD size=4 addr=0x0e40 (RBBM_STATUS)
[011375] STATUS_RD RBBM_STATUS -> 0x00000040 (idle, 64 free)
[011376] MMIO_RD size=4 addr=0x1720 (WAIT_UNTIL)
[011377] MMIO_RD size=4 addr=0x0e40 (RBBM_STATUS)
[011378] STATUS_RD RBBM_STATUS -> 0x00000040 (idle, 64 free)
[011379] MMIO_RD size=4 addr=0x1720 (WAIT_UNTIL)
[011380] MMIO_RD size=4 addr=0x0e40 (RBBM_STATUS)
[011381] STATUS_RD RBBM_STATUS -> 0x00000040 (idle, 64 free)
[011382] MMIO_RD size=4 addr=0x1720 (WAIT_UNTIL)
[011383] MMIO_RD size=4 addr=0x0e40 (RBBM_STATUS)
[011384] STATUS_RD RBBM_STATUS -> 0x00000040 (idle, 64 free)
[011385] MMIO_RD size=4 addr=0x1720 (WAIT_UNTIL)
[011386] MMIO_RD size=4 addr=0x0e40 (RBBM_STATUS)
[011387] STATUS_RD RBBM_STATUS -> 0x00000040 (idle, 64 free)
[011388] MMIO_RD size=4 addr=0x1720 (WAIT_UNTIL)
[011389] MMIO_RD size=4 addr=0x0e40 (RBBM_STATUS)
[011390] STATUS_RD RBBM_STATUS -> 0x00000040 (idle, 64 free)
[011391] MMIO_RD size=4 addr=0x1720 (WAIT_UNTIL)
[011392] MMIO_RD size=4 addr=0x0e40 (RBBM_STATUS)
[011393] STATUS_RD RBBM_STATUS -> 0x00000040 (idle, 64 free)
[011394] MMIO_RD size=4 addr=0x1720 (WAIT_UNTIL)
[011395] MMIO_RD size=4 addr=0x0e40 (RBBM_STATUS)
[011396] STATUS_RD RBBM_STATUS -> 0x00000040 (idle, 64 free)
[011397] MMIO_RD size=4 addr=0x1720 (WAIT_UNTIL)
[011398] MMIO_RD size=4 addr=0x0e40 (RBBM_STATUS)
[011399] STATUS_RD RBBM_STATUS -> 0x00000040 (idle, 64 free)
[011400] MMIO_RD size=4 addr=0x1720 (WAIT_UNTIL)
[011401] MMIO_RD size=4 addr=0x0e40 (RBBM_STATUS)
[011402] STATUS_RD RBBM_STATUS -> 0x00000040 (idle, 64 free)
[011403] MMIO_RD size=4 addr=0x1720 (WAIT_UNTIL)
[011404] MMIO_RD size=4 addr=0x0e40 (RBBM_STATUS)
[011405] STATUS_RD RBBM_STATUS -> 0x00000040 (idle, 64 free)
[011406] MMIO_RD size=4 addr=0x1720 (WAIT_UNTIL)
[011407] MMIO_RD size=4 addr=0x0e40 (RBBM_STATUS)
[011408] STATUS_RD RBBM_STATUS -> 0x00000040 (idle, 64 free)
[011409] MMIO_RD size=4 addr=0x1720 (WAIT_UNTIL)
[011410] MMIO_RD size=4 addr=0x0e40 (RBBM_STATUS)
[011411] STATUS_RD RBBM_STATUS -> 0x00000040 (idle, 64 free)
[011412] MMIO_RD size=4 addr=0x1720 (WAIT_UNTIL)
[011413] MMIO_RD size=4 addr=0x0e40 (RBBM_STATUS)
[011414] STATUS_RD RBBM_STATUS -> 0x00000040 (idle, 64 free)
[011415] MMIO_RD size=4 addr=0x1720 (WAIT_UNTIL)
[011416] MMIO_RD size=4 addr=0x0e40 (RBBM_STATUS)
[011417] STATUS_RD RBBM_STATUS -> 0x00000040 (idle, 64 free)
[011418] MMIO_RD size=4 addr=0x1720 (WAIT_UNTIL)
[011419] MMIO_RD size=4 addr=0x0e40 (RBBM_STATUS)
[011420] STATUS_RD RBBM_STATUS -> 0x00000040 (idle, 64 free)
[011421] MMIO_RD size=4 addr=0x1720 (WAIT_UNTIL)
[011422] MMIO_RD size=4 addr=0x0e40 (RBBM_STATUS)
[011423] STATUS_RD RBBM_STATUS -> 0x00000040 (idle, 64 free)
[011424] MMIO_RD size=4 addr=0x1720 (WAIT_UNTIL)
[011425] MMIO_RD size=4 addr=0x0e40 (RBBM_STATUS)
[011426] STATUS_RD RBBM_STATUS -> 0x00000040 (idle, 64 free)
[011427] MMIO_RD size=4 addr=0x1720 (WAIT_UNTIL)
[011428] MMIO_RD size=4 addr=0x0e40 (RBBM_STATUS)
[011429] STATUS_RD RBBM_STATUS -> 0x00000040 (idle, 64 free)
[011430] MMIO_RD size=4 addr=0x1720 (WAIT_UNTIL)
[011431] MMIO_RD size=4 addr=0x0e40 (RBBM_STATUS)
[011432] STATUS_RD RBBM_STATUS -> 0x00000040 (idle, 64 free)
[011433] MMIO_RD size=4 addr=0x1720 (WAIT_UNTIL)
[011434] MMIO_RD size=4 addr=0x0e40 (RBBM_STATUS)
[011435] STATUS_RD RBBM_STATUS -> 0x00000040 (idle, 64 free)
[011436] MMIO_RD size=4 addr=0x1720 (WAIT_UNTIL)
[011437] MMIO_RD size=4 addr=0x0e40 (RBBM_STATUS)
[011438] STATUS_RD RBBM_STATUS -> 0x00000040 (idle, 64 free)
[011439] MMIO_RD size=4 addr=0x1720 (WAIT_UNTIL)
[011440] MMIO_RD size=4 addr=0x0e40 (RBBM_STATUS)
[011441] STATUS_RD RBBM_STATUS -> 0x00000040 (idle, 64 free)
[011442] MMIO_RD size=4 addr=0x1720 (WAIT_UNTIL)
[011443] MMIO_RD size=4 addr=0x0e40 (RBBM_STATUS)
[011444] STATUS_RD RBBM_STATUS -> 0x00000040 (idle, 64 free)
[011445] MMIO_RD size=4 addr=0x1720 (WAIT_UNTIL)
[011446] MMIO_RD size=4 addr=0x0e40 (RBBM_STATUS)
[011447] STATUS_RD RBBM_STATUS -> 0x00000040 (idle, 64 free)
[011448] MMIO_RD size=4 addr=0x1720 (WAIT_UNTIL)
[011449] MMIO_RD size=4 addr=0x0e40 (RBBM_STATUS)
[011450] STATUS_RD RBBM_STATUS -> 0x00000040 (idle, 64 free)
[011451] MMIO_RD size=4 addr=0x1720 (WAIT_UNTIL)
[011452] MMIO_RD size=4 addr=0x0e40 (RBBM_STATUS)
[011453] STATUS_RD RBBM_STATUS -> 0x00000040 (idle, 64 free)
[011454] MMIO_RD size=4 addr=0x1720 (WAIT_UNTIL)
[011455] MMIO_RD size=4 addr=0x0e40 (RBBM_STATUS)
[011456] STATUS_RD RBBM_STATUS -> 0x00000040 (idle, 64 free)
[011457] MMIO_RD size=4 addr=0x1720 (WAIT_UNTIL)
[011458] MMIO_RD size=4 addr=0x0e40 (RBBM_STATUS)
[011459] STATUS_RD RBBM_STATUS -> 0x00000040 (idle, 64 free)
[011460] MMIO_RD size=4 addr=0x1720 (WAIT_UNTIL)
[011461] MMIO_RD size=4 addr=0x0e40 (RBBM_STATUS)
[011462] STATUS_RD RBBM_STATUS -> 0x00000040 (idle, 64 free)
[011463] MMIO_RD size=4 addr=0x1720 (WAIT_UNTIL)
[011464] MMIO_RD size=4 addr=0x0e40 (RBBM_STATUS)
[011465] STATUS_RD RBBM_STATUS -> 0x00000040 (idle, 64 free)
[011466] MMIO_RD size=4 addr=0x1720 (WAIT_UNTIL)
[011467] MMIO_RD size=4 addr=0x0e40 (RBBM_STATUS)
[011468] STATUS_RD RBBM_STATUS -> 0x00000040 (idle, 64 free)
[011469] MMIO_RD size=4 addr=0x1720 (WAIT_UNTIL)
[011470] MMIO_RD size=4 addr=0x0e40 (RBBM_STATUS)
[011471] STATUS_RD RBBM_STATUS -> 0x00000040 (idle, 64 free)
[011472] MMIO_RD size=4 addr=0x1720 (WAIT_UNTIL)
[011473] MMIO_RD size=4 addr=0x0e40 (RBBM_STATUS)
[011474] STATUS_RD RBBM_STATUS -> 0x00000040 (idle, 64 free)
[011475] MMIO_RD size=4 addr=0x1720 (WAIT_UNTIL)
[011476] MMIO_RD size=4 addr=0x0e40 (RBBM_STATUS)
[011477] STATUS_RD RBBM_STATUS -> 0x00000040 (idle, 64 free)
[011478] MMIO_RD size=4 addr=0x1720 (WAIT_UNTIL)
[011479] MMIO_RD size=4 addr=0x0e40 (RBBM_STATUS)
[011480] STATUS_RD RBBM_STATUS -> 0x00000040 (idle, 64 free)
[011481] MMIO_RD size=4 addr=0x1720 (WAIT_UNTIL)
[011482] MMIO_RD size=4 addr=0x0e40 (RBBM_STATUS)
[011483] STATUS_RD RBBM_STATUS -> 0x00000040 (idle, 64 free)
[011484] MMIO_RD size=4 addr=0x1720 (WAIT_UNTIL)
[011485] MMIO_RD size=4 addr=0x0e40 (RBBM_STATUS)
[011486] STATUS_RD RBBM_STATUS -> 0x00000040 (idle, 64 free)
[011487] MMIO_RD size=4 addr=0x1720 (WAIT_UNTIL)
[011488] MMIO_RD size=4 addr=0x0e40 (RBBM_STATUS)
[011489] STATUS_RD RBBM_STATUS -> 0x00000040 (idle, 64 free)
[011490] MMIO_RD size=4 addr=0x1720 (WAIT_UNTIL)
[011491] MMIO_RD size=4 addr=0x0e40 (RBBM_STATUS)
[011492] STATUS_RD RBBM_STATUS -> 0x00000040 (idle, 64 free)
[011493] MMIO_RD size=4 addr=0x1720 (WAIT_UNTIL)
[011494] MMIO_RD size=4 addr=0x0e40 (RBBM_STATUS)
[011495] STATUS_RD RBBM_STATUS -> 0x00000040 (idle, 64 free)
[011496] MMIO_RD size=4 addr=0x1720 (WAIT_UNTIL)
[011497] MMIO_RD size=4 addr=0x0e40 (RBBM_STATUS)
[011498] STATUS_RD RBBM_STATUS -> 0x00000040 (idle, 64 free)
[011499] MMIO_RD size=4 addr=0x1720 (WAIT_UNTIL)
[011500] MMIO_RD size=4 addr=0x0e40 (RBBM_STATUS)
[011501] STATUS_RD RBBM_STATUS -> 0x00000040 (idle, 64 free)
[011502] MMIO_RD size=4 addr=0x1720 (WAIT_UNTIL)
[011503] MMIO_RD size=4 addr=0x0e40 (RBBM_STATUS)
[011504] STATUS_RD RBBM_STATUS -> 0x00000040 (idle, 64 free)
[011505] MMIO_RD size=4 addr=0x1720 (WAIT_UNTIL)
[011506] MMIO_RD size=4 addr=0x0e40 (RBBM_STATUS)
[011507] STATUS_RD RBBM_STATUS -> 0x00000040 (idle, 64 free)
[011508] MMIO_RD size=4 addr=0x1720 (WAIT_UNTIL)
[011509] MMIO_RD size=4 addr=0x0e40 (RBBM_STATUS)
[011510] STATUS_RD RBBM_STATUS -> 0x00000040 (idle, 64 free)
[011511] MMIO_RD size=4 addr=0x1720 (WAIT_UNTIL)
[011512] MMIO_RD size=4 addr=0x0e40 (RBBM_STATUS)
[011513] STATUS_RD RBBM_STATUS -> 0x00000040 (idle, 64 free)
[011514] MMIO_RD size=4 addr=0x1720 (WAIT_UNTIL)
[011515] MMIO_RD size=4 addr=0x0e40 (RBBM_STATUS)
[011516] STATUS_RD RBBM_STATUS -> 0x00000040 (idle, 64 free)
[011517] MMIO_RD size=4 addr=0x1720 (WAIT_UNTIL)
[011518] MMIO_RD size=4 addr=0x0e40 (RBBM_STATUS)
[011519] STATUS_RD RBBM_STATUS -> 0x00000040 (idle, 64 free)
[011520] MMIO_RD size=4 addr=0x1720 (WAIT_UNTIL)
[011521] MMIO_RD size=4 addr=0x0e40 (RBBM_STATUS)
[011522] STATUS_RD RBBM_STATUS -> 0x00000040 (idle, 64 free)
[011523] MMIO_RD size=4 addr=0x1720 (WAIT_UNTIL)
[011524] MMIO_RD size=4 addr=0x0e40 (RBBM_STATUS)
[011525] STATUS_RD RBBM_STATUS -> 0x00000040 (idle, 64 free)
[011526] MMIO_RD size=4 addr=0x1720 (WAIT_UNTIL)
[011527] MMIO_RD size=4 addr=0x0e40 (RBBM_STATUS)
[011528] STATUS_RD RBBM_STATUS -> 0x00000040 (idle, 64 free)
[011529] MMIO_RD size=4 addr=0x1720 (WAIT_UNTIL)
[011530] MMIO_RD size=4 addr=0x0e40 (RBBM_STATUS)
[011531] STATUS_RD RBBM_STATUS -> 0x00000040 (idle, 64 free)
[011532] MMIO_RD size=4 addr=0x1720 (WAIT_UNTIL)
[011533] MMIO_RD size=4 addr=0x0e40 (RBBM_STATUS)
[011534] STATUS_RD RBBM_STATUS -> 0x00000040 (idle, 64 free)
[011535] MMIO_RD size=4 addr=0x1720 (WAIT_UNTIL)
[011536] MMIO_RD size=4 addr=0x0e40 (RBBM_STATUS)
[011537] STATUS_RD RBBM_STATUS -> 0x00000040 (idle, 64 free)
[011538] MMIO_RD size=4 addr=0x1720 (WAIT_UNTIL)
[011539] MMIO_RD size=4 addr=0x0e40 (RBBM_STATUS)
[011540] STATUS_RD RBBM_STATUS -> 0x00000040 (idle, 64 free)
[011541] MMIO_RD size=4 addr=0x1720 (WAIT_UNTIL)
[011542] MMIO_RD size=4 addr=0x0e40 (RBBM_STATUS)
[011543] STATUS_RD RBBM_STATUS -> 0x00000040 (idle, 64 free)
[011544] MMIO_RD size=4 addr=0x1720 (WAIT_UNTIL)
[011545] MMIO_RD size=4 addr=0x0e40 (RBBM_STATUS)
[011546] STATUS_RD RBBM_STATUS -> 0x00000040 (idle, 64 free)
[011547] MMIO_RD size=4 addr=0x1720 (WAIT_UNTIL)
[011548] MMIO_RD size=4 addr=0x0e40 (RBBM_STATUS)
[011549] STATUS_RD RBBM_STATUS -> 0x00000040 (idle, 64 free)
[011550] MMIO_RD size=4 addr=0x1720 (WAIT_UNTIL)
[011551] MMIO_RD size=4 addr=0x0e40 (RBBM_STATUS)
[011552] STATUS_RD RBBM_STATUS -> 0x00000040 (idle, 64 free)
[011553] MMIO_RD size=4 addr=0x1720 (WAIT_UNTIL)
[011554] MMIO_RD size=4 addr=0x0e40 (RBBM_STATUS)
[011555] STATUS_RD RBBM_STATUS -> 0x00000040 (idle, 64 free)
[011556] MMIO_RD size=4 addr=0x1720 (WAIT_UNTIL)
[011557] MMIO_RD size=4 addr=0x0e40 (RBBM_STATUS)
[011558] STATUS_RD RBBM_STATUS -> 0x00000040 (idle, 64 free)
[011559] MMIO_RD size=4 addr=0x1720 (WAIT_UNTIL)
[011560] MMIO_RD size=4 addr=0x0e40 (RBBM_STATUS)
[011561] STATUS_RD RBBM_STATUS -> 0x00000040 (idle, 64 free)
[011562] MMIO_RD size=4 addr=0x1720 (WAIT_UNTIL)
[011563] MMIO_RD size=4 addr=0x0e40 (RBBM_STATUS)
[011564] STATUS_RD RBBM_STATUS -> 0x00000040 (idle, 64 free)
[011565] MMIO_RD size=4 addr=0x1720 (WAIT_UNTIL)
[011566] MMIO_RD size=4 addr=0x0e40 (RBBM_STATUS)
[011567] STATUS_RD RBBM_STATUS -> 0x00000040 (idle, 64 free)
[011568] MMIO_RD size=4 addr=0x1720 (WAIT_UNTIL)
[011569] MMIO_RD size=4 addr=0x0e40 (RBBM_STATUS)
[011570] STATUS_RD RBBM_STATUS -> 0x00000040 (idle, 64 free)
[011571] MMIO_RD size=4 addr=0x1720 (WAIT_UNTIL)
[011572] MMIO_RD size=4 addr=0x0e40 (RBBM_STATUS)
[011573] STATUS_RD RBBM_STATUS -> 0x00000040 (idle, 64 free)
[011574] MMIO_RD size=4 addr=0x1720 (WAIT_UNTIL)
[011575] MMIO_RD size=4 addr=0x0e40 (RBBM_STATUS)
[011576] STATUS_RD RBBM_STATUS -> 0x00000040 (idle, 64 free)
[011577] MMIO_RD size=4 addr=0x1720 (WAIT_UNTIL)
[011578] MMIO_RD size=4 addr=0x0e40 (RBBM_STATUS)
[011579] STATUS_RD RBBM_STATUS -> 0x00000040 (idle, 64 free)
[011580] MMIO_RD size=4 addr=0x1720 (WAIT_UNTIL)
[011581] MMIO_RD size=4 addr=0x0e40 (RBBM_STATUS)
[011582] STATUS_RD RBBM_STATUS -> 0x00000040 (idle, 64 free)
[011583] MMIO_RD size=4 addr=0x1720 (WAIT_UNTIL)
[011584] MMIO_RD size=4 addr=0x0e40 (RBBM_STATUS)
[011585] STATUS_RD RBBM_STATUS -> 0x00000040 (idle, 64 free)
[011586] MMIO_RD size=4 addr=0x1720 (WAIT_UNTIL)
[011587] MMIO_RD size=4 addr=0x0e40 (RBBM_STATUS)
[011588] STATUS_RD RBBM_STATUS -> 0x00000040 (idle, 64 free)
[011589] MMIO_RD size=4 addr=0x1720 (WAIT_UNTIL)
[011590] MMIO_RD size=4 addr=0x0e40 (RBBM_STATUS)
[011591] STATUS_RD RBBM_STATUS -> 0x00000040 (idle, 64 free)
[011592] MMIO_RD size=4 addr=0x1720 (WAIT_UNTIL)
[011593] MMIO_RD size=4 addr=0x0e40 (RBBM_STATUS)
[011594] STATUS_RD RBBM_STATUS -> 0x00000040 (idle, 64 free)
[011595] MMIO_RD size=4 addr=0x1720 (WAIT_UNTIL)
[011596] MMIO_RD size=4 addr=0x0e40 (RBBM_STATUS)
[011597] STATUS_RD RBBM_STATUS -> 0x00000040 (idle, 64 free)
[011598] MMIO_RD size=4 addr=0x1720 (WAIT_UNTIL)
[011599] MMIO_RD size=4 addr=0x0e40 (RBBM_STATUS)
[011600] STATUS_RD RBBM_STATUS -> 0x00000040 (idle, 64 free)
[011601] MMIO_RD size=4 addr=0x1720 (WAIT_UNTIL)
[011602] MMIO_RD size=4 addr=0x0e40 (RBBM_STATUS)
[011603] STATUS_RD RBBM_STATUS -> 0x00000040 (idle, 64 free)
[011604] MMIO_RD size=4 addr=0x1720 (WAIT_UNTIL)
[011605] MMIO_RD size=4 addr=0x0e40 (RBBM_STATUS)
[011606] STATUS_RD RBBM_STATUS -> 0x00000040 (idle, 64 free)
[011607] MMIO_RD size=4 addr=0x1720 (WAIT_UNTIL)
[011608] MMIO_RD size=4 addr=0x0e40 (RBBM_STATUS)
[011609] STATUS_RD RBBM_STATUS -> 0x00000040 (idle, 64 free)
[011610] MMIO_RD size=4 addr=0x1720 (WAIT_UNTIL)
[011611] MMIO_RD size=4 addr=0x0e40 (RBBM_STATUS)
[011612] STATUS_RD RBBM_STATUS -> 0x00000040 (idle, 64 free)
[011613] MMIO_RD size=4 addr=0x1720 (WAIT_UNTIL)
[011614] MMIO_RD size=4 addr=0x0e40 (RBBM_STATUS)
[011615] STATUS_RD RBBM_STATUS -> 0x00000040 (idle, 64 free)
[011616] MMIO_RD size=4 addr=0x1720 (WAIT_UNTIL)
[011617] MMIO_RD size=4 addr=0x0e40 (RBBM_STATUS)
[011618] STATUS_RD RBBM_STATUS -> 0x00000040 (idle, 64 free)
[011619] MMIO_RD size=4 addr=0x1720 (WAIT_UNTIL)
[011620] MMIO_RD size=4 addr=0x0e40 (RBBM_STATUS)
[011621] STATUS_RD RBBM_STATUS -> 0x00000040 (idle, 64 free)
[011622] MMIO_RD size=4 addr=0x1720 (WAIT_UNTIL)
[011623] MMIO_RD size=4 addr=0x0e40 (RBBM_STATUS)
[011624] STATUS_RD RBBM_STATUS -> 0x00000040 (idle, 64 free)
[011625] MMIO_RD size=4 addr=0x1720 (WAIT_UNTIL)
[011626] MMIO_RD size=4 addr=0x0e40 (RBBM_STATUS)
[011627] STATUS_RD RBBM_STATUS -> 0x00000040 (idle, 64 free)
[011628] MMIO_RD size=4 addr=0x1720 (WAIT_UNTIL)
[011629] MMIO_RD size=4 addr=0x0e40 (RBBM_STATUS)
[011630] STATUS_RD RBBM_STATUS -> 0x00000040 (idle, 64 free)
[011631] MMIO_RD size=4 addr=0x1720 (WAIT_UNTIL)
[011632] MMIO_RD size=4 addr=0x0e40 (RBBM_STATUS)
[011633] STATUS_RD RBBM_STATUS -> 0x00000040 (idle, 64 free)
[011634] MMIO_RD size=4 addr=0x1720 (WAIT_UNTIL)
[011635] MMIO_RD size=4 addr=0x0e40 (RBBM_STATUS)
[011636] STATUS_RD RBBM_STATUS -> 0x00000040 (idle, 64 free)
[011637] MMIO_RD size=4 addr=0x1720 (WAIT_UNTIL)
[011638] MMIO_RD size=4 addr=0x0e40 (RBBM_STATUS)
[011639] STATUS_RD RBBM_STATUS -> 0x00000040 (idle, 64 free)
[011640] MMIO_RD size=4 addr=0x1720 (WAIT_UNTIL)
[011641] MMIO_RD size=4 addr=0x0e40 (RBBM_STATUS)
[011642] STATUS_RD RBBM_STATUS -> 0x00000040 (idle, 64 free)
[011643] MMIO_RD size=4 addr=0x1720 (WAIT_UNTIL)
[011644] MMIO_RD size=4 addr=0x0e40 (RBBM_STATUS)
[011645] STATUS_RD RBBM_STATUS -> 0x00000040 (idle, 64 free)
[011646] MMIO_RD size=4 addr=0x1720 (WAIT_UNTIL)
[011647] MMIO_RD size=4 addr=0x0e40 (RBBM_STATUS)
[011648] STATUS_RD RBBM_STATUS -> 0x00000040 (idle, 64 free)
[011649] MMIO_RD size=4 addr=0x1720 (WAIT_UNTIL)
[011650] MMIO_RD size=4 addr=0x0e40 (RBBM_STATUS)
[011651] STATUS_RD RBBM_STATUS -> 0x00000040 (idle, 64 free)
[011652] MMIO_RD size=4 addr=0x1720 (WAIT_UNTIL)
[011653] MMIO_RD size=4 addr=0x0e40 (RBBM_STATUS)
[011654] STATUS_RD RBBM_STATUS -> 0x00000040 (idle, 64 free)
[011655] MMIO_RD size=4 addr=0x1720 (WAIT_UNTIL)
[011656] MMIO_RD size=4 addr=0x0e40 (RBBM_STATUS)
[011657] STATUS_RD RBBM_STATUS -> 0x00000040 (idle, 64 free)
[011658] MMIO_RD size=4 addr=0x1720 (WAIT_UNTIL)
[011659] MMIO_RD size=4 addr=0x0e40 (RBBM_STATUS)
[011660] STATUS_RD RBBM_STATUS -> 0x00000040 (idle, 64 free)
[011661] MMIO_RD size=4 addr=0x1720 (WAIT_UNTIL)
[011662] MMIO_RD size=4 addr=0x0e40 (RBBM_STATUS)
[011663] STATUS_RD RBBM_STATUS -> 0x00000040 (idle, 64 free)
[011664] MMIO_RD size=4 addr=0x1720 (WAIT_UNTIL)
[011665] MMIO_RD size=4 addr=0x0e40 (RBBM_STATUS)
[011666] STATUS_RD RBBM_STATUS -> 0x00000040 (idle, 64 free)
[011667] MMIO_RD size=4 addr=0x1720 (WAIT_UNTIL)
[011668] MMIO_RD size=4 addr=0x0e40 (RBBM_STATUS)
[011669] STATUS_RD RBBM_STATUS -> 0x00000040 (idle, 64 free)
[011670] MMIO_RD size=4 addr=0x1720 (WAIT_UNTIL)
[011671] MMIO_RD size=4 addr=0x0e40 (RBBM_STATUS)
[011672] STATUS_RD RBBM_STATUS -> 0x00000040 (idle, 64 free)
[011673] MMIO_RD size=4 addr=0x1720 (WAIT_UNTIL)
[011674] MMIO_RD size=4 addr=0x0e40 (RBBM_STATUS)
[011675] STATUS_RD RBBM_STATUS -> 0x00000040 (idle, 64 free)
[011676] MMIO_RD size=4 addr=0x1720 (WAIT_UNTIL)
[011677] MMIO_RD size=4 addr=0x0e40 (RBBM_STATUS)
[011678] STATUS_RD RBBM_STATUS -> 0x00000040 (idle, 64 free)
[011679] MMIO_RD size=4 addr=0x1720 (WAIT_UNTIL)
[011680] MMIO_RD size=4 addr=0x0e40 (RBBM_STATUS)
[011681] STATUS_RD RBBM_STATUS -> 0x00000040 (idle, 64 free)
[011682] MMIO_RD size=4 addr=0x1720 (WAIT_UNTIL)
[011683] MMIO_RD size=4 addr=0x0e40 (RBBM_STATUS)
[011684] STATUS_RD RBBM_STATUS -> 0x00000040 (idle, 64 free)
[011685] MMIO_RD size=4 addr=0x1720 (WAIT_UNTIL)
[011686] MMIO_RD size=4 addr=0x0e40 (RBBM_STATUS)
[011687] STATUS_RD RBBM_STATUS -> 0x00000040 (idle, 64 free)
[011688] MMIO_RD size=4 addr=0x1720 (WAIT_UNTIL)
[011689] MMIO_RD size=4 addr=0x0e40 (RBBM_STATUS)
[011690] STATUS_RD RBBM_STATUS -> 0x00000040 (idle, 64 free)
[011691] MMIO_RD size=4 addr=0x1720 (WAIT_UNTIL)
[011692] MMIO_RD size=4 addr=0x0e40 (RBBM_STATUS)
[011693] STATUS_RD RBBM_STATUS -> 0x00000040 (idle, 64 free)
[011694] MMIO_RD size=4 addr=0x1720 (WAIT_UNTIL)
[011695] MMIO_RD size=4 addr=0x0e40 (RBBM_STATUS)
[011696] STATUS_RD RBBM_STATUS -> 0x00000040 (idle, 64 free)
[011697] MMIO_RD size=4 addr=0x1720 (WAIT_UNTIL)
[011698] MMIO_RD size=4 addr=0x0e40 (RBBM_STATUS)
[011699] STATUS_RD RBBM_STATUS -> 0x00000040 (idle, 64 free)
[011700] MMIO_RD size=4 addr=0x1720 (WAIT_UNTIL)
[011701] MMIO_RD size=4 addr=0x0e40 (RBBM_STATUS)
[011702] STATUS_RD RBBM_STATUS -> 0x00000040 (idle, 64 free)
[011703] MMIO_RD size=4 addr=0x1720 (WAIT_UNTIL)
[011704] MMIO_RD size=4 addr=0x0e40 (RBBM_STATUS)
[011705] STATUS_RD RBBM_STATUS -> 0x00000040 (idle, 64 free)
[011706] MMIO_RD size=4 addr=0x1720 (WAIT_UNTIL)
[011707] MMIO_RD size=4 addr=0x0e40 (RBBM_STATUS)
[011708] STATUS_RD RBBM_STATUS -> 0x00000040 (idle, 64 free)
[011709] MMIO_RD size=4 addr=0x1720 (WAIT_UNTIL)
[011710] MMIO_RD size=4 addr=0x0e40 (RBBM_STATUS)
[011711] STATUS_RD RBBM_STATUS -> 0x00000040 (idle, 64 free)
[011712] MMIO_RD size=4 addr=0x1720 (WAIT_UNTIL)
[011713] MMIO_RD size=4 addr=0x0e40 (RBBM_STATUS)
[011714] STATUS_RD RBBM_STATUS -> 0x00000040 (idle, 64 free)
[011715] MMIO_RD size=4 addr=0x1720 (WAIT_UNTIL)
[011716] MMIO_RD size=4 addr=0x0e40 (RBBM_STATUS)
[011717] STATUS_RD RBBM_STATUS -> 0x00000040 (idle, 64 free)
[011718] MMIO_RD size=4 addr=0x1720 (WAIT_UNTIL)
[011719] MMIO_RD size=4 addr=0x0e40 (RBBM_STATUS)
[011720] STATUS_RD RBBM_STATUS -> 0x00000040 (idle, 64 free)
[011721] MMIO_RD size=4 addr=0x1720 (WAIT_UNTIL)
[011722] MMIO_RD size=4 addr=0x0e40 (RBBM_STATUS)
[011723] STATUS_RD RBBM_STATUS -> 0x00000040 (idle, 64 free)
[011724] MMIO_RD size=4 addr=0x1720 (WAIT_UNTIL)
[011725] MMIO_RD size=4 addr=0x0e40 (RBBM_STATUS)
[011726] STATUS_RD RBBM_STATUS -> 0x00000040 (idle, 64 free)
[011727] MMIO_RD size=4 addr=0x1720 (WAIT_UNTIL)
[011728] MMIO_RD size=4 addr=0x0e40 (RBBM_STATUS)
[011729] STATUS_RD RBBM_STATUS -> 0x00000040 (idle, 64 free)
[011730] MMIO_RD size=4 addr=0x1720 (WAIT_UNTIL)
[011731] MMIO_RD size=4 addr=0x0e40 (RBBM_STATUS)
[011732] STATUS_RD RBBM_STATUS -> 0x00000040 (idle, 64 free)
[011733] MMIO_RD size=4 addr=0x1720 (WAIT_UNTIL)
[011734] MMIO_RD size=4 addr=0x0e40 (RBBM_STATUS)
[011735] STATUS_RD RBBM_STATUS -> 0x00000040 (idle, 64 free)
[011736] MMIO_RD size=4 addr=0x1720 (WAIT_UNTIL)
[011737] MMIO_RD size=4 addr=0x0e40 (RBBM_STATUS)
[011738] STATUS_RD RBBM_STATUS -> 0x00000040 (idle, 64 free)
[011739] MMIO_RD size=4 addr=0x1720 (WAIT_UNTIL)
[011740] MMIO_RD size=4 addr=0x0e40 (RBBM_STATUS)
[011741] STATUS_RD RBBM_STATUS -> 0x00000040 (idle, 64 free)
[011742] MMIO_RD size=4 addr=0x1720 (WAIT_UNTIL)
[011743] MMIO_RD size=4 addr=0x0e40 (RBBM_STATUS)
[011744] STATUS_RD RBBM_STATUS -> 0x00000040 (idle, 64 free)
[011745] MMIO_RD size=4 addr=0x1720 (WAIT_UNTIL)
[011746] MMIO_RD size=4 addr=0x0e40 (RBBM_STATUS)
[011747] STATUS_RD RBBM_STATUS -> 0x00000040 (idle, 64 free)
[011748] MMIO_RD size=4 addr=0x1720 (WAIT_UNTIL)
[011749] MMIO_RD size=4 addr=0x0e40 (RBBM_STATUS)
[011750] STATUS_RD RBBM_STATUS -> 0x00000040 (idle, 64 free)
[011751] MMIO_RD size=4 addr=0x1720 (WAIT_UNTIL)
[011752] MMIO_RD size=4 addr=0x0e40 (RBBM_STATUS)
[011753] STATUS_RD RBBM_STATUS -> 0x00000040 (idle, 64 free)
[011754] MMIO_RD size=4 addr=0x1720 (WAIT_UNTIL)
[011755] MMIO_RD size=4 addr=0x0e40 (RBBM_STATUS)
[011756] STATUS_RD RBBM_STATUS -> 0x00000040 (idle, 64 free)
[011757] MMIO_RD size=4 addr=0x1720 (WAIT_UNTIL)
[011758] MMIO_RD size=4 addr=0x0e40 (RBBM_STATUS)
[011759] STATUS_RD RBBM_STATUS -> 0x00000040 (idle, 64 free)
[011760] MMIO_RD size=4 addr=0x1720 (WAIT_UNTIL)
[011761] MMIO_RD size=4 addr=0x0e40 (RBBM_STATUS)
[011762] STATUS_RD RBBM_STATUS -> 0x00000040 (idle, 64 free)
[011763] MMIO_RD size=4 addr=0x1720 (WAIT_UNTIL)
[011764] MMIO_RD size=4 addr=0x0e40 (RBBM_STATUS)
[011765] STATUS_RD RBBM_STATUS -> 0x00000040 (idle, 64 free)
[011766] MMIO_RD size=4 addr=0x1720 (WAIT_UNTIL)
[011767] MMIO_RD size=4 addr=0x0e40 (RBBM_STATUS)
[011768] STATUS_RD RBBM_STATUS -> 0x00000040 (idle, 64 free)
[011769] MMIO_RD size=4 addr=0x1720 (WAIT_UNTIL)
[011770] MMIO_RD size=4 addr=0x0e40 (RBBM_STATUS)
[011771] STATUS_RD RBBM_STATUS -> 0x00000040 (idle, 64 free)
[011772] MMIO_RD size=4 addr=0x1720 (WAIT_UNTIL)
[011773] MMIO_RD size=4 addr=0x0e40 (RBBM_STATUS)
[011774] STATUS_RD RBBM_STATUS -> 0x00000040 (idle, 64 free)
[011775] MMIO_RD size=4 addr=0x1720 (WAIT_UNTIL)
[011776] MMIO_RD size=4 addr=0x0e40 (RBBM_STATUS)
[011777] STATUS_RD RBBM_STATUS -> 0x00000040 (idle, 64 free)
[011778] MMIO_RD size=4 addr=0x1720 (WAIT_UNTIL)
[011779] MMIO_RD size=4 addr=0x0e40 (RBBM_STATUS)
[011780] STATUS_RD RBBM_STATUS -> 0x00000040 (idle, 64 free)
[011781] MMIO_RD size=4 addr=0x1720 (WAIT_UNTIL)
[011782] MMIO_RD size=4 addr=0x0e40 (RBBM_STATUS)
[011783] STATUS_RD RBBM_STATUS -> 0x00000040 (idle, 64 free)
[011784] MMIO_RD size=4 addr=0x1720 (WAIT_UNTIL)
[011785] MMIO_RD size=4 addr=0x0e40 (RBBM_STATUS)
[011786] STATUS_RD RBBM_STATUS -> 0x00000040 (idle, 64 free)
[011787] MMIO_RD size=4 addr=0x1720 (WAIT_UNTIL)
[011788] MMIO_RD size=4 addr=0x0e40 (RBBM_STATUS)
[011789] STATUS_RD RBBM_STATUS -> 0x00000040 (idle, 64 free)
[011790] MMIO_RD size=4 addr=0x1720 (WAIT_UNTIL)
[011791] MMIO_RD size=4 addr=0x0e40 (RBBM_STATUS)
[011792] STATUS_RD RBBM_STATUS -> 0x00000040 (idle, 64 free)
[011793] MMIO_RD size=4 addr=0x1720 (WAIT_UNTIL)
[011794] MMIO_RD size=4 addr=0x0e40 (RBBM_STATUS)
[011795] STATUS_RD RBBM_STATUS -> 0x00000040 (idle, 64 free)
[011796] MMIO_RD size=4 addr=0x1720 (WAIT_UNTIL)
[011797] MMIO_RD size=4 addr=0x0e40 (RBBM_STATUS)
[011798] STATUS_RD RBBM_STATUS -> 0x00000040 (idle, 64 free)
[011799] MMIO_RD size=4 addr=0x1720 (WAIT_UNTIL)
[011800] MMIO_RD size=4 addr=0x0e40 (RBBM_STATUS)
[011801] STATUS_RD RBBM_STATUS -> 0x00000040 (idle, 64 free)
[011802] MMIO_RD size=4 addr=0x1720 (WAIT_UNTIL)
[011803] MMIO_RD size=4 addr=0x0e40 (RBBM_STATUS)
[011804] STATUS_RD RBBM_STATUS -> 0x00000040 (idle, 64 free)
[011805] MMIO_RD size=4 addr=0x1720 (WAIT_UNTIL)
[011806] MMIO_RD size=4 addr=0x0e40 (RBBM_STATUS)
[011807] STATUS_RD RBBM_STATUS -> 0x00000040 (idle, 64 free)
[011808] MMIO_RD size=4 addr=0x1720 (WAIT_UNTIL)
[011809] MMIO_RD size=4 addr=0x0e40 (RBBM_STATUS)
[011810] STATUS_RD RBBM_STATUS -> 0x00000040 (idle, 64 free)
[011811] MMIO_RD size=4 addr=0x1720 (WAIT_UNTIL)
[011812] MMIO_RD size=4 addr=0x0e40 (RBBM_STATUS)
[011813] STATUS_RD RBBM_STATUS -> 0x00000040 (idle, 64 free)
[011814] MMIO_RD size=4 addr=0x1720 (WAIT_UNTIL)
[011815] MMIO_RD size=4 addr=0x0e40 (RBBM_STATUS)
[011816] STATUS_RD RBBM_STATUS -> 0x00000040 (idle, 64 free)
[011817] MMIO_RD size=4 addr=0x1720 (WAIT_UNTIL)
[011818] MMIO_RD size=4 addr=0x0e40 (RBBM_STATUS)
[011819] STATUS_RD RBBM_STATUS -> 0x00000040 (idle, 64 free)
[011820] MMIO_RD size=4 addr=0x1720 (WAIT_UNTIL)
[011821] MMIO_RD size=4 addr=0x0e40 (RBBM_STATUS)
[011822] STATUS_RD RBBM_STATUS -> 0x00000040 (idle, 64 free)
[011823] MMIO_RD size=4 addr=0x1720 (WAIT_UNTIL)
[011824] MMIO_RD size=4 addr=0x0e40 (RBBM_STATUS)
[011825] STATUS_RD RBBM_STATUS -> 0x00000040 (idle, 64 free)
[011826] MMIO_RD size=4 addr=0x1720 (WAIT_UNTIL)
[011827] MMIO_RD size=4 addr=0x0e40 (RBBM_STATUS)
[011828] STATUS_RD RBBM_STATUS -> 0x00000040 (idle, 64 free)
[011829] MMIO_RD size=4 addr=0x1720 (WAIT_UNTIL)
[011830] MMIO_RD size=4 addr=0x0e40 (RBBM_STATUS)
[011831] STATUS_RD RBBM_STATUS -> 0x00000040 (idle, 64 free)
[011832] MMIO_RD size=4 addr=0x1720 (WAIT_UNTIL)
[011833] MMIO_RD size=4 addr=0x0e40 (RBBM_STATUS)
[011834] STATUS_RD RBBM_STATUS -> 0x00000040 (idle, 64 free)
[011835] MMIO_RD size=4 addr=0x1720 (WAIT_UNTIL)
[011836] MMIO_RD size=4 addr=0x0e40 (RBBM_STATUS)
[011837] STATUS_RD RBBM_STATUS -> 0x00000040 (idle, 64 free)
[011838] MMIO_RD size=4 addr=0x1720 (WAIT_UNTIL)
[011839] MMIO_RD size=4 addr=0x0e40 (RBBM_STATUS)
[011840] STATUS_RD RBBM_STATUS -> 0x00000040 (idle, 64 free)
[011841] MMIO_RD size=4 addr=0x1720 (WAIT_UNTIL)
[011842] MMIO_RD size=4 addr=0x0e40 (RBBM_STATUS)
[011843] STATUS_RD RBBM_STATUS -> 0x00000040 (idle, 64 free)
[011844] MMIO_RD size=4 addr=0x1720 (WAIT_UNTIL)
[011845] MMIO_RD size=4 addr=0x0e40 (RBBM_STATUS)
[011846] STATUS_RD RBBM_STATUS -> 0x00000040 (idle, 64 free)
[011847] MMIO_RD size=4 addr=0x1720 (WAIT_UNTIL)
[011848] MMIO_RD size=4 addr=0x0e40 (RBBM_STATUS)
[011849] STATUS_RD RBBM_STATUS -> 0x00000040 (idle, 64 free)
[011850] MMIO_RD size=4 addr=0x1720 (WAIT_UNTIL)
[011851] MMIO_RD size=4 addr=0x0e40 (RBBM_STATUS)
[011852] STATUS_RD RBBM_STATUS -> 0x00000040 (idle, 64 free)
[011853] MMIO_RD size=4 addr=0x1720 (WAIT_UNTIL)
[011854] MMIO_RD size=4 addr=0x0e40 (RBBM_STATUS)
[011855] STATUS_RD RBBM_STATUS -> 0x00000040 (idle, 64 free)
[011856] MMIO_RD size=4 addr=0x1720 (WAIT_UNTIL)
[011857] MMIO_RD size=4 addr=0x0e40 (RBBM_STATUS)
[011858] STATUS_RD RBBM_STATUS -> 0x00000040 (idle, 64 free)
[011859] MMIO_RD size=4 addr=0x1720 (WAIT_UNTIL)
[011860] MMIO_RD size=4 addr=0x0e40 (RBBM_STATUS)
[011861] STATUS_RD RBBM_STATUS -> 0x00000040 (idle, 64 free)
[011862] MMIO_RD size=4 addr=0x1720 (WAIT_UNTIL)
[011863] MMIO_RD size=4 addr=0x0e40 (RBBM_STATUS)
[011864] STATUS_RD RBBM_STATUS -> 0x00000040 (idle, 64 free)
[011865] MMIO_RD size=4 addr=0x1720 (WAIT_UNTIL)
[011866] MMIO_RD size=4 addr=0x0e40 (RBBM_STATUS)
[011867] STATUS_RD RBBM_STATUS -> 0x00000040 (idle, 64 free)
[011868] MMIO_RD size=4 addr=0x1720 (WAIT_UNTIL)
[011869] MMIO_RD size=4 addr=0x0e40 (RBBM_STATUS)
[011870] STATUS_RD RBBM_STATUS -> 0x00000040 (idle, 64 free)
[011871] MMIO_RD size=4 addr=0x1720 (WAIT_UNTIL)
[011872] MMIO_RD size=4 addr=0x0e40 (RBBM_STATUS)
[011873] STATUS_RD RBBM_STATUS -> 0x00000040 (idle, 64 free)
[011874] MMIO_RD size=4 addr=0x1720 (WAIT_UNTIL)
[011875] MMIO_RD size=4 addr=0x0e40 (RBBM_STATUS)
[011876] STATUS_RD RBBM_STATUS -> 0x00000040 (idle, 64 free)
[011877] MMIO_RD size=4 addr=0x1720 (WAIT_UNTIL)
[011878] MMIO_RD size=4 addr=0x0e40 (RBBM_STATUS)
[011879] STATUS_RD RBBM_STATUS -> 0x00000040 (idle, 64 free)
[011880] MMIO_RD size=4 addr=0x1720 (WAIT_UNTIL)
[011881] MMIO_RD size=4 addr=0x0e40 (RBBM_STATUS)
[011882] STATUS_RD RBBM_STATUS -> 0x00000040 (idle, 64 free)
[011883] MMIO_RD size=4 addr=0x1720 (WAIT_UNTIL)
[011884] MMIO_RD size=4 addr=0x0e40 (RBBM_STATUS)
[011885] STATUS_RD RBBM_STATUS -> 0x00000040 (idle, 64 free)
[011886] MMIO_RD size=4 addr=0x1720 (WAIT_UNTIL)
[011887] MMIO_RD size=4 addr=0x0e40 (RBBM_STATUS)
[011888] STATUS_RD RBBM_STATUS -> 0x00000040 (idle, 64 free)
[011889] MMIO_RD size=4 addr=0x1720 (WAIT_UNTIL)
[011890] MMIO_RD size=4 addr=0x0e40 (RBBM_STATUS)
[011891] STATUS_RD RBBM_STATUS -> 0x00000040 (idle, 64 free)
[011892] MMIO_RD size=4 addr=0x1720 (WAIT_UNTIL)
[011893] MMIO_RD size=4 addr=0x0e40 (RBBM_STATUS)
[011894] STATUS_RD RBBM_STATUS -> 0x00000040 (idle, 64 free)
[011895] MMIO_RD size=4 addr=0x1720 (WAIT_UNTIL)
[011896] MMIO_RD size=4 addr=0x0e40 (RBBM_STATUS)
[011897] STATUS_RD RBBM_STATUS -> 0x00000040 (idle, 64 free)
[011898] MMIO_RD size=4 addr=0x1720 (WAIT_UNTIL)
[011899] MMIO_RD size=4 addr=0x0e40 (RBBM_STATUS)
[011900] STATUS_RD RBBM_STATUS -> 0x00000040 (idle, 64 free)
[011901] MMIO_RD size=4 addr=0x1720 (WAIT_UNTIL)
[011902] MMIO_RD size=4 addr=0x0e40 (RBBM_STATUS)
[011903] STATUS_RD RBBM_STATUS -> 0x00000040 (idle, 64 free)
[011904] MMIO_RD size=4 addr=0x1720 (WAIT_UNTIL)
[011905] MMIO_RD size=4 addr=0x0e40 (RBBM_STATUS)
[011906] STATUS_RD RBBM_STATUS -> 0x00000040 (idle, 64 free)
[011907] MMIO_RD size=4 addr=0x1720 (WAIT_UNTIL)
[011908] MMIO_RD size=4 addr=0x0e40 (RBBM_STATUS)
[011909] STATUS_RD RBBM_STATUS -> 0x00000040 (idle, 64 free)
[011910] MMIO_RD size=4 addr=0x1720 (WAIT_UNTIL)
[011911] MMIO_RD size=4 addr=0x0e40 (RBBM_STATUS)
[011912] STATUS_RD RBBM_STATUS -> 0x00000040 (idle, 64 free)
[011913] MMIO_RD size=4 addr=0x1720 (WAIT_UNTIL)
[011914] MMIO_RD size=4 addr=0x0e40 (RBBM_STATUS)
[011915] STATUS_RD RBBM_STATUS -> 0x00000040 (idle, 64 free)
[011916] MMIO_RD size=4 addr=0x1720 (WAIT_UNTIL)
[011917] MMIO_RD size=4 addr=0x0e40 (RBBM_STATUS)
[011918] STATUS_RD RBBM_STATUS -> 0x00000040 (idle, 64 free)
[011919] MMIO_RD size=4 addr=0x1720 (WAIT_UNTIL)
[011920] MMIO_RD size=4 addr=0x0e40 (RBBM_STATUS)
[011921] STATUS_RD RBBM_STATUS -> 0x00000040 (idle, 64 free)
[011922] MMIO_RD size=4 addr=0x1720 (WAIT_UNTIL)
[011923] MMIO_RD size=4 addr=0x0e40 (RBBM_STATUS)
[011924] STATUS_RD RBBM_STATUS -> 0x00000040 (idle, 64 free)
[011925] MMIO_RD size=4 addr=0x1720 (WAIT_UNTIL)
[011926] MMIO_RD size=4 addr=0x0e40 (RBBM_STATUS)
[011927] STATUS_RD RBBM_STATUS -> 0x00000040 (idle, 64 free)
[011928] MMIO_RD size=4 addr=0x1720 (WAIT_UNTIL)
[011929] MMIO_RD size=4 addr=0x0e40 (RBBM_STATUS)
[011930] STATUS_RD RBBM_STATUS -> 0x00000040 (idle, 64 free)
[011931] MMIO_RD size=4 addr=0x1720 (WAIT_UNTIL)
[011932] MMIO_RD size=4 addr=0x0e40 (RBBM_STATUS)
[011933] STATUS_RD RBBM_STATUS -> 0x00000040 (idle, 64 free)
[011934] MMIO_RD size=4 addr=0x1720 (WAIT_UNTIL)
[011935] MMIO_RD size=4 addr=0x0e40 (RBBM_STATUS)
[011936] STATUS_RD RBBM_STATUS -> 0x00000040 (idle, 64 free)
[011937] MMIO_RD size=4 addr=0x1720 (WAIT_UNTIL)
[011938] MMIO_RD size=4 addr=0x0e40 (RBBM_STATUS)
[011939] STATUS_RD RBBM_STATUS -> 0x00000040 (idle, 64 free)
[011940] MMIO_RD size=4 addr=0x1720 (WAIT_UNTIL)
[011941] MMIO_RD size=4 addr=0x0e40 (RBBM_STATUS)
[011942] STATUS_RD RBBM_STATUS -> 0x00000040 (idle, 64 free)
[011943] MMIO_RD size=4 addr=0x1720 (WAIT_UNTIL)
[011944] MMIO_RD size=4 addr=0x0e40 (RBBM_STATUS)
[011945] STATUS_RD RBBM_STATUS -> 0x00000040 (idle, 64 free)
[011946] MMIO_RD size=4 addr=0x1720 (WAIT_UNTIL)
[011947] MMIO_RD size=4 addr=0x0e40 (RBBM_STATUS)
[011948] STATUS_RD RBBM_STATUS -> 0x00000040 (idle, 64 free)
[011949] MMIO_RD size=4 addr=0x1720 (WAIT_UNTIL)
[011950] MMIO_RD size=4 addr=0x0e40 (RBBM_STATUS)
[011951] STATUS_RD RBBM_STATUS -> 0x00000040 (idle, 64 free)
[011952] MMIO_RD size=4 addr=0x1720 (WAIT_UNTIL)
[011953] MMIO_RD size=4 addr=0x0e40 (RBBM_STATUS)
[011954] STATUS_RD RBBM_STATUS -> 0x00000040 (idle, 64 free)
[011955] MMIO_RD size=4 addr=0x1720 (WAIT_UNTIL)
[011956] MMIO_RD size=4 addr=0x0e40 (RBBM_STATUS)
[011957] STATUS_RD RBBM_STATUS -> 0x00000040 (idle, 64 free)
[011958] MMIO_RD size=4 addr=0x1720 (WAIT_UNTIL)
[011959] MMIO_RD size=4 addr=0x0e40 (RBBM_STATUS)
[011960] STATUS_RD RBBM_STATUS -> 0x00000040 (idle, 64 free)
[011961] MMIO_RD size=4 addr=0x1720 (WAIT_UNTIL)
[011962] MMIO_RD size=4 addr=0x0e40 (RBBM_STATUS)
[011963] STATUS_RD RBBM_STATUS -> 0x00000040 (idle, 64 free)
[011964] MMIO_RD size=4 addr=0x1720 (WAIT_UNTIL)
[011965] MMIO_RD size=4 addr=0x0e40 (RBBM_STATUS)
[011966] STATUS_RD RBBM_STATUS -> 0x00000040 (idle, 64 free)
[011967] MMIO_RD size=4 addr=0x1720 (WAIT_UNTIL)
[011968] MMIO_RD size=4 addr=0x0e40 (RBBM_STATUS)
[011969] STATUS_RD RBBM_STATUS -> 0x00000040 (idle, 64 free)
[011970] MMIO_RD size=4 addr=0x1720 (WAIT_UNTIL)
[011971] MMIO_RD size=4 addr=0x0e40 (RBBM_STATUS)
[011972] STATUS_RD RBBM_STATUS -> 0x00000040 (idle, 64 free)
[011973] MMIO_RD size=4 addr=0x1720 (WAIT_UNTIL)
[011974] MMIO_RD size=4 addr=0x0e40 (RBBM_STATUS)
[011975] STATUS_RD RBBM_STATUS -> 0x00000040 (idle, 64 free)
[011976] MMIO_RD size=4 addr=0x1720 (WAIT_UNTIL)
[011977] MMIO_RD size=4 addr=0x0e40 (RBBM_STATUS)
[011978] STATUS_RD RBBM_STATUS -> 0x00000040 (idle, 64 free)
[011979] MMIO_RD size=4 addr=0x1720 (WAIT_UNTIL)
[011980] MMIO_RD size=4 addr=0x0e40 (RBBM_STATUS)
[011981] STATUS_RD RBBM_STATUS -> 0x00000040 (idle, 64 free)
[011982] MMIO_RD size=4 addr=0x1720 (WAIT_UNTIL)
[011983] MMIO_RD size=4 addr=0x0e40 (RBBM_STATUS)
[011984] STATUS_RD RBBM_STATUS -> 0x00000040 (idle, 64 free)
[011985] MMIO_RD size=4 addr=0x1720 (WAIT_UNTIL)
[011986] MMIO_RD size=4 addr=0x0e40 (RBBM_STATUS)
[011987] STATUS_RD RBBM_STATUS -> 0x00000040 (idle, 64 free)
[011988] MMIO_RD size=4 addr=0x1720 (WAIT_UNTIL)
[011989] MMIO_RD size=4 addr=0x0e40 (RBBM_STATUS)
[011990] STATUS_RD RBBM_STATUS -> 0x00000040 (idle, 64 free)
[011991] MMIO_RD size=4 addr=0x1720 (WAIT_UNTIL)
[011992] MMIO_RD size=4 addr=0x0e40 (RBBM_STATUS)
[011993] STATUS_RD RBBM_STATUS -> 0x00000040 (idle, 64 free)
[011994] MMIO_RD size=4 addr=0x1720 (WAIT_UNTIL)
[011995] MMIO_RD size=4 addr=0x0e40 (RBBM_STATUS)
[011996] STATUS_RD RBBM_STATUS -> 0x00000040 (idle, 64 free)
[011997] MMIO_RD size=4 addr=0x1720 (WAIT_UNTIL)
[011998] MMIO_RD size=4 addr=0x0e40 (RBBM_STATUS)
[011999] STATUS_RD RBBM_STATUS -> 0x00000040 (idle, 64 free)
[012000] MMIO_RD size=4 addr=0x1720 (WAIT_UNTIL)
[012001] MMIO_RD size=4 addr=0x0e40 (RBBM_STATUS)
[012002] STATUS_RD RBBM_STATUS -> 0x00000040 (idle, 64 free)
[012003] MMIO_RD size=4 addr=0x1720 (WAIT_UNTIL)
[012004] MMIO_RD size=4 addr=0x0e40 (RBBM_STATUS)
[012005] STATUS_RD RBBM_STATUS -> 0x00000040 (idle, 64 free)
[012006] MMIO_RD size=4 addr=0x1720 (WAIT_UNTIL)
[012007] MMIO_RD size=4 addr=0x0e40 (RBBM_STATUS)
[012008] STATUS_RD RBBM_STATUS -> 0x00000040 (idle, 64 free)
[012009] MMIO_RD size=4 addr=0x1720 (WAIT_UNTIL)
[012010] MMIO_RD size=4 addr=0x0e40 (RBBM_STATUS)
[012011] STATUS_RD RBBM_STATUS -> 0x00000040 (idle, 64 free)
[012012] MMIO_RD size=4 addr=0x1720 (WAIT_UNTIL)
[012013] MMIO_RD size=4 addr=0x0e40 (RBBM_STATUS)
[012014] STATUS_RD RBBM_STATUS -> 0x00000040 (idle, 64 free)
[012015] MMIO_RD size=4 addr=0x1720 (WAIT_UNTIL)
[012016] MMIO_RD size=4 addr=0x0e40 (RBBM_STATUS)
[012017] STATUS_RD RBBM_STATUS -> 0x00000040 (idle, 64 free)
[012018] MMIO_RD size=4 addr=0x1720 (WAIT_UNTIL)
[012019] MMIO_RD size=4 addr=0x0e40 (RBBM_STATUS)
[012020] STATUS_RD RBBM_STATUS -> 0x00000040 (idle, 64 free)
[012021] MMIO_RD size=4 addr=0x1720 (WAIT_UNTIL)
[012022] MMIO_RD size=4 addr=0x0e40 (RBBM_STATUS)
[012023] STATUS_RD RBBM_STATUS -> 0x00000040 (idle, 64 free)
[012024] MMIO_RD size=4 addr=0x1720 (WAIT_UNTIL)
[012025] MMIO_RD size=4 addr=0x0e40 (RBBM_STATUS)
[012026] STATUS_RD RBBM_STATUS -> 0x00000040 (idle, 64 free)
[012027] MMIO_RD size=4 addr=0x1720 (WAIT_UNTIL)
[012028] MMIO_RD size=4 addr=0x0e40 (RBBM_STATUS)
[012029] STATUS_RD RBBM_STATUS -> 0x00000040 (idle, 64 free)
[012030] MMIO_RD size=4 addr=0x1720 (WAIT_UNTIL)
[012031] MMIO_RD size=4 addr=0x0e40 (RBBM_STATUS)
[012032] STATUS_RD RBBM_STATUS -> 0x00000040 (idle, 64 free)
[012033] MMIO_RD size=4 addr=0x1720 (WAIT_UNTIL)
[012034] MMIO_RD size=4 addr=0x0e40 (RBBM_STATUS)
[012035] STATUS_RD RBBM_STATUS -> 0x00000040 (idle, 64 free)
[012036] MMIO_RD size=4 addr=0x1720 (WAIT_UNTIL)
[012037] MMIO_RD size=4 addr=0x0e40 (RBBM_STATUS)
[012038] STATUS_RD RBBM_STATUS -> 0x00000040 (idle, 64 free)
[012039] MMIO_RD size=4 addr=0x1720 (WAIT_UNTIL)
[012040] MMIO_RD size=4 addr=0x0e40 (RBBM_STATUS)
[012041] STATUS_RD RBBM_STATUS -> 0x00000040 (idle, 64 free)
[012042] MMIO_RD size=4 addr=0x1720 (WAIT_UNTIL)
[012043] MMIO_RD size=4 addr=0x0e40 (RBBM_STATUS)
[012044] STATUS_RD RBBM_STATUS -> 0x00000040 (idle, 64 free)
[012045] MMIO_RD size=4 addr=0x1720 (WAIT_UNTIL)
[012046] MMIO_RD size=4 addr=0x0e40 (RBBM_STATUS)
[012047] STATUS_RD RBBM_STATUS -> 0x00000040 (idle, 64 free)
[012048] MMIO_RD size=4 addr=0x1720 (WAIT_UNTIL)
[012049] MMIO_RD size=4 addr=0x0e40 (RBBM_STATUS)
[012050] STATUS_RD RBBM_STATUS -> 0x00000040 (idle, 64 free)
[012051] MMIO_RD size=4 addr=0x1720 (WAIT_UNTIL)
[012052] MMIO_RD size=4 addr=0x0e40 (RBBM_STATUS)
[012053] STATUS_RD RBBM_STATUS -> 0x00000040 (idle, 64 free)
[012054] MMIO_RD size=4 addr=0x1720 (WAIT_UNTIL)
[012055] MMIO_RD size=4 addr=0x0e40 (RBBM_STATUS)
[012056] STATUS_RD RBBM_STATUS -> 0x00000040 (idle, 64 free)
[012057] MMIO_RD size=4 addr=0x1720 (WAIT_UNTIL)
[012058] MMIO_RD size=4 addr=0x0e40 (RBBM_STATUS)
[012059] STATUS_RD RBBM_STATUS -> 0x00000040 (idle, 64 free)
[012060] MMIO_RD size=4 addr=0x1720 (WAIT_UNTIL)
[012061] MMIO_RD size=4 addr=0x0e40 (RBBM_STATUS)
[012062] STATUS_RD RBBM_STATUS -> 0x00000040 (idle, 64 free)
[012063] MMIO_RD size=4 addr=0x1720 (WAIT_UNTIL)
[012064] MMIO_RD size=4 addr=0x0e40 (RBBM_STATUS)
[012065] STATUS_RD RBBM_STATUS -> 0x00000040 (idle, 64 free)
[012066] MMIO_RD size=4 addr=0x1720 (WAIT_UNTIL)
[012067] MMIO_RD size=4 addr=0x0e40 (RBBM_STATUS)
[012068] STATUS_RD RBBM_STATUS -> 0x00000040 (idle, 64 free)
[012069] MMIO_RD size=4 addr=0x1720 (WAIT_UNTIL)
[012070] MMIO_RD size=4 addr=0x0e40 (RBBM_STATUS)
[012071] STATUS_RD RBBM_STATUS -> 0x00000040 (idle, 64 free)
[012072] MMIO_RD size=4 addr=0x1720 (WAIT_UNTIL)
[012073] MMIO_RD size=4 addr=0x0e40 (RBBM_STATUS)
[012074] STATUS_RD RBBM_STATUS -> 0x00000040 (idle, 64 free)
[012075] MMIO_RD size=4 addr=0x1720 (WAIT_UNTIL)
[012076] MMIO_RD size=4 addr=0x0e40 (RBBM_STATUS)
[012077] STATUS_RD RBBM_STATUS -> 0x00000040 (idle, 64 free)
[012078] MMIO_RD size=4 addr=0x1720 (WAIT_UNTIL)
[012079] MMIO_RD size=4 addr=0x0e40 (RBBM_STATUS)
[012080] STATUS_RD RBBM_STATUS -> 0x00000040 (idle, 64 free)
[012081] MMIO_RD size=4 addr=0x1720 (WAIT_UNTIL)
[012082] MMIO_RD size=4 addr=0x0e40 (RBBM_STATUS)
[012083] STATUS_RD RBBM_STATUS -> 0x00000040 (idle, 64 free)
[012084] MMIO_RD size=4 addr=0x1720 (WAIT_UNTIL)
[012085] MMIO_RD size=4 addr=0x0e40 (RBBM_STATUS)
[012086] STATUS_RD RBBM_STATUS -> 0x00000040 (idle, 64 free)
[012087] MMIO_RD size=4 addr=0x1720 (WAIT_UNTIL)
[012088] MMIO_RD size=4 addr=0x0e40 (RBBM_STATUS)
[012089] STATUS_RD RBBM_STATUS -> 0x00000040 (idle, 64 free)
[012090] MMIO_RD size=4 addr=0x1720 (WAIT_UNTIL)
[012091] MMIO_RD size=4 addr=0x0e40 (RBBM_STATUS)
[012092] STATUS_RD RBBM_STATUS -> 0x00000040 (idle, 64 free)
[012093] MMIO_RD size=4 addr=0x1720 (WAIT_UNTIL)
[012094] MMIO_RD size=4 addr=0x0e40 (RBBM_STATUS)
[012095] STATUS_RD RBBM_STATUS -> 0x00000040 (idle, 64 free)
[012096] MMIO_RD size=4 addr=0x1720 (WAIT_UNTIL)
[012097] MMIO_RD size=4 addr=0x0e40 (RBBM_STATUS)
[012098] STATUS_RD RBBM_STATUS -> 0x00000040 (idle, 64 free)
[012099] MMIO_RD size=4 addr=0x1720 (WAIT_UNTIL)
[012100] MMIO_RD size=4 addr=0x0e40 (RBBM_STATUS)
[012101] STATUS_RD RBBM_STATUS -> 0x00000040 (idle, 64 free)
[012102] MMIO_RD size=4 addr=0x1720 (WAIT_UNTIL)
[012103] MMIO_RD size=4 addr=0x0e40 (RBBM_STATUS)
[012104] STATUS_RD RBBM_STATUS -> 0x00000040 (idle, 64 free)
[012105] MMIO_RD size=4 addr=0x1720 (WAIT_UNTIL)
[012106] MMIO_RD size=4 addr=0x0e40 (RBBM_STATUS)
[012107] STATUS_RD RBBM_STATUS -> 0x00000040 (idle, 64 free)
[012108] MMIO_RD size=4 addr=0x1720 (WAIT_UNTIL)
[012109] CFG_RD off=0x04 len=2 val=0x7
[012110] CFG_WR off=0x04 len=2 val=0x7
[012111] CFG_RD off=0x04 len=2 val=0x7
[012112] MMIO_RD size=2 addr=0x0500 (UNKNOWN)
[012113] VBE_RD [0] ID -> 0xb0c5
[012114] MMIO_RD size=2 addr=0x0514 (UNKNOWN)
[012115] VBE_RD [10] VMEM_64K -> 0x0800
[012116] MMIO_RD size=2 addr=0x0502 (UNKNOWN)
[012117] VBE_RD [1] XRES -> 0x0400
[012118] MMIO_RD size=2 addr=0x0504 (UNKNOWN)
[012119] VBE_RD [2] YRES -> 0x0300
[012120] MMIO_RD size=2 addr=0x0506 (UNKNOWN)
[012121] VBE_RD [3] BPP -> 0x0020
[012122] MMIO_RD size=1 addr=0x007e (DAC_CNTL2)
[012123] EDID_RD offset=0x7e -> 0x00
[012124] MMIO_RD size=1 addr=0x0000 (MM_INDEX)
[012125] EDID_RD offset=0x00 -> 0x00
[012126] MMIO_RD size=1 addr=0x0001 (MM_INDEX)
[012127] EDID_RD offset=0x01 -> 0xff
[012128] MMIO_RD size=1 addr=0x0000 (MM_INDEX)
[012129] EDID_RD offset=0x00 -> 0x00
[012130] MMIO_RD size=1 addr=0x0001 (MM_INDEX)
[012131] EDID_RD offset=0x01 -> 0xff
[012132] MMIO_RD size=1 addr=0x0002 (MM_INDEX)
[012133] EDID_RD offset=0x02 -> 0xff
[012134] MMIO_RD size=1 addr=0x0003 (MM_INDEX)
[012135] EDID_RD offset=0x03 -> 0xff
[012136] MMIO_RD size=1 addr=0x0004 (MM_DATA)
[012137] EDID_RD offset=0x04 -> 0xff
[012138] MMIO_RD size=1 addr=0x0005 (MM_DATA)
[012139] EDID_RD offset=0x05 -> 0xff
[012140] MMIO_RD size=1 addr=0x0006 (MM_DATA)
[012141] EDID_RD offset=0x06 -> 0xff
[012142] MMIO_RD size=1 addr=0x0007 (MM_DATA)
[012143] EDID_RD offset=0x07 -> 0x00
[012144] MMIO_RD size=1 addr=0x0008 (CLOCK_CNTL_INDEX)
[012145] EDID_RD offset=0x08 -> 0x45
[012146] MMIO_RD size=1 addr=0x0009 (CLOCK_CNTL_INDEX)
[012147] EDID_RD offset=0x09 -> 0x4d
[012148] MMIO_RD size=1 addr=0x000a (CLOCK_CNTL_INDEX)
[012149] EDID_RD offset=0x0a -> 0x00
[012150] MMIO_RD size=1 addr=0x000b (CLOCK_CNTL_INDEX)
[012151] EDID_RD offset=0x0b -> 0x92
[012152] MMIO_RD size=1 addr=0x000c (CLOCK_CNTL_DATA)
[012153] EDID_RD offset=0x0c -> 0x01
[012154] MMIO_RD size=1 addr=0x000d (CLOCK_CNTL_DATA)
[012155] EDID_RD offset=0x0d -> 0x00
[012156] MMIO_RD size=1 addr=0x000e (CLOCK_CNTL_DATA)
[012157] EDID_RD offset=0x0e -> 0x00
[012158] MMIO_RD size=1 addr=0x000f (CLOCK_CNTL_DATA)
[012159] EDID_RD offset=0x0f -> 0x00
[012160] MMIO_RD size=1 addr=0x0010 (BIOS_SCRATCH)
[012161] EDID_RD offset=0x10 -> 0x01
[012162] MMIO_RD size=1 addr=0x0011 (BIOS_SCRATCH)
[012163] EDID_RD offset=0x11 -> 0x10
[012164] MMIO_RD size=1 addr=0x0012 (BIOS_SCRATCH)
[012165] EDID_RD offset=0x12 -> 0x01
[012166] MMIO_RD size=1 addr=0x0013 (BIOS_SCRATCH)
[012167] EDID_RD offset=0x13 -> 0x03
[012168] MMIO_RD size=1 addr=0x0014 (BIOS_SCRATCH)
[012169] EDID_RD offset=0x14 -> 0x80
[012170] MMIO_RD size=1 addr=0x0015 (BIOS_SCRATCH)
[012171] EDID_RD offset=0x15 -> 0x21
[012172] MMIO_RD size=1 addr=0x0016 (BIOS_SCRATCH)
[012173] EDID_RD offset=0x16 -> 0x19
[012174] MMIO_RD size=1 addr=0x0017 (BIOS_SCRATCH)
[012175] EDID_RD offset=0x17 -> 0x78
[012176] MMIO_RD size=1 addr=0x0018 (BIOS_SCRATCH)
[012177] EDID_RD offset=0x18 -> 0x0a
[012178] MMIO_RD size=1 addr=0x0019 (BIOS_SCRATCH)
[012179] EDID_RD offset=0x19 -> 0xa5
[012180] MMIO_RD size=1 addr=0x001a (BIOS_SCRATCH)
[012181] EDID_RD offset=0x1a -> 0x59
[012182] MMIO_RD size=1 addr=0x001b (BIOS_SCRATCH)
[012183] EDID_RD offset=0x1b -> 0xa6
[012184] MMIO_RD size=1 addr=0x001c (BIOS_SCRATCH)
[012185] EDID_RD offset=0x1c -> 0x54
[012186] MMIO_RD size=1 addr=0x001d (BIOS_SCRATCH)
[012187] EDID_RD offset=0x1d -> 0x13
[012188] MMIO_RD size=1 addr=0x001e (BIOS_SCRATCH)
[012189] EDID_RD offset=0x1e -> 0xab
[012190] MMIO_RD size=1 addr=0x001f (BIOS_SCRATCH)
[012191] EDID_RD offset=0x1f -> 0x26
[012192] MMIO_RD size=1 addr=0x0020 (BIOS_SCRATCH)
[012193] EDID_RD offset=0x20 -> 0x0f
[012194] MMIO_RD size=1 addr=0x0021 (BIOS_SCRATCH)
[012195] EDID_RD offset=0x21 -> 0x50
[012196] MMIO_RD size=1 addr=0x0022 (BIOS_SCRATCH)
[012197] EDID_RD offset=0x22 -> 0x54
[012198] MMIO_RD size=1 addr=0x0023 (BIOS_SCRATCH)
[012199] EDID_RD offset=0x23 -> 0x21
[012200] MMIO_RD size=1 addr=0x0024 (BIOS_SCRATCH)
[012201] EDID_RD offset=0x24 -> 0x09
[012202] MMIO_RD size=1 addr=0x0025 (BIOS_SCRATCH)
[012203] EDID_RD offset=0x25 -> 0x80
[012204] MMIO_RD size=1 addr=0x0026 (BIOS_SCRATCH)
[012205] EDID_RD offset=0x26 -> 0xa9
[012206] MMIO_RD size=1 addr=0x0027 (BIOS_SCRATCH)
[012207] EDID_RD offset=0x27 -> 0x40
[012208] MMIO_RD size=1 addr=0x0028 (BIOS_SCRATCH)
[012209] EDID_RD offset=0x28 -> 0x81
[012210] MMIO_RD size=1 addr=0x0029 (BIOS_SCRATCH)
[012211] EDID_RD offset=0x29 -> 0x40
[012212] MMIO_RD size=1 addr=0x002a (BIOS_SCRATCH)
[012213] EDID_RD offset=0x2a -> 0xd1
[012214] MMIO_RD size=1 addr=0x002b (BIOS_SCRATCH)
[012215] EDID_RD offset=0x2b -> 0x00
[012216] MMIO_RD size=1 addr=0x002c (BIOS_SCRATCH)
[012217] EDID_RD offset=0x2c -> 0x01
[012218] MMIO_RD size=1 addr=0x002d (UNKNOWN)
[012219] EDID_RD offset=0x2d -> 0x01
[012220] MMIO_RD size=1 addr=0x002e (UNKNOWN)
[012221] EDID_RD offset=0x2e -> 0x01
[012222] MMIO_RD size=1 addr=0x002f (UNKNOWN)
[012223] EDID_RD offset=0x2f -> 0x01
[012224] MMIO_RD size=1 addr=0x0030 (BUS_CNTL)
[012225] EDID_RD offset=0x30 -> 0x01
[012226] MMIO_RD size=1 addr=0x0031 (BUS_CNTL)
[012227] EDID_RD offset=0x31 -> 0x01
[012228] MMIO_RD size=1 addr=0x0032 (BUS_CNTL)
[012229] EDID_RD offset=0x32 -> 0x01
[012230] MMIO_RD size=1 addr=0x0033 (BUS_CNTL)
[012231] EDID_RD offset=0x33 -> 0x01
[012232] MMIO_RD size=1 addr=0x0034 (UNKNOWN)
[012233] EDID_RD offset=0x34 -> 0x01
[012234] MMIO_RD size=1 addr=0x0035 (UNKNOWN)
[012235] EDID_RD offset=0x35 -> 0x01
[012236] MMIO_RD size=1 addr=0x0036 (UNKNOWN)
[012237] EDID_RD offset=0x36 -> 0x64
[012238] MMIO_RD size=1 addr=0x0037 (UNKNOWN)
[012239] EDID_RD offset=0x37 -> 0x19
[012240] MMIO_RD size=1 addr=0x0038 (UNKNOWN)
[012241] EDID_RD offset=0x38 -> 0x00
[012242] MMIO_RD size=1 addr=0x0039 (UNKNOWN)
[012243] EDID_RD offset=0x39 -> 0x18
[012244] MMIO_RD size=1 addr=0x003a (UNKNOWN)
[012245] EDID_RD offset=0x3a -> 0x41
[012246] MMIO_RD size=1 addr=0x003b (UNKNOWN)
[012247] EDID_RD offset=0x3b -> 0x00
[012248] MMIO_RD size=1 addr=0x003c (UNKNOWN)
[012249] EDID_RD offset=0x3c -> 0x23
[012250] MMIO_RD size=1 addr=0x003d (UNKNOWN)
[012251] EDID_RD offset=0x3d -> 0x30
[012252] MMIO_RD size=1 addr=0x003e (UNKNOWN)
[012253] EDID_RD offset=0x3e -> 0x18
[012254] MMIO_RD size=1 addr=0x003f (UNKNOWN)
[012255] EDID_RD offset=0x3f -> 0x88
[012256] MMIO_RD size=1 addr=0x0040 (GEN_INT_CNTL)
[012257] EDID_RD offset=0x40 -> 0x36
[012258] MMIO_RD size=1 addr=0x0041 (GEN_INT_CNTL)
[012259] EDID_RD offset=0x41 -> 0x00
[012260] MMIO_RD size=1 addr=0x0042 (GEN_INT_CNTL)
[012261] EDID_RD offset=0x42 -> 0x30
[012262] MMIO_RD size=1 addr=0x0043 (GEN_INT_CNTL)
[012263] EDID_RD offset=0x43 -> 0xe4
[012264] MMIO_RD size=1 addr=0x0044 (GEN_INT_STATUS)
[012265] EDID_RD offset=0x44 -> 0x10
[012266] MMIO_RD size=1 addr=0x0045 (GEN_INT_STATUS)
[012267] EDID_RD offset=0x45 -> 0x00
[012268] MMIO_RD size=1 addr=0x0046 (GEN_INT_STATUS)
[012269] EDID_RD offset=0x46 -> 0x00
[012270] MMIO_RD size=1 addr=0x0047 (GEN_INT_STATUS)
[012271] EDID_RD offset=0x47 -> 0x18
[012272] MMIO_RD size=1 addr=0x0048 (UNKNOWN)
[012273] EDID_RD offset=0x48 -> 0x00
[012274] MMIO_RD size=1 addr=0x0049 (UNKNOWN)
[012275] EDID_RD offset=0x49 -> 0x00
[012276] MMIO_RD size=1 addr=0x004a (UNKNOWN)
[012277] EDID_RD offset=0x4a -> 0x00
[012278] MMIO_RD size=1 addr=0x004b (UNKNOWN)
[012279] EDID_RD offset=0x4b -> 0xfc
[012280] MMIO_RD size=1 addr=0x004c (UNKNOWN)
[012281] EDID_RD offset=0x4c -> 0x00
[012282] MMIO_RD size=1 addr=0x004d (UNKNOWN)
[012283] EDID_RD offset=0x4d -> 0x51
[012284] MMIO_RD size=1 addr=0x004e (UNKNOWN)
[012285] EDID_RD offset=0x4e -> 0x45
[012286] MMIO_RD size=1 addr=0x004f (UNKNOWN)
[012287] EDID_RD offset=0x4f -> 0x4d
[012288] MMIO_RD size=1 addr=0x0050 (CRTC_GEN_CNTL)
[012289] EDID_RD offset=0x50 -> 0x55
[012290] MMIO_RD size=1 addr=0x0051 (CRTC_GEN_CNTL)
[012291] EDID_RD offset=0x51 -> 0x20
[012292] MMIO_RD size=1 addr=0x0052 (CRTC_GEN_CNTL)
[012293] EDID_RD offset=0x52 -> 0x52
[012294] MMIO_RD size=1 addr=0x0053 (CRTC_GEN_CNTL)
[012295] EDID_RD offset=0x53 -> 0x56
[012296] MMIO_RD size=1 addr=0x0054 (CRTC_EXT_CNTL)
[012297] EDID_RD offset=0x54 -> 0x32
[012298] MMIO_RD size=1 addr=0x0055 (CRTC_EXT_CNTL)
[012299] EDID_RD offset=0x55 -> 0x38
[012300] MMIO_RD size=1 addr=0x0056 (CRTC_EXT_CNTL)
[012301] EDID_RD offset=0x56 -> 0x30
[012302] MMIO_RD size=1 addr=0x0057 (CRTC_EXT_CNTL)
[012303] EDID_RD offset=0x57 -> 0x0a
[012304] MMIO_RD size=1 addr=0x0058 (DAC_CNTL)
[012305] EDID_RD offset=0x58 -> 0x20
[012306] MMIO_RD size=1 addr=0x0059 (DAC_CNTL)
[012307] EDID_RD offset=0x59 -> 0x20
[012308] MMIO_RD size=1 addr=0x005a (DAC_CNTL)
[012309] EDID_RD offset=0x5a -> 0x00
[012310] MMIO_RD size=1 addr=0x005b (DAC_CNTL)
[012311] EDID_RD offset=0x5b -> 0x00
[012312] MMIO_RD size=1 addr=0x005c (CRTC_STATUS)
[012313] EDID_RD offset=0x5c -> 0x00
[012314] MMIO_RD size=1 addr=0x005d (CRTC_STATUS)
[012315] EDID_RD offset=0x5d -> 0xfd
[012316] MMIO_RD size=1 addr=0x005e (CRTC_STATUS)
[012317] EDID_RD offset=0x5e -> 0x00
[012318] MMIO_RD size=1 addr=0x005f (CRTC_STATUS)
[012319] EDID_RD offset=0x5f -> 0x32
[012320] MMIO_RD size=1 addr=0x0060 (GPIO_VGA_DDC)
[012321] EDID_RD offset=0x60 -> 0x4b
[012322] MMIO_RD size=1 addr=0x0061 (GPIO_VGA_DDC)
[012323] EDID_RD offset=0x61 -> 0x1e
[012324] MMIO_RD size=1 addr=0x0062 (GPIO_VGA_DDC)
[012325] EDID_RD offset=0x62 -> 0x51
[012326] MMIO_RD size=1 addr=0x0063 (GPIO_VGA_DDC)
[012327] EDID_RD offset=0x63 -> 0x8c
[012328] MMIO_RD size=1 addr=0x0064 (GPIO_DVI_DDC)
[012329] EDID_RD offset=0x64 -> 0x00
[012330] MMIO_RD size=1 addr=0x0065 (GPIO_DVI_DDC)
[012331] EDID_RD offset=0x65 -> 0x0a
[012332] MMIO_RD size=1 addr=0x0066 (GPIO_DVI_DDC)
[012333] EDID_RD offset=0x66 -> 0x20
[012334] MMIO_RD size=1 addr=0x0067 (GPIO_DVI_DDC)
[012335] EDID_RD offset=0x67 -> 0x20
[012336] MMIO_RD size=1 addr=0x0068 (GPIO_MONID)
[012337] EDID_RD offset=0x68 -> 0x20
[012338] MMIO_RD size=1 addr=0x0069 (GPIO_MONID)
[012339] EDID_RD offset=0x69 -> 0x20
[012340] MMIO_RD size=1 addr=0x006a (GPIO_MONID)
[012341] EDID_RD offset=0x6a -> 0x20
[012342] MMIO_RD size=1 addr=0x006b (GPIO_MONID)
[012343] EDID_RD offset=0x6b -> 0x20
[012344] MMIO_RD size=1 addr=0x006c (UNKNOWN)
[012345] EDID_RD offset=0x6c -> 0x00
[012346] MMIO_RD size=1 addr=0x006d (UNKNOWN)
[012347] EDID_RD offset=0x6d -> 0x00
[012348] MMIO_RD size=1 addr=0x006e (UNKNOWN)
[012349] EDID_RD offset=0x6e -> 0x00
[012350] MMIO_RD size=1 addr=0x006f (UNKNOWN)
[012351] EDID_RD offset=0x6f -> 0xf7
[012352] MMIO_RD size=1 addr=0x0070 (UNKNOWN)
[012353] EDID_RD offset=0x70 -> 0x00
[012354] MMIO_RD size=1 addr=0x0071 (UNKNOWN)
[012355] EDID_RD offset=0x71 -> 0x0a
[012356] MMIO_RD size=1 addr=0x0072 (UNKNOWN)
[012357] EDID_RD offset=0x72 -> 0x00
[012358] MMIO_RD size=1 addr=0x0073 (UNKNOWN)
[012359] EDID_RD offset=0x73 -> 0x00
[012360] MMIO_RD size=1 addr=0x0074 (UNKNOWN)
[012361] EDID_RD offset=0x74 -> 0x08
[012362] MMIO_RD size=1 addr=0x0075 (UNKNOWN)
[012363] EDID_RD offset=0x75 -> 0x08
[012364] MMIO_RD size=1 addr=0x0076 (UNKNOWN)
[012365] EDID_RD offset=0x76 -> 0x00
[012366] MMIO_RD size=1 addr=0x0077 (UNKNOWN)
[012367] EDID_RD offset=0x77 -> 0x00
[012368] MMIO_RD size=1 addr=0x0078 (UNKNOWN)
[012369] EDID_RD offset=0x78 -> 0x00
[012370] MMIO_RD size=1 addr=0x0079 (UNKNOWN)
[012371] EDID_RD offset=0x79 -> 0x00
[012372] MMIO_RD size=1 addr=0x007a (UNKNOWN)
[012373] EDID_RD offset=0x7a -> 0x00
[012374] MMIO_RD size=1 addr=0x007b (UNKNOWN)
[012375] EDID_RD offset=0x7b -> 0x00
[012376] MMIO_RD size=1 addr=0x007c (DAC_CNTL2)
[012377] EDID_RD offset=0x7c -> 0x00
[012378] MMIO_RD size=1 addr=0x007d (DAC_CNTL2)
[012379] EDID_RD offset=0x7d -> 0x00
[012380] MMIO_RD size=1 addr=0x007e (DAC_CNTL2)
[012381] EDID_RD offset=0x7e -> 0x00
[012382] MMIO_RD size=1 addr=0x007f (DAC_CNTL2)
[012383] EDID_RD offset=0x7f -> 0x67
[012384] MMIO_WR size=2 addr=0x0508 val=0x0 (UNKNOWN)
[012385] VBE_WR [4] ENABLE <- 0x0000
[012386] MMIO_WR size=2 addr=0x0506 val=0x20 (UNKNOWN)
[012387] VBE_WR [3] BPP <- 0x0020
[012388] MMIO_WR size=2 addr=0x0502 val=0x400 (UNKNOWN)
[012389] VBE_WR [1] XRES <- 0x0400
[012390] MMIO_WR size=2 addr=0x0504 val=0x300 (UNKNOWN)
[012391] VBE_WR [2] YRES <- 0x0300
[012392] MMIO_WR size=2 addr=0x050a val=0x0 (UNKNOWN)
[012393] VBE_WR [5] BANK <- 0x0000
[012394] MMIO_WR size=2 addr=0x050c val=0x400 (UNKNOWN)
[012395] VBE_WR [6] VIRT_WIDTH <- 0x0400
[012396] MMIO_WR size=2 addr=0x050e val=0x600 (UNKNOWN)
[012397] VBE_WR [7] VIRT_HEIGHT <- 0x0600
[012398] MMIO_WR size=2 addr=0x0510 val=0x0 (UNKNOWN)
[012399] VBE_WR [8] X_OFF <- 0x0000
[012400] MMIO_WR size=2 addr=0x0512 val=0x0 (UNKNOWN)
[012401] VBE_WR [9] Y_OFF <- 0x0000
[012402] VBE Y_OFFSET=0 -> crtc_offset=0x0
[012403] MMIO_WR size=2 addr=0x0508 val=0x61 (UNKNOWN)
[012404] VBE_WR [4] ENABLE <- 0x0061
[012405] VBE mode set: 1024x768x32
[012406] EDID read phase complete - switching to ATI register mode
[012407] MMIO_WR size=4 addr=0x0740 val=0x0 (CP_CSQ_CNTL)
[012408] CP_SETUP CSQ_CNTL=0x00000000 (mode=0)
[012409] MMIO_WR size=4 addr=0x0744 val=0x0 (UNKNOWN)
[012410] MMIO_WR size=4 addr=0x0170 val=0x0 (AGP_BASE)
[012411] MMIO_WR size=4 addr=0x015c val=0x0 (UNKNOWN)
[012412] MMIO_WR size=4 addr=0x0148 val=0xffff0000 (MC_FB_LOCATION)
[012413] MMIO_RD size=4 addr=0x00f8 (CONFIG_MEMSIZE)
[012414] MMIO_WR size=4 addr=0x023c val=0x0 (UNKNOWN)
[012415] MMIO_WR size=4 addr=0x033c val=0x0 (UNKNOWN)
[012416] MMIO_WR size=4 addr=0x0148 val=0x7bf0000 (MC_FB_LOCATION)
[012417] MMIO_RD size=4 addr=0x00f8 (CONFIG_MEMSIZE)
[012418] MMIO_WR size=4 addr=0x014c val=0x17ff1000 (MC_AGP_LOCATION)
[012419] MMIO_WR size=4 addr=0x0ab0 val=0x32f2000 (UNKNOWN)
[012420] MMIO_WR size=4 addr=0x0ab4 val=0x0 (UNKNOWN)
[012421] MMIO_WR size=4 addr=0x01dc val=0x7c00000 (UNKNOWN)
[012422] GART LO_ADDR=0x7c00000
[012423] MMIO_WR size=4 addr=0x01e0 val=0xfbfffff (UNKNOWN)
[012424] GART HI_ADDR=0xfbfffff
[012425] MMIO_RD size=4 addr=0x01d0 (UNKNOWN)
[012426] MMIO_WR size=4 addr=0x01d0 val=0x1 (UNKNOWN)
[012427] GART AIC_CTRL=0x1 (enabled=1)
[012428] MMIO_WR size=4 addr=0x0700 val=0x10020000 (CP_RB_BASE)
[012429] CP_SETUP RB_BASE=0x10020000
[012430] MMIO_WR size=4 addr=0x15e0 val=0x0 (SCRATCH_REG0)
[012431] MMIO_WR size=4 addr=0x15e4 val=0x0 (SCRATCH_REG1)
[012432] MMIO_WR size=4 addr=0x15e8 val=0x0 (SCRATCH_REG2)
[012433] MMIO_WR size=4 addr=0x15ec val=0x0 (SCRATCH_REG3)
[012434] MMIO_WR size=4 addr=0x15f0 val=0x0 (SCRATCH_REG4)
[012435] MMIO_WR size=4 addr=0x15f4 val=0x0 (SCRATCH_REG5)
[012436] MMIO_WR size=4 addr=0x15f8 val=0x0 (UNKNOWN)
[012437] MMIO_WR size=4 addr=0x15fc val=0x0 (UNKNOWN)
[012438] MMIO_WR size=4 addr=0x1fa8 val=0x0 (UNKNOWN)
[012439] MMIO_WR size=4 addr=0x0774 val=0x7c24000 (SCRATCH_ADDR)
[012440] MMIO_WR size=4 addr=0x0770 val=0xff (SCRATCH_UMSK)
[012441] MMIO_RD size=4 addr=0x0b00 (SURFACE_CNTL)
[012442] MMIO_WR size=4 addr=0x0b00 val=0x0 (SURFACE_CNTL)
[012443] MMIO_RD size=4 addr=0x0030 (BUS_CNTL)
[012444] MMIO_WR size=4 addr=0x0030 val=0x0 (BUS_CNTL)
[012445] MMIO_RD size=4 addr=0x1724 (ISYNC_CNTL)
[012446] MMIO_WR size=4 addr=0x1724 val=0x3 (ISYNC_CNTL)
[012447] MMIO_RD size=4 addr=0x1710 (UNKNOWN)
[012448] MMIO_WR size=4 addr=0x1710 val=0x20000 (UNKNOWN)
[012449] MMIO_RD size=4 addr=0x0704 (CP_RB_CNTL)
[012450] MMIO_RD size=4 addr=0x0f5c (AGP_STATUS)
[012451] MMIO_WR size=4 addr=0x0704 val=0x2000a (CP_RB_CNTL)
[012452] CP_SETUP RB_CNTL=0x0002000a (log2size=10)
[012453] MMIO_WR size=4 addr=0x07d4 val=0x0 (CP_ME_RAM_ADDR)
[012454] MMIO_WR size=4 addr=0x07dc val=0x0 (CP_ME_RAM_DATAH)
[012455] MMIO_WR size=4 addr=0x07e0 val=0x4200e000 (CP_ME_RAM_DATAL)
[012456] MMIO_WR size=4 addr=0x07dc val=0x0 (CP_ME_RAM_DATAH)
[012457] MMIO_WR size=4 addr=0x07e0 val=0x4000e000 (CP_ME_RAM_DATAL)
[012458] MMIO_WR size=4 addr=0x07dc val=0x8 (CP_ME_RAM_DATAH)
[012459] MMIO_WR size=4 addr=0x07e0 val=0xb3 (CP_ME_RAM_DATAL)
[012460] MMIO_WR size=4 addr=0x07dc val=0x8 (CP_ME_RAM_DATAH)
[012461] MMIO_WR size=4 addr=0x07e0 val=0xb7 (CP_ME_RAM_DATAL)
[012462] MMIO_WR size=4 addr=0x07dc val=0x0 (CP_ME_RAM_DATAH)
[012463] MMIO_WR size=4 addr=0x07e0 val=0x6c5a504f (CP_ME_RAM_DATAL)
[012464] MMIO_WR size=4 addr=0x07dc val=0x0 (CP_ME_RAM_DATAH)
[012465] MMIO_WR size=4 addr=0x07e0 val=0x4f4f497a (CP_ME_RAM_DATAL)
[012466] MMIO_WR size=4 addr=0x07dc val=0x0 (CP_ME_RAM_DATAH)
[012467] MMIO_WR size=4 addr=0x07e0 val=0x5a578288 (CP_ME_RAM_DATAL)
[012468] MMIO_WR size=4 addr=0x07dc val=0x0 (CP_ME_RAM_DATAH)
[012469] MMIO_WR size=4 addr=0x07e0 val=0x4f91906a (CP_ME_RAM_DATAL)
[012470] MMIO_WR size=4 addr=0x07dc val=0x0 (CP_ME_RAM_DATAH)
[012471] MMIO_WR size=4 addr=0x07e0 val=0x4f4f4f4f (CP_ME_RAM_DATAL)
[012472] MMIO_WR size=4 addr=0x07dc val=0x0 (CP_ME_RAM_DATAH)
[012473] MMIO_WR size=4 addr=0x07e0 val=0x4fe64f44 (CP_ME_RAM_DATAL)
[012474] MMIO_WR size=4 addr=0x07dc val=0x0 (CP_ME_RAM_DATAH)
[012475] MMIO_WR size=4 addr=0x07e0 val=0xe99c9c9c (CP_ME_RAM_DATAL)
[012476] MMIO_WR size=4 addr=0x07dc val=0x0 (CP_ME_RAM_DATAH)
[012477] MMIO_WR size=4 addr=0x07e0 val=0xe04ff0e2 (CP_ME_RAM_DATAL)
[012478] MMIO_WR size=4 addr=0x07dc val=0x0 (CP_ME_RAM_DATAH)
[012479] MMIO_WR size=4 addr=0x07e0 val=0xa1d14f4f (CP_ME_RAM_DATAL)
[012480] MMIO_WR size=4 addr=0x07dc val=0x0 (CP_ME_RAM_DATAH)
[012481] MMIO_WR size=4 addr=0x07e0 val=0xd69d9d9d (CP_ME_RAM_DATAL)
[012482] MMIO_WR size=4 addr=0x07dc val=0x0 (CP_ME_RAM_DATAH)
[012483] MMIO_WR size=4 addr=0x07e0 val=0x4f0f9fdb (CP_ME_RAM_DATAL)
[012484] MMIO_WR size=4 addr=0x07dc val=0x4 (CP_ME_RAM_DATAH)
[012485] MMIO_WR size=4 addr=0x07e0 val=0xca000 (CP_ME_RAM_DATAL)
[012486] MMIO_WR size=4 addr=0x07dc val=0x38 (CP_ME_RAM_DATAH)
[012487] MMIO_WR size=4 addr=0x07e0 val=0xd0012 (CP_ME_RAM_DATAL)
[012488] MMIO_WR size=4 addr=0x07dc val=0x4 (CP_ME_RAM_DATAH)
[012489] MMIO_WR size=4 addr=0x07e0 val=0xe8b4 (CP_ME_RAM_DATAL)
[012490] MMIO_WR size=4 addr=0x07dc val=0x38 (CP_ME_RAM_DATAH)
[012491] MMIO_WR size=4 addr=0x07e0 val=0xd0014 (CP_ME_RAM_DATAL)
[012492] MMIO_WR size=4 addr=0x07dc val=0x4 (CP_ME_RAM_DATAH)
[012493] MMIO_WR size=4 addr=0x07e0 val=0xe8b6 (CP_ME_RAM_DATAL)
[012494] MMIO_WR size=4 addr=0x07dc val=0x38 (CP_ME_RAM_DATAH)
[012495] MMIO_WR size=4 addr=0x07e0 val=0xd0016 (CP_ME_RAM_DATAL)
[012496] MMIO_WR size=4 addr=0x07dc val=0x4 (CP_ME_RAM_DATAH)
[012497] MMIO_WR size=4 addr=0x07e0 val=0xe854 (CP_ME_RAM_DATAL)
[012498] MMIO_WR size=4 addr=0x07dc val=0x38 (CP_ME_RAM_DATAH)
[012499] MMIO_WR size=4 addr=0x07e0 val=0xd0018 (CP_ME_RAM_DATAL)
[012500] MMIO_WR size=4 addr=0x07dc val=0x4 (CP_ME_RAM_DATAH)
[012501] MMIO_WR size=4 addr=0x07e0 val=0xe855 (CP_ME_RAM_DATAL)
[012502] MMIO_WR size=4 addr=0x07dc val=0x38 (CP_ME_RAM_DATAH)
[012503] MMIO_WR size=4 addr=0x07e0 val=0xd001a (CP_ME_RAM_DATAL)
[012504] MMIO_WR size=4 addr=0x07dc val=0x4 (CP_ME_RAM_DATAH)
[012505] MMIO_WR size=4 addr=0x07e0 val=0xe856 (CP_ME_RAM_DATAL)
[012506] MMIO_WR size=4 addr=0x07dc val=0x38 (CP_ME_RAM_DATAH)
[012507] MMIO_WR size=4 addr=0x07e0 val=0xd001c (CP_ME_RAM_DATAL)
[012508] MMIO_WR size=4 addr=0x07dc val=0x4 (CP_ME_RAM_DATAH)
[012509] MMIO_WR size=4 addr=0x07e0 val=0xe857 (CP_ME_RAM_DATAL)
[012510] MMIO_WR size=4 addr=0x07dc val=0x38 (CP_ME_RAM_DATAH)
[012511] MMIO_WR size=4 addr=0x07e0 val=0xd001e (CP_ME_RAM_DATAL)
[012512] MMIO_WR size=4 addr=0x07dc val=0x4 (CP_ME_RAM_DATAH)
[012513] MMIO_WR size=4 addr=0x07e0 val=0xe824 (CP_ME_RAM_DATAL)
[012514] MMIO_WR size=4 addr=0x07dc val=0x38 (CP_ME_RAM_DATAH)
[012515] MMIO_WR size=4 addr=0x07e0 val=0xd0020 (CP_ME_RAM_DATAL)
[012516] MMIO_WR size=4 addr=0x07dc val=0x4 (CP_ME_RAM_DATAH)
[012517] MMIO_WR size=4 addr=0x07e0 val=0xe825 (CP_ME_RAM_DATAL)
[012518] MMIO_WR size=4 addr=0x07dc val=0x38 (CP_ME_RAM_DATAH)
[012519] MMIO_WR size=4 addr=0x07e0 val=0xd0022 (CP_ME_RAM_DATAL)
[012520] MMIO_WR size=4 addr=0x07dc val=0x4 (CP_ME_RAM_DATAH)
[012521] MMIO_WR size=4 addr=0x07e0 val=0xe830 (CP_ME_RAM_DATAL)
[012522] MMIO_WR size=4 addr=0x07dc val=0x38 (CP_ME_RAM_DATAH)
[012523] MMIO_WR size=4 addr=0x07e0 val=0xd0024 (CP_ME_RAM_DATAL)
[012524] MMIO_WR size=4 addr=0x07dc val=0x4 (CP_ME_RAM_DATAH)
[012525] MMIO_WR size=4 addr=0x07e0 val=0xf0c0 (CP_ME_RAM_DATAL)
[012526] MMIO_WR size=4 addr=0x07dc val=0x38 (CP_ME_RAM_DATAH)
[012527] MMIO_WR size=4 addr=0x07e0 val=0xd0026 (CP_ME_RAM_DATAL)
[012528] MMIO_WR size=4 addr=0x07dc val=0x4 (CP_ME_RAM_DATAH)
[012529] MMIO_WR size=4 addr=0x07e0 val=0xf0c1 (CP_ME_RAM_DATAL)
[012530] MMIO_WR size=4 addr=0x07dc val=0x38 (CP_ME_RAM_DATAH)
[012531] MMIO_WR size=4 addr=0x07e0 val=0xd0028 (CP_ME_RAM_DATAL)
[012532] MMIO_WR size=4 addr=0x07dc val=0x4 (CP_ME_RAM_DATAH)
[012533] MMIO_WR size=4 addr=0x07e0 val=0xf041 (CP_ME_RAM_DATAL)
[012534] MMIO_WR size=4 addr=0x07dc val=0x38 (CP_ME_RAM_DATAH)
[012535] MMIO_WR size=4 addr=0x07e0 val=0xd002a (CP_ME_RAM_DATAL)
[012536] MMIO_WR size=4 addr=0x07dc val=0x4 (CP_ME_RAM_DATAH)
[012537] MMIO_WR size=4 addr=0x07e0 val=0xf184 (CP_ME_RAM_DATAL)
[012538] MMIO_WR size=4 addr=0x07dc val=0x38 (CP_ME_RAM_DATAH)
[012539] MMIO_WR size=4 addr=0x07e0 val=0xd002c (CP_ME_RAM_DATAL)
[012540] MMIO_WR size=4 addr=0x07dc val=0x4 (CP_ME_RAM_DATAH)
[012541] MMIO_WR size=4 addr=0x07e0 val=0xf185 (CP_ME_RAM_DATAL)
[012542] MMIO_WR size=4 addr=0x07dc val=0x38 (CP_ME_RAM_DATAH)
[012543] MMIO_WR size=4 addr=0x07e0 val=0xd002e (CP_ME_RAM_DATAL)
[012544] MMIO_WR size=4 addr=0x07dc val=0x4 (CP_ME_RAM_DATAH)
[012545] MMIO_WR size=4 addr=0x07e0 val=0xf186 (CP_ME_RAM_DATAL)
[012546] MMIO_WR size=4 addr=0x07dc val=0x38 (CP_ME_RAM_DATAH)
[012547] MMIO_WR size=4 addr=0x07e0 val=0xd0030 (CP_ME_RAM_DATAL)
[012548] MMIO_WR size=4 addr=0x07dc val=0x4 (CP_ME_RAM_DATAH)
[012549] MMIO_WR size=4 addr=0x07e0 val=0xf187 (CP_ME_RAM_DATAL)
[012550] MMIO_WR size=4 addr=0x07dc val=0x38 (CP_ME_RAM_DATAH)
[012551] MMIO_WR size=4 addr=0x07e0 val=0xd0032 (CP_ME_RAM_DATAL)
[012552] MMIO_WR size=4 addr=0x07dc val=0x4 (CP_ME_RAM_DATAH)
[012553] MMIO_WR size=4 addr=0x07e0 val=0xf180 (CP_ME_RAM_DATAL)
[012554] MMIO_WR size=4 addr=0x07dc val=0x38 (CP_ME_RAM_DATAH)
[012555] MMIO_WR size=4 addr=0x07e0 val=0xd0034 (CP_ME_RAM_DATAL)
[012556] MMIO_WR size=4 addr=0x07dc val=0x4 (CP_ME_RAM_DATAH)
[012557] MMIO_WR size=4 addr=0x07e0 val=0xf393 (CP_ME_RAM_DATAL)
[012558] MMIO_WR size=4 addr=0x07dc val=0x38 (CP_ME_RAM_DATAH)
[012559] MMIO_WR size=4 addr=0x07e0 val=0xd0036 (CP_ME_RAM_DATAL)
[012560] MMIO_WR size=4 addr=0x07dc val=0x4 (CP_ME_RAM_DATAH)
[012561] MMIO_WR size=4 addr=0x07e0 val=0xf38a (CP_ME_RAM_DATAL)
[012562] MMIO_WR size=4 addr=0x07dc val=0x38 (CP_ME_RAM_DATAH)
[012563] MMIO_WR size=4 addr=0x07e0 val=0xd0038 (CP_ME_RAM_DATAL)
[012564] MMIO_WR size=4 addr=0x07dc val=0x4 (CP_ME_RAM_DATAH)
[012565] MMIO_WR size=4 addr=0x07e0 val=0xf38e (CP_ME_RAM_DATAL)
[012566] MMIO_WR size=4 addr=0x07dc val=0x4 (CP_ME_RAM_DATAH)
[012567] MMIO_WR size=4 addr=0x07e0 val=0xe821 (CP_ME_RAM_DATAL)
[012568] MMIO_WR size=4 addr=0x07dc val=0x4 (CP_ME_RAM_DATAH)
[012569] MMIO_WR size=4 addr=0x07e0 val=0x140a000 (CP_ME_RAM_DATAL)
[012570] MMIO_WR size=4 addr=0x07dc val=0x18 (CP_ME_RAM_DATAH)
[012571] MMIO_WR size=4 addr=0x07e0 val=0x43 (CP_ME_RAM_DATAL)
[012572] MMIO_WR size=4 addr=0x07dc val=0x4 (CP_ME_RAM_DATAH)
[012573] MMIO_WR size=4 addr=0x07e0 val=0xcce800 (CP_ME_RAM_DATAL)
[012574] MMIO_WR size=4 addr=0x07dc val=0x4 (CP_ME_RAM_DATAH)
[012575] MMIO_WR size=4 addr=0x07e0 val=0x1b0001 (CP_ME_RAM_DATAL)
[012576] MMIO_WR size=4 addr=0x07dc val=0x4 (CP_ME_RAM_DATAH)
[012577] MMIO_WR size=4 addr=0x07e0 val=0x8004800 (CP_ME_RAM_DATAL)
[012578] MMIO_WR size=4 addr=0x07dc val=0x4 (CP_ME_RAM_DATAH)
[012579] MMIO_WR size=4 addr=0x07e0 val=0x1b0001 (CP_ME_RAM_DATAL)
[012580] MMIO_WR size=4 addr=0x07dc val=0x4 (CP_ME_RAM_DATAH)
[012581] MMIO_WR size=4 addr=0x07e0 val=0x8004800 (CP_ME_RAM_DATAL)
[012582] MMIO_WR size=4 addr=0x07dc val=0x4 (CP_ME_RAM_DATAH)
[012583] MMIO_WR size=4 addr=0x07e0 val=0x1b0001 (CP_ME_RAM_DATAL)
[012584] MMIO_WR size=4 addr=0x07dc val=0x4 (CP_ME_RAM_DATAH)
[012585] MMIO_WR size=4 addr=0x07e0 val=0x8004800 (CP_ME_RAM_DATAL)
[012586] MMIO_WR size=4 addr=0x07dc val=0x8 (CP_ME_RAM_DATAH)
[012587] MMIO_WR size=4 addr=0x07e0 val=0x3a (CP_ME_RAM_DATAL)
[012588] MMIO_WR size=4 addr=0x07dc val=0x0 (CP_ME_RAM_DATAH)
[012589] MMIO_WR size=4 addr=0x07e0 val=0xa000 (CP_ME_RAM_DATAL)
[012590] MMIO_WR size=4 addr=0x07dc val=0x4 (CP_ME_RAM_DATAH)
[012591] MMIO_WR size=4 addr=0x07e0 val=0x2c0a000 (CP_ME_RAM_DATAL)
[012592] MMIO_WR size=4 addr=0x07dc val=0x4 (CP_ME_RAM_DATAH)
[012593] MMIO_WR size=4 addr=0x07e0 val=0xca000 (CP_ME_RAM_DATAL)
[012594] MMIO_WR size=4 addr=0x07dc val=0x4 (CP_ME_RAM_DATAH)
[012595] MMIO_WR size=4 addr=0x07e0 val=0x130000 (CP_ME_RAM_DATAL)
[012596] MMIO_WR size=4 addr=0x07dc val=0x4 (CP_ME_RAM_DATAH)
[012597] MMIO_WR size=4 addr=0x07e0 val=0xc2000 (CP_ME_RAM_DATAL)
[012598] MMIO_WR size=4 addr=0x07dc val=0x8 (CP_ME_RAM_DATAH)
[012599] MMIO_WR size=4 addr=0x07e0 val=0xc980c045 (CP_ME_RAM_DATAL)
[012600] MMIO_WR size=4 addr=0x07dc val=0x4 (CP_ME_RAM_DATAH)
[012601] MMIO_WR size=4 addr=0x07e0 val=0x2000451d (CP_ME_RAM_DATAL)
[012602] MMIO_WR size=4 addr=0x07dc val=0x4 (CP_ME_RAM_DATAH)
[012603] MMIO_WR size=4 addr=0x07e0 val=0xe580 (CP_ME_RAM_DATAL)
[012604] MMIO_WR size=4 addr=0x07dc val=0x4 (CP_ME_RAM_DATAH)
[012605] MMIO_WR size=4 addr=0x07e0 val=0xce581 (CP_ME_RAM_DATAL)
[012606] MMIO_WR size=4 addr=0x07dc val=0x4 (CP_ME_RAM_DATAH)
[012607] MMIO_WR size=4 addr=0x07e0 val=0x8004580 (CP_ME_RAM_DATAL)
[012608] MMIO_WR size=4 addr=0x07dc val=0x4 (CP_ME_RAM_DATAH)
[012609] MMIO_WR size=4 addr=0x07e0 val=0xce581 (CP_ME_RAM_DATAL)
[012610] MMIO_WR size=4 addr=0x07dc val=0x8 (CP_ME_RAM_DATAH)
[012611] MMIO_WR size=4 addr=0x07e0 val=0x4c (CP_ME_RAM_DATAL)
[012612] MMIO_WR size=4 addr=0x07dc val=0x0 (CP_ME_RAM_DATAH)
[012613] MMIO_WR size=4 addr=0x07e0 val=0xa000 (CP_ME_RAM_DATAL)
[012614] MMIO_WR size=4 addr=0x07dc val=0x4 (CP_ME_RAM_DATAH)
[012615] MMIO_WR size=4 addr=0x07e0 val=0xc2000 (CP_ME_RAM_DATAL)
[012616] MMIO_WR size=4 addr=0x07dc val=0x4 (CP_ME_RAM_DATAH)
[012617] MMIO_WR size=4 addr=0x07e0 val=0xe50e (CP_ME_RAM_DATAL)
[012618] MMIO_WR size=4 addr=0x07dc val=0x4 (CP_ME_RAM_DATAH)
[012619] MMIO_WR size=4 addr=0x07e0 val=0x32000 (CP_ME_RAM_DATAL)
[012620] MMIO_WR size=4 addr=0x07dc val=0x28 (CP_ME_RAM_DATAH)
[012621] MMIO_WR size=4 addr=0x07e0 val=0x22056 (CP_ME_RAM_DATAL)
[012622] MMIO_WR size=4 addr=0x07dc val=0x24 (CP_ME_RAM_DATAH)
[012623] MMIO_WR size=4 addr=0x07e0 val=0x56 (CP_ME_RAM_DATAL)
[012624] MMIO_WR size=4 addr=0x07dc val=0x4 (CP_ME_RAM_DATAH)
[012625] MMIO_WR size=4 addr=0x07e0 val=0x800450f (CP_ME_RAM_DATAL)
[012626] MMIO_WR size=4 addr=0x07dc val=0x8 (CP_ME_RAM_DATAH)
[012627] MMIO_WR size=4 addr=0x07e0 val=0xa050 (CP_ME_RAM_DATAL)
[012628] MMIO_WR size=4 addr=0x07dc val=0x4 (CP_ME_RAM_DATAH)
[012629] MMIO_WR size=4 addr=0x07e0 val=0xe565 (CP_ME_RAM_DATAL)
[012630] MMIO_WR size=4 addr=0x07dc val=0x4 (CP_ME_RAM_DATAH)
[012631] MMIO_WR size=4 addr=0x07e0 val=0xe566 (CP_ME_RAM_DATAL)
[012632] MMIO_WR size=4 addr=0x07dc val=0x8 (CP_ME_RAM_DATAH)
[012633] MMIO_WR size=4 addr=0x07e0 val=0x57 (CP_ME_RAM_DATAL)
[012634] MMIO_WR size=4 addr=0x07dc val=0x4 (CP_ME_RAM_DATAH)
[012635] MMIO_WR size=4 addr=0x07e0 val=0x3cca5b4 (CP_ME_RAM_DATAL)
[012636] MMIO_WR size=4 addr=0x07dc val=0x4 (CP_ME_RAM_DATAH)
[012637] MMIO_WR size=4 addr=0x07e0 val=0x5432000 (CP_ME_RAM_DATAL)
[012638] MMIO_WR size=4 addr=0x07dc val=0x4 (CP_ME_RAM_DATAH)
[012639] MMIO_WR size=4 addr=0x07e0 val=0x22000 (CP_ME_RAM_DATAL)
[012640] MMIO_WR size=4 addr=0x07dc val=0x30 (CP_ME_RAM_DATAH)
[012641] MMIO_WR size=4 addr=0x07e0 val=0x4ccce063 (CP_ME_RAM_DATAL)
[012642] MMIO_WR size=4 addr=0x07dc val=0x4 (CP_ME_RAM_DATAH)
[012643] MMIO_WR size=4 addr=0x07e0 val=0x8274565 (CP_ME_RAM_DATAL)
[012644] MMIO_WR size=4 addr=0x07dc val=0x30 (CP_ME_RAM_DATAH)
[012645] MMIO_WR size=4 addr=0x07e0 val=0x63 (CP_ME_RAM_DATAL)
[012646] MMIO_WR size=4 addr=0x07dc val=0x4 (CP_ME_RAM_DATAH)
[012647] MMIO_WR size=4 addr=0x07e0 val=0x8004564 (CP_ME_RAM_DATAL)
[012648] MMIO_WR size=4 addr=0x07dc val=0x4 (CP_ME_RAM_DATAH)
[012649] MMIO_WR size=4 addr=0x07e0 val=0xe566 (CP_ME_RAM_DATAL)
[012650] MMIO_WR size=4 addr=0x07dc val=0x8 (CP_ME_RAM_DATAH)
[012651] MMIO_WR size=4 addr=0x07e0 val=0x5a (CP_ME_RAM_DATAL)
[012652] MMIO_WR size=4 addr=0x07dc val=0x10 (CP_ME_RAM_DATAH)
[012653] MMIO_WR size=4 addr=0x07e0 val=0x802066 (CP_ME_RAM_DATAL)
[012654] MMIO_WR size=4 addr=0x07dc val=0x4 (CP_ME_RAM_DATAH)
[012655] MMIO_WR size=4 addr=0x07e0 val=0x202000 (CP_ME_RAM_DATAL)
[012656] MMIO_WR size=4 addr=0x07dc val=0x4 (CP_ME_RAM_DATAH)
[012657] MMIO_WR size=4 addr=0x07e0 val=0x1b00ff (CP_ME_RAM_DATAL)
[012658] MMIO_WR size=4 addr=0x07dc val=0x10 (CP_ME_RAM_DATAH)
[012659] MMIO_WR size=4 addr=0x07e0 val=0x1000069 (CP_ME_RAM_DATAL)
[012660] MMIO_WR size=4 addr=0x07dc val=0x4 (CP_ME_RAM_DATAH)
[012661] MMIO_WR size=4 addr=0x07e0 val=0x1f2000 (CP_ME_RAM_DATAL)
[012662] MMIO_WR size=4 addr=0x07dc val=0x4 (CP_ME_RAM_DATAH)
[012663] MMIO_WR size=4 addr=0x07e0 val=0x1c00ff (CP_ME_RAM_DATAL)
[012664] MMIO_WR size=4 addr=0x07dc val=0xc (CP_ME_RAM_DATAH)
[012665] MMIO_WR size=4 addr=0x07e0 val=0x0 (CP_ME_RAM_DATAL)
[012666] MMIO_WR size=4 addr=0x07dc val=0x30 (CP_ME_RAM_DATAH)
[012667] MMIO_WR size=4 addr=0x07e0 val=0x85 (CP_ME_RAM_DATAL)
[012668] MMIO_WR size=4 addr=0x07dc val=0x8 (CP_ME_RAM_DATAH)
[012669] MMIO_WR size=4 addr=0x07e0 val=0x5a (CP_ME_RAM_DATAL)
[012670] MMIO_WR size=4 addr=0x07dc val=0x4 (CP_ME_RAM_DATAH)
[012671] MMIO_WR size=4 addr=0x07e0 val=0xe576 (CP_ME_RAM_DATAL)
[012672] MMIO_WR size=4 addr=0x07dc val=0x4 (CP_ME_RAM_DATAH)
[012673] MMIO_WR size=4 addr=0x07e0 val=0xca000 (CP_ME_RAM_DATAL)
[012674] MMIO_WR size=4 addr=0x07dc val=0x4 (CP_ME_RAM_DATAH)
[012675] MMIO_WR size=4 addr=0x07e0 val=0x12000 (CP_ME_RAM_DATAL)
[012676] MMIO_WR size=4 addr=0x07dc val=0x4 (CP_ME_RAM_DATAH)
[012677] MMIO_WR size=4 addr=0x07e0 val=0x82000 (CP_ME_RAM_DATAL)
[012678] MMIO_WR size=4 addr=0x07dc val=0x4 (CP_ME_RAM_DATAH)
[012679] MMIO_WR size=4 addr=0x07e0 val=0x1800650e (CP_ME_RAM_DATAL)
[012680] MMIO_WR size=4 addr=0x07dc val=0x4 (CP_ME_RAM_DATAH)
[012681] MMIO_WR size=4 addr=0x07e0 val=0x92000 (CP_ME_RAM_DATAL)
[012682] MMIO_WR size=4 addr=0x07dc val=0x4 (CP_ME_RAM_DATAH)
[012683] MMIO_WR size=4 addr=0x07e0 val=0xa2000 (CP_ME_RAM_DATAL)
[012684] MMIO_WR size=4 addr=0x07dc val=0x4 (CP_ME_RAM_DATAH)
[012685] MMIO_WR size=4 addr=0x07e0 val=0xf0000 (CP_ME_RAM_DATAL)
[012686] MMIO_WR size=4 addr=0x07dc val=0x4 (CP_ME_RAM_DATAH)
[012687] MMIO_WR size=4 addr=0x07e0 val=0x400000 (CP_ME_RAM_DATAL)
[012688] MMIO_WR size=4 addr=0x07dc val=0x18 (CP_ME_RAM_DATAH)
[012689] MMIO_WR size=4 addr=0x07e0 val=0x79 (CP_ME_RAM_DATAL)
[012690] MMIO_WR size=4 addr=0x07dc val=0x4 (CP_ME_RAM_DATAH)
[012691] MMIO_WR size=4 addr=0x07e0 val=0xe563 (CP_ME_RAM_DATAL)
[012692] MMIO_WR size=4 addr=0x07dc val=0xc2 (CP_ME_RAM_DATAH)
[012693] MMIO_WR size=4 addr=0x07e0 val=0xc0e5f0 (CP_ME_RAM_DATAL)
[012694] MMIO_WR size=4 addr=0x07dc val=0x8 (CP_ME_RAM_DATAH)
[012695] MMIO_WR size=4 addr=0x07e0 val=0x6e (CP_ME_RAM_DATAL)
[012696] MMIO_WR size=4 addr=0x07dc val=0x8 (CP_ME_RAM_DATAH)
[012697] MMIO_WR size=4 addr=0x07e0 val=0xa06e (CP_ME_RAM_DATAL)
[012698] MMIO_WR size=4 addr=0x07dc val=0x4 (CP_ME_RAM_DATAH)
[012699] MMIO_WR size=4 addr=0x07e0 val=0xe576 (CP_ME_RAM_DATAL)
[012700] MMIO_WR size=4 addr=0x07dc val=0x4 (CP_ME_RAM_DATAH)
[012701] MMIO_WR size=4 addr=0x07e0 val=0xe577 (CP_ME_RAM_DATAL)
[012702] MMIO_WR size=4 addr=0x07dc val=0x4 (CP_ME_RAM_DATAH)
[012703] MMIO_WR size=4 addr=0x07e0 val=0xe50e (CP_ME_RAM_DATAL)
[012704] MMIO_WR size=4 addr=0x07dc val=0x4 (CP_ME_RAM_DATAH)
[012705] MMIO_WR size=4 addr=0x07e0 val=0xe50f (CP_ME_RAM_DATAL)
[012706] MMIO_WR size=4 addr=0x07dc val=0x4 (CP_ME_RAM_DATAH)
[012707] MMIO_WR size=4 addr=0x07e0 val=0x140a000 (CP_ME_RAM_DATAL)
[012708] MMIO_WR size=4 addr=0x07dc val=0x18 (CP_ME_RAM_DATAH)
[012709] MMIO_WR size=4 addr=0x07e0 val=0x7c (CP_ME_RAM_DATAL)
[012710] MMIO_WR size=4 addr=0x07dc val=0xc2 (CP_ME_RAM_DATAH)
[012711] MMIO_WR size=4 addr=0x07e0 val=0xc0e5f0 (CP_ME_RAM_DATAL)
[012712] MMIO_WR size=4 addr=0x07dc val=0x8 (CP_ME_RAM_DATAH)
[012713] MMIO_WR size=4 addr=0x07e0 val=0x7c (CP_ME_RAM_DATAL)
[012714] MMIO_WR size=4 addr=0x07dc val=0x4 (CP_ME_RAM_DATAH)
[012715] MMIO_WR size=4 addr=0x07e0 val=0x14e50e (CP_ME_RAM_DATAL)
[012716] MMIO_WR size=4 addr=0x07dc val=0x4 (CP_ME_RAM_DATAH)
[012717] MMIO_WR size=4 addr=0x07e0 val=0x40e50f (CP_ME_RAM_DATAL)
[012718] MMIO_WR size=4 addr=0x07dc val=0x8 (CP_ME_RAM_DATAH)
[012719] MMIO_WR size=4 addr=0x07e0 val=0xc0007f (CP_ME_RAM_DATAL)
[012720] MMIO_WR size=4 addr=0x07dc val=0x4 (CP_ME_RAM_DATAH)
[012721] MMIO_WR size=4 addr=0x07e0 val=0xe570 (CP_ME_RAM_DATAL)
[012722] MMIO_WR size=4 addr=0x07dc val=0x4 (CP_ME_RAM_DATAH)
[012723] MMIO_WR size=4 addr=0x07e0 val=0xe571 (CP_ME_RAM_DATAL)
[012724] MMIO_WR size=4 addr=0x07dc val=0xc (CP_ME_RAM_DATAH)
[012725] MMIO_WR size=4 addr=0x07e0 val=0xe572 (CP_ME_RAM_DATAL)
[012726] MMIO_WR size=4 addr=0x07dc val=0x4 (CP_ME_RAM_DATAH)
[012727] MMIO_WR size=4 addr=0x07e0 val=0xa000 (CP_ME_RAM_DATAL)
[012728] MMIO_WR size=4 addr=0x07dc val=0x4 (CP_ME_RAM_DATAH)
[012729] MMIO_WR size=4 addr=0x07e0 val=0x140a000 (CP_ME_RAM_DATAL)
[012730] MMIO_WR size=4 addr=0x07dc val=0x4 (CP_ME_RAM_DATAH)
[012731] MMIO_WR size=4 addr=0x07e0 val=0xe568 (CP_ME_RAM_DATAL)
[012732] MMIO_WR size=4 addr=0x07dc val=0x4 (CP_ME_RAM_DATAH)
[012733] MMIO_WR size=4 addr=0x07e0 val=0xc2000 (CP_ME_RAM_DATAL)
[012734] MMIO_WR size=4 addr=0x07dc val=0x18 (CP_ME_RAM_DATAH)
[012735] MMIO_WR size=4 addr=0x07e0 val=0x89 (CP_ME_RAM_DATAL)
[012736] MMIO_WR size=4 addr=0x07dc val=0x4 (CP_ME_RAM_DATAH)
[012737] MMIO_WR size=4 addr=0x07e0 val=0xb0000 (CP_ME_RAM_DATAL)
[012738] MMIO_WR size=4 addr=0x07dc val=0x4 (CP_ME_RAM_DATAH)
[012739] MMIO_WR size=4 addr=0x07e0 val=0x18c0e562 (CP_ME_RAM_DATAL)
[012740] MMIO_WR size=4 addr=0x07dc val=0x8 (CP_ME_RAM_DATAH)
[012741] MMIO_WR size=4 addr=0x07e0 val=0x8b (CP_ME_RAM_DATAL)
[012742] MMIO_WR size=4 addr=0x07dc val=0x8 (CP_ME_RAM_DATAH)
[012743] MMIO_WR size=4 addr=0x07e0 val=0xc0008a (CP_ME_RAM_DATAL)
[012744] MMIO_WR size=4 addr=0x07dc val=0x4 (CP_ME_RAM_DATAH)
[012745] MMIO_WR size=4 addr=0x07e0 val=0x700e8 (CP_ME_RAM_DATAL)
[012746] MMIO_WR size=4 addr=0x07dc val=0x38 (CP_ME_RAM_DATAH)
[012747] MMIO_WR size=4 addr=0x07e0 val=0x97 (CP_ME_RAM_DATAL)
[012748] MMIO_WR size=4 addr=0x07dc val=0x30 (CP_ME_RAM_DATAH)
[012749] MMIO_WR size=4 addr=0x07e0 val=0xca099 (CP_ME_RAM_DATAL)
[012750] MMIO_WR size=4 addr=0x07dc val=0x4 (CP_ME_RAM_DATAH)
[012751] MMIO_WR size=4 addr=0x07e0 val=0x80045bb (CP_ME_RAM_DATAL)
[012752] MMIO_WR size=4 addr=0x07dc val=0x30 (CP_ME_RAM_DATAH)
[012753] MMIO_WR size=4 addr=0x07e0 val=0xc209a (CP_ME_RAM_DATAL)
[012754] MMIO_WR size=4 addr=0x07dc val=0x0 (CP_ME_RAM_DATAH)
[012755] MMIO_WR size=4 addr=0x07e0 val=0x800e5bc (CP_ME_RAM_DATAL)
[012756] MMIO_WR size=4 addr=0x07dc val=0x4 (CP_ME_RAM_DATAH)
[012757] MMIO_WR size=4 addr=0x07e0 val=0xe5bb (CP_ME_RAM_DATAL)
[012758] MMIO_WR size=4 addr=0x07dc val=0x0 (CP_ME_RAM_DATAH)
[012759] MMIO_WR size=4 addr=0x07e0 val=0xe5bc (CP_ME_RAM_DATAL)
[012760] MMIO_WR size=4 addr=0x07dc val=0xc (CP_ME_RAM_DATAH)
[012761] MMIO_WR size=4 addr=0x07e0 val=0x120000 (CP_ME_RAM_DATAL)
[012762] MMIO_WR size=4 addr=0x07dc val=0x4 (CP_ME_RAM_DATAH)
[012763] MMIO_WR size=4 addr=0x07e0 val=0x120000 (CP_ME_RAM_DATAL)
[012764] MMIO_WR size=4 addr=0x07dc val=0xc (CP_ME_RAM_DATAH)
[012765] MMIO_WR size=4 addr=0x07e0 val=0x1b0002 (CP_ME_RAM_DATAL)
[012766] MMIO_WR size=4 addr=0x07dc val=0x4 (CP_ME_RAM_DATAH)
[012767] MMIO_WR size=4 addr=0x07e0 val=0xa000 (CP_ME_RAM_DATAL)
[012768] MMIO_WR size=4 addr=0x07dc val=0x4 (CP_ME_RAM_DATAH)
[012769] MMIO_WR size=4 addr=0x07e0 val=0xe821 (CP_ME_RAM_DATAL)
[012770] MMIO_WR size=4 addr=0x07dc val=0x0 (CP_ME_RAM_DATAH)
[012771] MMIO_WR size=4 addr=0x07e0 val=0xe800 (CP_ME_RAM_DATAL)
[012772] MMIO_WR size=4 addr=0x07dc val=0x4 (CP_ME_RAM_DATAH)
[012773] MMIO_WR size=4 addr=0x07e0 val=0xe821 (CP_ME_RAM_DATAL)
[012774] MMIO_WR size=4 addr=0x07dc val=0x0 (CP_ME_RAM_DATAH)
[012775] MMIO_WR size=4 addr=0x07e0 val=0xe82e (CP_ME_RAM_DATAL)
[012776] MMIO_WR size=4 addr=0x07dc val=0x4 (CP_ME_RAM_DATAH)
[012777] MMIO_WR size=4 addr=0x07e0 val=0x2cca000 (CP_ME_RAM_DATAL)
[012778] MMIO_WR size=4 addr=0x07dc val=0x4 (CP_ME_RAM_DATAH)
[012779] MMIO_WR size=4 addr=0x07e0 val=0x140000 (CP_ME_RAM_DATAL)
[012780] MMIO_WR size=4 addr=0x07dc val=0x4 (CP_ME_RAM_DATAH)
[012781] MMIO_WR size=4 addr=0x07e0 val=0xce1cc (CP_ME_RAM_DATAL)
[012782] MMIO_WR size=4 addr=0x07dc val=0x4 (CP_ME_RAM_DATAH)
[012783] MMIO_WR size=4 addr=0x07e0 val=0x50de1cd (CP_ME_RAM_DATAL)
[012784] MMIO_WR size=4 addr=0x07dc val=0x4 (CP_ME_RAM_DATAH)
[012785] MMIO_WR size=4 addr=0x07e0 val=0x400000 (CP_ME_RAM_DATAL)
[012786] MMIO_WR size=4 addr=0x07dc val=0x18 (CP_ME_RAM_DATAH)
[012787] MMIO_WR size=4 addr=0x07e0 val=0xa9 (CP_ME_RAM_DATAL)
[012788] MMIO_WR size=4 addr=0x07dc val=0x4 (CP_ME_RAM_DATAH)
[012789] MMIO_WR size=4 addr=0x07e0 val=0xc0a000 (CP_ME_RAM_DATAL)
[012790] MMIO_WR size=4 addr=0x07dc val=0x8 (CP_ME_RAM_DATAH)
[012791] MMIO_WR size=4 addr=0x07e0 val=0xa6 (CP_ME_RAM_DATAL)
[012792] MMIO_WR size=4 addr=0x07dc val=0x20 (CP_ME_RAM_DATAH)
[012793] MMIO_WR size=4 addr=0x07e0 val=0xab (CP_ME_RAM_DATAL)
[012794] MMIO_WR size=4 addr=0x07dc val=0x0 (CP_ME_RAM_DATAH)
[012795] MMIO_WR size=4 addr=0x07e0 val=0x4200e000 (CP_ME_RAM_DATAL)
[012796] MMIO_WR size=4 addr=0x07dc val=0x38 (CP_ME_RAM_DATAH)
[012797] MMIO_WR size=4 addr=0x07e0 val=0xb2 (CP_ME_RAM_DATAL)
[012798] MMIO_WR size=4 addr=0x07dc val=0x4 (CP_ME_RAM_DATAH)
[012799] MMIO_WR size=4 addr=0x07e0 val=0xca000 (CP_ME_RAM_DATAL)
[012800] MMIO_WR size=4 addr=0x07dc val=0x4 (CP_ME_RAM_DATAH)
[012801] MMIO_WR size=4 addr=0x07e0 val=0x140000 (CP_ME_RAM_DATAL)
[012802] MMIO_WR size=4 addr=0x07dc val=0x4 (CP_ME_RAM_DATAH)
[012803] MMIO_WR size=4 addr=0x07e0 val=0xc2000 (CP_ME_RAM_DATAL)
[012804] MMIO_WR size=4 addr=0x07dc val=0x4 (CP_ME_RAM_DATAH)
[012805] MMIO_WR size=4 addr=0x07e0 val=0x160000 (CP_ME_RAM_DATAL)
[012806] MMIO_WR size=4 addr=0x07dc val=0x4 (CP_ME_RAM_DATAH)
[012807] MMIO_WR size=4 addr=0x07e0 val=0x700ce000 (CP_ME_RAM_DATAL)
[012808] MMIO_WR size=4 addr=0x07dc val=0x8 (CP_ME_RAM_DATAH)
[012809] MMIO_WR size=4 addr=0x07e0 val=0x1400ae (CP_ME_RAM_DATAL)
[012810] MMIO_WR size=4 addr=0x07dc val=0x0 (CP_ME_RAM_DATAH)
[012811] MMIO_WR size=4 addr=0x07e0 val=0x4000e000 (CP_ME_RAM_DATAL)
[012812] MMIO_WR size=4 addr=0x07dc val=0x4 (CP_ME_RAM_DATAH)
[012813] MMIO_WR size=4 addr=0x07e0 val=0x2400000 (CP_ME_RAM_DATAL)
[012814] MMIO_WR size=4 addr=0x07dc val=0x4 (CP_ME_RAM_DATAH)
[012815] MMIO_WR size=4 addr=0x07e0 val=0x400ee000 (CP_ME_RAM_DATAL)
[012816] MMIO_WR size=4 addr=0x07dc val=0x4 (CP_ME_RAM_DATAH)
[012817] MMIO_WR size=4 addr=0x07e0 val=0x2400000 (CP_ME_RAM_DATAL)
[012818] MMIO_WR size=4 addr=0x07dc val=0x0 (CP_ME_RAM_DATAH)
[012819] MMIO_WR size=4 addr=0x07e0 val=0x4000e000 (CP_ME_RAM_DATAL)
[012820] MMIO_WR size=4 addr=0x07dc val=0x4 (CP_ME_RAM_DATAH)
[012821] MMIO_WR size=4 addr=0x07e0 val=0xc2000 (CP_ME_RAM_DATAL)
[012822] MMIO_WR size=4 addr=0x07dc val=0x4 (CP_ME_RAM_DATAH)
[012823] MMIO_WR size=4 addr=0x07e0 val=0x240e51b (CP_ME_RAM_DATAL)
[012824] MMIO_WR size=4 addr=0x07dc val=0x5 (CP_ME_RAM_DATAH)
[012825] MMIO_WR size=4 addr=0x07e0 val=0x80e50a (CP_ME_RAM_DATAL)
[012826] MMIO_WR size=4 addr=0x07dc val=0x5 (CP_ME_RAM_DATAH)
[012827] MMIO_WR size=4 addr=0x07e0 val=0x80e50b (CP_ME_RAM_DATAL)
[012828] MMIO_WR size=4 addr=0x07dc val=0x4 (CP_ME_RAM_DATAH)
[012829] MMIO_WR size=4 addr=0x07e0 val=0x220000 (CP_ME_RAM_DATAL)
[012830] MMIO_WR size=4 addr=0x07dc val=0x4 (CP_ME_RAM_DATAH)
[012831] MMIO_WR size=4 addr=0x07e0 val=0x700e8 (CP_ME_RAM_DATAL)
[012832] MMIO_WR size=4 addr=0x07dc val=0x38 (CP_ME_RAM_DATAH)
[012833] MMIO_WR size=4 addr=0x07e0 val=0xc5 (CP_ME_RAM_DATAL)
[012834] MMIO_WR size=4 addr=0x07dc val=0x30 (CP_ME_RAM_DATAH)
[012835] MMIO_WR size=4 addr=0x07e0 val=0xc209a (CP_ME_RAM_DATAL)
[012836] MMIO_WR size=4 addr=0x07dc val=0x5 (CP_ME_RAM_DATAH)
[012837] MMIO_WR size=4 addr=0x07e0 val=0x880e5bd (CP_ME_RAM_DATAL)
[012838] MMIO_WR size=4 addr=0x07dc val=0x30 (CP_ME_RAM_DATAH)
[012839] MMIO_WR size=4 addr=0x07e0 val=0xc2099 (CP_ME_RAM_DATAL)
[012840] MMIO_WR size=4 addr=0x07dc val=0x5 (CP_ME_RAM_DATAH)
[012841] MMIO_WR size=4 addr=0x07e0 val=0x800e5bb (CP_ME_RAM_DATAL)
[012842] MMIO_WR size=4 addr=0x07dc val=0x30 (CP_ME_RAM_DATAH)
[012843] MMIO_WR size=4 addr=0x07e0 val=0xc209a (CP_ME_RAM_DATAL)
[012844] MMIO_WR size=4 addr=0x07dc val=0x5 (CP_ME_RAM_DATAH)
[012845] MMIO_WR size=4 addr=0x07e0 val=0x880e5bc (CP_ME_RAM_DATAL)
[012846] MMIO_WR size=4 addr=0x07dc val=0x8 (CP_ME_RAM_DATAH)
[012847] MMIO_WR size=4 addr=0x07e0 val=0xc8 (CP_ME_RAM_DATAL)
[012848] MMIO_WR size=4 addr=0x07dc val=0x5 (CP_ME_RAM_DATAH)
[012849] MMIO_WR size=4 addr=0x07e0 val=0x80e5bd (CP_ME_RAM_DATAL)
[012850] MMIO_WR size=4 addr=0x07dc val=0x5 (CP_ME_RAM_DATAH)
[012851] MMIO_WR size=4 addr=0x07e0 val=0xe5bb (CP_ME_RAM_DATAL)
[012852] MMIO_WR size=4 addr=0x07dc val=0x5 (CP_ME_RAM_DATAH)
[012853] MMIO_WR size=4 addr=0x07e0 val=0x80e5bc (CP_ME_RAM_DATAL)
[012854] MMIO_WR size=4 addr=0x07dc val=0x4 (CP_ME_RAM_DATAH)
[012855] MMIO_WR size=4 addr=0x07e0 val=0x210000 (CP_ME_RAM_DATAL)
[012856] MMIO_WR size=4 addr=0x07dc val=0x4 (CP_ME_RAM_DATAH)
[012857] MMIO_WR size=4 addr=0x07e0 val=0x2800000 (CP_ME_RAM_DATAL)
[012858] MMIO_WR size=4 addr=0x07dc val=0x18 (CP_ME_RAM_DATAH)
[012859] MMIO_WR size=4 addr=0x07e0 val=0xc000cc (CP_ME_RAM_DATAL)
[012860] MMIO_WR size=4 addr=0x07dc val=0x40 (CP_ME_RAM_DATAH)
[012861] MMIO_WR size=4 addr=0x07e0 val=0x4180e000 (CP_ME_RAM_DATAL)
[012862] MMIO_WR size=4 addr=0x07dc val=0x24 (CP_ME_RAM_DATAH)
[012863] MMIO_WR size=4 addr=0x07e0 val=0xce (CP_ME_RAM_DATAL)
[012864] MMIO_WR size=4 addr=0x07dc val=0xc (CP_ME_RAM_DATAH)
[012865] MMIO_WR size=4 addr=0x07e0 val=0x1000000 (CP_ME_RAM_DATAL)
[012866] MMIO_WR size=4 addr=0x07dc val=0xc (CP_ME_RAM_DATAH)
[012867] MMIO_WR size=4 addr=0x07e0 val=0x100e51d (CP_ME_RAM_DATAL)
[012868] MMIO_WR size=4 addr=0x07dc val=0x4 (CP_ME_RAM_DATAH)
[012869] MMIO_WR size=4 addr=0x07e0 val=0x45bb (CP_ME_RAM_DATAL)
[012870] MMIO_WR size=4 addr=0x07dc val=0x8 (CP_ME_RAM_DATAH)
[012871] MMIO_WR size=4 addr=0x07e0 val=0x80c8 (CP_ME_RAM_DATAL)
[012872] MMIO_WR size=4 addr=0x07dc val=0x4 (CP_ME_RAM_DATAH)
[012873] MMIO_WR size=4 addr=0x07e0 val=0xf3ce (CP_ME_RAM_DATAL)
[012874] MMIO_WR size=4 addr=0x07dc val=0x4 (CP_ME_RAM_DATAH)
[012875] MMIO_WR size=4 addr=0x07e0 val=0x140a000 (CP_ME_RAM_DATAL)
[012876] MMIO_WR size=4 addr=0x07dc val=0x4 (CP_ME_RAM_DATAH)
[012877] MMIO_WR size=4 addr=0x07e0 val=0xcc2000 (CP_ME_RAM_DATAL)
[012878] MMIO_WR size=4 addr=0x07dc val=0x40 (CP_ME_RAM_DATAH)
[012879] MMIO_WR size=4 addr=0x07e0 val=0x8c053cf (CP_ME_RAM_DATAL)
[012880] MMIO_WR size=4 addr=0x07dc val=0x0 (CP_ME_RAM_DATAH)
[012881] MMIO_WR size=4 addr=0x07e0 val=0x8000 (CP_ME_RAM_DATAL)
[012882] MMIO_WR size=4 addr=0x07dc val=0x4 (CP_ME_RAM_DATAH)
[012883] MMIO_WR size=4 addr=0x07e0 val=0xf3d2 (CP_ME_RAM_DATAL)
[012884] MMIO_WR size=4 addr=0x07dc val=0x4 (CP_ME_RAM_DATAH)
[012885] MMIO_WR size=4 addr=0x07e0 val=0x140a000 (CP_ME_RAM_DATAL)
[012886] MMIO_WR size=4 addr=0x07dc val=0x4 (CP_ME_RAM_DATAH)
[012887] MMIO_WR size=4 addr=0x07e0 val=0xcc2000 (CP_ME_RAM_DATAL)
[012888] MMIO_WR size=4 addr=0x07dc val=0x40 (CP_ME_RAM_DATAH)
[012889] MMIO_WR size=4 addr=0x07e0 val=0x8c053d3 (CP_ME_RAM_DATAL)
[012890] MMIO_WR size=4 addr=0x07dc val=0x0 (CP_ME_RAM_DATAH)
[012891] MMIO_WR size=4 addr=0x07e0 val=0x8000 (CP_ME_RAM_DATAL)
[012892] MMIO_WR size=4 addr=0x07dc val=0x4 (CP_ME_RAM_DATAH)
[012893] MMIO_WR size=4 addr=0x07e0 val=0xf39d (CP_ME_RAM_DATAL)
[012894] MMIO_WR size=4 addr=0x07dc val=0x4 (CP_ME_RAM_DATAH)
[012895] MMIO_WR size=4 addr=0x07e0 val=0x140a000 (CP_ME_RAM_DATAL)
[012896] MMIO_WR size=4 addr=0x07dc val=0x4 (CP_ME_RAM_DATAH)
[012897] MMIO_WR size=4 addr=0x07e0 val=0xcc2000 (CP_ME_RAM_DATAL)
[012898] MMIO_WR size=4 addr=0x07dc val=0x40 (CP_ME_RAM_DATAH)
[012899] MMIO_WR size=4 addr=0x07e0 val=0x8c0539e (CP_ME_RAM_DATAL)
[012900] MMIO_WR size=4 addr=0x07dc val=0x0 (CP_ME_RAM_DATAH)
[012901] MMIO_WR size=4 addr=0x07e0 val=0x8000 (CP_ME_RAM_DATAL)
[012902] MMIO_WR size=4 addr=0x07dc val=0x4 (CP_ME_RAM_DATAH)
[012903] MMIO_WR size=4 addr=0x07e0 val=0x3c00830 (CP_ME_RAM_DATAL)
[012904] MMIO_WR size=4 addr=0x07dc val=0x0 (CP_ME_RAM_DATAH)
[012905] MMIO_WR size=4 addr=0x07e0 val=0x4200e000 (CP_ME_RAM_DATAL)
[012906] MMIO_WR size=4 addr=0x07dc val=0x4 (CP_ME_RAM_DATAH)
[012907] MMIO_WR size=4 addr=0x07e0 val=0xa000 (CP_ME_RAM_DATAL)
[012908] MMIO_WR size=4 addr=0x07dc val=0x4 (CP_ME_RAM_DATAH)
[012909] MMIO_WR size=4 addr=0x07e0 val=0x200045e0 (CP_ME_RAM_DATAL)
[012910] MMIO_WR size=4 addr=0x07dc val=0x0 (CP_ME_RAM_DATAH)
[012911] MMIO_WR size=4 addr=0x07e0 val=0xe5e1 (CP_ME_RAM_DATAL)
[012912] MMIO_WR size=4 addr=0x07dc val=0x0 (CP_ME_RAM_DATAH)
[012913] MMIO_WR size=4 addr=0x07e0 val=0x1 (CP_ME_RAM_DATAL)
[012914] MMIO_WR size=4 addr=0x07dc val=0x4 (CP_ME_RAM_DATAH)
[012915] MMIO_WR size=4 addr=0x07e0 val=0x700e5 (CP_ME_RAM_DATAL)
[012916] MMIO_WR size=4 addr=0x07dc val=0x0 (CP_ME_RAM_DATAH)
[012917] MMIO_WR size=4 addr=0x07e0 val=0x800e394 (CP_ME_RAM_DATAL)
[012918] MMIO_WR size=4 addr=0x07dc val=0x0 (CP_ME_RAM_DATAH)
[012919] MMIO_WR size=4 addr=0x07e0 val=0x0 (CP_ME_RAM_DATAL)
[012920] MMIO_WR size=4 addr=0x07dc val=0x4 (CP_ME_RAM_DATAH)
[012921] MMIO_WR size=4 addr=0x07e0 val=0xe8c4 (CP_ME_RAM_DATAL)
[012922] MMIO_WR size=4 addr=0x07dc val=0x4 (CP_ME_RAM_DATAH)
[012923] MMIO_WR size=4 addr=0x07e0 val=0xe8c5 (CP_ME_RAM_DATAL)
[012924] MMIO_WR size=4 addr=0x07dc val=0x4 (CP_ME_RAM_DATAH)
[012925] MMIO_WR size=4 addr=0x07e0 val=0xe8c6 (CP_ME_RAM_DATAL)
[012926] MMIO_WR size=4 addr=0x07dc val=0x4 (CP_ME_RAM_DATAH)
[012927] MMIO_WR size=4 addr=0x07e0 val=0xe928 (CP_ME_RAM_DATAL)
[012928] MMIO_WR size=4 addr=0x07dc val=0x4 (CP_ME_RAM_DATAH)
[012929] MMIO_WR size=4 addr=0x07e0 val=0xe929 (CP_ME_RAM_DATAL)
[012930] MMIO_WR size=4 addr=0x07dc val=0x4 (CP_ME_RAM_DATAH)
[012931] MMIO_WR size=4 addr=0x07e0 val=0xe92a (CP_ME_RAM_DATAL)
[012932] MMIO_WR size=4 addr=0x07dc val=0x8 (CP_ME_RAM_DATAH)
[012933] MMIO_WR size=4 addr=0x07e0 val=0xe9 (CP_ME_RAM_DATAL)
[012934] MMIO_WR size=4 addr=0x07dc val=0x4 (CP_ME_RAM_DATAH)
[012935] MMIO_WR size=4 addr=0x07e0 val=0xe928 (CP_ME_RAM_DATAL)
[012936] MMIO_WR size=4 addr=0x07dc val=0x4 (CP_ME_RAM_DATAH)
[012937] MMIO_WR size=4 addr=0x07e0 val=0xe929 (CP_ME_RAM_DATAL)
[012938] MMIO_WR size=4 addr=0x07dc val=0x4 (CP_ME_RAM_DATAH)
[012939] MMIO_WR size=4 addr=0x07e0 val=0xe92a (CP_ME_RAM_DATAL)
[012940] MMIO_WR size=4 addr=0x07dc val=0x8 (CP_ME_RAM_DATAH)
[012941] MMIO_WR size=4 addr=0x07e0 val=0xf0 (CP_ME_RAM_DATAL)
[012942] MMIO_WR size=4 addr=0x07dc val=0x0 (CP_ME_RAM_DATAH)
[012943] MMIO_WR size=4 addr=0x07e0 val=0x0 (CP_ME_RAM_DATAL)
[012944] MMIO_WR size=4 addr=0x07dc val=0x0 (CP_ME_RAM_DATAH)
[012945] MMIO_WR size=4 addr=0x07e0 val=0x0 (CP_ME_RAM_DATAL)
[012946] MMIO_WR size=4 addr=0x07dc val=0x0 (CP_ME_RAM_DATAH)
[012947] MMIO_WR size=4 addr=0x07e0 val=0x0 (CP_ME_RAM_DATAL)
[012948] MMIO_WR size=4 addr=0x07dc val=0x0 (CP_ME_RAM_DATAH)
[012949] MMIO_WR size=4 addr=0x07e0 val=0x0 (CP_ME_RAM_DATAL)
[012950] MMIO_WR size=4 addr=0x07dc val=0x0 (CP_ME_RAM_DATAH)
[012951] MMIO_WR size=4 addr=0x07e0 val=0x0 (CP_ME_RAM_DATAL)
[012952] MMIO_WR size=4 addr=0x07dc val=0x0 (CP_ME_RAM_DATAH)
[012953] MMIO_WR size=4 addr=0x07e0 val=0x0 (CP_ME_RAM_DATAL)
[012954] MMIO_WR size=4 addr=0x07dc val=0x0 (CP_ME_RAM_DATAH)
[012955] MMIO_WR size=4 addr=0x07e0 val=0x0 (CP_ME_RAM_DATAL)
[012956] MMIO_WR size=4 addr=0x07dc val=0x0 (CP_ME_RAM_DATAH)
[012957] MMIO_WR size=4 addr=0x07e0 val=0x0 (CP_ME_RAM_DATAL)
[012958] MMIO_WR size=4 addr=0x07dc val=0x0 (CP_ME_RAM_DATAH)
[012959] MMIO_WR size=4 addr=0x07e0 val=0x0 (CP_ME_RAM_DATAL)
[012960] MMIO_WR size=4 addr=0x07dc val=0x0 (CP_ME_RAM_DATAH)
[012961] MMIO_WR size=4 addr=0x07e0 val=0x0 (CP_ME_RAM_DATAL)
[012962] MMIO_WR size=4 addr=0x07dc val=0x0 (CP_ME_RAM_DATAH)
[012963] MMIO_WR size=4 addr=0x07e0 val=0x0 (CP_ME_RAM_DATAL)
[012964] MMIO_WR size=4 addr=0x07dc val=0x0 (CP_ME_RAM_DATAH)
[012965] MMIO_WR size=4 addr=0x07e0 val=0x0 (CP_ME_RAM_DATAL)
[012966] MMIO_WR size=4 addr=0x0718 val=0x23 (UNKNOWN)
[012967] MMIO_RD size=4 addr=0x0710 (CP_RB_RPTR)
[012968] MMIO_WR size=4 addr=0x0714 val=0x0 (CP_RB_WPTR)
[012969] CP_RING WPTR <- 0 (prev=0, delta=0)
[012970] MMIO_WR size=4 addr=0x070c val=0x7c00000 (UNKNOWN)
[012971] MMIO_WR size=4 addr=0x0740 val=0x40000000 (CP_CSQ_CNTL)
[012972] CP_SETUP CSQ_CNTL=0x40000000 (mode=4)
[012973] MMIO_RD size=4 addr=0x0e40 (RBBM_STATUS)
[012974] STATUS_RD RBBM_STATUS -> 0x00000040 (idle, 64 free)
[012975] MMIO_WR size=4 addr=0x0704 val=0x2000a (CP_RB_CNTL)
[012976] CP_SETUP RB_CNTL=0x0002000a (log2size=10)
[012977] MMIO_RD size=4 addr=0x00f8 (CONFIG_MEMSIZE)
[012978] MMIO_RD size=4 addr=0x0224 (CRTC_OFFSET)
[012979] MMIO_RD size=4 addr=0x16c4 (DP_DATATYPE)
[012980] MMIO_RD size=4 addr=0x0050 (CRTC_GEN_CNTL)
[012981] MMIO_WR size=4 addr=0x15d4 val=0x2 (UNKNOWN)
[012982] MMIO_WR size=4 addr=0x15d0 val=0x2 (UNKNOWN)
[012983] MMIO_WR size=4 addr=0x16c4 val=0x6 (DP_DATATYPE)
[012984] MMIO_RD size=4 addr=0x0228 (CRTC_OFFSET_CNTL)
[012985] MMIO_WR size=4 addr=0x0b00 val=0x200001 (SURFACE_CNTL)
[012986] MMIO_WR size=4 addr=0x16e0 val=0x50000000 (UNKNOWN)
[012987] MMIO_RD size=4 addr=0x0228 (CRTC_OFFSET_CNTL)
[012988] MMIO_RD size=4 addr=0x0328 (UNKNOWN)
[012989] MMIO_WR size=4 addr=0x15e0 val=0x0 (SCRATCH_REG0)
[012990] SCRATCH_WB reg0=0x0 -> VRAM[0x7c24000]
[012991] MMIO_WR size=4 addr=0x15e4 val=0x1 (SCRATCH_REG1)
[012992] SCRATCH_WB reg1=0x1 -> VRAM[0x7c24004]
[012993] MMIO_WR size=4 addr=0x16e8 val=0x1fff1fff (UNKNOWN)
[012994] MMIO_WR size=4 addr=0x16cc val=0xffffffff (UNKNOWN)
[012995] MMIO_WR size=4 addr=0x2284 val=0x0 (UNKNOWN)
[012996] MMIO_WR size=4 addr=0x2080 val=0x240455 (UNKNOWN)
[012997] MMIO_WR size=4 addr=0x43b0 val=0x0 (UNKNOWN)
[012998] MMIO_WR size=4 addr=0x43b4 val=0x3ffffff (UNKNOWN)
[012999] MMIO_WR size=4 addr=0x43b8 val=0x0 (UNKNOWN)
[013000] MMIO_WR size=4 addr=0x43bc val=0x3ffffff (UNKNOWN)
[013001] MMIO_WR size=4 addr=0x43c0 val=0x0 (UNKNOWN)
[013002] MMIO_WR size=4 addr=0x43c4 val=0x3ffffff (UNKNOWN)
[013003] MMIO_WR size=4 addr=0x43c8 val=0x0 (UNKNOWN)
[013004] MMIO_WR size=4 addr=0x43cc val=0x3ffffff (UNKNOWN)
[013005] MMIO_WR size=4 addr=0x43d0 val=0xffff (UNKNOWN)
[013006] MMIO_WR size=4 addr=0x0714 val=0x8 (CP_RB_WPTR)
[013007] CP_RING WPTR <- 8 (prev=0, delta=8)
[013008] AGP_XLAT gpu=0x10020000 offset=0x20000 page=32 pte_addr=0x32cd080 pte_raw=0xa34001 pte_val=0xa34001 gart_base=0x32cd000 phys=0xa34000
[013009] AGP_XLAT gpu=0x10020004 offset=0x20004 page=32 pte_addr=0x32cd080 pte_raw=0xa34001 pte_val=0xa34001 gart_base=0x32cd000 phys=0xa34004
[013010] AGP_XLAT gpu=0x10020008 offset=0x20008 page=32 pte_addr=0x32cd080 pte_raw=0xa34001 pte_val=0xa34001 gart_base=0x32cd000 phys=0xa34008
[013011] AGP_XLAT gpu=0x1002000c offset=0x2000c page=32 pte_addr=0x32cd080 pte_raw=0xa34001 pte_val=0xa34001 gart_base=0x32cd000 phys=0xa3400c
[013012] AGP_XLAT gpu=0x10020010 offset=0x20010 page=32 pte_addr=0x32cd080 pte_raw=0xa34001 pte_val=0xa34001 gart_base=0x32cd000 phys=0xa34010
[013013] AGP_XLAT gpu=0x10020014 offset=0x20014 page=32 pte_addr=0x32cd080 pte_raw=0xa34001 pte_val=0xa34001 gart_base=0x32cd000 phys=0xa34014
[013014] AGP_XLAT gpu=0x10020018 offset=0x20018 page=32 pte_addr=0x32cd080 pte_raw=0xa34001 pte_val=0xa34001 gart_base=0x32cd000 phys=0xa34018
[013015] AGP_XLAT gpu=0x1002001c offset=0x2001c page=32 pte_addr=0x32cd080 pte_raw=0xa34001 pte_val=0xa34001 gart_base=0x32cd000 phys=0xa3401c
[013016] RING: processing 8 dwords (rptr=0 wptr=8 rb_bufsz=10)
[013017] PM4_EXEC type0 reg=0x0738 val=0x10000020
[013018] MMIO_WR size=4 addr=0x0738 val=0x10000020 (CP_IB_BASE)
[013019] CP_IB BASE <- 0x10000020
[013020] PM4_EXEC type0 reg=0x073c val=0x8
[013021] MMIO_WR size=4 addr=0x073c val=0x8 (CP_IB_BUFSZ)
[013022] CP_IB BUFSZ <- 8 dwords (KICK! base=0x10000020)
[013023] IB_EXEC base=0x10000020 size=8 dwords
[013024] AGP_XLAT gpu=0x10000020 offset=0x20 page=0 pte_addr=0x32cd000 pte_raw=0xc3f1001 pte_val=0xc3f1001 gart_base=0x32cd000 phys=0xc3f1020
[013025] AGP_XLAT gpu=0x10000024 offset=0x24 page=0 pte_addr=0x32cd000 pte_raw=0xc3f1001 pte_val=0xc3f1001 gart_base=0x32cd000 phys=0xc3f1024
[013026] AGP_XLAT gpu=0x10000028 offset=0x28 page=0 pte_addr=0x32cd000 pte_raw=0xc3f1001 pte_val=0xc3f1001 gart_base=0x32cd000 phys=0xc3f1028
[013027] AGP_XLAT gpu=0x1000002c offset=0x2c page=0 pte_addr=0x32cd000 pte_raw=0xc3f1001 pte_val=0xc3f1001 gart_base=0x32cd000 phys=0xc3f102c
[013028] AGP_XLAT gpu=0x10000030 offset=0x30 page=0 pte_addr=0x32cd000 pte_raw=0xc3f1001 pte_val=0xc3f1001 gart_base=0x32cd000 phys=0xc3f1030
[013029] AGP_XLAT gpu=0x10000034 offset=0x34 page=0 pte_addr=0x32cd000 pte_raw=0xc3f1001 pte_val=0xc3f1001 gart_base=0x32cd000 phys=0xc3f1034
[013030] AGP_XLAT gpu=0x10000038 offset=0x38 page=0 pte_addr=0x32cd000 pte_raw=0xc3f1001 pte_val=0xc3f1001 gart_base=0x32cd000 phys=0xc3f1038
[013031] AGP_XLAT gpu=0x1000003c offset=0x3c page=0 pte_addr=0x32cd000 pte_raw=0xc3f1001 pte_val=0xc3f1001 gart_base=0x32cd000 phys=0xc3f103c
[013032] PM4_EXEC type0 reg=0x0738 val=0x10002020
[013033] MMIO_WR size=4 addr=0x0738 val=0x10002020 (CP_IB_BASE)
[013034] CP_IB BASE <- 0x10002020
[013035] PM4_EXEC type0 reg=0x073c val=0x8
[013036] MMIO_WR size=4 addr=0x073c val=0x8 (CP_IB_BUFSZ)
[013037] CP_IB BUFSZ <- 8 dwords (KICK! base=0x10002020)
[013038] IB_EXEC base=0x10002020 size=8 dwords
[013039] AGP_XLAT gpu=0x10002020 offset=0x2020 page=2 pte_addr=0x32cd008 pte_raw=0xc3f1001 pte_val=0xc3f1001 gart_base=0x32cd000 phys=0xc3f1020
[013040] AGP_XLAT gpu=0x10002024 offset=0x2024 page=2 pte_addr=0x32cd008 pte_raw=0xc3f1001 pte_val=0xc3f1001 gart_base=0x32cd000 phys=0xc3f1024
[013041] AGP_XLAT gpu=0x10002028 offset=0x2028 page=2 pte_addr=0x32cd008 pte_raw=0xc3f1001 pte_val=0xc3f1001 gart_base=0x32cd000 phys=0xc3f1028
[013042] AGP_XLAT gpu=0x1000202c offset=0x202c page=2 pte_addr=0x32cd008 pte_raw=0xc3f1001 pte_val=0xc3f1001 gart_base=0x32cd000 phys=0xc3f102c
[013043] AGP_XLAT gpu=0x10002030 offset=0x2030 page=2 pte_addr=0x32cd008 pte_raw=0xc3f1001 pte_val=0xc3f1001 gart_base=0x32cd000 phys=0xc3f1030
[013044] AGP_XLAT gpu=0x10002034 offset=0x2034 page=2 pte_addr=0x32cd008 pte_raw=0xc3f1001 pte_val=0xc3f1001 gart_base=0x32cd000 phys=0xc3f1034
[013045] AGP_XLAT gpu=0x10002038 offset=0x2038 page=2 pte_addr=0x32cd008 pte_raw=0xc3f1001 pte_val=0xc3f1001 gart_base=0x32cd000 phys=0xc3f1038
[013046] AGP_XLAT gpu=0x1000203c offset=0x203c page=2 pte_addr=0x32cd008 pte_raw=0xc3f1001 pte_val=0xc3f1001 gart_base=0x32cd000 phys=0xc3f103c
[013047] MMIO_WR size=4 addr=0x0714 val=0x10 (CP_RB_WPTR)
[013048] CP_RING WPTR <- 16 (prev=8, delta=8)
[013049] AGP_XLAT gpu=0x10020020 offset=0x20020 page=32 pte_addr=0x32cd080 pte_raw=0xa34001 pte_val=0xa34001 gart_base=0x32cd000 phys=0xa34020
[013050] AGP_XLAT gpu=0x10020024 offset=0x20024 page=32 pte_addr=0x32cd080 pte_raw=0xa34001 pte_val=0xa34001 gart_base=0x32cd000 phys=0xa34024
[013051] AGP_XLAT gpu=0x10020028 offset=0x20028 page=32 pte_addr=0x32cd080 pte_raw=0xa34001 pte_val=0xa34001 gart_base=0x32cd000 phys=0xa34028
[013052] AGP_XLAT gpu=0x1002002c offset=0x2002c page=32 pte_addr=0x32cd080 pte_raw=0xa34001 pte_val=0xa34001 gart_base=0x32cd000 phys=0xa3402c
[013053] AGP_XLAT gpu=0x10020030 offset=0x20030 page=32 pte_addr=0x32cd080 pte_raw=0xa34001 pte_val=0xa34001 gart_base=0x32cd000 phys=0xa34030
[013054] AGP_XLAT gpu=0x10020034 offset=0x20034 page=32 pte_addr=0x32cd080 pte_raw=0xa34001 pte_val=0xa34001 gart_base=0x32cd000 phys=0xa34034
[013055] AGP_XLAT gpu=0x10020038 offset=0x20038 page=32 pte_addr=0x32cd080 pte_raw=0xa34001 pte_val=0xa34001 gart_base=0x32cd000 phys=0xa34038
[013056] AGP_XLAT gpu=0x1002003c offset=0x2003c page=32 pte_addr=0x32cd080 pte_raw=0xa34001 pte_val=0xa34001 gart_base=0x32cd000 phys=0xa3403c
[013057] RING: processing 8 dwords (rptr=8 wptr=16 rb_bufsz=10)
[013058] PM4_EXEC type0 reg=0x0738 val=0x10004020
[013059] MMIO_WR size=4 addr=0x0738 val=0x10004020 (CP_IB_BASE)
[013060] CP_IB BASE <- 0x10004020
[013061] PM4_EXEC type0 reg=0x073c val=0x8
[013062] MMIO_WR size=4 addr=0x073c val=0x8 (CP_IB_BUFSZ)
[013063] CP_IB BUFSZ <- 8 dwords (KICK! base=0x10004020)
[013064] IB_EXEC base=0x10004020 size=8 dwords
[013065] AGP_XLAT gpu=0x10004020 offset=0x4020 page=4 pte_addr=0x32cd010 pte_raw=0xc3f1001 pte_val=0xc3f1001 gart_base=0x32cd000 phys=0xc3f1020
[013066] AGP_XLAT gpu=0x10004024 offset=0x4024 page=4 pte_addr=0x32cd010 pte_raw=0xc3f1001 pte_val=0xc3f1001 gart_base=0x32cd000 phys=0xc3f1024
[013067] AGP_XLAT gpu=0x10004028 offset=0x4028 page=4 pte_addr=0x32cd010 pte_raw=0xc3f1001 pte_val=0xc3f1001 gart_base=0x32cd000 phys=0xc3f1028
[013068] AGP_XLAT gpu=0x1000402c offset=0x402c page=4 pte_addr=0x32cd010 pte_raw=0xc3f1001 pte_val=0xc3f1001 gart_base=0x32cd000 phys=0xc3f102c
[013069] AGP_XLAT gpu=0x10004030 offset=0x4030 page=4 pte_addr=0x32cd010 pte_raw=0xc3f1001 pte_val=0xc3f1001 gart_base=0x32cd000 phys=0xc3f1030
[013070] AGP_XLAT gpu=0x10004034 offset=0x4034 page=4 pte_addr=0x32cd010 pte_raw=0xc3f1001 pte_val=0xc3f1001 gart_base=0x32cd000 phys=0xc3f1034
[013071] AGP_XLAT gpu=0x10004038 offset=0x4038 page=4 pte_addr=0x32cd010 pte_raw=0xc3f1001 pte_val=0xc3f1001 gart_base=0x32cd000 phys=0xc3f1038
[013072] AGP_XLAT gpu=0x1000403c offset=0x403c page=4 pte_addr=0x32cd010 pte_raw=0xc3f1001 pte_val=0xc3f1001 gart_base=0x32cd000 phys=0xc3f103c
[013073] PM4_EXEC type0 reg=0x0738 val=0x10006020
[013074] MMIO_WR size=4 addr=0x0738 val=0x10006020 (CP_IB_BASE)
[013075] CP_IB BASE <- 0x10006020
[013076] PM4_EXEC type0 reg=0x073c val=0x8
[013077] MMIO_WR size=4 addr=0x073c val=0x8 (CP_IB_BUFSZ)
[013078] CP_IB BUFSZ <- 8 dwords (KICK! base=0x10006020)
[013079] IB_EXEC base=0x10006020 size=8 dwords
[013080] AGP_XLAT gpu=0x10006020 offset=0x6020 page=6 pte_addr=0x32cd018 pte_raw=0xc3f1001 pte_val=0xc3f1001 gart_base=0x32cd000 phys=0xc3f1020
[013081] AGP_XLAT gpu=0x10006024 offset=0x6024 page=6 pte_addr=0x32cd018 pte_raw=0xc3f1001 pte_val=0xc3f1001 gart_base=0x32cd000 phys=0xc3f1024
[013082] AGP_XLAT gpu=0x10006028 offset=0x6028 page=6 pte_addr=0x32cd018 pte_raw=0xc3f1001 pte_val=0xc3f1001 gart_base=0x32cd000 phys=0xc3f1028
[013083] AGP_XLAT gpu=0x1000602c offset=0x602c page=6 pte_addr=0x32cd018 pte_raw=0xc3f1001 pte_val=0xc3f1001 gart_base=0x32cd000 phys=0xc3f102c
[013084] AGP_XLAT gpu=0x10006030 offset=0x6030 page=6 pte_addr=0x32cd018 pte_raw=0xc3f1001 pte_val=0xc3f1001 gart_base=0x32cd000 phys=0xc3f1030
[013085] AGP_XLAT gpu=0x10006034 offset=0x6034 page=6 pte_addr=0x32cd018 pte_raw=0xc3f1001 pte_val=0xc3f1001 gart_base=0x32cd000 phys=0xc3f1034
[013086] AGP_XLAT gpu=0x10006038 offset=0x6038 page=6 pte_addr=0x32cd018 pte_raw=0xc3f1001 pte_val=0xc3f1001 gart_base=0x32cd000 phys=0xc3f1038
[013087] AGP_XLAT gpu=0x1000603c offset=0x603c page=6 pte_addr=0x32cd018 pte_raw=0xc3f1001 pte_val=0xc3f1001 gart_base=0x32cd000 phys=0xc3f103c
[013088] MMIO_WR size=4 addr=0x0714 val=0x18 (CP_RB_WPTR)
[013089] CP_RING WPTR <- 24 (prev=16, delta=8)
[013090] AGP_XLAT gpu=0x10020040 offset=0x20040 page=32 pte_addr=0x32cd080 pte_raw=0xa34001 pte_val=0xa34001 gart_base=0x32cd000 phys=0xa34040
[013091] AGP_XLAT gpu=0x10020044 offset=0x20044 page=32 pte_addr=0x32cd080 pte_raw=0xa34001 pte_val=0xa34001 gart_base=0x32cd000 phys=0xa34044
[013092] RING: processing 8 dwords (rptr=16 wptr=24 rb_bufsz=10)
[013093] PM4_EXEC type0 reg=0x0738 val=0x10008020
[013094] MMIO_WR size=4 addr=0x0738 val=0x10008020 (CP_IB_BASE)
[013095] CP_IB BASE <- 0x10008020
[013096] PM4_EXEC type0 reg=0x073c val=0x8
[013097] MMIO_WR size=4 addr=0x073c val=0x8 (CP_IB_BUFSZ)
[013098] CP_IB BUFSZ <- 8 dwords (KICK! base=0x10008020)
[013099] IB_EXEC base=0x10008020 size=8 dwords
[013100] PM4_EXEC type0 reg=0x0738 val=0x1000a020
[013101] MMIO_WR size=4 addr=0x0738 val=0x1000a020 (CP_IB_BASE)
[013102] CP_IB BASE <- 0x1000a020
[013103] PM4_EXEC type0 reg=0x073c val=0x8
[013104] MMIO_WR size=4 addr=0x073c val=0x8 (CP_IB_BUFSZ)
[013105] CP_IB BUFSZ <- 8 dwords (KICK! base=0x1000a020)
[013106] IB_EXEC base=0x1000a020 size=8 dwords
[013107] MMIO_WR size=4 addr=0x0714 val=0x20 (CP_RB_WPTR)
[013108] CP_RING WPTR <- 32 (prev=24, delta=8)
[013109] RING: processing 8 dwords (rptr=24 wptr=32 rb_bufsz=10)
[013110] PM4_EXEC type0 reg=0x0738 val=0x1000c020
[013111] MMIO_WR size=4 addr=0x0738 val=0x1000c020 (CP_IB_BASE)
[013112] CP_IB BASE <- 0x1000c020
[013113] PM4_EXEC type0 reg=0x073c val=0x8
[013114] MMIO_WR size=4 addr=0x073c val=0x8 (CP_IB_BUFSZ)
[013115] CP_IB BUFSZ <- 8 dwords (KICK! base=0x1000c020)
[013116] IB_EXEC base=0x1000c020 size=8 dwords
[013117] PM4_EXEC type0 reg=0x0738 val=0x1000e020
[013118] MMIO_WR size=4 addr=0x0738 val=0x1000e020 (CP_IB_BASE)
[013119] CP_IB BASE <- 0x1000e020
[013120] PM4_EXEC type0 reg=0x073c val=0x8
[013121] MMIO_WR size=4 addr=0x073c val=0x8 (CP_IB_BUFSZ)
[013122] CP_IB BUFSZ <- 8 dwords (KICK! base=0x1000e020)
[013123] IB_EXEC base=0x1000e020 size=8 dwords
[013124] MMIO_WR size=4 addr=0x0714 val=0x28 (CP_RB_WPTR)
[013125] CP_RING WPTR <- 40 (prev=32, delta=8)
[013126] RING: processing 8 dwords (rptr=32 wptr=40 rb_bufsz=10)
[013127] PM4_EXEC type0 reg=0x0738 val=0x10010020
[013128] MMIO_WR size=4 addr=0x0738 val=0x10010020 (CP_IB_BASE)
[013129] CP_IB BASE <- 0x10010020
[013130] PM4_EXEC type0 reg=0x073c val=0x8
[013131] MMIO_WR size=4 addr=0x073c val=0x8 (CP_IB_BUFSZ)
[013132] CP_IB BUFSZ <- 8 dwords (KICK! base=0x10010020)
[013133] IB_EXEC base=0x10010020 size=8 dwords
[013134] PM4_EXEC type0 reg=0x0738 val=0x10012020
[013135] MMIO_WR size=4 addr=0x0738 val=0x10012020 (CP_IB_BASE)
[013136] CP_IB BASE <- 0x10012020
[013137] PM4_EXEC type0 reg=0x073c val=0x8
[013138] MMIO_WR size=4 addr=0x073c val=0x8 (CP_IB_BUFSZ)
[013139] CP_IB BUFSZ <- 8 dwords (KICK! base=0x10012020)
[013140] IB_EXEC base=0x10012020 size=8 dwords
[013141] MMIO_WR size=4 addr=0x0714 val=0x30 (CP_RB_WPTR)
[013142] CP_RING WPTR <- 48 (prev=40, delta=8)
[013143] RING: processing 8 dwords (rptr=40 wptr=48 rb_bufsz=10)
[013144] PM4_EXEC type0 reg=0x0738 val=0x10014020
[013145] MMIO_WR size=4 addr=0x0738 val=0x10014020 (CP_IB_BASE)
[013146] CP_IB BASE <- 0x10014020
[013147] PM4_EXEC type0 reg=0x073c val=0x8
[013148] MMIO_WR size=4 addr=0x073c val=0x8 (CP_IB_BUFSZ)
[013149] CP_IB BUFSZ <- 8 dwords (KICK! base=0x10014020)
[013150] IB_EXEC base=0x10014020 size=8 dwords
[013151] PM4_EXEC type0 reg=0x0738 val=0x10016020
[013152] MMIO_WR size=4 addr=0x0738 val=0x10016020 (CP_IB_BASE)
[013153] CP_IB BASE <- 0x10016020
[013154] PM4_EXEC type0 reg=0x073c val=0x8
[013155] MMIO_WR size=4 addr=0x073c val=0x8 (CP_IB_BUFSZ)
[013156] CP_IB BUFSZ <- 8 dwords (KICK! base=0x10016020)
[013157] IB_EXEC base=0x10016020 size=8 dwords
[013158] MMIO_WR size=4 addr=0x0714 val=0x38 (CP_RB_WPTR)
[013159] CP_RING WPTR <- 56 (prev=48, delta=8)
[013160] RING: processing 8 dwords (rptr=48 wptr=56 rb_bufsz=10)
[013161] PM4_EXEC type0 reg=0x0738 val=0x10018020
[013162] MMIO_WR size=4 addr=0x0738 val=0x10018020 (CP_IB_BASE)
[013163] CP_IB BASE <- 0x10018020
[013164] PM4_EXEC type0 reg=0x073c val=0x8
[013165] MMIO_WR size=4 addr=0x073c val=0x8 (CP_IB_BUFSZ)
[013166] CP_IB BUFSZ <- 8 dwords (KICK! base=0x10018020)
[013167] IB_EXEC base=0x10018020 size=8 dwords
[013168] PM4_EXEC type0 reg=0x0738 val=0x1001a020
[013169] MMIO_WR size=4 addr=0x0738 val=0x1001a020 (CP_IB_BASE)
[013170] CP_IB BASE <- 0x1001a020
[013171] PM4_EXEC type0 reg=0x073c val=0x8
[013172] MMIO_WR size=4 addr=0x073c val=0x8 (CP_IB_BUFSZ)
[013173] CP_IB BUFSZ <- 8 dwords (KICK! base=0x1001a020)
[013174] IB_EXEC base=0x1001a020 size=8 dwords
[013175] MMIO_WR size=4 addr=0x0714 val=0x40 (CP_RB_WPTR)
[013176] CP_RING WPTR <- 64 (prev=56, delta=8)
[013177] RING: processing 8 dwords (rptr=56 wptr=64 rb_bufsz=10)
[013178] PM4_EXEC type0 reg=0x0738 val=0x1001c020
[013179] MMIO_WR size=4 addr=0x0738 val=0x1001c020 (CP_IB_BASE)
[013180] CP_IB BASE <- 0x1001c020
[013181] PM4_EXEC type0 reg=0x073c val=0x8
[013182] MMIO_WR size=4 addr=0x073c val=0x8 (CP_IB_BUFSZ)
[013183] CP_IB BUFSZ <- 8 dwords (KICK! base=0x1001c020)
[013184] IB_EXEC base=0x1001c020 size=8 dwords
[013185] PM4_EXEC type0 reg=0x0738 val=0x1001e020
[013186] MMIO_WR size=4 addr=0x0738 val=0x1001e020 (CP_IB_BASE)
[013187] CP_IB BASE <- 0x1001e020
[013188] PM4_EXEC type0 reg=0x073c val=0x8
[013189] MMIO_WR size=4 addr=0x073c val=0x8 (CP_IB_BUFSZ)
[013190] CP_IB BUFSZ <- 8 dwords (KICK! base=0x1001e020)
[013191] IB_EXEC base=0x1001e020 size=8 dwords
[013192] MMIO_WR size=4 addr=0x0714 val=0x48 (CP_RB_WPTR)
[013193] CP_RING WPTR <- 72 (prev=64, delta=8)
[013194] RING: processing 8 dwords (rptr=64 wptr=72 rb_bufsz=10)
[013195] PM4_EXEC type0 reg=0x0738 val=0x10000020
[013196] MMIO_WR size=4 addr=0x0738 val=0x10000020 (CP_IB_BASE)
[013197] CP_IB BASE <- 0x10000020
[013198] PM4_EXEC type0 reg=0x073c val=0x8
[013199] MMIO_WR size=4 addr=0x073c val=0x8 (CP_IB_BUFSZ)
[013200] CP_IB BUFSZ <- 8 dwords (KICK! base=0x10000020)
[013201] IB_EXEC base=0x10000020 size=8 dwords
[013202] PM4_EXEC type0 reg=0x0738 val=0x10002020
[013203] MMIO_WR size=4 addr=0x0738 val=0x10002020 (CP_IB_BASE)
[013204] CP_IB BASE <- 0x10002020
[013205] PM4_EXEC type0 reg=0x073c val=0x8
[013206] MMIO_WR size=4 addr=0x073c val=0x8 (CP_IB_BUFSZ)
[013207] CP_IB BUFSZ <- 8 dwords (KICK! base=0x10002020)
[013208] IB_EXEC base=0x10002020 size=8 dwords
[013209] MMIO_WR size=4 addr=0x0714 val=0x50 (CP_RB_WPTR)
[013210] CP_RING WPTR <- 80 (prev=72, delta=8)
[013211] RING: processing 8 dwords (rptr=72 wptr=80 rb_bufsz=10)
[013212] PM4_EXEC type0 reg=0x0738 val=0x10004020
[013213] MMIO_WR size=4 addr=0x0738 val=0x10004020 (CP_IB_BASE)
[013214] CP_IB BASE <- 0x10004020
[013215] PM4_EXEC type0 reg=0x073c val=0x8
[013216] MMIO_WR size=4 addr=0x073c val=0x8 (CP_IB_BUFSZ)
[013217] CP_IB BUFSZ <- 8 dwords (KICK! base=0x10004020)
[013218] IB_EXEC base=0x10004020 size=8 dwords
[013219] PM4_EXEC type0 reg=0x0738 val=0x10006020
[013220] MMIO_WR size=4 addr=0x0738 val=0x10006020 (CP_IB_BASE)
[013221] CP_IB BASE <- 0x10006020
[013222] PM4_EXEC type0 reg=0x073c val=0x8
[013223] MMIO_WR size=4 addr=0x073c val=0x8 (CP_IB_BUFSZ)
[013224] CP_IB BUFSZ <- 8 dwords (KICK! base=0x10006020)
[013225] IB_EXEC base=0x10006020 size=8 dwords
[013226] MMIO_WR size=4 addr=0x0714 val=0x58 (CP_RB_WPTR)
[013227] CP_RING WPTR <- 88 (prev=80, delta=8)
[013228] RING: processing 8 dwords (rptr=80 wptr=88 rb_bufsz=10)
[013229] PM4_EXEC type0 reg=0x0738 val=0x10008020
[013230] MMIO_WR size=4 addr=0x0738 val=0x10008020 (CP_IB_BASE)
[013231] CP_IB BASE <- 0x10008020
[013232] PM4_EXEC type0 reg=0x073c val=0x8
[013233] MMIO_WR size=4 addr=0x073c val=0x8 (CP_IB_BUFSZ)
[013234] CP_IB BUFSZ <- 8 dwords (KICK! base=0x10008020)
[013235] IB_EXEC base=0x10008020 size=8 dwords
[013236] PM4_EXEC type0 reg=0x0738 val=0x1000a020
[013237] MMIO_WR size=4 addr=0x0738 val=0x1000a020 (CP_IB_BASE)
[013238] CP_IB BASE <- 0x1000a020
[013239] PM4_EXEC type0 reg=0x073c val=0x8
[013240] MMIO_WR size=4 addr=0x073c val=0x8 (CP_IB_BUFSZ)
[013241] CP_IB BUFSZ <- 8 dwords (KICK! base=0x1000a020)
[013242] IB_EXEC base=0x1000a020 size=8 dwords
[013243] MMIO_WR size=4 addr=0x0714 val=0x60 (CP_RB_WPTR)
[013244] CP_RING WPTR <- 96 (prev=88, delta=8)
[013245] RING: processing 8 dwords (rptr=88 wptr=96 rb_bufsz=10)
[013246] PM4_EXEC type0 reg=0x0738 val=0x1000c020
[013247] MMIO_WR size=4 addr=0x0738 val=0x1000c020 (CP_IB_BASE)
[013248] CP_IB BASE <- 0x1000c020
[013249] PM4_EXEC type0 reg=0x073c val=0x8
[013250] MMIO_WR size=4 addr=0x073c val=0x8 (CP_IB_BUFSZ)
[013251] CP_IB BUFSZ <- 8 dwords (KICK! base=0x1000c020)
[013252] IB_EXEC base=0x1000c020 size=8 dwords
[013253] PM4_EXEC type0 reg=0x0738 val=0x1000e020
[013254] MMIO_WR size=4 addr=0x0738 val=0x1000e020 (CP_IB_BASE)
[013255] CP_IB BASE <- 0x1000e020
[013256] PM4_EXEC type0 reg=0x073c val=0x8
[013257] MMIO_WR size=4 addr=0x073c val=0x8 (CP_IB_BUFSZ)
[013258] CP_IB BUFSZ <- 8 dwords (KICK! base=0x1000e020)
[013259] IB_EXEC base=0x1000e020 size=8 dwords
[013260] MMIO_WR size=4 addr=0x0714 val=0x68 (CP_RB_WPTR)
[013261] CP_RING WPTR <- 104 (prev=96, delta=8)
[013262] RING: processing 8 dwords (rptr=96 wptr=104 rb_bufsz=10)
[013263] PM4_EXEC type0 reg=0x0738 val=0x10010020
[013264] MMIO_WR size=4 addr=0x0738 val=0x10010020 (CP_IB_BASE)
[013265] CP_IB BASE <- 0x10010020
[013266] PM4_EXEC type0 reg=0x073c val=0x8
[013267] MMIO_WR size=4 addr=0x073c val=0x8 (CP_IB_BUFSZ)
[013268] CP_IB BUFSZ <- 8 dwords (KICK! base=0x10010020)
[013269] IB_EXEC base=0x10010020 size=8 dwords
[013270] PM4_EXEC type0 reg=0x0738 val=0x10012020
[013271] MMIO_WR size=4 addr=0x0738 val=0x10012020 (CP_IB_BASE)
[013272] CP_IB BASE <- 0x10012020
[013273] PM4_EXEC type0 reg=0x073c val=0x8
[013274] MMIO_WR size=4 addr=0x073c val=0x8 (CP_IB_BUFSZ)
[013275] CP_IB BUFSZ <- 8 dwords (KICK! base=0x10012020)
[013276] IB_EXEC base=0x10012020 size=8 dwords
[013277] MMIO_WR size=4 addr=0x0714 val=0x70 (CP_RB_WPTR)
[013278] CP_RING WPTR <- 112 (prev=104, delta=8)
[013279] RING: processing 8 dwords (rptr=104 wptr=112 rb_bufsz=10)
[013280] PM4_EXEC type0 reg=0x0738 val=0x10014020
[013281] MMIO_WR size=4 addr=0x0738 val=0x10014020 (CP_IB_BASE)
[013282] CP_IB BASE <- 0x10014020
[013283] PM4_EXEC type0 reg=0x073c val=0x8
[013284] MMIO_WR size=4 addr=0x073c val=0x8 (CP_IB_BUFSZ)
[013285] CP_IB BUFSZ <- 8 dwords (KICK! base=0x10014020)
[013286] IB_EXEC base=0x10014020 size=8 dwords
[013287] PM4_EXEC type0 reg=0x0738 val=0x10016020
[013288] MMIO_WR size=4 addr=0x0738 val=0x10016020 (CP_IB_BASE)
[013289] CP_IB BASE <- 0x10016020
[013290] PM4_EXEC type0 reg=0x073c val=0x8
[013291] MMIO_WR size=4 addr=0x073c val=0x8 (CP_IB_BUFSZ)
[013292] CP_IB BUFSZ <- 8 dwords (KICK! base=0x10016020)
[013293] IB_EXEC base=0x10016020 size=8 dwords
[013294] MMIO_WR size=4 addr=0x0714 val=0x78 (CP_RB_WPTR)
[013295] CP_RING WPTR <- 120 (prev=112, delta=8)
[013296] RING: processing 8 dwords (rptr=112 wptr=120 rb_bufsz=10)
[013297] PM4_EXEC type0 reg=0x0738 val=0x10018020
[013298] MMIO_WR size=4 addr=0x0738 val=0x10018020 (CP_IB_BASE)
[013299] CP_IB BASE <- 0x10018020
[013300] PM4_EXEC type0 reg=0x073c val=0x8
[013301] MMIO_WR size=4 addr=0x073c val=0x8 (CP_IB_BUFSZ)
[013302] CP_IB BUFSZ <- 8 dwords (KICK! base=0x10018020)
[013303] IB_EXEC base=0x10018020 size=8 dwords
[013304] PM4_EXEC type0 reg=0x0738 val=0x1001a020
[013305] MMIO_WR size=4 addr=0x0738 val=0x1001a020 (CP_IB_BASE)
[013306] CP_IB BASE <- 0x1001a020
[013307] PM4_EXEC type0 reg=0x073c val=0x8
[013308] MMIO_WR size=4 addr=0x073c val=0x8 (CP_IB_BUFSZ)
[013309] CP_IB BUFSZ <- 8 dwords (KICK! base=0x1001a020)
[013310] IB_EXEC base=0x1001a020 size=8 dwords
[013311] MMIO_WR size=4 addr=0x0714 val=0x80 (CP_RB_WPTR)
[013312] CP_RING WPTR <- 128 (prev=120, delta=8)
[013313] RING: processing 8 dwords (rptr=120 wptr=128 rb_bufsz=10)
[013314] PM4_EXEC type0 reg=0x0738 val=0x1001c020
[013315] MMIO_WR size=4 addr=0x0738 val=0x1001c020 (CP_IB_BASE)
[013316] CP_IB BASE <- 0x1001c020
[013317] PM4_EXEC type0 reg=0x073c val=0x8
[013318] MMIO_WR size=4 addr=0x073c val=0x8 (CP_IB_BUFSZ)
[013319] CP_IB BUFSZ <- 8 dwords (KICK! base=0x1001c020)
[013320] IB_EXEC base=0x1001c020 size=8 dwords
[013321] PM4_EXEC type0 reg=0x0738 val=0x1001e020
[013322] MMIO_WR size=4 addr=0x0738 val=0x1001e020 (CP_IB_BASE)
[013323] CP_IB BASE <- 0x1001e020
[013324] PM4_EXEC type0 reg=0x073c val=0x8
[013325] MMIO_WR size=4 addr=0x073c val=0x8 (CP_IB_BUFSZ)
[013326] CP_IB BUFSZ <- 8 dwords (KICK! base=0x1001e020)
[013327] IB_EXEC base=0x1001e020 size=8 dwords
[013328] MMIO_WR size=4 addr=0x0714 val=0x88 (CP_RB_WPTR)
[013329] CP_RING WPTR <- 136 (prev=128, delta=8)
[013330] RING: processing 8 dwords (rptr=128 wptr=136 rb_bufsz=10)
[013331] PM4_EXEC type0 reg=0x0738 val=0x10028020
[013332] MMIO_WR size=4 addr=0x0738 val=0x10028020 (CP_IB_BASE)
[013333] CP_IB BASE <- 0x10028020
[013334] PM4_EXEC type0 reg=0x073c val=0x28
[013335] MMIO_WR size=4 addr=0x073c val=0x28 (CP_IB_BUFSZ)
[013336] CP_IB BUFSZ <- 40 dwords (KICK! base=0x10028020)
[013337] IB_EXEC base=0x10028020 size=40 dwords
[013338] PM4_EXEC type0 reg=0x4e4c val=0xa
[013339] MMIO_WR size=4 addr=0x4e4c val=0xa (UNKNOWN)
[013340] PM4_EXEC type0 reg=0x342c val=0x5
[013341] MMIO_WR size=4 addr=0x342c val=0x5 (UNKNOWN)
[013342] PM4_EXEC type0 reg=0x4f18 val=0x3
[013343] MMIO_WR size=4 addr=0x4f18 val=0x3 (UNKNOWN)
[013344] PM4_EXEC type0 reg=0x1720 val=0x70000
[013345] MMIO_WR size=4 addr=0x1720 val=0x70000 (WAIT_UNTIL)
[013346] PM4_EXEC type0 reg=0x4018 val=0x17
[013347] MMIO_WR size=4 addr=0x4018 val=0x17 (UNKNOWN)
[013348] PM4_EXEC type0 reg=0x4020 val=0x0
[013349] MMIO_WR size=4 addr=0x4020 val=0x0 (UNKNOWN)
[013350] PM4_EXEC type0 reg=0x4e00 val=0x0
[013351] MMIO_WR size=4 addr=0x4e00 val=0x0 (UNKNOWN)
[013352] PM4_EXEC type0 reg=0x4f1c val=0x0
[013353] MMIO_WR size=4 addr=0x4f1c val=0x0 (UNKNOWN)
[013354] PM4_EXEC type0 reg=0x43a4 val=0x0
[013355] MMIO_WR size=4 addr=0x43a4 val=0x0 (UNKNOWN)
[013356] PM4_EXEC type0 reg=0x16ec val=0x0
[013357] MMIO_WR size=4 addr=0x16ec val=0x0 (UNKNOWN)
[013358] PM4_EXEC type0 reg=0x16f0 val=0x3000400
[013359] MMIO_WR size=4 addr=0x16f0 val=0x3000400 (UNKNOWN)
[013360] PM4_EXEC type0 reg=0x4010 val=0x66666666
[013361] MMIO_WR size=4 addr=0x4010 val=0x66666666 (UNKNOWN)
[013362] PM4_EXEC type0 reg=0x4014 val=0x6666666
[013363] MMIO_WR size=4 addr=0x4014 val=0x6666666 (UNKNOWN)
[013364] PM4_EXEC type0 reg=0x16e0 val=0x10000000
[013365] MMIO_WR size=4 addr=0x16e0 val=0x10000000 (UNKNOWN)
[013366] PM4_EXEC type0 reg=0x4e28 val=0x0
[013367] MMIO_WR size=4 addr=0x4e28 val=0x0 (UNKNOWN)
[013368] PM4_EXEC type0 reg=0x4e38 val=0xd00400
[013369] MMIO_WR size=4 addr=0x4e38 val=0xd00400 (UNKNOWN)
[013370] PM4_EXEC type0 reg=0x3428 val=0x20100
[013371] MMIO_WR size=4 addr=0x3428 val=0x20100 (UNKNOWN)
[013372] PM4_EXEC type0 reg=0x43e0 val=0xb405a0
[013373] MMIO_WR size=4 addr=0x43e0 val=0xb405a0 (UNKNOWN)
[013374] PM4_EXEC type0 reg=0x43e4 val=0x11409a0
[013375] MMIO_WR size=4 addr=0x43e4 val=0x11409a0 (UNKNOWN)
[013376] PM4_EXEC type0 reg=0x15e0 val=0x1
[013377] MMIO_WR size=4 addr=0x15e0 val=0x1 (SCRATCH_REG0)
[013378] SCRATCH_WB reg0=0x1 -> VRAM[0x7c24000]
[013379] MMIO_WR size=4 addr=0x0714 val=0x90 (CP_RB_WPTR)
[013380] CP_RING WPTR <- 144 (prev=136, delta=8)
[013381] RING: processing 8 dwords (rptr=136 wptr=144 rb_bufsz=10)
[013382] PM4_EXEC type0 reg=0x0738 val=0x10000020
[013383] MMIO_WR size=4 addr=0x0738 val=0x10000020 (CP_IB_BASE)
[013384] CP_IB BASE <- 0x10000020
[013385] PM4_EXEC type0 reg=0x073c val=0x8
[013386] MMIO_WR size=4 addr=0x073c val=0x8 (CP_IB_BUFSZ)
[013387] CP_IB BUFSZ <- 8 dwords (KICK! base=0x10000020)
[013388] IB_EXEC base=0x10000020 size=8 dwords
[013389] PM4_EXEC type0 reg=0x0738 val=0x10002020
[013390] MMIO_WR size=4 addr=0x0738 val=0x10002020 (CP_IB_BASE)
[013391] CP_IB BASE <- 0x10002020
[013392] PM4_EXEC type0 reg=0x073c val=0x8
[013393] MMIO_WR size=4 addr=0x073c val=0x8 (CP_IB_BUFSZ)
[013394] CP_IB BUFSZ <- 8 dwords (KICK! base=0x10002020)
[013395] IB_EXEC base=0x10002020 size=8 dwords
[013396] MMIO_WR size=4 addr=0x0714 val=0x98 (CP_RB_WPTR)
[013397] CP_RING WPTR <- 152 (prev=144, delta=8)
[013398] RING: processing 8 dwords (rptr=144 wptr=152 rb_bufsz=10)
[013399] PM4_EXEC type0 reg=0x0738 val=0x10004020
[013400] MMIO_WR size=4 addr=0x0738 val=0x10004020 (CP_IB_BASE)
[013401] CP_IB BASE <- 0x10004020
[013402] PM4_EXEC type0 reg=0x073c val=0x8
[013403] MMIO_WR size=4 addr=0x073c val=0x8 (CP_IB_BUFSZ)
[013404] CP_IB BUFSZ <- 8 dwords (KICK! base=0x10004020)
[013405] IB_EXEC base=0x10004020 size=8 dwords
[013406] PM4_EXEC type0 reg=0x0738 val=0x10006020
[013407] MMIO_WR size=4 addr=0x0738 val=0x10006020 (CP_IB_BASE)
[013408] CP_IB BASE <- 0x10006020
[013409] PM4_EXEC type0 reg=0x073c val=0x8
[013410] MMIO_WR size=4 addr=0x073c val=0x8 (CP_IB_BUFSZ)
[013411] CP_IB BUFSZ <- 8 dwords (KICK! base=0x10006020)
[013412] IB_EXEC base=0x10006020 size=8 dwords
[013413] MMIO_WR size=4 addr=0x0714 val=0xa0 (CP_RB_WPTR)
[013414] CP_RING WPTR <- 160 (prev=152, delta=8)
[013415] RING: processing 8 dwords (rptr=152 wptr=160 rb_bufsz=10)
[013416] PM4_EXEC type0 reg=0x0738 val=0x10008020
[013417] MMIO_WR size=4 addr=0x0738 val=0x10008020 (CP_IB_BASE)
[013418] CP_IB BASE <- 0x10008020
[013419] PM4_EXEC type0 reg=0x073c val=0x8
[013420] MMIO_WR size=4 addr=0x073c val=0x8 (CP_IB_BUFSZ)
[013421] CP_IB BUFSZ <- 8 dwords (KICK! base=0x10008020)
[013422] IB_EXEC base=0x10008020 size=8 dwords
[013423] PM4_EXEC type0 reg=0x0738 val=0x1000a020
[013424] MMIO_WR size=4 addr=0x0738 val=0x1000a020 (CP_IB_BASE)
[013425] CP_IB BASE <- 0x1000a020
[013426] PM4_EXEC type0 reg=0x073c val=0x8
[013427] MMIO_WR size=4 addr=0x073c val=0x8 (CP_IB_BUFSZ)
[013428] CP_IB BUFSZ <- 8 dwords (KICK! base=0x1000a020)
[013429] IB_EXEC base=0x1000a020 size=8 dwords
[013430] MMIO_WR size=4 addr=0x0714 val=0xa8 (CP_RB_WPTR)
[013431] CP_RING WPTR <- 168 (prev=160, delta=8)
[013432] RING: processing 8 dwords (rptr=160 wptr=168 rb_bufsz=10)
[013433] PM4_EXEC type0 reg=0x0738 val=0x1000c020
[013434] MMIO_WR size=4 addr=0x0738 val=0x1000c020 (CP_IB_BASE)
[013435] CP_IB BASE <- 0x1000c020
[013436] PM4_EXEC type0 reg=0x073c val=0x8
[013437] MMIO_WR size=4 addr=0x073c val=0x8 (CP_IB_BUFSZ)
[013438] CP_IB BUFSZ <- 8 dwords (KICK! base=0x1000c020)
[013439] IB_EXEC base=0x1000c020 size=8 dwords
[013440] PM4_EXEC type0 reg=0x0738 val=0x1000e020
[013441] MMIO_WR size=4 addr=0x0738 val=0x1000e020 (CP_IB_BASE)
[013442] CP_IB BASE <- 0x1000e020
[013443] PM4_EXEC type0 reg=0x073c val=0x8
[013444] MMIO_WR size=4 addr=0x073c val=0x8 (CP_IB_BUFSZ)
[013445] CP_IB BUFSZ <- 8 dwords (KICK! base=0x1000e020)
[013446] IB_EXEC base=0x1000e020 size=8 dwords
[013447] MMIO_WR size=4 addr=0x0714 val=0xb0 (CP_RB_WPTR)
[013448] CP_RING WPTR <- 176 (prev=168, delta=8)
[013449] RING: processing 8 dwords (rptr=168 wptr=176 rb_bufsz=10)
[013450] PM4_EXEC type0 reg=0x0738 val=0x10010020
[013451] MMIO_WR size=4 addr=0x0738 val=0x10010020 (CP_IB_BASE)
[013452] CP_IB BASE <- 0x10010020
[013453] PM4_EXEC type0 reg=0x073c val=0x8
[013454] MMIO_WR size=4 addr=0x073c val=0x8 (CP_IB_BUFSZ)
[013455] CP_IB BUFSZ <- 8 dwords (KICK! base=0x10010020)
[013456] IB_EXEC base=0x10010020 size=8 dwords
[013457] PM4_EXEC type0 reg=0x0738 val=0x10012020
[013458] MMIO_WR size=4 addr=0x0738 val=0x10012020 (CP_IB_BASE)
[013459] CP_IB BASE <- 0x10012020
[013460] PM4_EXEC type0 reg=0x073c val=0x8
[013461] MMIO_WR size=4 addr=0x073c val=0x8 (CP_IB_BUFSZ)
[013462] CP_IB BUFSZ <- 8 dwords (KICK! base=0x10012020)
[013463] IB_EXEC base=0x10012020 size=8 dwords
[013464] MMIO_WR size=4 addr=0x0714 val=0xb8 (CP_RB_WPTR)
[013465] CP_RING WPTR <- 184 (prev=176, delta=8)
[013466] RING: processing 8 dwords (rptr=176 wptr=184 rb_bufsz=10)
[013467] PM4_EXEC type0 reg=0x0738 val=0x10014020
[013468] MMIO_WR size=4 addr=0x0738 val=0x10014020 (CP_IB_BASE)
[013469] CP_IB BASE <- 0x10014020
[013470] PM4_EXEC type0 reg=0x073c val=0x8
[013471] MMIO_WR size=4 addr=0x073c val=0x8 (CP_IB_BUFSZ)
[013472] CP_IB BUFSZ <- 8 dwords (KICK! base=0x10014020)
[013473] IB_EXEC base=0x10014020 size=8 dwords
[013474] PM4_EXEC type0 reg=0x0738 val=0x10016020
[013475] MMIO_WR size=4 addr=0x0738 val=0x10016020 (CP_IB_BASE)
[013476] CP_IB BASE <- 0x10016020
[013477] PM4_EXEC type0 reg=0x073c val=0x8
[013478] MMIO_WR size=4 addr=0x073c val=0x8 (CP_IB_BUFSZ)
[013479] CP_IB BUFSZ <- 8 dwords (KICK! base=0x10016020)
[013480] IB_EXEC base=0x10016020 size=8 dwords
[013481] MMIO_WR size=4 addr=0x0714 val=0xc0 (CP_RB_WPTR)
[013482] CP_RING WPTR <- 192 (prev=184, delta=8)
[013483] RING: processing 8 dwords (rptr=184 wptr=192 rb_bufsz=10)
[013484] PM4_EXEC type0 reg=0x0738 val=0x10018020
[013485] MMIO_WR size=4 addr=0x0738 val=0x10018020 (CP_IB_BASE)
[013486] CP_IB BASE <- 0x10018020
[013487] PM4_EXEC type0 reg=0x073c val=0x8
[013488] MMIO_WR size=4 addr=0x073c val=0x8 (CP_IB_BUFSZ)
[013489] CP_IB BUFSZ <- 8 dwords (KICK! base=0x10018020)
[013490] IB_EXEC base=0x10018020 size=8 dwords
[013491] PM4_EXEC type0 reg=0x0738 val=0x1001a020
[013492] MMIO_WR size=4 addr=0x0738 val=0x1001a020 (CP_IB_BASE)
[013493] CP_IB BASE <- 0x1001a020
[013494] PM4_EXEC type0 reg=0x073c val=0x8
[013495] MMIO_WR size=4 addr=0x073c val=0x8 (CP_IB_BUFSZ)
[013496] CP_IB BUFSZ <- 8 dwords (KICK! base=0x1001a020)
[013497] IB_EXEC base=0x1001a020 size=8 dwords
[013498] MMIO_WR size=4 addr=0x0714 val=0xc8 (CP_RB_WPTR)
[013499] CP_RING WPTR <- 200 (prev=192, delta=8)
[013500] RING: processing 8 dwords (rptr=192 wptr=200 rb_bufsz=10)
[013501] PM4_EXEC type0 reg=0x0738 val=0x1001c020
[013502] MMIO_WR size=4 addr=0x0738 val=0x1001c020 (CP_IB_BASE)
[013503] CP_IB BASE <- 0x1001c020
[013504] PM4_EXEC type0 reg=0x073c val=0x8
[013505] MMIO_WR size=4 addr=0x073c val=0x8 (CP_IB_BUFSZ)
[013506] CP_IB BUFSZ <- 8 dwords (KICK! base=0x1001c020)
[013507] IB_EXEC base=0x1001c020 size=8 dwords
[013508] PM4_EXEC type0 reg=0x0738 val=0x1001e020
[013509] MMIO_WR size=4 addr=0x0738 val=0x1001e020 (CP_IB_BASE)
[013510] CP_IB BASE <- 0x1001e020
[013511] PM4_EXEC type0 reg=0x073c val=0x8
[013512] MMIO_WR size=4 addr=0x073c val=0x8 (CP_IB_BUFSZ)
[013513] CP_IB BUFSZ <- 8 dwords (KICK! base=0x1001e020)
[013514] IB_EXEC base=0x1001e020 size=8 dwords
[013515] MMIO_WR size=4 addr=0x0714 val=0xd0 (CP_RB_WPTR)
[013516] CP_RING WPTR <- 208 (prev=200, delta=8)
[013517] RING: processing 8 dwords (rptr=200 wptr=208 rb_bufsz=10)
[013518] PM4_EXEC type0 reg=0x0738 val=0x1002a020
[013519] MMIO_WR size=4 addr=0x0738 val=0x1002a020 (CP_IB_BASE)
[013520] CP_IB BASE <- 0x1002a020
[013521] PM4_EXEC type0 reg=0x073c val=0x8
[013522] MMIO_WR size=4 addr=0x073c val=0x8 (CP_IB_BUFSZ)
[013523] CP_IB BUFSZ <- 8 dwords (KICK! base=0x1002a020)
[013524] IB_EXEC base=0x1002a020 size=8 dwords
[013525] PM4_EXEC type0 reg=0x15e0 val=0x2
[013526] MMIO_WR size=4 addr=0x15e0 val=0x2 (SCRATCH_REG0)
[013527] SCRATCH_WB reg0=0x2 -> VRAM[0x7c24000]
[013528] MMIO_RD size=4 addr=0x0210 (CRTC_VLINE_CRNT_VLINE)
[013529] MMIO_RD size=4 addr=0x0210 (CRTC_VLINE_CRNT_VLINE)
